,XRCC6_104740305,SNRPD1_104741891,ACTB_104742995,PTBP1_104743232,FEN1_104743420,EIF4H_104743520,TNC_104745245,IGF1_104745249,FN1_104745436,IGFBP2_104745443,SPP1_104745679,VIM_104745733,TRAF3IP3_105481183,RPLP2_105481284,ENO1_105482048,NPM1_105483201,SP100_105484159,DDX21_105486564,DLST_105487234,MS4A1_105489246,NONO_105507292,AARS_105507900,DDX5_105507919,SFPQ_105510087,SRPR_105510252,DNAJB1_105511133,TOP1_159156372,IL6_1043136644,IL12B_1043136660,IL10_1043136662,MBP_1043138774,APOA4_1043140564,MX1_1043140678,CHD3_1043140754,SDC1_1043141227,FBXO44_1043142674,IL1B_1043142789,APOE_1043143555,DCAF6_1043143849,AQP4_1043144332,GARS_1043170410,EHD1_1043170594,FSCN1_1043170698,HNRNPA1_1043171268,FGB_1043171373,PIGQ_1047887191,SRSF7_1047887570,ZYX_1047888620,RPLP0_1047888625,MCM2_1047909961,TARS_1047910295,HNRNPM_1047910493,XRCC5_1047910675,PDIA6_1047911146,HSPD1_1047911620,BTBD7_1047912089,SH3KBP1_1066527143,HIST1H2BD_1066527994,HIST2H2AA3_1066528529,BST2_1066529530,CEP290_1066556541,IFNW1_1066559422,CXCL5_1066559611,HIP1_1066560191,HIST1H4A_1066561916,MUC1_1066562962,HIST2H2AC_1066563713,ZNF217_1066564363,NCF2_1066564880,BGN_1066566039,BICD2_1066567149,CPSF6_1066836537,HSPE1_1066837983,CHD4_1066838183,NRBF2_1066838606,TOP1MT_1066841829,SRP54_1066857365,SSX2_1066858084,EXOSC10_1066858170,FGA_1066858266,LMNA_1066858647,SNRPD3_1066858747,LYZ_1066859023,DLAT_1066859036,CENPC_1066859136,DBT_1066859502,ELANE_1066859503,HIST1H1B_1066859506,KARS_1066860477,SSB_1066861327,RBM39_1066862864,POU3F3_1066865463,FAF1_1066866615,PADI4_1086925497,SNRPD2_1105172758,SNRPB_1113180148,ACTB_0104742995c,PTBP1_0104743232c,FEN1_0104743420c,EIF4H_0104743520c,TNC_0104745245c,IGF1_0104745249c,FN1_0104745436c,SPP1_0104745679c,VIM_0104745733c,ENO1_0105482048c,NPM1_0105483201c,CLU_0105483601c,DDX21_0105486564c,NONO_0105507292c,DDX5_0105507919c,SFPQ_0105510087c,DNAJB1_0105511133c,MBP_1043138774c,APOE_1043143555c,HNRNPA1_1043171268c,FGB_1043171373c,LMNB1_1047887413c,SRSF7_1047887570c,TUBB_1047887771c,MCM2_1047909961c,PDIA6_1047911146c,HSPD1_1047911620c,HIST1H2BD_1066527994c,HIST2H2AA3_1066528529c,CXCL5_1066559611c,HIST2H2AC_1066563713c,BGN_1066566039c,CPSF6_1066836537c,CALR_1066859121c,RBM39_1066862864c,IGFBP6_1066863255c,PADI4_1086925497c,APOH_APOH_1113180421,HN1L_HN1L_1043144040,HNRNPA1_HNRNPA1_1066859223,HNRNPA2B1_HNRNPA2B1_1066866713,KDM6B_KDM6B_0172047444,KDM6B_KDM6B_1113180399,MVP_MVP_1066863544,NONO_NONO_0105507292,TMPO_TMPO_1066866329,ZNF574_ZNF574_1066529052
0,116.5,414.0,335.0,254.0,95.0,597.0,289.5,450.0,250.5,712.0,43.0,968.0,12669.0,43.0,842.5,363.0,320.0,843.0,200.0,32.5,1182.5,149.0,136.0,2481.0,280.0,130.0,963.5,984.0,835.0,101.0,75.0,567.0,2406.0,408.0,262.0,467.0,260.5,1228.0,331.0,71.5,86.0,140.0,112.5,645.5,6985.0,1034.0,201.5,1076.0,183.0,407.0,1141.0,321.0,150.0,508.0,65.0,162.0,1235.5,566.0,683.0,1568.0,285.0,163.5,47.0,533.0,116.0,153.0,760.0,57.0,137.0,224.0,228.0,97.0,72.0,1160.0,23839.5,606.0,132.0,2389.0,312.0,143.5,1118.5,479.0,86.5,84.5,129.0,1362.0,109.5,213.0,537.0,143.0,495.0,166.0,587.5,177.0,410.5,247.0,1146.0,564.0,759.0,10445.0,2437.0,254.0,275.0,366.0,10654.5,643.0,1714.0,458.0,833.0,6758.0,295.0,45931.0,379.0,1151.0,2023.0,380.0,16612.5,487.0,391.5,2856.5,42573.0,2611.5,456.0,178.0,129.5,200.5,162.0,584.0,261.0,186.0,3062.0,285.0,2176.0,168.0,46.0,264.0,171.0,103.0,81.0,2064.0,172.0,134.5,103.0
1,55.0,317.0,146.0,117.0,48.0,244.0,159.0,188.0,160.5,437.0,31.5,385.0,20033.0,25.0,524.0,161.0,211.5,324.0,96.0,35.0,727.0,82.0,96.5,1910.0,195.5,73.0,419.0,481.0,422.0,84.0,46.5,324.5,1029.0,214.0,112.5,193.0,108.0,1034.5,181.0,48.0,49.0,88.0,65.0,220.0,4141.0,677.0,120.0,760.0,80.5,157.0,437.0,105.0,80.5,328.5,51.0,97.0,1000.5,275.0,290.0,755.0,292.0,100.0,32.5,401.0,82.0,143.0,321.0,41.0,123.5,96.0,107.0,66.0,50.0,760.5,18929.0,259.0,83.0,2000.0,280.0,76.5,536.0,204.0,52.5,54.0,65.0,568.0,68.0,101.0,325.0,111.0,353.0,86.0,238.5,89.0,189.0,212.0,489.5,324.0,361.0,3321.5,586.0,163.0,123.5,203.0,3571.5,358.5,1169.0,267.0,396.5,2784.0,210.5,25645.0,194.0,1209.0,443.0,223.0,6189.0,218.0,256.0,1289.0,12577.0,1032.0,295.0,100.0,83.0,123.5,92.0,296.0,148.0,123.5,1458.0,1023.0,628.5,94.0,30.0,115.0,92.0,80.5,51.0,946.0,114.5,78.0,64.0
2,181.5,76.0,236.5,102.5,53.0,130.0,136.0,91.0,167.0,332.0,154.0,671.0,458.0,29.0,148.5,65.0,7796.5,179.0,66.0,28.0,1090.5,146.0,63.0,1978.0,81.0,109.5,361.0,211.0,127.0,56.0,48.0,175.0,1059.0,2367.5,91.0,94.0,62.5,171.0,133.5,65.0,56.0,122.0,60.0,124.0,381.5,194.0,143.0,320.0,71.0,635.5,422.0,6607.5,75.0,199.0,354.5,632.0,224.0,135.0,173.0,523.0,489.0,261.0,53.0,233.0,163.0,64.0,151.0,42.0,202.0,91.5,280.0,142.0,107.0,2530.0,29900.0,596.5,85.0,292.0,60.0,100.0,1486.5,142.0,67.0,65.0,59.0,8795.0,91.0,62.0,116.0,77.5,140.0,67.0,2547.0,77.0,343.0,169.5,31717.0,9547.0,5103.0,87515.0,49749.0,41400.0,2305.0,7845.5,62928.0,12585.0,20907.0,13500.0,1795.0,88596.0,3029.5,18814.0,8993.0,9515.5,5623.5,36662.0,101315.0,16774.0,1438.0,48541.5,2113.0,86871.0,2412.0,1244.5,7745.5,344.0,5912.0,5323.0,68678.0,477.5,31993.0,1513.0,3675.0,243.0,37.0,103.0,111.0,44.0,61.5,9449.0,276.0,38.0,87.0
3,87.5,45.0,114.0,39.0,22.0,73.0,82.0,48.0,113.0,138.0,51.0,215.0,234.0,17.0,183.0,43.0,9075.0,92.0,33.0,18.0,417.0,52.0,36.0,2094.0,48.0,49.0,190.0,94.0,68.5,26.0,23.0,110.5,803.0,891.0,44.0,57.0,38.0,68.5,70.5,24.0,30.0,63.0,40.0,71.0,241.0,117.0,57.0,115.5,83.0,408.5,277.0,64.0,232.0,111.0,337.0,98.0,129.0,69.0,81.0,303.0,235.0,78.5,22.0,117.5,55.0,31.0,75.0,29.0,54.0,60.0,149.0,50.0,37.0,252.5,19941.0,330.5,38.0,198.0,36.0,41.0,254.0,63.5,31.5,28.0,28.0,2670.0,41.0,33.0,58.0,33.5,103.0,32.0,3183.5,45.0,91.0,58.0,11342.0,3610.5,863.0,30153.0,17848.0,17203.0,1095.0,1245.0,35788.0,4827.5,13628.5,5270.0,784.0,35914.5,1470.0,5400.0,3612.0,2973.0,1545.0,17003.0,47322.5,4217.0,580.0,13551.5,36317.0,36489.5,1583.0,564.0,1752.5,148.0,1220.0,2491.0,23138.0,172.0,9609.0,641.0,1729.5,83.0,19.0,52.0,47.0,21.0,32.0,878.0,116.0,24.0,35.0
4,269.5,424.0,252.5,309.5,166.5,701.5,284.0,537.0,280.0,854.0,104.0,577.0,487.0,95.0,645.5,427.5,394.0,1052.0,245.0,70.0,587.0,257.0,182.0,623.0,367.0,176.0,1038.0,1107.5,647.0,155.0,132.0,636.0,2161.0,380.0,289.0,554.0,310.0,487.0,480.0,352.0,117.0,223.0,145.5,719.0,2844.0,1081.5,326.0,422.0,231.0,753.5,1137.5,281.0,189.0,1140.0,2058.0,233.0,151.0,852.0,786.0,1272.0,180.0,274.5,103.0,1023.0,258.0,127.0,910.5,119.5,164.0,354.0,380.0,207.0,100.0,425.0,817.0,871.0,204.0,825.5,305.0,240.5,978.0,604.0,156.0,121.5,174.5,1441.0,224.5,293.5,441.5,319.0,714.0,239.0,666.0,257.0,813.0,295.0,586.0,782.5,376.5,1714.0,297.0,353.0,255.0,782.0,8473.0,579.5,415.0,618.5,758.0,7473.0,2751.0,7526.0,550.0,5667.0,434.5,2583.0,1598.5,1138.0,1083.0,1553.0,1037.0,1658.0,2486.5,286.5,342.5,263.0,307.0,470.0,1279.0,280.5,929.0,262.0,741.0,261.0,97.0,362.0,257.0,117.0,147.0,2128.0,192.0,171.0,140.0
5,159.0,194.0,799.0,156.0,56.0,345.5,271.0,242.0,419.0,654.5,119.5,3350.0,1318.5,36.0,444.0,235.0,486.0,476.0,248.0,57.0,2342.0,97.0,142.0,2782.5,195.5,99.0,713.5,629.0,601.5,76.0,49.0,551.0,2122.5,333.0,815.0,259.0,147.5,17963.0,882.5,76.0,141.0,231.0,170.0,592.0,1453.0,600.0,152.0,476.0,105.0,1328.0,1540.5,175.0,563.0,435.5,116.0,116.0,159.0,342.0,410.0,727.0,116.0,109.0,39.5,114.5,96.0,76.5,425.0,61.0,84.0,137.5,388.0,101.0,98.0,3258.5,84.0,358.0,113.0,1751.0,140.5,95.0,608.0,261.0,60.0,328.5,132.0,1760.0,84.0,134.0,240.0,89.0,327.0,89.0,852.0,182.5,209.0,333.0,712.5,365.0,554.5,8450.0,1649.0,1901.5,426.0,1705.5,18952.0,516.5,533.0,2556.0,449.0,27623.0,766.5,32579.5,705.0,607.0,2027.0,4507.0,3968.5,511.0,1790.5,895.0,32384.0,1712.0,357.0,245.5,274.0,259.0,232.0,421.0,24886.0,353.0,3990.0,458.0,1521.5,106.0,55.5,1395.0,198.5,96.5,56.0,6695.5,473.0,88.0,137.0
6,117.0,157.0,649.5,122.0,45.5,265.0,196.5,195.5,328.0,510.0,85.0,2508.5,1022.5,29.5,314.0,160.0,355.0,370.0,184.0,40.0,1898.5,75.5,104.5,2209.0,161.5,82.0,570.0,572.5,474.0,54.0,41.0,406.0,1194.0,264.0,643.0,192.5,117.5,13127.0,681.5,64.5,98.5,165.5,139.0,437.0,1174.5,470.0,122.0,377.0,76.0,1072.0,1255.0,134.0,5379.5,346.5,92.0,92.5,136.5,254.0,310.5,617.0,106.0,91.0,31.0,92.0,85.5,58.0,312.5,47.5,66.5,98.0,247.0,77.0,73.0,2382.5,63.5,277.0,82.0,1374.5,116.5,81.5,485.0,208.0,49.0,218.0,97.0,1559.0,71.5,98.0,179.0,66.0,284.0,72.5,649.0,133.0,167.0,252.5,540.0,242.0,362.0,3465.5,930.0,929.0,313.0,1001.0,8449.0,314.0,334.5,1792.5,341.0,15366.5,495.0,17104.0,424.0,357.0,1139.0,2751.0,1997.0,326.0,1097.0,698.5,19251.0,1162.0,249.0,174.0,177.0,178.5,153.0,291.0,13771.0,233.0,2412.0,288.0,1414.5,84.5,42.0,1006.0,127.5,75.0,46.0,5263.0,376.0,64.0,107.0
7,160.0,78.0,226.0,79.0,35.0,112.0,80.0,113.5,131.0,169.0,42.0,273.0,907.0,58.0,132.0,93.0,3369.0,196.5,58.0,33.0,995.0,66.0,266.0,845.5,297.5,82.0,226.0,178.0,135.0,59.0,28.0,231.5,681.0,2534.5,190.0,266.5,45.0,116.0,20746.0,134.0,1602.5,76.0,618.5,124.0,441.5,2767.5,72.0,2474.0,52.0,126.0,219.5,75.0,85.0,1355.0,327.0,105.0,163.0,194.5,146.0,326.0,457.0,62.5,32.0,141.0,52.0,52.0,209.0,26.0,612.0,64.0,544.0,48.0,42.0,2510.0,404.0,322.0,52.0,447.5,99.0,43.0,350.0,95.5,34.0,130.5,42.5,358.0,50.0,53.0,91.0,128.5,211.0,38.0,4893.0,421.0,94.0,90.5,3046.0,734.0,237.0,6795.5,4324.0,357.0,211.0,1435.5,13585.0,802.0,1450.0,1660.0,330.0,26691.5,985.0,7739.5,707.5,1314.0,3138.0,2316.0,22402.0,1159.0,174.0,1143.0,12925.5,11012.0,445.0,219.5,78.0,121.0,160.0,577.0,10611.0,109.5,1949.0,1502.5,2957.0,58.0,77.0,71.0,64.0,272.0,575.0,3966.0,220.0,38.5,210.0
8,209.0,82.0,245.0,95.0,43.0,153.0,80.0,119.0,138.0,174.5,45.0,294.0,845.0,60.0,148.0,87.0,3241.0,210.0,65.0,38.0,995.0,70.0,342.5,841.0,305.0,87.0,257.0,194.0,143.5,88.5,28.0,244.0,700.0,2768.5,188.0,313.0,53.5,135.0,21620.0,159.0,1839.0,77.5,715.0,151.5,484.0,3038.5,68.0,2760.0,53.0,136.0,229.0,94.0,79.0,1649.0,288.0,119.5,167.0,220.0,168.0,358.5,423.0,70.0,34.5,136.0,58.5,64.0,228.5,30.5,765.0,61.0,548.0,47.0,52.0,2854.0,369.0,351.0,55.0,531.0,100.0,48.0,446.0,112.0,36.0,150.0,40.5,348.0,59.0,58.0,100.0,108.0,209.0,41.5,5768.0,400.0,103.5,93.0,2059.5,920.0,276.0,7725.0,4240.5,431.5,219.0,2482.5,13111.5,953.0,1210.0,2214.0,612.5,30337.0,2746.5,21643.0,753.0,2186.0,3902.5,3476.0,20297.5,1190.0,267.0,1074.0,29325.0,7586.5,474.0,245.0,103.0,178.5,202.0,558.0,8195.5,165.5,2342.5,2185.5,5314.0,63.0,83.0,79.5,66.0,292.0,541.0,4639.0,242.0,41.0,250.5
9,210.0,273.0,162.5,218.5,93.0,542.0,595.0,357.0,213.0,651.0,52.0,387.0,371.0,83.0,375.0,277.5,449.0,637.0,198.0,52.0,515.0,137.0,133.5,350.0,230.0,227.0,724.0,592.5,457.0,82.0,85.0,369.5,2137.5,4748.5,207.0,43562.0,199.0,398.0,292.0,86.0,82.0,136.5,92.0,470.5,2197.0,772.5,199.5,429.0,284.0,416.0,727.0,200.0,138.0,718.0,131.5,276.5,241.0,527.0,583.0,1053.0,405.0,151.0,70.0,523.5,182.5,162.5,625.0,79.0,90.0,182.0,175.0,114.0,104.0,1270.0,146.0,437.0,139.0,744.0,204.0,142.0,808.0,424.0,91.0,2398.0,139.0,1106.0,138.0,206.5,315.5,113.0,384.0,140.0,818.5,162.0,476.0,199.0,254.0,155.0,202.5,16952.0,935.0,2364.0,157.0,2169.0,335.0,1685.0,314.0,374.5,517.0,3354.5,248.0,6509.5,330.5,210.0,384.0,418.0,2924.0,152.0,335.0,935.5,542.0,1299.5,188.0,125.0,104.0,152.0,111.0,166.0,887.5,156.5,400.0,170.0,232.0,148.5,87.0,224.0,236.0,89.5,87.5,794.0,274.5,131.5,149.0
10,274.0,362.0,208.0,270.5,114.5,642.5,771.0,467.0,251.0,1054.0,71.0,478.5,458.0,95.5,610.0,390.0,600.0,814.0,260.0,63.0,651.0,162.0,165.0,461.0,304.0,293.0,949.0,706.0,590.0,100.0,113.0,467.0,2619.0,5182.0,300.0,43815.0,273.0,465.0,349.5,106.0,110.0,163.0,124.0,654.0,2749.0,1005.5,222.0,546.0,348.5,658.0,1005.5,251.5,154.0,886.5,147.0,293.0,258.0,624.0,664.0,1341.0,342.0,161.0,83.5,557.0,203.0,194.0,782.0,88.5,110.0,275.0,261.5,146.0,120.0,1416.0,182.0,536.0,168.0,1097.5,261.0,197.5,910.0,502.0,124.0,2416.0,162.5,1393.5,163.0,237.5,397.0,118.5,645.0,186.0,961.0,214.0,509.0,252.5,300.0,182.0,244.0,23115.0,1111.0,535.0,181.0,6167.0,777.0,1391.5,468.0,431.0,588.5,2962.0,320.0,6629.5,426.0,289.5,2183.0,927.5,3937.0,216.5,460.0,1414.0,769.0,1650.0,214.0,153.0,128.0,168.0,131.0,208.0,1394.5,194.0,568.5,202.0,283.0,161.0,124.0,275.0,304.0,120.5,108.0,951.0,302.0,174.5,184.0
11,63.0,151.0,188.0,115.0,53.0,303.0,208.0,187.0,164.0,341.0,51.0,766.0,317.0,62.0,459.5,166.0,632.0,1545.0,78.0,88.0,958.0,5137.0,120.5,568.5,216.0,146.0,396.0,868.5,308.0,52.0,37.0,531.0,1108.5,2904.0,244.0,242.0,110.0,607.0,336.0,5807.0,43.0,66.0,63.0,284.0,1540.0,523.0,122.0,607.5,94.0,2755.0,643.0,116.0,93.0,355.0,49.0,85.0,148.0,430.0,611.5,906.5,17093.0,77.0,28.0,59.0,63.0,107.5,302.0,33.0,131.0,89.0,1263.0,72.5,409.0,2635.0,50.0,404.0,66.5,419.0,106.0,74.0,623.0,190.0,42.0,138.0,72.0,652.0,69.0,105.0,169.0,975.0,270.0,90.0,462.0,92.0,189.0,167.0,434.5,121.0,163.5,1351.0,724.5,522.5,109.0,96.0,1939.0,190.0,365.0,306.5,1618.0,9085.0,271.0,4028.0,302.5,570.0,6016.5,3320.0,3534.0,141.0,245.0,525.0,8789.5,1166.0,182.0,212.0,422.5,78.5,88.0,364.5,142.0,76.5,492.0,433.0,4415.0,75.0,118.0,119.0,127.5,325.0,93.0,1566.5,291.5,58.0,1863.0
12,68.5,151.0,180.0,104.0,52.5,321.5,214.0,193.0,150.0,343.5,50.0,668.0,344.0,63.5,516.5,158.0,531.0,1304.0,78.0,101.0,879.0,5244.0,127.0,587.5,208.0,146.0,401.0,794.0,279.5,56.0,35.0,509.0,1255.5,2694.0,236.5,240.0,98.0,558.5,345.5,5635.5,41.0,70.0,56.0,257.0,1751.0,528.0,118.0,598.0,81.0,4685.0,672.0,149.0,86.5,456.5,46.0,98.0,135.0,430.0,582.0,978.0,16812.0,76.0,27.0,60.0,72.0,131.0,329.0,33.0,119.0,83.0,1227.0,73.0,384.5,2447.5,53.0,336.0,65.0,464.5,108.5,64.0,982.0,173.5,41.0,159.0,63.0,693.0,68.0,96.5,164.0,907.0,279.0,85.0,429.0,85.5,186.0,162.0,479.0,127.0,187.0,1694.0,705.5,262.0,110.5,105.0,1909.0,211.0,392.0,299.5,1377.5,7533.0,269.0,4721.0,301.0,641.0,7407.5,4752.0,3350.0,131.0,244.0,591.5,9616.5,1297.0,150.0,251.0,363.0,90.5,96.0,453.0,146.0,83.5,473.0,348.0,1266.0,68.0,96.0,119.0,126.0,345.0,94.0,1543.0,253.0,59.0,1945.0
13,917.0,553.0,595.0,22011.0,149.5,803.0,416.5,589.0,312.5,1451.0,60.0,1114.5,619.0,68.0,7103.5,509.0,310.0,1165.0,383.0,37.0,6180.0,1832.0,180.0,5553.0,401.0,219.0,1732.0,1649.5,808.0,118.0,122.0,709.0,2795.0,3538.0,1581.0,742.0,837.0,877.0,1139.0,119.0,152.5,206.0,792.0,865.5,4093.0,1325.0,303.0,1514.0,249.0,760.0,1475.5,317.0,224.0,493.0,373.5,183.5,217.0,872.0,893.0,2193.0,216.5,225.0,71.0,196.0,172.0,190.0,1093.0,152.5,136.5,308.5,1129.0,198.0,150.5,8181.0,805.0,964.0,194.5,12896.0,346.0,251.0,1235.0,680.0,132.0,375.0,202.5,1970.0,146.0,316.5,498.0,252.0,705.0,421.0,822.0,264.0,1191.0,542.0,787.0,17464.0,606.5,326.0,484.0,589.5,433.0,336.0,606.0,2702.0,738.5,598.5,797.0,4339.5,437.5,5469.0,373.0,251.0,426.0,475.0,1361.0,626.5,596.0,2078.0,298.0,899.0,523.0,412.5,359.0,458.0,246.5,587.0,492.5,472.0,858.5,567.0,579.5,301.5,70.0,389.0,424.5,704.5,146.0,3872.5,729.5,231.5,197.0
14,451.5,169.0,195.5,13784.0,46.0,256.5,139.0,198.0,146.0,528.0,22.0,359.0,197.0,25.0,3432.0,160.0,86.5,381.5,164.0,15.5,2074.0,374.0,58.0,2145.0,117.5,65.0,613.0,456.0,257.5,40.5,39.0,218.0,936.0,943.5,855.5,219.5,226.0,221.0,489.0,42.5,46.0,69.5,335.5,258.0,1264.5,416.0,106.5,485.0,77.0,187.0,481.5,107.0,66.0,123.5,121.0,65.0,101.0,284.0,310.0,775.0,69.0,82.0,27.0,62.5,66.0,65.0,338.0,49.5,45.0,96.0,321.0,73.0,64.0,5580.0,250.5,288.0,64.0,5543.5,117.0,82.0,444.0,221.0,41.0,50.0,64.0,682.0,62.0,109.0,167.0,75.5,212.0,117.0,246.0,78.5,557.0,145.0,196.0,10309.5,142.5,87.0,119.0,158.5,111.0,83.0,168.0,843.5,437.0,151.0,228.0,1291.0,116.0,2126.5,86.0,82.0,116.0,116.0,382.0,162.5,148.5,505.0,48.0,234.0,143.0,115.0,107.5,121.5,77.0,152.5,121.0,115.5,205.0,148.0,133.5,89.0,27.0,134.0,367.0,248.0,52.0,1383.0,162.5,124.5,72.0
15,1685.0,357.0,303.0,268.0,119.0,666.0,630.0,556.0,231.0,709.0,173.0,1310.0,697.0,61.0,1510.0,448.0,1264.0,988.0,225.0,186.5,768.5,176.5,156.0,967.0,329.0,184.0,1106.0,1544.0,672.0,101.0,89.0,623.0,17662.0,676.0,635.0,2916.0,284.0,12423.0,2992.0,131.5,115.0,166.0,144.0,655.0,4146.0,1122.5,280.0,2448.0,236.0,1071.0,1162.0,253.5,1647.5,744.0,93.0,508.5,194.5,817.5,880.0,1896.5,288.5,210.5,68.5,413.0,234.0,96.0,1032.5,88.0,208.0,247.0,378.0,169.5,135.0,14595.0,265.0,829.0,183.0,6173.5,263.0,183.0,1158.0,520.5,110.0,248.0,179.0,1471.0,145.0,272.0,608.0,704.0,483.5,189.0,4237.0,210.0,487.0,290.5,456.0,224.0,280.0,531.0,523.5,310.5,252.5,323.5,731.0,245.0,546.5,426.0,525.0,1541.0,334.0,3519.5,289.0,196.5,2304.0,344.0,2199.0,272.0,504.0,1352.0,682.0,1347.0,243.5,189.0,178.5,254.0,176.0,280.0,607.0,267.0,504.0,233.0,374.0,218.0,68.5,344.0,285.0,538.5,113.5,638.0,183.0,132.0,785.0
16,2087.0,331.0,334.0,238.0,120.0,607.5,613.0,520.0,219.5,694.0,179.5,1389.0,645.0,55.0,1803.0,453.0,1397.0,905.0,206.0,235.0,799.0,186.0,143.0,953.5,315.0,164.5,1068.0,1452.5,571.0,107.0,87.0,610.0,18940.5,729.5,714.5,2908.0,289.0,12946.0,3253.0,124.0,106.0,171.5,146.0,681.5,4042.0,1009.0,302.0,2532.0,200.0,1105.0,1082.0,267.0,2229.5,711.5,97.0,552.0,210.0,819.0,790.0,1922.0,312.0,209.0,66.0,444.0,203.0,92.5,935.0,86.0,223.0,226.5,335.0,168.0,137.5,13484.0,403.0,778.0,171.0,7048.0,241.0,192.0,1031.5,530.5,102.0,368.0,199.5,1417.5,118.0,260.0,585.0,851.0,489.0,171.0,4973.0,206.0,481.5,271.0,468.0,222.0,274.0,580.0,534.0,306.0,283.0,343.0,884.5,257.0,502.0,410.0,504.5,1656.0,343.5,4375.0,285.0,199.0,2419.0,356.0,2199.0,258.0,479.5,1189.5,681.5,1332.0,243.0,201.5,178.0,255.0,173.0,281.0,657.0,276.0,507.5,243.0,354.0,202.0,70.0,296.0,247.0,558.0,111.5,645.0,198.0,148.5,846.0
17,81.0,208.0,202.5,596.0,91.0,214.5,169.0,181.5,167.0,447.0,102.5,616.5,360.5,99.0,5326.0,194.0,230.0,250.0,110.0,64.0,381.0,85.0,137.0,1485.0,142.0,112.0,350.0,1225.0,1356.0,97.0,116.0,309.0,1015.0,205.0,177.5,218.0,169.5,8727.0,162.0,232.0,162.0,87.0,116.0,220.5,911.0,365.0,128.0,5998.0,140.0,278.0,423.0,143.5,1970.5,476.0,99.0,134.5,154.0,216.0,625.5,769.0,178.0,98.0,88.0,85.5,81.0,139.5,262.5,107.5,87.0,123.0,128.0,99.0,316.0,12306.0,115.5,205.0,96.0,471.0,145.0,106.0,10184.0,190.0,91.0,99.0,130.0,512.0,85.0,169.0,201.0,88.0,340.0,119.0,271.5,134.0,180.5,146.0,1548.5,1650.0,1408.0,2457.0,1150.5,8447.0,1496.5,1480.0,1070.0,1061.0,302.0,1196.0,1159.0,1861.0,2079.0,1649.5,1287.0,1457.0,7953.0,1510.0,2187.0,1753.0,1515.5,1474.0,743.0,1333.0,1463.0,972.5,960.5,2365.0,460.5,1365.0,1623.5,2183.5,1186.0,1458.0,1742.5,89.5,153.0,121.0,116.0,155.0,129.5,2029.0,190.0,184.5,1016.0
18,66.0,202.5,156.0,605.0,55.5,235.0,153.0,201.0,151.5,442.0,40.0,504.0,354.0,58.0,5418.0,150.0,195.5,290.5,103.0,58.0,411.0,86.0,88.0,1391.0,130.0,72.0,383.5,1265.0,468.0,49.0,55.0,333.0,1015.0,255.5,159.0,200.0,135.0,5896.0,172.0,132.0,166.0,86.0,64.0,259.0,969.0,429.5,117.0,6262.0,101.0,297.5,454.0,272.5,2064.5,444.0,52.0,72.0,107.0,272.5,734.0,757.5,161.0,94.0,38.0,73.0,74.0,84.0,303.0,46.0,52.0,92.0,104.0,58.5,520.0,11306.0,107.0,240.5,79.0,478.5,121.0,75.0,12030.5,219.0,59.0,74.0,81.0,602.5,75.0,136.0,223.0,78.0,365.0,73.0,257.5,104.0,198.5,125.0,747.0,853.0,572.5,1997.0,679.5,9121.0,592.0,730.0,1530.0,700.0,275.0,664.0,535.5,22160.5,1032.5,987.0,578.0,688.5,5533.0,1040.5,1860.0,803.0,732.5,915.0,641.0,1312.5,583.5,404.0,617.0,885.0,240.0,590.5,753.0,813.0,712.0,615.0,1009.0,75.0,56.0,122.0,124.5,67.0,57.0,2340.0,146.0,90.5,1047.0
19,69.0,148.0,208.0,152.0,48.5,287.5,379.0,205.5,167.0,325.0,57.5,464.0,934.0,255.0,1946.0,1194.0,1499.5,406.0,130.0,19.0,1265.0,86.0,90.0,2205.5,141.0,1353.5,494.0,533.0,262.0,81.0,47.0,275.0,1065.5,2104.5,402.0,385.0,132.0,1501.0,9702.5,224.0,100.0,120.0,76.0,522.5,1432.0,506.0,155.0,716.0,1305.0,236.5,565.0,313.0,133.0,128.0,46.0,2549.0,157.0,412.5,428.0,1049.5,398.0,566.0,58.0,201.5,88.0,104.0,401.0,42.0,167.0,112.0,287.5,72.0,69.0,3986.0,194.0,540.0,85.0,2718.0,122.0,106.0,4223.5,243.0,62.0,91.0,96.5,1274.0,17652.5,117.0,347.0,64.0,258.0,79.0,588.0,95.0,403.0,188.0,2995.0,1438.0,1658.0,76475.0,24771.0,5428.0,1382.5,2652.5,28980.0,2279.0,23655.5,1264.0,4086.0,118703.0,12494.0,69287.5,3784.0,4772.0,7991.0,42297.0,59984.0,1833.0,7269.0,3118.5,120589.0,16401.5,3036.0,648.0,422.0,1364.0,286.5,1886.5,25656.5,1459.0,2452.0,18078.0,1237.0,80.0,44.0,748.0,164.0,123.5,51.0,2668.0,185.0,252.5,254.0
20,58.0,127.0,136.5,115.0,44.5,262.0,359.0,191.0,155.0,272.0,44.0,239.0,675.0,138.0,1515.0,998.5,765.0,338.5,119.0,15.0,813.0,66.0,75.0,1244.0,122.0,934.0,462.5,410.0,227.0,86.0,40.5,209.0,896.0,1660.0,289.0,299.0,116.0,1189.0,8713.0,162.5,119.0,89.0,62.0,313.0,1287.0,405.5,111.0,545.0,438.0,172.5,462.0,115.0,100.0,125.0,39.0,2196.5,126.0,360.0,375.5,847.0,288.0,467.0,48.0,152.0,66.5,75.0,397.0,35.0,126.0,87.0,234.0,56.0,51.0,3638.0,149.0,462.0,78.0,2306.0,103.0,97.0,3279.5,211.0,56.0,79.0,89.5,993.0,8478.0,104.0,316.5,60.5,202.0,72.0,428.0,83.5,314.5,153.0,711.0,398.0,470.0,10608.0,3832.0,1106.0,439.0,569.0,4759.5,683.5,13594.0,404.5,1072.0,39629.0,1589.0,15145.0,1144.5,1074.0,1322.5,2484.0,4801.0,453.0,1744.5,612.0,39675.0,2337.5,1172.5,318.0,140.0,395.0,111.5,399.0,4728.5,443.5,552.0,8093.0,366.0,65.0,36.0,202.0,119.0,79.0,47.0,1351.0,111.0,193.0,222.0
21,74.0,219.0,156.5,152.0,71.0,474.0,184.0,266.0,175.0,10882.0,840.0,626.0,505.5,39.0,545.5,239.0,433.5,580.0,103.0,46.5,617.0,113.0,229.0,428.0,241.5,124.0,612.0,770.0,349.0,56.5,54.0,334.0,4453.0,677.5,209.0,271.0,561.5,491.0,935.0,2617.5,58.0,98.0,84.0,391.0,1614.5,705.0,166.5,1663.0,122.0,347.0,942.5,176.0,594.5,367.0,66.0,162.5,127.0,403.0,610.0,816.0,1071.5,106.0,47.0,92.0,103.0,67.0,454.0,52.5,65.0,184.0,168.5,94.0,423.0,2956.0,9653.0,332.0,1265.0,528.0,149.0,110.0,18377.0,400.0,72.0,50.0,118.0,770.0,85.5,147.0,237.0,76.5,508.0,132.0,458.5,127.0,291.5,153.5,659.5,788.0,212.0,2389.0,1543.5,166.5,152.0,513.0,4032.5,381.5,627.0,437.0,2217.0,6608.5,559.0,783.0,436.0,215.5,209.0,289.0,3816.0,302.0,307.5,945.0,3034.0,2184.0,121.5,107.0,306.0,111.0,98.0,257.5,211.0,128.0,650.0,270.0,280.0,118.0,52.0,476.0,2550.0,65.0,76.0,1590.0,544.0,133.0,145.5
22,83.0,231.0,154.0,171.0,74.0,541.0,186.0,293.0,186.0,9509.0,963.0,687.0,414.0,41.0,510.0,217.5,539.0,629.0,115.0,45.0,677.5,117.0,245.5,545.0,256.5,129.5,656.0,843.0,395.0,58.0,59.0,359.0,4872.5,870.0,234.0,292.5,647.5,536.0,897.5,2881.0,68.0,103.0,80.0,411.0,1900.0,757.5,191.0,2096.0,128.0,388.0,1010.0,189.0,600.0,402.0,65.0,184.0,133.0,396.0,660.0,872.5,1174.0,113.5,51.0,104.0,96.0,68.0,513.0,56.0,70.0,268.0,168.0,98.5,345.0,3409.0,11522.5,399.0,1434.0,527.0,166.0,101.0,22770.0,404.5,76.0,58.0,101.5,857.0,99.0,149.0,211.0,80.0,537.5,127.0,474.5,130.5,274.0,161.0,740.5,939.0,233.0,3558.5,1570.0,278.0,152.0,605.0,4486.0,353.0,566.0,474.0,2604.0,8471.0,602.0,915.5,501.0,176.0,286.0,366.0,4349.5,303.0,331.0,891.0,9039.0,2406.0,124.5,119.0,345.0,114.0,97.0,231.0,250.5,138.0,759.0,419.0,361.0,116.0,56.0,513.0,2751.0,66.0,77.0,1684.0,638.0,126.0,140.0
23,58.5,230.5,208.5,153.0,61.0,364.0,179.0,274.0,169.0,503.0,24.0,373.5,341.0,39.0,381.0,234.0,274.0,561.0,131.0,33.5,586.0,87.0,74.5,12642.0,229.0,133.0,628.5,662.0,385.0,41.0,44.0,454.0,1739.0,333.0,187.0,484.5,134.0,484.0,1598.0,56.0,138.0,783.0,55.0,342.5,2138.0,669.0,153.0,8267.0,155.0,1248.5,736.5,130.0,239.0,175.0,100.0,84.0,94.5,391.0,441.0,962.0,164.0,107.0,28.0,104.0,106.0,58.0,509.0,38.0,84.0,130.0,152.0,78.0,49.5,379.0,109.0,332.0,108.0,2081.0,151.0,89.5,751.5,287.0,50.0,202.0,92.0,1009.5,78.5,135.5,251.0,55.0,412.0,124.0,1334.0,103.0,293.0,131.0,115.0,209.0,69.0,843.0,463.0,110.0,93.0,174.0,3025.5,92.0,168.5,616.0,287.0,2770.5,95.5,15595.0,65.0,115.0,129.5,100.0,893.0,606.0,228.0,804.0,880.0,532.0,126.0,139.0,73.0,42.5,85.5,96.0,445.0,57.0,388.0,134.0,73.0,157.0,28.0,168.0,701.0,443.5,47.0,3442.0,155.0,91.0,10805.0
24,61.5,224.5,150.0,160.0,59.0,384.0,169.0,243.0,149.0,456.0,20.0,305.0,308.0,33.0,353.0,217.5,205.0,544.0,101.0,31.0,545.0,71.0,67.0,3850.5,184.0,125.0,602.0,547.0,362.0,35.0,42.0,346.0,1465.0,307.0,170.0,469.0,118.0,372.0,1482.0,39.0,108.0,616.5,46.0,371.0,1771.0,658.0,107.5,6341.0,134.0,730.0,671.0,136.0,135.0,153.0,147.5,77.0,92.0,404.0,399.0,842.0,166.0,87.0,26.0,80.5,94.0,58.5,505.0,36.0,66.0,128.0,141.0,64.5,39.0,276.0,87.5,355.0,96.0,1539.5,158.0,91.0,696.5,275.5,52.0,116.0,85.0,862.5,71.0,128.0,225.0,51.5,319.0,115.5,873.0,95.0,277.5,133.0,86.0,155.0,54.0,439.0,188.5,87.5,61.0,95.5,2258.0,59.0,130.5,374.5,247.0,1389.0,71.0,5849.5,48.0,102.0,95.5,91.0,744.0,463.0,164.0,661.0,486.0,478.0,174.0,111.0,61.0,39.0,72.0,67.0,147.0,44.5,286.0,93.0,60.5,111.0,26.0,156.0,348.0,236.0,45.5,1991.0,154.0,76.0,8263.0
25,326.5,820.0,2843.0,615.0,240.0,1562.5,1211.0,1276.0,715.5,6441.0,1593.5,5425.5,1253.0,96.0,1625.5,979.0,397.0,2289.0,615.0,88.0,5571.0,243.0,4296.5,12349.0,713.5,335.5,2390.0,2099.0,1765.0,225.5,139.0,1323.0,4666.0,962.0,558.5,1959.0,476.5,1360.0,7749.0,982.5,292.0,539.0,517.0,2153.0,7115.0,2667.0,459.5,927.0,460.0,8556.0,3682.0,537.0,696.0,718.0,102.0,1404.5,5729.5,1974.5,2224.5,3031.0,834.5,324.0,78.5,1340.0,322.0,147.0,2650.0,119.5,120.5,457.0,1137.0,220.0,2052.5,5762.0,838.0,1661.0,274.0,2506.0,579.0,362.0,2543.5,1290.0,154.0,4679.5,1060.0,3223.5,207.0,572.0,990.0,215.0,1018.5,1800.0,2030.0,417.0,1409.0,3205.0,1470.0,170.0,225.0,259.0,2380.0,259.0,368.5,115.0,2767.5,190.0,924.5,953.0,1036.0,3547.0,6760.0,3579.0,164.0,321.5,350.0,570.0,3156.0,249.0,320.0,3018.0,2540.0,1787.0,120.0,366.0,269.0,138.0,450.0,188.0,377.0,203.0,505.0,146.0,237.0,333.5,84.0,935.5,837.0,218.0,150.5,13906.0,388.0,300.0,2469.0
26,159.0,298.0,4566.0,269.5,98.0,554.0,933.0,443.0,445.0,5676.5,1876.0,6597.0,923.0,55.5,736.0,333.0,203.0,846.5,314.5,47.0,6626.5,126.0,3237.0,30739.5,368.0,162.0,948.0,812.0,919.0,127.0,59.0,632.5,2072.5,405.0,215.5,768.5,214.5,759.5,7966.0,1282.0,203.0,313.0,266.0,1323.0,3083.0,1388.0,206.0,633.0,174.0,9678.0,1836.0,312.0,488.5,275.0,60.0,788.0,19147.5,929.0,809.0,1647.5,495.0,175.0,41.0,1676.0,164.0,85.0,1051.0,49.0,66.0,192.0,829.0,92.0,1326.5,5133.5,697.0,496.0,115.5,1460.0,210.0,135.0,1228.5,431.5,78.5,2942.0,708.0,1320.0,120.0,216.0,348.0,116.0,539.0,1488.0,1385.0,199.0,668.0,2482.0,1379.5,150.0,152.0,592.0,2320.0,157.0,260.0,126.5,8286.0,140.0,497.0,717.5,440.0,6050.0,6714.0,14559.0,179.5,228.5,244.5,672.0,1377.0,204.5,420.0,1916.0,2850.0,574.0,139.0,551.0,137.0,149.0,257.0,113.0,682.0,145.0,288.0,137.0,175.0,149.0,52.0,676.0,3365.0,159.0,68.0,24357.0,309.0,129.0,2094.5
27,89.0,124.0,217.5,293.0,50.0,1076.0,107.0,150.0,157.0,445.0,33.0,396.0,253.0,36.0,479.0,96.0,737.0,215.0,97.0,39.5,818.5,93.0,160.0,577.0,488.0,138.0,401.0,702.5,700.5,140.0,41.0,935.0,1091.0,12799.0,190.0,275.0,101.0,8258.0,252.0,83.0,570.0,245.0,55.0,236.5,862.0,334.0,110.5,2516.5,138.0,685.0,353.0,656.5,82.5,3307.0,246.0,213.5,229.5,206.5,232.5,448.0,290.5,108.0,39.0,142.0,91.0,75.0,226.0,34.0,82.0,493.5,114.0,68.5,120.0,2422.5,235.5,518.0,83.0,383.0,102.0,73.0,577.5,181.5,61.0,95.0,140.0,467.0,121.5,90.0,142.0,74.0,626.0,1388.0,359.0,84.0,189.0,994.5,214.0,395.0,122.5,2024.0,138.0,124.0,119.0,84.0,244.0,192.0,222.5,348.5,143.0,1674.0,472.0,1375.0,120.0,77.0,3960.0,184.0,1409.0,93.0,281.0,436.0,512.0,3186.0,247.0,78.0,77.0,94.5,79.0,175.0,223.0,109.0,779.0,142.5,152.0,118.0,32.0,112.0,83.0,533.0,67.0,3876.5,190.0,52.0,2294.0
28,76.5,109.0,219.0,211.5,41.0,826.0,109.0,141.5,133.0,378.0,30.0,335.0,231.0,34.0,565.0,81.0,654.5,194.5,89.0,35.0,714.5,87.0,155.5,496.0,445.0,125.0,352.0,615.0,739.0,331.0,38.0,781.0,1120.0,12057.5,195.0,238.5,93.0,7183.0,204.0,79.0,513.0,220.0,45.0,209.0,767.5,322.0,115.0,2345.0,118.0,587.0,321.0,610.0,76.0,3130.0,225.0,225.0,204.0,181.0,201.5,423.0,261.0,95.0,36.0,122.0,83.0,70.5,227.0,32.0,73.0,442.5,94.0,69.0,114.0,1417.0,188.0,484.5,73.0,357.0,89.0,65.0,510.5,187.0,51.0,81.0,132.0,419.0,137.0,74.0,125.0,59.0,555.0,1244.5,299.0,74.0,161.0,862.0,184.0,299.0,102.0,1533.0,120.0,108.0,96.5,70.5,201.5,168.5,192.0,285.0,132.0,1507.5,388.0,1156.0,100.5,68.0,3423.5,156.0,1127.0,86.0,233.0,372.0,403.0,3046.5,192.0,71.0,63.0,89.0,69.0,156.0,180.0,91.0,607.0,129.0,143.0,105.0,28.0,101.5,69.0,425.0,60.0,3340.0,165.0,44.0,1886.5
29,993.0,474.0,421.5,1413.0,163.0,732.5,791.0,564.0,350.0,1064.0,1011.5,888.0,1166.5,90.0,2545.0,543.0,1348.5,1079.5,259.0,103.0,1328.0,2458.5,259.5,1544.0,468.0,268.0,1225.0,1276.0,1238.5,121.0,127.0,979.0,13608.0,3926.0,497.0,16039.0,335.0,49300.5,2894.5,1156.0,149.0,231.0,253.0,726.0,2820.5,1397.0,505.0,1127.5,274.0,1441.0,1367.0,465.0,359.0,1088.0,179.5,13356.5,293.0,860.0,867.0,4234.5,1205.5,6004.5,314.0,1011.5,498.0,179.0,962.0,113.5,241.0,371.5,682.0,176.5,1876.0,8102.5,278.0,1053.0,261.0,13519.0,388.0,381.0,3851.5,682.5,232.5,163.0,298.0,2210.0,217.0,336.0,1536.0,287.0,1517.0,332.0,2741.0,403.0,1006.0,367.0,3512.5,7127.0,5909.0,40572.0,4447.0,12611.5,5908.0,14022.0,15204.0,5201.0,24150.0,4495.0,11218.0,23023.0,5645.0,35719.0,14733.0,19619.0,43838.0,27680.5,2535.5,12585.0,21390.0,19596.0,51934.0,3716.0,7039.0,2992.5,3204.5,7239.0,1831.5,4235.5,22287.0,7722.0,5401.0,8140.0,6462.5,241.5,109.0,694.0,276.0,184.0,120.0,9717.0,307.0,185.0,150.0
30,619.0,302.0,300.0,1347.0,118.0,524.5,424.5,441.0,268.0,729.0,750.0,556.0,764.0,59.0,1431.0,295.5,720.0,805.0,169.5,60.0,876.0,1621.5,182.0,853.0,341.0,173.5,885.0,919.0,896.0,92.0,86.0,601.0,5302.5,2858.0,327.0,9261.0,257.5,37432.5,2108.0,694.0,115.0,174.0,149.0,548.5,1996.0,1002.0,310.0,685.5,187.0,4762.0,975.0,252.5,257.0,737.0,104.0,9473.5,186.0,607.0,727.0,1825.0,667.0,4706.0,224.0,732.0,367.0,123.0,713.0,87.5,147.0,261.0,432.5,139.0,1516.0,5157.0,189.0,672.5,177.0,9927.0,266.5,309.0,2849.0,502.5,167.0,100.0,186.0,1499.5,160.0,248.0,1149.0,183.0,980.0,213.0,909.0,279.0,751.0,261.5,1451.0,2815.0,2504.0,11885.5,1841.5,4266.0,2055.0,5327.0,3686.0,2169.5,6895.0,1860.0,4929.5,4826.0,2234.0,7886.0,3737.5,5270.0,25829.0,5835.0,1462.0,3782.5,6660.0,4854.0,43987.5,2111.0,2690.0,1153.0,1503.0,3038.0,864.5,1575.5,6999.0,3185.0,2204.0,3295.0,2782.5,198.0,58.0,554.0,171.0,137.0,93.0,6961.0,183.0,118.0,109.0
31,90.0,246.0,266.5,3519.0,2122.5,369.0,275.5,293.0,203.0,483.0,39.0,682.0,528.0,44.0,357.5,299.0,358.5,582.0,137.0,59.0,2125.0,146.0,102.5,827.5,239.0,102.5,681.5,1118.0,463.0,63.5,61.5,387.0,1592.5,383.0,293.0,1420.0,196.5,395.0,536.0,61.5,73.0,142.0,84.0,384.5,2008.5,744.5,194.5,374.0,128.5,625.5,782.0,164.0,124.0,687.0,57.5,127.0,117.0,447.5,437.0,950.0,456.5,168.5,49.0,166.0,169.0,107.0,514.0,58.0,137.0,156.0,201.5,96.0,110.0,1869.0,117.0,409.5,115.0,15524.5,178.0,119.0,3234.0,328.0,83.0,116.0,135.0,808.0,131.0,170.0,261.0,145.0,502.5,140.0,380.0,182.0,293.0,192.5,415.5,5659.0,5047.0,924.0,277.0,217.0,227.0,211.0,1147.0,297.0,845.0,412.0,409.5,639.0,294.0,1339.0,289.0,205.0,278.0,365.5,1247.0,243.0,381.0,1001.5,3725.5,1151.0,234.5,183.5,141.5,201.0,148.0,350.5,384.0,215.0,1299.0,180.0,376.0,144.0,40.0,212.0,126.0,77.5,66.0,2613.0,673.5,113.0,107.0
32,78.0,201.0,204.0,2294.0,1417.0,319.0,190.0,239.0,168.0,383.0,28.0,529.0,361.0,36.5,309.0,229.5,273.0,483.0,118.0,43.0,1371.0,128.5,87.0,595.5,182.0,74.0,550.0,667.0,372.0,84.0,49.0,280.0,1379.5,283.5,208.0,887.0,136.5,312.0,403.0,42.0,62.0,109.0,65.0,332.0,1535.5,607.0,173.0,258.0,97.0,507.5,645.0,129.0,89.0,443.0,43.0,81.0,93.0,408.0,418.0,729.0,259.0,141.5,33.0,124.0,125.5,81.5,400.0,45.0,95.5,129.0,143.0,75.0,65.5,1211.0,78.0,327.0,90.0,12435.0,150.0,92.0,742.5,280.0,68.0,101.0,103.0,678.0,107.5,133.0,226.5,101.0,428.5,104.5,312.0,135.0,232.0,152.0,267.0,3829.0,3655.0,715.5,158.0,149.0,150.0,172.0,966.0,176.0,537.0,274.5,307.0,416.0,185.0,961.0,186.5,149.0,575.5,256.0,909.0,152.0,266.0,718.0,1777.0,797.0,161.0,135.0,113.0,129.0,104.0,215.0,310.0,137.0,819.0,119.0,219.0,114.0,32.0,162.5,108.5,55.0,54.0,1698.0,383.0,78.0,78.0
33,80.0,112.5,201.0,290.0,60.0,153.0,132.0,133.0,170.5,277.0,804.0,370.0,700.5,28.0,624.0,121.0,1231.0,190.0,207.0,34.0,528.0,93.0,88.0,466.5,130.0,68.0,473.0,282.5,669.0,52.0,38.0,704.0,1812.0,444.0,1601.5,134.0,95.0,1110.0,850.0,133.0,68.5,100.5,78.0,227.0,712.5,366.0,111.0,3034.0,75.0,639.0,606.0,480.0,3219.0,370.0,124.0,125.0,119.0,192.0,216.5,515.0,2072.0,119.0,36.0,940.0,97.0,96.0,212.0,37.0,1050.5,84.0,171.5,70.0,97.0,3912.5,363.0,179.0,908.5,973.0,94.0,89.0,631.0,185.0,54.0,79.0,114.0,712.0,78.0,76.0,178.5,8175.0,288.0,100.5,736.5,142.0,948.0,134.0,413.0,519.0,738.0,2085.0,429.0,1520.0,279.0,587.0,4380.5,574.0,4285.0,1055.0,305.5,9462.5,478.0,8959.0,1942.0,717.0,8123.0,491.0,3123.5,340.0,716.5,1560.0,3703.0,1189.0,359.0,206.0,665.0,242.0,582.0,238.0,3577.0,314.5,936.0,316.0,1527.0,119.0,72.0,249.5,131.0,1378.5,60.0,1309.0,157.0,61.5,204.0
34,69.0,93.0,226.5,248.5,47.0,117.0,114.0,101.5,159.5,259.0,645.0,354.0,812.0,28.5,616.0,98.0,1112.5,149.5,185.0,29.0,488.0,94.0,71.0,628.0,117.0,63.0,414.5,218.0,653.0,48.0,36.0,578.0,1695.5,334.0,1449.0,116.5,96.0,1014.5,1144.5,113.0,57.0,91.0,67.0,170.0,575.0,299.5,103.0,2488.0,61.5,620.0,522.0,453.0,3226.5,306.0,111.0,131.0,130.0,154.0,170.5,422.5,2689.5,110.5,34.0,916.0,81.5,91.0,170.5,35.0,825.0,75.0,127.0,72.0,83.5,3765.5,230.0,145.0,867.0,991.0,86.0,73.0,469.0,148.0,49.0,74.5,74.0,644.0,76.0,62.0,159.0,6914.0,268.5,83.0,671.0,135.0,847.5,114.0,412.0,444.0,681.0,1499.0,356.0,995.0,243.0,479.0,2772.0,513.5,3517.0,974.0,246.5,6584.0,452.0,7196.0,1206.5,410.0,5424.5,421.0,2681.5,265.0,651.0,1355.0,2582.0,1109.0,290.5,158.5,476.0,207.5,393.0,224.5,2538.0,277.0,752.0,268.0,832.5,104.5,70.0,221.0,114.0,1373.0,56.5,1740.0,150.0,62.0,154.0
35,149.0,179.5,2310.0,343.0,134.0,399.0,295.0,217.0,320.0,1058.5,89.0,5656.0,3225.5,91.0,2855.0,505.0,1000.0,415.0,1798.0,1012.0,4147.5,126.5,98.5,5530.0,736.5,121.0,577.0,641.5,2117.0,67.0,63.0,587.0,1425.0,813.0,524.0,251.0,189.0,328.0,1928.0,836.0,185.0,222.0,2238.0,793.5,1629.0,686.0,155.0,10844.0,114.0,873.0,1246.0,159.0,2870.0,1227.0,282.0,4305.0,161.0,328.5,623.0,834.0,2511.5,320.0,55.5,1057.0,109.0,88.0,408.0,85.0,307.5,127.0,289.0,90.0,168.0,8994.5,98.0,387.0,114.0,1232.5,147.0,107.0,907.5,282.0,76.0,957.0,269.0,1647.0,111.0,137.0,389.0,69.0,453.0,214.5,10450.5,170.0,232.0,3526.0,2507.5,445.0,845.0,10425.0,2626.0,453.0,575.0,2780.0,13554.0,1106.0,3330.5,3874.0,918.0,16813.0,730.5,14116.0,1485.0,961.0,687.0,2925.0,5638.0,714.0,1611.0,2046.0,9749.0,8656.0,570.0,270.0,433.0,313.0,214.0,638.5,5608.0,1265.0,1463.5,3517.0,760.0,140.5,84.5,179.0,132.0,901.5,68.0,14279.0,561.0,100.0,645.0
36,243.5,260.5,5930.0,523.5,163.0,523.5,463.0,277.0,420.0,786.0,137.0,6589.0,5092.0,210.5,4202.0,618.0,1378.0,541.0,2589.0,1066.0,5192.0,186.5,169.0,12632.0,892.0,436.0,795.0,969.0,4637.0,106.5,109.0,710.0,1837.0,1296.5,577.0,326.0,278.0,453.5,2071.0,1009.0,309.0,311.0,2734.5,1598.0,2103.0,961.0,204.0,13893.0,185.0,1384.0,1668.0,299.0,3780.0,2008.0,613.0,5342.0,2486.0,462.0,716.0,1119.0,707.0,379.5,89.0,1310.0,151.0,146.0,497.0,120.5,2797.0,206.0,499.5,159.5,327.0,10956.0,241.0,532.0,197.0,1560.0,221.0,177.5,2445.0,409.0,114.5,1220.0,836.0,2772.0,136.0,184.0,454.0,110.0,614.0,424.5,28531.5,286.5,303.0,4983.5,7922.0,1556.0,2549.0,49450.0,5001.0,4041.0,1516.0,4134.5,33189.0,2575.0,6180.0,10841.0,2686.0,65377.5,2200.5,71231.0,3434.0,2585.0,2324.0,13886.0,9893.0,1663.0,3718.0,3449.0,35546.5,18791.0,1607.0,1225.0,1535.5,1125.0,1257.0,1430.0,32269.0,3164.0,3643.0,1468.0,2032.0,215.0,220.5,967.0,394.0,2005.0,117.5,29739.0,887.5,189.0,1139.0
37,293.0,186.0,613.0,573.0,637.0,499.0,309.0,274.5,223.5,383.0,79.0,2113.0,399.0,60.0,285.5,249.0,275.0,480.0,128.0,77.0,1017.0,116.0,153.0,1510.0,286.0,116.0,558.0,534.0,391.0,380.5,88.0,418.0,1334.0,853.0,203.0,291.0,502.0,13423.0,379.0,75.0,853.0,167.0,157.0,494.0,1621.0,1091.5,150.0,1453.5,148.0,886.0,708.0,230.0,145.0,292.0,434.5,9026.5,156.0,389.0,406.0,948.0,705.0,4271.0,198.0,692.5,195.0,100.0,470.5,79.0,369.0,159.5,640.0,91.0,194.0,5152.0,92.0,325.0,123.5,15053.0,207.0,163.0,2229.5,279.0,107.0,470.0,118.5,1327.0,128.0,163.5,905.5,489.0,419.0,200.5,389.0,141.0,467.5,196.0,254.5,435.0,2392.5,477.0,120.0,110.0,92.0,53.0,1228.0,81.0,185.0,168.5,246.5,425.0,108.0,534.5,188.0,139.0,270.0,310.0,747.5,72.0,132.0,483.0,323.0,406.0,370.0,88.0,90.0,141.0,113.5,161.0,188.0,388.0,198.0,65.0,93.0,145.0,139.0,1520.5,188.5,166.0,98.5,3252.5,303.0,133.0,215.0
38,418.0,350.0,668.0,585.0,674.0,787.5,373.0,511.0,258.5,672.0,74.0,1970.0,514.0,65.0,432.0,412.5,289.0,971.0,228.0,79.0,2500.0,149.5,173.0,1325.5,374.0,160.5,1055.0,868.0,677.0,336.0,102.0,591.0,2076.0,893.0,311.0,489.0,550.0,10911.5,464.0,919.0,867.0,257.0,168.0,778.5,3080.0,1919.0,233.0,2181.5,198.5,866.0,1221.0,321.0,182.0,410.5,200.5,7992.0,170.0,808.5,917.0,1379.5,3505.0,3524.5,157.0,614.0,227.5,111.0,987.0,103.0,414.5,235.0,568.5,142.0,428.0,4420.0,112.5,635.0,163.0,14917.5,300.0,219.0,2351.0,585.0,122.0,386.0,155.0,1960.0,154.0,282.0,907.0,316.5,555.0,275.0,498.0,207.5,659.5,289.0,294.5,384.0,3187.5,510.0,141.5,154.5,112.0,67.0,1207.0,103.0,316.0,232.5,456.0,579.0,142.0,1094.0,182.0,196.0,372.0,382.0,1114.0,106.0,198.0,771.0,283.0,622.5,184.0,121.0,135.0,152.0,154.0,199.0,226.0,387.0,264.0,99.0,142.0,214.5,142.0,2364.0,260.5,272.0,116.0,3226.0,560.0,192.5,283.0
39,117.0,286.0,311.0,230.0,103.5,493.0,292.0,365.0,203.0,561.0,30.0,895.5,368.5,49.0,479.0,362.0,195.0,664.0,138.5,35.0,698.0,148.0,111.0,998.0,242.5,172.5,806.0,751.0,463.0,73.0,72.0,402.0,1731.0,464.0,214.0,925.5,179.0,1368.0,335.5,80.0,103.5,126.0,101.0,495.0,2378.5,860.0,246.0,693.0,151.5,383.0,967.0,1248.0,118.0,329.0,628.0,119.0,144.5,542.5,615.0,1154.0,219.5,183.0,52.0,131.0,145.0,85.0,623.0,58.0,720.5,203.0,204.0,103.0,60.0,15476.5,127.0,532.0,131.0,771.0,223.5,150.0,992.0,449.0,85.5,68.5,216.5,1102.0,120.0,203.0,317.0,108.5,483.5,157.0,3482.5,151.5,325.5,203.0,261.0,290.0,325.0,4088.5,446.5,541.0,163.0,294.0,3513.0,927.5,752.5,275.0,409.0,8540.5,381.0,14128.5,817.0,538.0,1641.0,6836.5,1885.5,426.0,483.5,825.0,1724.0,1035.0,1071.0,183.5,173.0,203.0,167.0,255.0,32384.0,244.0,780.0,458.0,415.5,154.5,44.0,245.0,144.0,108.5,84.0,5679.0,130.0,208.0,82.0
40,127.0,392.5,315.0,310.0,154.0,565.0,308.0,487.0,232.0,726.0,45.0,981.0,409.0,73.0,666.0,385.0,287.0,775.0,177.0,56.0,748.0,195.0,150.0,1091.0,315.0,258.0,961.0,955.0,587.0,125.5,107.0,500.0,2091.0,583.5,247.0,1329.0,231.0,1842.0,610.0,167.0,154.0,173.0,169.0,622.0,2868.0,1082.0,355.0,1002.0,209.0,466.5,1352.0,1059.0,144.0,431.0,1049.0,172.0,201.5,682.0,737.0,1303.0,255.0,230.0,73.0,179.0,187.5,127.0,781.0,80.0,1337.5,347.0,257.0,143.5,73.0,25438.0,187.0,667.0,166.5,1128.0,291.0,201.0,997.0,530.0,114.0,98.5,311.0,1252.5,151.0,262.0,391.0,190.0,643.0,242.0,2977.0,202.5,489.0,252.0,317.0,330.0,480.0,2398.0,745.0,587.0,178.5,249.0,5623.0,1564.0,1012.0,301.0,444.0,16915.0,328.5,14645.5,430.0,397.5,3075.0,9127.5,1630.0,292.0,597.0,1008.5,2100.0,863.0,1696.5,227.5,193.0,207.0,203.5,429.0,16533.5,240.0,869.5,361.0,379.0,200.0,54.0,285.0,215.0,135.0,107.0,5633.0,166.5,293.0,104.0
41,96.5,123.0,321.0,140.0,64.0,483.0,215.5,259.5,180.0,313.0,37.0,1165.0,506.0,50278.0,279.0,137.0,813.0,405.5,162.0,21.0,3368.0,684.0,81.0,15589.0,179.5,93.0,1160.0,871.0,259.0,55.0,49.5,376.0,1568.0,394.0,141.0,178.0,79.0,255.0,379.0,91.0,69.0,186.5,83.0,375.0,902.0,493.0,130.0,654.5,31268.5,736.0,616.5,155.0,119.0,905.0,52.0,369.0,151.0,682.0,477.0,1338.0,452.0,102.0,38.0,176.5,101.5,83.0,471.0,43.0,58.0,110.0,200.0,87.0,342.0,2638.5,132.0,399.0,96.0,631.0,111.0,111.0,854.0,242.5,53.0,102.0,675.0,1635.5,84.0,136.5,262.0,85.5,210.0,155.0,354.0,107.0,266.0,223.5,976.5,3235.0,779.0,27220.5,3879.0,1385.5,623.0,1648.0,11986.5,1495.0,3293.0,721.5,1398.0,48070.0,1367.0,27347.0,2887.5,4418.0,24449.0,23713.0,16125.0,792.0,1090.5,3384.0,20573.5,30176.0,1678.0,1010.0,691.5,694.0,619.0,1993.5,1223.0,797.0,6390.0,26680.0,2053.0,156.0,47.0,215.0,347.0,519.5,55.0,3332.0,293.0,79.5,129.0
42,67.0,111.0,212.5,91.0,47.0,180.0,258.0,151.0,147.0,216.5,32.0,944.0,321.5,1421.5,162.5,128.0,6356.5,254.0,75.0,26.0,2171.0,213.0,64.0,1734.0,107.0,65.0,882.0,675.0,230.5,41.0,38.0,184.0,839.0,248.0,96.0,167.0,100.5,175.5,286.0,67.0,52.0,93.0,82.0,192.0,742.5,357.0,89.5,240.0,1106.0,415.0,377.0,351.5,85.0,883.0,37.0,147.0,121.0,215.5,250.0,779.5,321.0,68.0,28.0,100.0,65.0,65.5,248.0,38.0,40.0,71.5,107.0,54.0,324.0,4094.5,67.0,191.0,61.0,284.5,88.0,64.0,627.0,153.0,45.0,61.0,254.0,3832.0,56.5,85.0,128.0,69.0,194.5,126.0,236.0,85.5,153.0,128.0,473.5,833.0,466.5,7984.0,1895.0,618.0,329.0,744.0,5252.5,524.0,1150.0,464.0,1189.5,23046.0,708.5,7857.0,1184.0,1335.0,8694.0,4910.0,4411.5,377.5,540.0,1084.0,10123.0,13744.0,890.0,373.0,324.5,351.0,299.5,762.0,667.5,408.0,2234.0,14779.0,729.0,134.0,37.5,101.0,124.0,324.5,47.0,3695.0,259.0,55.5,100.5
43,64.5,2981.5,230.0,240.0,55.0,349.5,144.0,218.5,154.5,886.0,31.0,303.0,265.0,28.0,351.5,150.0,340.5,540.5,336.0,30.0,415.5,93.0,955.0,565.0,177.0,83.0,522.5,380.0,274.0,56.0,167.0,3071.0,1918.0,915.0,129.0,293.0,220.0,579.0,480.0,55.0,55.0,258.5,67.0,295.0,1432.0,2705.5,139.5,1528.0,711.0,256.0,475.0,225.0,105.0,329.0,93.0,89.5,91.0,329.0,336.0,674.0,106.0,257.0,37.5,107.0,100.0,225.0,347.5,66.0,85.0,181.0,263.5,63.0,51.0,303.0,240.5,285.0,239.0,1201.0,410.0,147.0,509.0,224.0,130.0,79.0,81.0,738.0,61.5,141.0,206.5,60.0,3414.0,108.0,478.0,94.0,193.5,199.0,125.0,96.5,100.0,305.0,900.0,430.0,283.0,80.5,695.0,408.0,619.0,3217.0,257.0,8116.0,849.0,1026.0,110.0,493.5,17372.0,154.0,584.0,64.0,387.0,826.0,1069.5,328.0,87.0,85.0,134.0,60.5,135.0,109.0,8917.0,59.0,1340.5,94.0,74.0,90.0,26.0,154.0,92.0,44.0,46.5,478.0,57.5,67.0,76.0
44,69.0,2984.0,243.0,252.5,53.0,383.5,126.0,227.5,156.0,883.0,28.0,355.0,272.0,27.0,268.5,177.0,282.5,576.0,458.5,23.0,431.5,107.5,918.0,491.5,188.0,125.5,521.5,423.0,301.5,53.0,181.0,3228.5,1784.0,809.5,132.0,294.5,192.0,575.5,425.0,51.5,45.0,279.0,70.0,282.0,1498.0,2657.5,140.5,1128.0,771.0,216.0,513.5,212.0,100.5,230.0,77.5,89.5,91.0,370.0,354.0,725.0,99.0,264.0,40.0,90.0,108.0,222.0,401.0,73.0,75.0,159.0,263.5,55.5,45.0,293.0,203.0,340.0,251.5,907.5,416.0,168.5,556.0,262.0,138.0,67.0,77.0,787.0,76.0,144.0,204.0,56.0,3548.5,105.5,479.0,97.0,238.5,218.0,295.0,108.0,130.5,906.0,1525.0,531.0,282.0,148.0,1361.0,579.0,568.0,3900.0,294.0,6423.0,740.0,1103.0,179.0,697.0,27117.0,164.0,1686.5,94.0,917.0,626.0,837.0,731.0,84.0,102.5,154.0,64.0,158.0,157.0,12927.0,61.0,1415.0,109.0,83.0,93.0,29.0,179.0,105.0,49.0,49.0,388.5,56.0,74.0,58.0
45,184.5,486.0,250.0,1721.0,103.0,766.0,655.5,542.0,223.0,819.5,93.0,627.0,1516.0,64.0,686.0,511.0,359.0,976.5,187.0,183.0,787.0,143.0,206.5,708.0,289.0,158.0,1118.0,1246.0,706.5,119.0,142.0,510.5,2566.5,965.5,447.0,628.0,274.0,1083.0,376.0,62.0,100.5,121.0,131.0,644.0,3477.0,1141.0,243.0,400.0,240.0,7247.0,1142.5,280.0,126.0,430.0,83.0,174.0,140.0,824.0,1130.0,1619.5,509.0,130.5,61.0,125.0,176.0,108.0,988.5,114.0,163.5,265.0,443.0,130.5,84.5,1977.0,142.0,639.0,152.0,903.0,337.0,179.5,1103.0,605.5,111.0,75.0,160.0,1479.5,140.5,276.0,401.5,98.0,432.0,218.0,847.0,200.0,1002.0,250.0,191.5,1129.5,136.0,8436.0,1621.0,317.0,120.0,113.5,3375.0,165.0,233.0,274.0,445.0,4804.0,263.0,4909.5,139.0,6435.0,376.0,300.5,1464.5,128.0,15658.5,1019.5,22344.5,2747.0,97.0,160.0,725.0,99.0,151.0,298.0,455.0,192.0,349.0,212.0,426.0,179.0,247.0,309.0,235.0,350.0,124.0,15359.0,161.5,320.0,117.5
46,338.5,1082.5,753.0,2216.5,254.5,1890.5,1008.0,1359.0,468.0,2078.0,51.0,2274.0,1792.0,89.0,1779.0,1146.5,692.0,2599.0,479.0,204.5,2065.0,317.5,317.0,1908.0,730.0,322.5,2832.5,2625.5,1767.0,151.0,192.0,1330.0,6303.5,1588.5,744.5,1575.0,644.0,1702.0,884.0,80.0,200.0,267.0,223.0,1963.0,9078.0,2917.5,565.5,1016.0,461.0,7620.0,3371.5,700.0,359.5,850.0,91.0,296.0,165.0,1926.0,2458.5,3643.0,485.0,301.0,87.5,270.0,433.5,162.0,2318.0,130.0,243.0,540.0,802.5,248.0,86.0,2783.5,178.0,1558.0,308.0,1980.0,748.0,401.5,2755.0,1365.0,184.0,165.0,369.0,3843.0,254.0,676.0,978.0,195.0,1213.0,402.0,1578.0,461.0,1580.0,597.5,531.0,1354.0,293.5,3282.0,978.0,626.0,260.0,157.0,1579.5,245.0,517.0,613.5,1046.5,5278.0,421.0,2647.5,251.0,1136.0,614.0,632.0,3757.0,237.0,752.0,2662.0,32890.0,1731.0,165.0,287.0,833.0,195.0,313.0,263.0,569.0,418.0,671.0,211.0,437.5,408.5,143.5,749.0,490.0,311.0,194.0,15078.0,355.5,532.5,217.0
47,199.0,591.0,310.0,476.0,161.0,992.0,376.5,744.0,286.0,1004.0,318.0,808.0,926.0,67.0,1418.0,580.5,492.0,1700.0,278.0,54.0,1781.0,196.0,315.0,2916.0,471.0,208.0,1564.0,1247.0,1099.0,99.0,112.0,777.0,3298.0,834.5,595.0,723.0,339.0,3364.0,481.0,185.5,281.5,298.0,690.0,1012.5,4261.0,2353.0,4340.0,484.0,724.0,778.0,1606.5,319.5,580.5,858.0,190.0,636.5,170.0,1149.0,1211.5,1865.0,423.0,220.0,79.0,211.0,235.0,148.0,1319.5,93.0,253.0,295.0,442.0,165.5,134.0,5801.0,1783.0,924.0,221.0,1596.0,388.0,253.0,1697.0,816.5,132.0,155.5,1297.0,2249.0,161.0,377.0,613.0,159.0,666.0,231.0,985.0,266.0,1038.0,356.0,368.0,510.0,438.0,661.5,784.0,399.0,258.0,554.0,1319.5,486.0,1380.0,680.0,1132.0,1413.0,732.0,1013.5,554.5,908.0,552.0,396.0,1610.5,341.5,2058.0,1253.0,2264.0,1148.0,451.5,308.0,264.0,403.5,274.0,246.5,571.0,332.5,452.0,427.0,344.0,270.5,77.5,416.5,496.0,113.0,142.5,6117.0,805.0,254.0,509.5
48,225.0,612.0,534.0,545.0,184.0,1141.5,414.0,856.0,301.0,1110.5,285.0,1142.5,855.5,75.0,1378.0,636.0,419.0,1770.0,310.0,52.0,2183.0,205.5,324.0,3137.0,530.0,225.0,1686.0,1363.0,1219.0,140.0,131.5,846.5,3336.0,859.0,618.5,847.5,391.5,3450.0,500.0,162.0,260.0,229.0,883.0,1131.0,4405.0,2554.0,5932.0,516.0,589.5,855.0,1830.0,387.0,494.0,831.0,126.5,537.5,176.0,1177.0,1223.0,2093.0,420.0,222.5,80.0,197.5,236.5,152.0,1449.5,98.0,235.0,317.5,491.0,201.0,147.0,5843.0,1547.0,1002.0,237.0,1598.5,436.0,246.0,1840.0,931.0,140.0,141.5,1085.5,2449.0,185.0,415.0,660.5,176.0,755.0,273.0,986.0,308.0,1052.0,392.0,433.0,530.5,570.0,555.5,1041.5,449.0,271.0,592.0,2223.0,448.0,860.0,871.0,1194.0,1908.0,722.5,1008.0,595.0,1043.0,525.0,494.0,1781.0,349.0,2291.0,1388.0,3743.0,1244.0,481.0,304.0,278.0,452.0,279.0,245.0,636.0,346.0,472.0,487.0,368.0,278.5,97.0,518.0,599.0,142.0,148.0,7120.0,787.0,276.0,462.5
49,130.5,333.0,292.5,263.0,111.5,624.0,320.0,421.0,202.0,883.0,98.0,833.0,22356.0,65.5,469.0,368.5,1166.0,788.0,271.5,37.0,6236.5,122.0,2605.0,1013.5,313.0,195.5,912.0,1365.5,832.0,611.0,96.0,438.5,2414.0,443.0,267.0,478.5,221.0,996.5,6928.0,73.0,131.0,123.0,105.0,685.0,2630.0,966.5,198.0,449.0,206.0,485.0,1018.0,8535.0,184.5,463.0,246.0,554.0,125.0,627.0,694.5,1411.5,575.0,136.0,67.0,316.0,130.0,107.0,769.0,77.0,105.0,418.0,254.0,115.0,118.0,1640.5,108.0,561.0,147.5,2349.0,245.0,170.0,1026.0,432.0,107.5,205.0,161.0,1363.5,168.5,244.0,383.0,213.0,530.0,178.0,404.0,189.5,510.0,228.5,426.5,324.0,792.5,13609.0,871.5,432.5,253.0,655.0,59788.5,307.0,965.0,380.0,477.0,52888.5,9537.5,18009.0,1340.0,401.0,2783.5,1092.0,2669.5,583.5,516.0,1312.0,16703.0,1130.5,3979.0,159.5,128.0,151.0,144.0,220.0,392.0,149.0,599.5,795.0,362.0,231.5,97.0,290.5,210.5,207.0,139.0,3655.5,9724.0,169.0,140.0
50,109.0,344.5,266.0,247.0,94.0,620.0,256.0,438.0,203.0,763.0,58.0,733.0,19987.0,51.0,490.0,347.0,316.5,808.0,246.0,33.5,4737.5,116.0,2421.0,836.0,304.0,153.0,903.0,1094.5,636.5,635.5,83.5,447.0,2232.0,443.0,240.0,465.5,208.0,844.5,7483.0,55.0,106.0,105.0,92.0,628.0,2730.0,924.0,186.0,374.0,184.0,562.5,964.0,741.5,157.0,364.0,179.0,435.0,118.0,607.0,651.0,1395.0,208.0,122.0,44.0,235.0,121.0,95.0,733.0,64.0,87.5,318.0,232.5,97.0,67.0,1822.0,86.0,499.5,135.0,2045.0,225.0,144.0,984.0,481.0,89.0,175.0,141.0,1316.0,135.0,226.0,401.5,202.0,518.5,161.0,376.0,168.0,458.0,201.0,183.0,130.5,205.0,6214.0,151.0,166.0,117.5,153.0,38203.0,145.0,394.0,234.0,377.0,11440.0,4535.5,4292.5,191.0,216.5,807.0,251.0,1150.0,474.0,265.0,897.0,698.0,672.0,1585.5,111.5,93.0,95.0,124.5,142.0,218.0,89.0,329.0,363.0,156.0,207.5,58.0,287.5,184.0,179.0,105.0,2165.0,7684.0,144.0,107.0
51,61.0,307.5,162.5,114.0,81.0,2061.0,162.0,135.0,143.0,633.0,245.0,412.0,200.0,33.0,15060.0,114.0,253.0,240.0,71.0,47.0,1394.0,114.0,105.0,1337.0,248.0,92.0,327.0,521.0,200.0,45.0,50.0,639.0,2718.0,29474.5,139.0,153.5,467.0,10471.0,15399.0,54.0,56.0,116.0,94.0,192.0,964.0,566.0,124.0,7956.5,127.0,2597.0,355.0,190.0,124.0,247.0,83.0,198.5,736.0,209.0,229.5,698.0,265.0,160.0,41.0,124.0,143.0,77.0,239.0,43.0,210.0,99.0,126.0,90.0,56.0,404.0,795.5,287.0,95.0,2256.0,112.0,84.5,473.0,254.0,62.0,125.5,164.0,487.0,94.0,83.0,155.0,72.0,504.0,73.0,387.5,93.0,217.0,218.5,872.0,939.0,618.0,21942.0,1717.5,2159.0,326.5,8682.0,21332.5,4155.0,323.0,866.0,881.0,28876.5,2023.0,23460.0,1081.5,2844.0,1640.0,1249.0,15510.0,1880.0,939.5,617.0,12368.0,5670.5,821.0,468.0,255.0,698.0,231.0,702.5,36869.0,588.0,1615.0,898.0,2727.0,135.0,30.0,117.0,99.0,92.0,49.5,1855.0,411.0,52.0,80.5
52,50.0,329.0,136.5,90.5,73.5,2471.0,121.0,106.0,135.0,540.0,111.0,327.5,219.0,29.0,15694.0,85.0,201.0,192.0,59.0,42.0,1120.0,93.0,108.0,1257.0,233.0,74.0,265.0,576.0,160.0,38.0,53.0,487.5,1665.0,31717.0,112.0,116.0,370.0,6466.0,16395.0,46.0,51.0,103.0,103.0,147.0,898.0,528.0,103.0,3175.0,118.0,1975.0,289.0,119.0,119.5,179.0,85.5,210.0,742.0,162.0,181.0,689.0,271.0,127.0,36.0,143.0,99.0,67.0,192.5,38.0,184.0,85.0,98.0,61.0,49.5,344.0,2556.0,203.5,82.0,1801.5,97.0,75.5,418.0,181.0,50.0,93.0,140.5,332.0,84.0,69.0,134.0,64.0,523.0,69.0,383.0,78.0,195.5,176.5,548.5,1094.0,659.5,22770.0,778.0,1103.0,352.0,6492.0,10099.5,8745.0,257.0,1146.0,1065.0,20194.0,2256.0,24989.5,1086.0,3086.5,886.0,1208.0,4181.0,1636.5,977.0,465.0,15630.0,3371.0,945.0,429.0,252.0,755.0,225.0,856.0,22724.0,646.0,1323.0,974.0,4166.0,99.0,25.5,91.0,98.0,96.5,46.0,2372.0,191.0,48.0,73.5
53,100.0,195.5,472.0,161.5,62.0,502.0,178.0,223.5,191.0,546.0,62.0,1148.0,340.5,36.0,2336.0,190.5,371.0,449.0,103.0,41.0,923.0,83.0,124.0,3641.0,160.0,71.0,8103.5,389.0,911.5,78.0,43.5,636.0,1426.5,1366.0,676.0,247.0,141.0,656.0,351.0,156.0,88.0,95.0,80.0,333.5,1421.5,555.0,109.5,9414.0,127.0,597.0,1208.0,3736.0,137.0,362.5,215.0,510.0,165.0,426.0,416.0,773.5,3262.0,93.5,34.0,1796.0,87.0,59.0,417.0,41.0,141.0,99.5,149.5,71.0,205.0,2623.0,99.0,351.0,85.5,18193.0,133.0,92.0,553.0,249.0,58.0,93.0,104.0,1487.0,97.0,132.5,212.5,120.0,332.0,82.0,1302.0,127.0,271.0,167.0,2025.0,5669.5,4480.0,15556.5,11477.0,8571.0,2787.5,9575.5,3957.0,7481.0,1054.0,4436.5,5083.0,46494.5,6469.0,30072.5,12185.0,25047.0,8794.0,5023.0,1859.5,7771.0,4102.0,1314.0,61364.0,1012.5,7736.0,4119.0,1941.0,7022.0,1545.0,1674.0,33660.5,5002.0,3345.0,7302.0,2818.0,97.0,36.0,191.0,139.0,250.0,60.5,3236.0,194.5,80.0,129.0
54,149.0,224.5,509.0,203.0,66.5,587.0,217.0,262.0,213.0,599.5,71.0,1318.0,426.5,41.0,1766.0,228.0,339.0,481.0,126.0,49.0,1366.5,104.5,124.0,2701.0,187.5,92.0,9142.0,491.0,1002.0,84.0,53.5,733.0,1653.0,1376.0,733.0,288.0,158.5,668.0,393.0,130.0,97.0,109.0,85.0,376.5,1591.0,649.0,129.0,57971.5,141.0,705.0,1379.0,4209.0,165.0,408.0,241.0,332.0,124.0,496.0,468.0,813.0,9526.0,106.5,39.0,2429.5,96.0,65.0,456.0,51.0,172.5,115.0,210.0,110.5,299.5,2490.0,125.5,396.0,93.0,17871.0,155.0,104.0,593.0,290.0,68.0,90.0,102.0,1577.0,154.0,142.0,275.0,125.0,345.0,90.0,1226.0,138.0,289.0,197.5,1354.0,2817.0,2194.0,5236.0,4347.0,3846.0,1610.0,4237.0,2184.5,3722.0,1029.0,2243.5,2919.0,24368.5,2966.5,16493.0,4837.0,12234.5,3966.5,2139.0,1574.5,3382.0,2187.5,1225.0,51773.0,1014.0,3737.0,2095.5,1111.5,3395.5,917.5,1003.0,15550.0,2492.0,1758.0,3327.0,1537.5,109.5,41.0,234.5,154.0,190.0,60.0,2604.0,202.0,94.5,433.0
55,197.5,413.0,697.0,299.0,158.0,698.0,413.0,524.0,348.0,882.0,98.0,2017.0,1068.5,99.0,1287.0,482.0,691.5,967.5,333.0,56.0,4707.0,391.0,238.0,1970.0,348.0,176.0,1196.0,1042.0,748.0,146.0,134.0,700.0,2357.0,31441.0,940.0,622.0,946.0,30544.0,2283.5,148.0,146.0,316.5,206.5,819.0,3195.0,1305.0,284.5,866.0,225.0,1387.5,1245.0,460.0,3660.0,325.0,149.5,11191.5,347.5,3174.0,801.0,1459.0,384.0,2460.5,161.0,452.5,254.0,143.0,905.5,121.0,329.0,301.5,1292.0,165.0,139.0,3765.0,411.5,626.0,186.0,13809.0,307.5,225.5,2596.0,541.0,148.0,248.5,244.0,1442.0,139.5,283.0,987.5,146.0,462.5,285.0,796.0,263.0,552.0,1932.0,1054.0,156.0,410.5,679.0,910.0,221.0,195.0,501.5,13064.0,297.0,2101.0,486.0,479.0,2046.0,215.5,2316.0,212.5,1146.5,14606.5,303.0,1443.0,189.0,866.5,1362.0,8781.0,669.0,126.0,1712.0,179.0,158.0,269.5,188.0,750.0,373.0,303.0,151.0,156.0,186.5,147.0,528.0,342.5,350.0,148.0,4574.0,4073.0,237.0,594.5
56,80.0,208.0,288.0,153.0,64.0,365.0,218.5,247.0,185.0,397.0,26.0,957.0,439.0,36.0,476.5,182.0,259.5,499.0,226.0,28.0,889.0,146.0,92.0,1058.0,165.0,78.0,538.0,525.0,342.0,46.5,46.0,316.0,1327.5,4163.5,228.5,268.0,375.0,7161.0,1069.0,52.0,56.0,134.5,67.0,370.0,1552.0,575.0,114.0,477.5,107.5,421.0,606.0,179.0,1453.0,142.0,56.0,6609.0,117.0,1190.0,335.5,836.5,133.0,996.0,58.0,210.0,99.0,54.0,471.0,39.0,152.0,122.0,154.0,79.0,52.0,1616.5,197.5,290.0,85.0,6790.0,144.0,99.0,1377.0,267.5,61.0,115.0,91.5,771.0,77.0,139.0,427.0,66.0,232.0,109.0,364.0,114.5,235.0,465.0,330.0,61.0,186.0,263.0,435.0,88.0,82.0,151.0,4738.0,73.0,218.0,191.0,233.0,546.0,80.0,531.0,77.0,256.0,3728.5,117.5,618.5,67.0,235.0,455.0,1683.0,260.0,50.0,490.5,68.0,67.0,110.0,68.5,212.0,171.0,120.0,59.5,62.0,90.0,30.5,184.5,136.0,118.0,56.0,1869.0,222.0,92.0,133.5
57,71.0,141.0,433.0,131.5,63.0,397.0,247.0,178.0,181.0,365.0,80.0,1038.0,450.0,35.0,16641.0,254.0,634.5,616.0,116.0,652.5,835.0,120.0,77.0,7692.0,150.5,77.0,1886.0,3010.0,290.0,79.5,52.0,536.0,2344.0,898.0,398.0,199.0,122.5,55533.5,257.0,66.0,78.0,94.0,98.0,274.0,1706.0,565.5,110.0,324.0,116.0,616.0,766.5,389.0,120.0,486.0,56.0,206.5,120.0,270.0,425.5,1375.0,207.0,145.0,44.0,107.0,118.5,81.0,434.0,54.0,727.5,104.5,148.5,80.0,86.0,5072.0,97.0,233.0,125.0,2012.5,106.0,90.0,622.0,269.0,61.0,67.0,128.0,965.0,96.0,109.0,208.5,61.5,443.0,1720.0,501.5,123.0,223.0,139.0,1087.5,1384.0,1123.0,12713.0,4327.0,1350.0,767.0,2083.0,6227.0,4295.5,500.5,2442.0,1411.0,21022.0,1992.0,6623.5,3378.5,6985.0,56580.0,7659.5,7809.0,1380.0,998.5,970.0,57431.0,2448.0,1733.0,574.5,698.0,1209.0,526.0,936.0,4080.0,1468.0,1323.0,1478.0,5110.5,97.5,42.5,145.0,100.0,4097.5,77.0,1218.0,299.0,75.0,705.0
58,60.0,122.0,299.5,106.0,47.5,234.0,162.0,151.0,156.0,233.0,45.0,569.0,303.0,30.0,10530.0,164.0,329.0,591.0,96.5,341.0,599.0,86.0,63.5,5803.5,111.0,62.0,1552.0,2720.0,216.5,59.0,40.0,347.0,1477.0,1121.0,231.5,152.0,95.0,47851.5,206.0,50.0,63.0,80.0,70.0,211.0,993.5,402.0,92.0,238.5,87.0,390.0,497.0,440.0,80.0,738.0,44.0,185.0,113.5,210.0,314.0,735.0,195.0,101.0,39.0,89.0,88.0,72.0,311.5,39.0,575.5,96.0,118.0,65.0,76.0,4199.5,83.0,201.5,108.0,1198.5,88.0,80.5,472.0,234.0,55.0,64.0,114.0,670.0,83.0,88.0,149.0,54.0,255.0,893.0,317.5,100.5,170.0,111.0,618.0,860.5,668.0,5471.5,1407.0,772.0,463.0,1194.0,2469.0,2158.5,246.0,1523.0,1106.0,7438.0,1006.0,3151.0,1356.0,2822.0,42791.5,2725.0,2955.0,615.0,623.0,604.0,22540.0,1004.0,1317.0,426.0,501.5,891.0,385.0,444.0,2011.5,1014.0,570.0,974.5,2816.0,82.0,35.0,106.0,84.0,2087.0,64.0,887.0,290.5,65.0,469.0
59,55.0,131.0,529.5,100.0,49.0,189.5,134.5,153.0,162.5,505.0,331.5,997.5,332.0,27.0,331.0,122.0,189.5,449.0,112.0,27.0,4024.0,262.0,461.5,1194.0,120.0,62.0,451.5,292.0,338.0,49.0,37.0,267.0,911.0,1149.0,415.0,151.0,97.0,143.0,9582.0,49.0,56.5,85.0,61.0,231.0,917.0,347.0,97.0,142.0,70.0,740.0,452.5,5199.0,117.0,242.5,56.0,476.0,95.5,203.0,227.0,764.0,2109.0,88.0,29.0,211.0,70.0,47.0,253.0,35.5,9760.5,76.0,121.0,54.0,103.0,1723.0,786.5,220.0,92.0,3495.0,100.0,69.0,586.0,174.0,42.0,561.0,86.5,516.0,60.0,86.0,159.5,39.0,465.0,58.0,506.0,162.0,377.0,988.0,292.5,111.0,2849.5,330.5,153.0,152.0,107.0,7936.0,713.0,178.5,148.0,257.0,385.0,2628.0,903.0,2219.0,663.0,285.5,2439.0,287.0,1833.0,119.0,338.5,484.0,2403.0,605.0,91.0,84.0,117.0,87.0,101.0,108.0,470.0,100.5,422.0,108.0,164.0,208.0,34.0,119.0,6408.5,51.5,54.0,3035.5,888.0,56.0,229.5
60,52.0,135.0,478.0,112.0,46.5,196.0,148.0,145.0,165.5,483.0,129.5,794.0,312.0,24.0,363.0,123.0,225.0,426.0,96.0,26.0,4371.0,224.0,398.5,1043.0,108.0,63.0,411.5,286.0,318.0,44.0,36.0,250.5,854.0,1054.0,311.0,147.5,92.0,141.0,8377.0,45.0,57.5,81.0,57.0,255.0,887.5,329.0,90.0,120.0,67.0,728.0,410.0,4731.5,90.0,213.0,51.0,452.0,92.0,207.5,217.0,641.5,1841.0,79.0,26.0,183.5,63.0,43.0,224.5,34.0,7509.5,72.5,119.5,53.5,63.0,1474.0,712.0,216.5,86.0,3090.0,95.0,64.0,554.0,160.0,44.0,758.0,71.5,510.5,59.0,77.5,149.0,37.0,351.0,56.0,415.0,218.0,352.0,717.0,224.0,116.0,2130.5,247.0,120.0,119.0,99.0,5312.0,306.0,105.0,128.5,200.0,330.0,2553.5,724.5,1538.5,193.5,131.5,753.0,202.0,1097.0,88.5,197.0,429.5,1176.0,387.5,72.0,75.0,77.0,73.0,74.0,88.0,215.0,76.0,276.0,74.0,146.0,152.0,29.5,109.0,5631.0,52.0,50.0,2554.0,856.0,53.0,184.0
61,66.0,255.0,133.0,225.0,58.0,3499.0,146.0,260.0,158.0,312.0,47.0,546.5,281.0,26.5,6002.0,204.0,155.0,574.5,103.0,34.0,580.0,95.5,119.0,504.5,156.5,78.5,494.0,415.0,277.0,90.0,41.0,278.0,1088.5,1012.5,143.5,201.5,134.0,320.0,171.0,49.0,53.5,77.0,55.0,290.0,1418.5,480.5,114.5,692.0,90.0,364.0,560.0,213.0,80.0,206.0,135.0,243.0,614.0,370.0,393.0,709.0,373.0,95.0,31.0,78.0,102.0,86.5,447.0,53.0,246.0,108.5,189.0,64.5,98.0,3632.0,91.0,366.5,88.0,528.5,130.0,90.0,661.5,270.0,49.0,99.0,84.5,749.0,426.0,126.0,320.0,137.5,234.0,132.0,577.0,93.0,280.5,132.0,120.0,160.0,1648.0,1453.0,133.0,95.0,88.5,167.0,2068.5,1416.0,262.5,304.0,514.0,8529.0,245.0,26714.5,236.0,209.0,259.0,2390.0,756.0,588.0,249.5,516.0,4108.0,415.0,716.0,98.0,89.0,84.0,102.0,85.0,2633.0,81.5,282.0,100.5,200.0,91.0,29.0,177.0,104.0,110.0,46.5,2850.0,155.0,70.0,89.0
62,187.0,622.0,383.0,577.0,166.0,5077.5,408.0,717.0,288.0,868.0,78.5,1407.0,788.0,72.0,10178.5,606.0,361.0,1571.0,289.5,66.0,1245.5,208.5,228.0,1064.0,442.5,202.0,1370.0,1167.5,858.0,166.0,122.0,815.0,3084.0,1638.5,393.0,692.5,348.5,678.0,419.0,91.0,136.0,170.0,147.5,905.0,4148.0,1218.5,325.0,1322.0,250.0,1054.0,1590.0,464.5,197.0,561.0,267.0,435.5,897.5,1118.0,1047.5,1861.0,1034.0,208.0,77.5,183.5,259.5,227.0,1300.0,128.5,347.0,273.0,538.0,167.5,237.0,5002.0,313.0,1046.0,226.0,1360.0,347.0,215.0,2603.0,712.5,122.0,218.0,214.0,4143.0,767.0,367.0,721.0,256.0,560.0,286.0,1079.0,263.0,818.0,350.0,372.0,377.0,1510.0,2159.0,631.0,320.0,249.0,865.0,10249.0,1942.0,614.0,748.0,1091.0,76383.0,565.0,181803.5,332.0,1196.5,687.0,922.0,2211.0,1241.0,846.0,2033.5,29647.0,1257.0,896.0,226.0,314.0,216.0,299.0,204.0,34684.0,205.0,710.0,310.0,731.0,232.0,93.0,416.0,356.0,255.0,125.0,82995.5,348.0,258.0,182.0
63,146.0,367.0,416.0,295.0,125.0,508.5,483.0,427.0,247.5,632.5,86.5,1103.0,1266.5,73.0,1818.0,352.0,1927.0,723.0,202.0,54.0,1028.0,168.5,259.0,4109.5,276.5,183.0,881.0,808.0,588.5,115.0,111.0,463.0,4626.0,828.0,4954.0,458.0,233.0,383.5,3317.0,88.0,127.0,172.5,152.5,548.0,2597.0,904.0,270.0,575.5,180.0,635.0,919.0,232.5,338.5,680.0,345.0,1081.0,384.5,861.0,627.5,1649.0,154.0,197.0,80.0,188.0,146.0,105.0,662.0,97.0,203.5,234.0,265.0,181.0,316.0,4790.0,397.0,623.0,176.5,1136.0,243.0,187.5,974.5,414.0,118.5,110.0,141.0,1561.0,145.0,230.5,362.5,685.0,439.5,214.5,653.0,238.0,366.0,226.0,744.5,484.0,365.0,4492.5,3316.0,595.0,360.0,466.5,26749.0,1047.0,959.0,1004.0,527.0,112516.0,654.0,15429.0,580.0,5226.0,2004.5,1301.0,2270.5,1284.0,10808.0,1078.0,7417.0,29428.5,1236.0,580.0,252.0,334.0,224.0,464.0,5378.5,502.0,1209.0,612.5,808.0,226.0,74.0,315.0,214.0,533.0,113.0,1964.0,217.0,151.5,138.0
64,123.5,303.0,371.0,244.0,110.0,436.0,276.5,346.0,213.0,501.0,73.0,898.5,800.5,60.0,2225.5,347.5,1779.0,604.0,197.0,47.0,739.0,153.5,207.0,1743.5,212.5,152.0,772.0,709.0,466.0,100.0,89.0,416.0,3869.0,618.0,3587.0,332.0,230.0,317.0,4065.0,80.0,115.0,150.0,129.5,432.0,2235.0,812.5,205.0,519.0,146.0,531.0,753.0,187.0,247.0,589.5,319.5,1058.0,397.0,747.0,536.0,1345.5,142.0,173.5,68.0,160.5,140.0,96.0,604.5,92.0,185.0,184.5,214.5,150.0,279.0,4078.0,310.5,491.0,149.0,902.5,209.0,150.0,824.0,363.0,97.5,92.0,133.0,1313.0,122.0,202.0,317.0,559.0,393.0,185.0,557.5,221.5,317.0,191.0,508.0,353.0,282.0,1134.0,1505.0,745.5,327.0,443.0,5618.0,1234.5,810.0,1107.0,428.5,50692.0,514.0,8442.0,387.0,4737.0,5645.0,788.0,1417.0,358.5,2921.0,735.0,2393.0,7968.0,773.0,530.0,237.0,268.0,224.0,370.0,4805.5,334.5,964.0,634.5,559.0,195.0,59.0,247.0,178.5,488.0,92.0,1854.0,138.0,128.0,101.0
65,165.5,297.5,10634.5,185.5,88.0,423.5,348.0,333.5,412.0,621.0,37.5,8570.0,1086.0,46.0,495.0,262.5,1784.0,1253.0,277.5,40.5,13771.0,121.0,115.0,22827.5,200.0,112.5,688.0,803.0,1089.0,62.5,57.0,600.0,1693.5,8730.0,180.0,331.5,198.5,3630.0,917.5,1342.5,1417.0,211.0,177.0,645.5,1985.0,777.0,247.5,979.5,155.5,660.0,1711.5,193.5,676.0,606.0,81.0,316.0,139.0,470.5,592.0,1417.0,629.0,116.5,44.0,114.5,106.0,103.5,634.0,89.0,71.0,159.5,186.0,102.5,3928.5,1134.0,387.5,476.5,108.0,677.0,184.0,132.0,2399.5,367.0,64.0,645.5,144.0,1147.0,99.0,168.0,295.0,133.0,462.5,154.5,1510.0,180.0,315.0,2055.0,3004.5,738.5,609.0,45505.5,754.0,695.0,2149.0,2750.0,8180.0,2739.0,605.0,1315.0,1655.0,43700.0,5067.5,46678.5,1431.0,1541.0,4616.0,1075.0,1110.0,462.0,649.0,1166.0,8036.0,1114.0,933.0,404.0,325.0,871.5,311.0,343.0,55706.0,614.0,700.0,1691.0,498.0,157.0,45.0,205.0,178.5,1253.0,63.0,38847.0,3654.0,96.5,2265.0
66,162.0,253.0,6927.0,181.5,70.0,414.5,303.0,310.0,497.5,568.0,72.0,7711.0,760.0,41.0,432.0,236.0,1604.0,1464.5,268.0,32.0,8883.0,104.5,115.0,13199.5,206.0,109.0,644.0,783.0,1118.0,71.0,67.0,550.5,1361.0,9053.0,168.5,304.0,192.0,4042.5,1145.0,1525.0,917.5,210.0,209.0,667.0,1909.0,706.5,190.0,670.0,164.0,918.0,1794.0,149.5,658.0,484.0,85.0,297.0,170.0,467.0,456.0,1263.5,581.0,124.0,46.0,98.0,116.0,93.0,533.5,93.0,68.0,123.0,180.0,92.5,365.0,1538.5,305.0,377.0,96.0,567.0,163.0,123.0,1297.5,324.0,67.0,475.0,160.0,1031.0,98.0,169.0,271.5,149.0,408.0,167.0,1678.0,152.0,279.0,1458.0,2351.0,790.0,589.5,18515.0,335.0,633.0,1669.5,1803.0,5160.0,6590.0,823.5,1367.0,1982.0,19619.0,1990.0,9285.0,1121.0,1397.0,4979.5,747.0,967.0,486.5,510.0,1115.0,2842.0,688.5,907.0,383.0,300.5,824.0,288.5,309.0,31740.0,570.0,468.5,1135.5,504.0,133.0,43.0,207.5,162.0,915.5,63.0,28359.0,1598.0,102.0,1660.0
67,83.0,146.0,181.0,164.0,73.0,355.0,228.0,304.0,163.0,1884.0,23.0,312.0,503.5,26.0,308.5,1091.0,190.0,553.0,321.0,22.0,437.0,88.0,78.0,457.0,314.5,85.5,698.5,760.5,282.5,160.0,48.0,384.0,1189.0,429.0,265.0,23149.5,78.0,3639.5,198.0,66.0,64.0,90.0,69.0,598.0,1782.0,629.5,171.0,216.0,113.0,178.5,830.0,150.0,128.0,217.0,1031.5,298.0,137.0,492.0,606.5,920.0,2460.5,105.0,32.0,126.0,96.5,6686.0,732.0,31.0,65.0,154.5,456.0,68.0,66.5,267.0,74.5,460.0,77.5,1435.0,134.5,101.5,923.5,454.0,60.0,103.5,320.0,1981.0,116.0,156.5,338.0,5682.0,281.5,99.5,2025.5,106.0,477.5,178.0,109.0,106.0,146.0,82.0,62.0,276.5,53.0,30.0,74.0,59.0,14230.5,111.0,285.0,255.0,102.0,207.0,60.5,107.0,3233.0,186.0,369.0,55.5,270.5,228.0,81.0,265.5,1163.0,119.0,185.5,69.0,231.5,82.0,100.0,56.0,162.0,116.0,73.0,114.5,48.0,411.5,167.0,361.5,98.0,1021.0,196.0,186.5,165.0
68,69.5,140.0,215.0,147.5,76.0,301.0,219.5,272.0,163.5,1889.0,21.0,303.0,478.5,25.0,221.0,847.0,158.5,443.0,345.5,21.0,380.0,91.0,74.0,510.5,290.0,77.0,630.0,697.0,255.0,152.0,50.0,365.0,1086.0,367.0,263.0,22620.5,72.0,3110.5,152.0,74.0,72.5,104.0,93.0,531.0,1596.0,530.0,162.0,182.0,98.0,154.5,747.5,151.0,110.5,214.0,1112.0,240.0,127.5,448.0,583.0,845.5,895.0,114.0,29.0,138.0,94.5,6163.0,588.5,33.0,72.0,145.0,450.5,62.5,73.0,247.5,75.5,349.5,69.0,1175.0,119.0,97.0,724.5,439.0,62.0,99.0,316.0,1562.0,116.0,129.0,308.0,5167.0,276.0,96.0,1421.5,98.0,576.5,173.0,106.5,114.0,148.0,88.0,63.5,406.0,56.0,28.0,70.0,54.0,11759.0,102.0,249.0,249.0,108.0,202.0,64.0,104.0,2686.0,210.0,348.0,50.0,307.0,218.0,81.0,215.5,1229.0,134.0,193.0,67.0,220.5,85.5,80.5,56.0,141.0,124.0,82.0,124.0,60.0,473.0,194.5,402.0,110.0,1116.0,198.0,199.0,197.0
69,149.0,322.0,268.5,327.0,317.0,772.5,267.0,426.5,293.0,6028.0,191.0,40135.0,599.0,159.0,539.5,319.0,255.0,1409.0,248.0,37.0,1051.5,212.0,271.0,1125.0,717.5,467.0,883.0,705.5,567.0,251.5,136.5,442.5,1569.0,621.0,278.5,386.0,215.0,1684.0,1926.0,184.0,211.0,219.0,193.0,748.0,1866.0,866.0,233.5,837.0,292.0,4541.5,953.0,348.0,249.0,366.0,258.0,739.0,403.5,587.0,639.0,1081.5,779.0,213.0,123.0,735.5,172.0,256.0,753.5,150.0,237.0,372.0,511.0,171.0,200.5,4181.5,763.0,594.0,267.0,6007.5,310.5,277.5,1029.0,495.5,173.0,163.0,221.0,1288.0,226.5,331.0,553.0,276.0,575.0,181.0,554.5,225.5,414.0,359.0,4978.0,1305.0,2225.0,14327.0,6052.5,932.0,285.0,1249.0,25507.0,3897.0,1448.0,1061.0,1723.0,16249.0,502.0,13066.0,1574.0,3105.5,11091.0,1130.0,34799.0,689.0,670.0,1812.0,7118.0,11822.0,376.5,211.5,152.0,172.5,150.0,1947.5,404.5,176.0,7376.5,666.0,1221.0,246.0,299.5,345.0,346.0,196.0,168.5,12397.0,369.0,272.0,154.0
70,140.0,292.0,258.0,290.0,234.5,601.0,253.0,345.0,250.0,6234.5,178.0,37248.5,499.0,145.0,674.0,285.0,284.5,1249.5,229.0,37.0,836.0,181.5,253.0,1049.0,609.0,437.0,765.0,628.0,458.0,254.0,129.0,370.0,1543.0,548.5,248.5,341.5,197.0,1862.0,1936.0,310.5,192.0,197.0,169.0,534.0,1606.0,728.0,239.0,964.0,264.0,6413.0,764.0,304.0,217.0,351.0,260.0,444.0,336.0,499.5,476.0,944.0,633.5,203.0,113.0,678.0,156.0,237.5,556.5,140.0,219.0,415.5,430.0,146.0,186.0,4170.0,629.0,483.0,237.0,5196.0,270.5,243.0,836.0,370.0,167.5,143.0,181.5,1065.0,184.0,284.0,549.5,220.0,528.0,167.5,476.5,199.0,316.0,326.0,1631.5,776.5,1231.0,7446.0,2726.0,454.0,178.0,651.0,12567.0,2152.0,667.0,545.5,1427.0,6305.0,326.0,4503.0,1794.0,875.0,10824.5,518.0,12371.0,432.5,339.5,825.0,7725.0,5230.0,235.0,143.0,117.5,127.0,115.0,1205.0,274.0,116.0,3500.0,411.0,563.0,210.0,274.0,256.0,317.5,168.0,165.5,8405.0,344.5,232.0,134.0
71,308.0,921.0,568.0,658.0,257.0,1535.0,622.0,1227.0,419.5,1553.0,134.0,1235.0,1295.5,103.0,1309.0,1010.5,735.5,2619.0,532.0,201.0,3995.0,312.5,360.0,1710.5,683.0,315.5,2719.0,1838.0,1743.0,174.0,189.0,1348.0,4851.0,1489.0,800.0,3864.0,676.0,1052.0,6271.0,151.0,792.5,382.0,260.0,1613.5,8836.0,2365.5,499.0,441.0,410.5,16240.0,2669.5,519.0,518.0,2233.0,217.0,531.0,178.0,1761.5,1834.0,2477.0,415.0,1130.0,162.5,635.0,359.5,179.0,2005.0,151.0,262.0,498.0,561.0,289.0,114.0,676.0,538.5,1421.0,355.5,5946.0,649.5,392.0,2141.0,1243.0,205.5,605.5,445.0,3232.0,228.0,584.5,1050.5,230.0,1264.5,350.0,1594.0,519.0,1015.0,2056.0,885.0,494.0,612.5,1106.0,960.0,581.0,554.0,414.0,522.0,555.0,1734.0,1227.0,1809.0,2606.0,833.0,1285.0,569.0,505.5,455.0,876.0,8679.0,491.0,1179.5,3346.0,13848.5,3964.0,449.5,330.0,306.0,516.0,316.0,507.0,1070.5,556.0,1370.0,445.5,804.0,363.5,102.0,733.0,5291.0,311.0,183.0,1494.0,315.0,305.0,346.0
72,134.0,309.5,266.0,230.0,91.0,541.0,246.0,404.0,194.5,568.0,57.0,560.0,415.0,35.0,647.0,347.0,307.0,1379.0,297.0,34.0,2473.0,117.0,139.0,2209.0,252.0,144.0,978.0,697.0,520.0,61.0,70.0,565.5,1767.0,1050.0,391.0,2329.0,201.0,425.0,5054.0,51.5,503.5,116.0,140.0,593.5,4324.5,884.0,161.0,190.0,146.5,9034.5,941.0,187.5,253.0,570.0,160.0,271.5,101.0,646.0,613.0,1006.0,229.0,1295.0,117.5,231.0,132.5,68.0,735.5,55.0,106.0,151.0,232.0,102.0,69.0,243.0,512.0,490.5,120.0,5829.0,226.0,129.0,970.0,428.0,83.0,141.5,237.0,1238.5,100.5,217.0,388.5,98.0,438.0,137.0,901.5,152.0,389.0,1384.5,179.0,99.5,128.0,228.5,282.0,130.0,108.0,61.0,161.0,163.0,768.5,221.5,1144.0,1195.0,194.0,647.0,121.0,184.0,106.0,151.5,5370.5,88.0,193.0,875.0,6748.0,1081.0,161.0,98.5,102.0,144.5,106.0,122.0,144.5,116.0,279.0,83.0,123.0,146.0,43.0,274.0,10666.0,196.5,70.0,1070.0,172.5,124.0,184.0
73,86.0,266.0,153.5,208.0,63.5,471.0,180.5,336.0,168.0,463.0,25.0,504.0,3560.0,34.0,526.0,242.0,234.5,633.0,141.0,28.0,483.0,97.0,72.0,3133.0,217.0,83.0,685.5,578.0,456.0,58.5,51.0,377.5,1721.0,360.5,218.5,448.0,216.0,16933.0,13276.0,1625.0,50.0,83.5,84.0,884.0,2003.0,709.0,131.0,384.0,121.0,322.5,750.5,244.0,208.0,185.0,35.0,99.0,137.0,480.0,508.5,920.5,901.0,100.5,31.0,108.0,116.0,69.0,582.0,39.0,94.0,142.0,229.5,69.0,97.0,4722.0,198.0,443.0,91.0,1272.5,175.5,114.0,1936.0,377.5,64.0,54.0,144.0,1136.0,88.0,171.0,254.5,68.0,309.5,108.0,593.5,173.0,416.0,2819.0,1043.0,192.0,167.0,2786.0,1797.5,1338.0,113.0,279.0,7293.0,258.0,589.5,319.5,306.0,6597.0,138.0,3002.5,177.0,196.0,15866.0,665.0,6752.0,1241.5,347.0,754.0,2258.0,3684.0,127.0,135.0,105.0,70.0,117.0,246.0,1237.0,61.0,429.0,113.0,174.0,123.0,647.0,3203.0,149.0,161.0,62.0,1030.0,133.0,101.0,109.0
74,284.5,143.5,250.0,120.0,177.0,392.0,131.0,98.0,152.0,117.5,187.0,537.0,405.0,122.0,209.0,218.0,169.0,146.5,84.0,16.0,657.0,50.0,135.0,721.0,100.0,114.0,138.0,4156.0,204.0,133.5,177.0,146.0,517.0,6037.5,11757.5,135.5,108.0,128.0,217.0,115.0,132.0,758.0,156.0,154.0,379.0,185.0,78.0,511.0,159.5,241.5,187.5,122.0,79.0,82.0,148.5,995.0,192.0,93.5,515.0,6214.0,123.0,42.0,105.0,442.0,47.5,153.0,119.0,148.0,87.5,104.0,116.0,75.0,287.5,16378.0,73.0,86.0,86.0,303.0,201.0,87.0,283.0,83.5,99.5,99.0,138.0,601.0,51.0,170.0,73.0,77.0,194.5,177.0,258.0,96.0,176.0,109.0,1327.5,1323.5,414.0,8745.0,3065.0,1791.5,290.0,470.0,8895.0,1371.0,618.0,806.0,277.5,31878.0,585.0,4454.0,694.0,982.5,2369.0,628.5,13966.0,614.5,743.0,609.0,14818.0,6683.0,365.0,205.0,1035.0,234.0,548.5,535.0,1535.0,196.5,3570.5,1038.0,605.0,82.0,292.0,96.0,139.0,453.0,156.0,1465.5,390.5,283.0,245.0
75,274.0,176.0,262.5,151.5,202.0,385.0,158.0,126.0,188.0,128.0,255.0,710.0,456.0,173.5,170.0,256.0,220.0,157.5,111.0,19.0,789.0,58.0,196.0,780.0,164.0,171.0,133.0,6375.0,217.0,186.0,236.0,138.0,537.0,9513.0,11606.5,172.0,160.0,162.5,202.0,125.5,185.0,574.0,217.0,161.0,351.5,202.0,109.0,643.0,208.0,186.0,201.0,173.0,96.0,76.0,203.0,742.5,250.0,91.0,440.0,6169.0,116.0,50.0,162.0,387.5,61.0,193.0,115.0,227.0,120.5,134.5,153.0,118.5,340.0,12094.0,98.0,88.0,132.0,258.0,255.0,115.5,370.5,96.0,134.0,147.0,181.0,429.0,68.0,198.0,79.0,85.0,192.0,226.5,286.5,140.0,188.5,152.5,2414.0,1716.5,465.0,12864.0,6239.5,2477.0,312.0,755.5,22620.5,1861.0,1316.0,982.0,213.0,40756.0,334.5,6870.0,2878.0,1991.0,4699.0,4031.0,15174.0,631.0,584.0,1007.0,24345.5,12325.0,402.0,161.0,1043.5,162.5,582.5,763.5,1963.0,147.0,3249.0,494.0,547.0,95.5,409.0,112.0,161.5,492.5,232.5,2697.0,460.0,327.0,192.5
76,65.0,166.0,94.0,203.0,109.5,252.0,172.5,216.5,148.0,583.0,43.0,249.5,258.5,26.5,525.0,150.5,333.0,381.0,272.5,72.0,465.0,74.0,67.0,302.5,182.0,70.5,445.0,363.5,397.0,40.0,44.0,308.0,1061.5,268.0,340.0,186.0,102.0,371.0,240.0,594.0,36.0,117.0,54.0,280.5,1247.5,577.0,128.0,427.5,100.0,477.5,469.0,110.0,58.0,222.0,37.5,86.0,129.0,351.5,478.0,693.5,354.0,91.0,33.0,122.0,84.5,55.0,366.0,35.0,47.0,95.5,139.0,62.0,98.0,799.0,87.0,335.0,73.5,803.5,124.0,76.0,472.0,228.0,60.0,44.0,75.0,655.0,2397.0,122.0,183.5,82.0,377.5,149.0,357.0,89.0,462.0,134.0,225.0,805.0,106.0,539.0,538.0,107.5,86.0,78.0,1357.0,166.0,916.0,179.0,225.0,2941.0,104.0,966.5,132.0,110.5,143.5,191.5,1636.0,108.0,156.0,538.0,708.0,860.5,79.0,105.0,257.0,80.0,95.0,143.0,105.0,69.0,391.5,101.0,138.0,86.0,29.0,143.5,92.0,64.0,48.0,765.0,78.0,66.0,91.5
77,69.0,149.0,113.0,215.0,106.0,221.0,200.0,202.0,153.0,628.0,51.0,283.5,295.0,27.0,530.5,152.0,420.0,363.0,386.0,85.0,1019.0,76.5,67.0,399.5,200.0,88.5,411.5,388.0,413.0,43.0,46.0,311.0,1145.0,298.0,344.0,193.5,99.5,407.0,248.0,582.0,40.0,118.0,51.0,301.5,1268.0,599.0,158.5,494.0,93.5,454.0,465.0,104.5,63.0,205.0,49.0,100.0,124.0,344.0,427.0,831.0,348.0,94.5,34.0,155.0,89.0,54.0,388.0,41.0,46.0,97.5,144.5,69.0,89.0,846.0,102.0,312.0,81.0,1006.5,120.0,74.0,600.0,227.5,73.0,48.5,79.0,653.5,3974.0,116.0,197.5,81.0,353.0,135.0,360.0,86.0,502.0,152.0,1688.0,2024.0,122.0,3765.0,5022.0,293.0,217.0,202.0,10399.0,884.5,2933.0,722.0,256.0,8906.0,142.5,1641.0,708.0,458.5,278.0,433.0,12196.5,534.0,278.0,1537.5,4443.5,6055.0,126.0,138.0,324.0,97.0,97.0,493.5,729.0,83.0,1625.0,217.0,229.0,93.5,29.0,149.0,93.0,78.5,56.0,1226.0,152.0,69.0,110.5
78,64.0,152.0,305.0,157.0,88.0,283.0,825.0,201.0,163.0,448.0,60.0,4394.0,559.0,31.0,2209.0,213.0,2522.0,382.0,92.0,442.5,736.0,77.0,135.0,513.5,280.0,120.0,605.0,2531.5,326.0,106.0,43.0,898.0,19918.0,298.0,1170.5,230.0,139.5,619.5,1563.0,52.0,49.0,93.0,64.0,353.5,4777.0,928.0,148.0,721.0,152.0,831.0,576.0,194.0,315.0,370.0,51.0,158.0,124.0,291.0,354.5,2879.0,892.0,71.5,32.0,81.0,69.0,117.0,382.0,43.0,69.0,112.5,337.0,59.0,55.0,3227.5,71.0,260.5,64.0,393.0,123.0,83.0,695.5,207.0,46.0,57.0,137.5,795.0,103.0,108.0,174.0,149.0,337.0,109.0,1606.0,85.0,216.0,128.0,391.0,173.0,791.0,2131.0,6013.5,6125.5,425.5,592.0,7322.0,2374.5,793.5,10123.0,261.0,11110.5,260.0,7898.0,283.0,449.0,26990.5,162.5,4767.0,193.0,3818.0,565.0,5074.5,6489.0,147.0,135.5,978.0,82.5,775.0,268.0,36915.0,140.0,1451.0,504.5,155.0,83.5,39.0,228.0,348.5,133.5,53.0,1065.0,71.0,71.0,130.0
79,125.0,305.5,173.0,1129.5,172.5,517.0,278.0,548.0,217.0,688.0,44.0,851.0,683.5,42.0,579.0,341.5,211.0,959.5,199.0,43.0,1411.0,114.0,133.0,1763.0,266.5,716.5,956.0,1310.0,514.0,2915.0,70.0,664.0,2654.0,434.0,488.0,456.0,192.0,25047.0,7102.0,82.0,76.0,124.0,110.5,633.5,2944.0,937.0,241.0,626.0,163.0,490.0,1003.0,245.0,120.0,8957.5,58.0,159.0,276.0,1622.5,974.0,1670.5,121.5,137.0,46.0,265.5,239.0,99.5,1177.0,62.5,2115.0,196.0,814.0,132.0,103.0,1153.0,76.0,1300.0,166.0,2399.0,208.0,134.0,1112.0,542.5,73.0,97.5,163.0,1541.0,117.0,284.0,449.0,96.0,403.0,156.0,2715.0,189.0,813.5,259.5,1256.0,9749.0,9710.5,12427.5,3059.0,2363.0,400.0,420.0,49864.0,1918.0,1259.0,1682.0,846.0,55142.5,8230.0,8147.0,4045.5,1530.5,42366.0,6568.0,15786.5,510.0,1049.0,1295.0,27048.0,14910.0,1998.5,942.0,893.0,279.0,739.0,1812.5,35420.0,291.0,1389.0,1124.5,8184.5,190.5,49.0,291.0,1185.0,350.0,84.0,841.0,309.0,145.5,137.0
80,102.0,224.0,155.5,1064.5,134.0,363.0,194.5,359.0,177.0,441.0,46.0,622.0,571.0,32.0,425.0,273.0,174.0,600.0,138.0,40.5,1168.0,89.5,113.0,1570.0,184.0,811.0,645.0,1353.5,368.0,2365.0,47.0,454.0,1580.0,536.5,399.0,304.0,1346.0,6481.5,8469.0,65.0,62.5,94.0,81.0,514.5,1996.0,643.5,174.0,439.5,120.0,496.0,683.0,171.0,108.0,8518.0,53.0,118.0,267.5,1183.5,629.0,871.0,108.5,105.0,36.5,245.0,140.0,76.0,708.0,49.0,2345.0,151.0,680.0,94.0,90.0,1244.0,59.0,1094.5,127.0,2323.0,146.0,103.0,738.0,359.0,60.0,77.5,96.0,1002.0,82.0,171.0,321.0,67.0,324.0,127.0,2699.0,144.0,583.0,186.0,459.0,3402.0,2471.5,2606.5,646.5,1699.0,295.0,287.0,13199.0,1481.0,867.0,1223.0,507.0,11333.0,2610.5,5886.5,2934.5,582.0,13352.0,1218.0,2704.0,251.0,509.5,822.0,3480.0,5684.0,1361.0,885.5,430.5,180.5,361.0,310.0,14262.0,188.5,591.0,581.0,2667.5,127.0,38.5,206.0,1362.5,367.0,59.0,771.0,305.0,93.5,104.0
81,82.0,163.0,207.0,127.0,63.0,325.0,141.0,186.0,165.0,343.0,34.0,356.0,235.0,45.0,238.5,206.5,179.0,333.0,93.5,26.5,387.5,84.0,86.0,432.0,291.0,100.5,463.0,488.0,206.0,56.0,50.0,359.0,840.0,1347.0,307.0,189.0,191.0,598.5,7050.0,154.0,56.0,98.0,70.0,243.0,936.0,383.0,119.0,288.0,87.0,255.0,399.0,105.0,124.0,224.0,53.0,344.5,199.0,286.0,313.0,523.0,4170.5,91.5,48.5,1431.5,75.0,94.0,359.0,59.0,123.0,119.0,129.5,77.5,78.0,621.0,71.0,5764.5,79.0,1452.5,103.5,92.0,502.0,206.5,52.0,101.0,165.0,462.0,70.5,104.5,153.0,131.0,240.5,100.0,13795.0,185.0,371.0,121.0,183.5,369.5,170.0,2253.5,177.0,116.0,89.0,116.0,1204.0,214.0,688.0,131.0,319.0,1900.0,145.0,438.0,167.0,155.0,993.0,200.0,797.0,217.0,514.0,474.5,5490.0,441.0,556.5,88.0,102.0,91.0,92.0,211.0,117.5,93.5,944.0,1320.0,1604.0,105.0,99.5,129.5,455.5,80.5,73.0,1138.0,137.0,74.0,81.0
82,69.0,162.0,196.0,123.0,57.0,304.0,117.0,187.0,167.0,356.0,22.0,350.0,217.0,40.0,235.0,168.5,148.0,329.0,89.0,25.0,375.5,78.0,68.0,472.0,238.5,85.0,494.0,465.0,219.0,48.5,41.0,342.5,864.0,1251.0,240.0,190.5,198.0,438.0,7248.0,151.0,56.0,89.0,54.5,262.0,1001.0,385.0,116.0,285.5,77.0,242.0,440.0,93.0,123.0,220.0,38.0,348.0,184.0,320.0,307.0,593.0,4495.0,97.0,31.5,1456.0,94.0,93.0,375.0,42.5,119.0,91.0,122.0,75.5,60.0,543.5,59.0,6027.0,76.0,1343.0,99.0,72.5,506.0,210.0,48.0,89.0,143.5,500.5,84.0,97.5,164.0,98.0,265.5,93.0,12763.0,141.0,366.0,117.0,203.0,433.0,145.0,2112.0,257.5,119.0,89.0,101.0,1951.5,199.0,695.5,155.0,316.0,2195.5,124.0,452.5,158.0,174.5,972.0,178.0,1091.0,201.0,620.0,439.0,11159.0,530.0,464.0,87.0,97.0,89.0,91.0,241.0,124.5,83.0,781.0,736.0,1822.0,95.5,69.0,125.5,279.0,69.0,60.5,1084.0,119.0,65.0,62.0
83,234.0,234.0,580.0,529.0,651.0,439.5,945.0,299.0,253.0,759.5,181.5,2857.5,690.5,85.5,7213.0,407.0,1725.0,470.5,181.5,353.0,2083.0,176.5,129.0,2147.0,575.5,262.5,703.5,2572.0,488.0,145.0,99.0,1125.0,1081.0,754.5,1654.5,582.5,148.5,708.0,624.5,91.0,112.0,601.5,166.5,428.0,3580.0,1600.5,308.0,624.0,4195.0,813.0,991.0,370.0,402.0,824.0,233.0,383.5,195.0,436.0,435.0,1723.0,107.0,147.0,84.0,145.0,130.5,115.0,511.0,110.0,110.0,154.0,514.0,137.5,252.5,7740.0,339.0,540.0,127.0,4209.5,170.0,152.0,784.5,285.0,101.5,100.0,127.0,1549.0,122.0,205.0,250.0,106.0,617.0,237.0,2111.0,182.0,356.5,228.0,692.5,112.5,1669.0,1167.0,1783.0,213.0,228.5,150.0,3743.0,1019.5,1520.0,407.0,244.0,1346.5,157.0,369.5,420.5,126.5,211.0,209.0,3917.5,261.0,192.0,938.5,2243.0,2661.0,122.5,154.0,108.5,112.0,108.5,129.0,208.0,112.0,491.0,150.5,170.5,131.5,127.0,188.5,176.0,263.0,122.0,1492.5,283.0,187.5,115.0
84,156.5,180.0,471.0,468.5,475.0,348.0,701.5,247.0,212.0,646.0,125.0,2412.0,571.0,55.0,5227.0,323.0,1398.0,396.0,141.5,291.0,1390.0,130.0,95.0,1860.0,434.0,209.0,592.0,2069.5,382.0,99.0,64.0,930.5,968.0,632.0,1266.0,482.0,122.0,580.0,487.5,72.0,73.0,650.5,117.0,389.5,2879.5,1257.5,288.5,452.0,2643.0,693.5,809.5,268.0,304.5,646.0,182.0,308.0,152.0,348.5,379.0,1382.0,88.0,116.0,53.0,113.0,103.0,79.5,417.0,69.5,81.0,116.0,427.0,105.0,179.0,3207.0,262.0,425.0,96.0,3435.0,128.0,114.0,629.5,236.0,71.0,75.0,90.5,1228.0,95.0,152.0,210.0,84.0,509.5,177.0,1594.0,151.0,280.0,209.0,549.5,93.0,1360.0,948.0,1428.0,167.5,181.0,119.0,2870.0,797.0,1191.0,320.5,201.0,1058.0,125.0,298.0,345.0,105.0,173.0,169.0,3127.0,206.0,157.0,608.0,1451.0,2146.0,98.0,118.0,90.0,99.0,83.5,107.0,159.0,93.0,378.0,121.0,140.0,102.0,67.0,164.0,147.5,205.5,82.0,1092.5,196.0,114.0,83.0
85,44.0,121.0,127.0,137.0,39.0,254.5,127.0,134.0,136.0,185.0,19.0,282.0,1004.0,22.0,2393.0,116.0,311.0,330.0,101.5,35.0,342.0,62.5,63.0,277.0,103.0,56.0,371.0,297.0,243.0,31.0,31.0,168.5,1397.0,111.0,116.0,174.0,105.0,137.0,128.0,219.0,169.0,90.0,43.0,179.0,1025.0,321.0,80.0,118.0,87.0,272.0,420.0,95.0,70.0,318.5,123.0,96.5,91.0,189.0,437.0,619.0,411.0,73.0,24.0,87.0,51.0,64.0,202.0,32.0,114.0,63.0,84.0,47.0,267.5,624.0,79.0,175.0,53.0,363.5,78.0,52.0,370.0,142.0,37.0,80.0,76.0,398.0,58.5,71.0,120.5,48.0,236.0,50.0,460.0,80.0,134.5,84.0,605.5,477.0,249.0,1683.0,1091.5,305.5,213.0,388.0,3859.0,589.0,668.5,492.5,357.0,2714.5,409.0,1224.0,434.0,2096.0,232.5,420.5,4615.0,13308.0,349.0,714.0,1010.5,1805.0,364.0,161.0,246.0,257.0,108.0,254.0,905.0,352.0,546.5,319.0,2976.5,83.5,23.0,93.0,70.0,61.0,36.0,1329.0,159.0,45.0,83.0
86,48.0,139.0,120.0,147.0,40.5,246.0,134.5,141.0,130.0,200.0,20.0,283.0,1113.5,23.0,1429.5,128.5,305.0,325.5,84.0,38.0,289.0,65.0,62.0,229.0,107.5,61.0,398.0,363.0,253.0,32.0,32.0,179.0,1169.5,130.0,128.0,206.0,111.5,144.5,116.0,206.5,115.0,74.0,42.0,211.5,1072.0,346.0,75.0,111.5,81.0,347.0,480.0,117.0,72.0,316.0,156.0,75.5,97.5,192.0,445.0,637.0,302.0,70.5,26.0,368.0,54.0,109.0,236.0,33.0,95.0,71.0,92.0,48.0,267.0,653.0,84.0,182.0,62.0,373.0,88.0,61.0,370.0,157.0,39.0,56.0,87.0,452.0,52.0,79.0,131.0,47.0,238.0,49.0,501.0,86.0,139.5,85.0,433.0,367.5,207.5,1300.0,752.0,259.5,195.5,293.0,2591.0,433.0,610.0,414.0,325.0,2941.5,313.0,991.5,330.5,376.0,200.0,350.0,2519.0,3761.0,323.0,731.0,887.0,1409.5,328.0,150.0,247.5,211.0,111.0,222.0,491.0,269.5,460.0,245.0,1583.0,78.0,21.0,98.0,83.0,56.0,36.0,943.0,97.0,57.0,86.0
87,71.0,182.5,250.5,123.0,65.0,197.0,223.0,190.0,182.0,1200.0,46.0,319.0,3183.5,33.0,423.5,136.0,708.0,200.5,98.0,41.0,336.0,146.0,123.5,712.0,137.0,100.0,739.0,336.0,411.0,72.0,59.0,419.0,1049.0,345.5,394.0,203.0,356.0,264.0,652.0,123.0,95.5,149.0,93.0,267.0,927.5,494.0,204.0,248.0,356.5,4694.0,550.0,118.0,127.0,1284.5,358.5,456.0,131.0,219.0,238.5,601.5,358.0,145.0,45.0,103.0,76.0,83.0,272.0,56.0,104.0,598.0,904.5,78.5,83.0,152.0,616.0,232.5,112.0,1725.0,115.0,245.0,661.0,184.5,102.0,112.0,194.0,445.0,84.0,96.5,179.0,71.0,686.0,244.0,3588.0,198.0,222.0,140.5,961.0,1050.0,861.0,34684.0,1401.0,13048.0,830.5,2545.0,2055.0,1868.0,1111.5,4182.0,689.0,3725.0,2202.0,6799.0,946.0,983.5,695.5,1410.5,3139.0,816.0,1740.5,1623.0,10886.0,2349.0,1163.5,325.0,255.5,726.0,240.0,1152.0,43746.0,900.5,1957.0,3641.5,1178.0,101.0,43.5,142.5,126.0,114.5,114.5,9994.0,164.0,74.0,90.5
88,79.5,219.0,302.0,138.0,67.0,207.5,234.0,200.5,198.0,1206.5,48.0,391.0,3162.0,36.0,471.0,173.0,840.0,220.0,120.0,55.0,416.0,149.0,129.0,807.0,150.0,105.0,790.0,380.0,483.0,82.0,61.0,489.5,1137.5,297.0,396.0,230.0,437.0,298.5,884.0,152.0,102.0,163.0,98.0,278.0,1075.0,565.0,247.5,285.0,430.0,5203.5,675.0,133.0,148.0,1511.0,409.5,419.0,185.5,256.0,273.0,632.0,391.5,175.0,49.0,109.0,76.5,89.0,303.0,66.0,129.0,675.0,847.5,93.0,90.5,179.0,619.0,256.5,119.5,2198.5,135.0,247.5,605.0,203.5,111.0,134.0,187.0,476.0,93.0,105.0,198.0,79.0,797.0,297.0,4808.0,233.0,262.0,161.0,1176.0,1082.0,1018.0,34937.0,1875.0,20274.5,878.5,3733.0,4704.0,2949.0,1418.0,5857.0,953.0,9814.0,3343.0,12299.0,1107.0,925.0,907.5,1675.0,4784.0,985.0,2090.0,2001.0,24058.0,2723.0,1351.0,373.0,291.0,837.5,255.0,1426.0,40514.5,997.0,2466.0,4432.0,1315.5,100.0,45.0,170.0,131.0,157.5,120.0,10233.5,184.0,68.0,104.0
89,245.5,336.0,2166.0,210.5,269.5,281.0,372.0,222.0,545.5,352.0,411.0,2744.0,406.0,291.0,257.0,482.0,215.0,236.0,244.0,30.0,2417.5,105.0,372.0,6484.5,288.0,300.5,196.0,264.5,596.5,321.0,403.0,426.5,723.0,1583.5,337.5,308.0,270.5,266.0,867.0,149.5,504.0,215.5,477.0,467.0,588.0,249.0,171.0,183.0,347.0,164.5,894.5,315.0,478.5,176.0,364.5,355.0,411.0,127.0,138.5,760.0,2103.0,65.0,297.0,112.0,62.0,377.0,128.5,376.0,264.5,282.0,607.0,214.0,354.0,2099.0,163.5,135.0,158.0,191.0,362.0,202.0,314.0,176.0,257.5,434.0,251.0,815.0,110.5,256.0,121.0,91.0,254.0,372.0,819.0,268.0,243.0,368.0,3680.5,578.0,556.5,27554.0,5688.0,583.5,349.0,424.5,18676.0,715.0,677.5,1042.0,482.0,25461.0,598.0,5197.0,773.0,299.0,2315.5,2466.0,30751.0,771.0,354.0,1739.0,37398.0,6515.0,4018.0,123.5,207.0,198.0,178.0,740.0,328.0,174.0,3984.0,3678.5,805.0,143.0,607.0,118.0,337.0,742.5,440.0,12892.0,615.0,528.0,310.5
90,318.0,381.0,3812.5,256.5,326.0,354.0,424.5,287.5,680.5,415.0,492.0,4030.0,471.5,392.0,215.0,551.0,278.0,257.0,333.5,33.0,3636.0,119.0,481.0,11965.5,341.5,368.0,206.5,284.0,793.0,473.0,540.0,429.0,632.0,1276.0,362.5,381.0,377.0,347.0,1127.5,207.5,674.5,252.0,665.5,573.0,654.0,288.0,191.0,223.5,476.0,179.0,1149.5,349.0,679.5,172.0,472.0,484.5,501.0,131.5,146.0,820.0,3137.0,75.5,381.0,131.0,74.0,445.0,142.0,504.0,343.0,363.0,924.0,290.5,475.0,3122.0,193.5,159.5,191.0,210.5,479.0,264.0,343.5,229.0,325.5,495.0,334.5,1044.5,146.0,352.5,149.5,99.0,312.0,498.0,1023.0,369.0,211.0,478.5,3666.0,566.0,863.0,24173.0,3721.5,582.0,375.0,421.0,15648.0,502.5,416.0,1075.0,516.0,28037.0,716.0,12259.0,535.5,309.5,2740.0,2732.0,20424.0,695.0,333.5,1352.0,47909.0,3761.0,4875.0,119.5,291.0,204.0,256.0,497.5,244.0,166.5,2955.0,3069.0,733.0,176.5,812.0,138.5,454.5,1007.0,571.0,20539.0,764.0,705.0,359.5
91,85.0,165.0,482.0,252.0,67.0,293.0,192.5,164.0,243.0,343.0,1502.5,1803.0,1247.0,36.0,684.5,189.5,1190.0,328.0,242.0,2518.0,1468.0,82.0,110.0,3392.5,276.0,102.0,678.0,351.0,416.0,50.0,44.0,786.0,1206.0,3311.5,1391.5,1365.5,129.0,572.5,3224.0,2965.0,87.0,186.5,141.0,343.0,1210.0,488.0,95.5,879.0,113.0,407.0,589.0,290.0,392.5,367.0,2010.0,1234.5,168.0,242.0,267.0,905.0,406.0,640.0,50.0,469.5,71.5,88.5,344.0,48.0,71.0,93.0,398.0,63.0,112.0,2414.0,1274.0,337.5,80.5,3010.5,117.0,81.0,1019.0,190.0,59.0,281.0,1697.0,1601.5,69.0,108.0,266.0,66.5,696.0,6048.0,767.5,327.0,705.0,234.0,996.0,3342.0,8876.0,11000.0,5002.0,682.0,791.5,2986.5,17345.0,1424.0,1529.0,761.0,509.5,18630.0,4327.0,7637.0,2637.5,713.0,1007.0,1933.0,5911.0,895.0,1465.0,843.0,9600.0,2475.5,4228.0,243.0,142.0,322.5,194.0,332.5,7562.5,371.0,1819.0,1232.0,1094.0,83.0,176.5,138.0,204.0,169.0,52.0,5132.0,269.5,94.0,276.0
92,148.5,124.0,428.0,177.0,66.0,229.0,180.0,128.0,211.0,238.0,1171.0,1677.0,533.0,29.0,625.0,128.0,1321.0,270.0,198.0,1793.0,1431.0,80.5,106.0,2816.5,222.0,70.0,607.0,279.0,320.5,54.0,41.0,445.0,1236.5,2159.0,1284.0,1162.0,97.0,582.0,2368.0,2288.0,87.0,173.0,126.0,230.0,935.0,414.0,95.5,782.0,102.0,417.5,474.5,134.0,467.0,296.0,1712.0,1427.5,184.5,180.5,217.5,801.0,321.0,991.5,53.0,439.0,76.5,88.0,263.5,46.0,93.0,87.0,276.0,63.5,88.0,1652.5,1332.0,294.5,73.5,3911.0,85.0,78.0,1288.0,153.5,60.0,223.0,1305.0,1577.0,74.0,77.0,277.0,64.0,703.0,7574.0,694.5,275.5,799.0,189.0,1483.0,4525.5,12538.5,5975.5,9687.0,602.5,855.0,2089.0,20343.5,1174.0,2071.5,1147.0,650.5,21217.5,8879.5,6933.0,2638.0,653.0,774.0,1981.0,9911.0,998.5,1576.0,1002.0,8233.0,4110.5,3724.0,432.0,175.0,459.0,219.0,569.0,10819.5,585.5,1369.0,1456.0,937.0,89.0,71.0,113.0,113.0,161.0,57.0,4012.0,257.0,75.5,208.0
93,95.0,196.5,520.0,169.0,82.0,308.5,192.0,318.0,203.0,463.0,32.0,728.0,25484.0,45.0,493.0,251.0,308.0,510.0,134.5,37.0,3352.0,136.0,99.0,440.0,165.5,114.5,1858.5,2469.0,410.5,89.5,105.0,370.0,1683.5,498.5,179.5,228.0,122.5,17124.5,213.0,100.0,870.5,145.0,93.0,421.0,1774.0,507.0,238.0,589.5,115.0,2019.0,703.0,148.0,151.5,326.5,131.0,115.0,126.0,474.0,578.5,823.0,212.0,206.0,75.0,267.0,150.5,77.0,569.0,65.0,100.0,156.0,211.0,191.5,64.0,2210.0,68.0,664.0,125.0,454.0,151.0,149.0,581.5,337.0,111.0,104.0,141.5,765.0,140.0,179.0,281.5,232.5,295.5,109.5,439.0,131.0,990.0,225.0,347.0,147.0,189.0,2413.0,223.0,241.0,175.0,175.0,1540.0,166.5,341.0,368.0,346.0,3893.0,397.0,39433.5,227.0,164.5,22632.0,829.5,1483.5,183.5,441.5,1010.0,1552.0,650.5,214.0,166.0,222.0,172.0,233.5,175.0,20355.0,168.0,330.0,343.5,228.5,224.0,57.5,203.0,212.0,105.0,185.0,513.0,137.5,119.0,32545.0
94,105.0,253.0,466.0,191.5,97.0,379.5,208.0,387.5,217.0,535.5,38.0,670.0,24989.5,51.0,603.0,296.0,281.5,652.0,162.0,45.0,1397.5,158.0,125.5,621.0,193.0,133.0,938.5,2752.0,452.0,105.0,109.0,437.0,1910.5,560.0,211.0,306.0,155.5,17721.5,241.5,104.0,684.5,143.0,89.5,512.5,2055.5,619.5,262.0,415.5,139.0,2036.0,794.0,186.0,169.0,394.0,106.5,126.0,130.0,623.5,788.0,981.5,223.0,232.0,73.5,245.5,197.0,82.0,741.0,77.0,107.0,174.5,229.0,208.5,75.0,1808.5,79.0,770.0,143.0,548.5,169.0,170.0,688.5,413.0,125.0,102.5,143.5,954.5,159.0,214.0,344.0,265.0,338.0,127.0,383.0,152.0,1021.0,247.0,376.0,145.0,196.0,1077.0,238.5,355.0,187.0,157.0,740.0,176.0,418.0,401.0,415.0,3014.0,337.0,32050.5,183.5,169.0,23828.0,576.0,1237.0,180.0,485.0,971.0,1356.5,827.0,167.0,184.5,198.0,181.0,227.0,187.5,22321.5,177.0,319.5,256.5,261.5,231.0,68.0,231.0,238.0,103.5,168.0,409.0,125.0,122.0,29118.0
95,220.5,2214.0,1277.0,303.5,174.0,563.5,517.5,442.0,350.0,938.0,202.0,2042.0,761.0,140.0,1240.5,411.0,2296.0,789.0,287.0,127.0,48622.0,284.0,842.0,49254.5,384.0,228.0,1310.0,4885.5,1187.0,171.0,274.0,4371.0,3165.0,85778.5,773.0,2810.0,496.0,1553.0,765.5,180.0,260.0,511.0,296.0,667.0,3079.0,2541.5,1368.0,2271.0,737.0,1942.0,1293.0,326.0,1082.5,2077.0,210.0,852.0,324.5,575.5,588.5,2239.0,837.0,542.0,182.0,633.0,194.0,345.5,642.5,203.5,386.0,327.0,889.0,188.0,754.0,997.0,5758.0,645.0,368.0,1723.5,577.0,314.0,1282.0,445.0,266.0,464.0,244.0,1295.5,179.5,279.0,455.5,154.5,3598.0,952.0,1453.0,447.5,549.0,1826.0,86997.5,1438.0,24564.0,153134.0,115253.0,1432.0,670.0,9013.0,287408.0,1943.0,1704.0,22379.0,1120.5,181090.5,2709.0,145072.5,1604.0,70483.5,4681.0,91310.0,116495.0,2539.0,1988.0,3310.0,46506.0,81696.0,2130.0,338.0,281.0,591.0,241.0,11227.0,96186.0,2077.0,30279.5,7530.0,1085.0,233.0,232.0,277.5,313.5,5670.5,243.0,4379.0,741.5,270.0,211.0
96,115.5,1054.0,541.0,174.0,74.0,312.0,265.0,244.0,227.0,502.5,62.0,1130.0,395.0,52.0,828.0,199.0,1853.5,488.5,162.0,71.0,12010.0,170.0,319.0,6036.5,188.0,108.0,747.0,2901.0,663.5,65.0,97.0,1990.0,1706.0,11050.0,595.0,481.5,242.0,1267.5,545.0,87.5,109.0,229.0,110.0,376.5,1755.5,1365.5,427.0,1859.0,272.0,1214.5,759.0,166.5,2275.5,1208.0,100.0,688.0,159.0,378.0,380.0,966.0,691.0,372.0,74.0,265.5,119.5,149.0,386.0,65.0,225.0,172.0,448.5,86.0,519.5,1345.0,3419.0,376.5,180.5,1327.5,260.5,145.0,763.0,273.0,117.0,255.5,131.0,906.0,95.0,142.0,294.5,81.0,1461.0,471.0,723.0,227.5,308.5,824.0,6299.0,511.0,4729.0,13410.5,3878.0,554.0,372.0,1058.0,76371.5,934.0,815.5,3105.0,529.0,22816.0,804.5,15630.0,589.0,6903.0,1395.0,6943.0,7146.0,1139.5,840.0,1426.0,24426.0,3728.0,1039.0,196.0,189.5,329.0,172.5,2172.0,5358.0,639.5,3079.0,1464.0,547.0,128.5,41.0,179.0,147.0,3413.0,84.0,1948.0,807.0,87.0,109.5
97,117.0,105.0,816.0,539.0,62.5,266.0,333.5,269.0,292.0,328.0,130.0,2531.5,923.5,38.0,3112.0,1315.0,433.0,351.5,274.0,43.0,2889.0,74.0,351.0,2506.0,1395.0,97.0,655.5,552.5,447.0,48.0,42.5,531.5,1282.5,10519.0,1254.0,155.5,88.5,280.0,24679.0,255.5,170.0,181.0,128.0,471.0,1550.0,549.0,149.0,1537.0,89.5,2984.0,915.0,466.0,395.0,241.5,140.0,436.0,151.0,340.5,418.5,904.0,809.0,92.0,36.0,193.0,69.0,82.0,467.0,54.0,494.0,86.0,233.0,57.0,160.0,793.0,108.0,353.0,76.0,1671.5,113.5,85.0,876.0,327.0,50.0,181.5,319.5,1616.0,71.0,196.5,298.0,100.0,316.0,298.0,1978.0,135.0,212.0,284.0,1135.0,1652.0,1045.5,11132.5,17241.5,1675.5,861.0,3098.0,20010.0,1276.0,11374.0,3279.0,1022.0,15961.0,1492.0,10532.0,1867.0,3458.0,1340.5,2537.0,3426.0,5648.0,3996.0,762.5,59915.0,2455.0,1296.0,935.0,1139.0,1085.0,788.5,936.0,26036.0,1206.5,2868.0,2610.0,1605.0,85.0,324.5,216.5,185.0,2730.5,210.0,5655.0,971.0,143.5,1325.0
98,121.0,147.5,1755.0,548.0,82.0,302.0,382.0,329.0,381.0,455.0,128.0,3965.0,1605.0,45.0,3879.0,1681.0,481.0,431.0,205.0,43.0,3928.0,90.0,319.0,7346.0,208.5,106.5,776.5,630.0,579.5,214.0,55.0,501.5,1231.0,9232.0,1288.5,211.0,99.0,303.0,26013.0,249.5,171.0,201.0,139.5,548.0,1846.0,633.5,199.0,1353.0,123.0,2660.0,1249.0,747.0,470.0,232.5,153.0,458.0,152.0,432.0,487.5,1142.0,884.0,97.0,42.0,226.0,76.0,101.0,600.0,58.5,1779.0,101.0,300.0,99.0,216.5,749.0,110.0,518.0,87.0,1918.0,139.0,97.0,1445.5,399.5,64.5,138.0,267.0,1741.0,107.0,215.0,309.0,120.5,328.0,258.5,2352.0,135.0,305.0,254.0,1601.5,2472.0,1813.0,32775.0,40572.0,2326.5,1390.0,6844.5,68137.5,2234.5,13857.5,13200.5,1749.0,47495.0,2326.0,16558.0,5030.0,7680.0,1998.0,6589.0,10185.0,35466.0,7323.0,1030.0,87779.5,3564.0,2652.0,1690.0,2739.0,1813.0,1669.0,1285.5,57488.5,2179.0,8656.5,4373.0,3135.0,119.0,510.5,286.5,226.0,1530.0,160.0,15966.0,868.0,580.5,1715.0
99,94.0,299.0,192.0,193.0,83.0,405.0,228.0,337.0,177.0,673.0,77.0,427.5,462.0,59.5,494.0,286.0,925.0,613.5,139.0,49.0,805.0,182.0,115.0,1103.0,247.0,113.0,719.0,796.0,474.0,57.5,363.0,432.0,1719.5,792.0,271.0,385.0,208.0,352.0,413.0,52.0,71.5,97.0,142.0,455.5,2491.0,805.0,141.0,335.0,127.0,823.5,809.0,162.0,175.0,588.0,43.0,3506.5,150.5,573.0,805.5,2502.5,596.0,128.0,40.0,128.0,128.0,75.0,616.0,52.5,485.0,132.5,469.5,116.0,51.0,479.0,74.0,516.5,265.0,674.0,1181.0,120.0,809.5,370.0,68.0,60.0,94.0,961.0,107.5,186.0,306.0,97.0,377.0,113.0,717.0,150.0,310.0,203.0,2492.0,1258.0,287.0,21413.0,4687.0,380.0,288.5,3852.5,22367.5,1556.5,1143.5,711.0,1077.0,20999.0,759.0,4121.0,1138.0,2321.0,2974.0,35351.0,23069.0,588.0,422.0,1952.0,8365.0,13258.0,164.0,250.0,309.5,165.0,142.0,616.0,9273.0,203.0,1353.5,23184.0,1194.0,147.0,43.0,216.0,266.5,75.0,66.0,1007.0,482.0,113.5,4201.0
100,63.0,123.0,198.5,182.0,42.0,264.0,129.5,228.0,155.0,485.0,32.0,609.0,3561.0,60.0,242.0,124.0,151.0,376.5,76.0,123.0,476.0,261.0,181.0,1421.5,158.0,61.0,690.0,5689.0,223.0,45.0,39.0,250.0,938.5,452.5,637.5,295.0,92.0,25553.0,411.0,56.0,47.0,69.0,53.0,226.0,924.0,413.0,88.0,373.5,81.0,403.0,370.0,101.0,88.0,180.0,38.0,1086.0,270.0,229.0,234.0,571.0,350.0,124.0,31.0,106.0,66.0,75.0,288.0,43.0,547.0,85.5,306.5,135.0,117.5,215.0,81.0,495.0,64.0,780.0,88.0,70.0,581.0,171.5,42.0,59.5,71.0,581.0,85.0,84.0,177.0,57.0,196.0,88.0,385.0,78.0,185.0,107.0,12008.0,5096.0,171.0,18917.5,16837.0,710.0,842.0,850.0,46322.0,4285.0,8112.0,4074.0,887.0,29739.0,699.0,5636.5,4429.0,6249.0,17825.0,2029.0,57707.0,6267.0,1649.0,9040.0,18561.0,43159.5,310.0,368.5,165.0,158.0,134.0,2113.0,405.0,159.0,6391.0,5443.0,11012.0,69.0,38.0,120.0,384.0,113.0,43.0,1721.0,108.0,70.0,68.0
101,64.0,134.0,151.0,136.5,51.0,287.0,131.0,180.5,149.0,449.5,29.0,445.0,1765.0,51.0,203.0,148.5,157.0,419.0,81.0,109.0,380.0,158.0,200.0,1078.0,131.0,61.0,724.5,5647.0,215.0,42.0,41.0,248.0,880.0,360.0,326.5,169.5,101.0,23736.0,349.0,55.0,40.5,92.0,48.0,226.0,962.0,410.0,92.0,343.5,82.0,394.5,394.0,155.0,71.0,171.5,32.0,607.0,261.0,258.0,248.5,551.5,289.0,131.0,30.5,79.5,68.0,68.0,315.0,42.0,538.0,88.0,224.5,227.0,148.0,196.0,66.0,326.0,67.0,741.0,90.0,69.0,555.0,170.0,41.0,50.0,65.5,588.0,75.0,91.0,172.0,54.5,218.5,87.0,316.0,74.0,189.0,101.0,6000.0,1430.0,122.0,12758.0,12361.5,375.5,497.0,685.5,33626.0,2547.0,5150.0,2773.5,618.0,23920.0,455.0,1960.0,2629.0,2513.0,17085.0,1113.0,41906.0,2861.0,244.0,3607.5,8809.5,24357.0,183.0,242.0,102.0,100.0,132.0,1380.5,508.5,91.5,3115.0,2536.0,2388.0,82.0,33.0,110.0,276.0,103.0,48.0,1388.0,96.0,71.0,63.0
102,77.0,62.0,998.0,60.0,19.0,81.0,128.0,64.0,150.0,155.0,160.0,1058.5,1964.0,25.0,2061.0,54.0,67.0,108.0,870.5,19.0,971.0,41.0,39.0,2710.0,60.0,37.0,195.0,526.0,2112.0,21.0,24.0,132.0,535.0,190.0,66.5,2523.0,43.0,3124.0,3768.5,335.0,90.0,62.0,45.0,196.0,528.0,388.5,55.0,729.0,41.0,138.0,316.0,67.0,110.0,119.0,84.0,2159.0,91.0,97.5,92.0,365.0,103.0,48.0,19.0,46.5,37.0,28.0,107.0,21.0,33.0,37.0,64.0,28.0,39.0,7784.0,4526.0,250.0,55.0,3617.0,39.5,40.0,286.0,70.0,27.0,70.0,41.0,419.5,40.0,38.5,59.0,79.0,154.0,43.5,215.0,46.0,137.0,91.0,18101.0,18745.0,625.0,30866.0,28681.0,14494.0,3837.5,7024.5,46782.0,15162.5,24989.5,12361.0,1263.5,33718.0,2518.0,13929.0,10675.5,10092.0,7326.5,30498.0,51888.0,7434.0,2889.0,22402.0,38076.5,47978.0,1673.0,2003.0,567.0,663.0,318.0,3576.5,35167.0,693.5,18480.5,7492.0,10985.0,32.0,20.0,72.5,42.0,35.0,26.0,3201.0,105.5,28.0,37.0
103,126.0,375.0,297.5,249.0,599.0,787.0,401.5,449.0,205.0,770.0,493.0,3479.0,489.0,43.0,618.0,402.0,420.0,865.0,202.5,138.0,853.0,134.0,681.0,894.0,372.0,1281.5,1070.0,1030.0,610.5,80.0,85.0,548.0,2255.5,3040.5,809.0,474.0,242.0,462.0,316.0,266.0,83.0,111.0,95.0,628.5,3406.0,1033.5,186.5,540.0,501.0,666.0,1420.0,254.5,201.0,500.0,56.5,145.0,412.0,719.0,723.0,1699.0,7686.5,136.0,53.0,190.5,172.0,100.0,980.0,70.0,211.0,327.0,5708.0,120.5,347.0,57488.5,136.0,606.0,127.0,1105.0,253.0,152.0,1386.0,481.0,90.5,71.0,147.0,1408.0,114.0,236.0,771.5,1599.0,462.5,348.0,12097.0,1204.5,1332.0,287.5,457.0,602.0,3395.5,9084.0,1017.0,3225.0,1277.5,3605.5,25001.0,829.0,432.0,2798.5,639.0,8326.0,2494.5,2618.0,2235.5,2052.0,19504.0,1012.0,4026.0,6551.5,1127.0,1554.0,65527.0,46310.5,654.0,1017.5,738.5,605.0,619.0,2488.0,28393.5,536.0,943.0,685.0,1144.0,203.0,70.0,258.5,237.0,962.0,96.0,12231.5,159.0,167.0,109.5
104,213.0,106.5,372.0,84.0,30.0,151.0,149.5,391.0,192.0,387.0,198.0,869.5,381.0,25.0,3850.0,104.0,129.0,152.0,94.0,132.0,891.0,61.0,59.5,1212.5,122.0,138.0,327.0,433.5,501.5,37.0,32.0,243.0,693.5,609.0,273.0,87.0,66.5,202.0,644.0,40.0,62.0,1306.0,67.0,196.0,677.0,282.0,159.0,285.0,78.5,8416.0,425.0,83.0,173.0,740.0,91.0,2384.5,105.0,159.0,184.5,500.0,252.0,65.0,23.0,62.0,66.0,53.0,196.0,38.0,54.0,65.0,337.0,42.0,167.0,350.0,63.0,209.0,58.0,4905.0,63.0,60.5,693.5,120.0,37.0,83.0,48.0,342.0,62.0,65.0,122.5,41.0,195.0,43.0,1415.0,81.0,141.5,149.0,761.0,1001.0,434.0,25541.5,21620.0,10217.5,675.5,2255.5,15251.0,1650.0,354.5,718.0,897.0,40296.0,3288.0,36363.0,1358.5,2667.0,1501.0,9391.0,12227.5,1322.0,1728.0,1248.5,43182.5,12994.5,417.0,322.5,287.0,504.0,252.5,3589.0,41055.0,566.0,8792.0,2512.5,3686.5,62.0,34.0,162.0,89.0,155.0,116.0,9026.5,263.0,44.5,94.0
105,132.0,177.0,359.0,113.0,44.0,372.5,414.5,167.0,163.5,596.0,39.5,2768.0,567.0,23.0,988.0,215.0,1013.5,263.0,92.0,307.0,4892.5,103.5,91.0,480.0,194.5,110.0,421.0,818.5,231.0,76.0,53.0,1115.0,955.5,639.0,1268.0,162.5,113.0,22218.0,367.0,90.0,50.0,93.0,84.0,304.0,5099.5,10652.5,144.0,1250.0,114.0,381.5,732.5,109.0,141.0,348.0,944.0,423.0,111.5,259.0,264.5,1179.0,346.0,86.0,29.5,149.0,87.0,80.0,491.0,49.0,96.0,160.5,2601.0,61.0,52.0,2622.5,110.0,228.0,83.5,3775.0,514.0,71.0,1233.0,170.0,54.0,82.0,167.0,1112.0,72.0,103.0,351.5,46.0,802.0,104.5,1240.0,85.0,332.0,160.5,15862.0,25909.5,995.0,32614.0,20240.0,5970.0,2992.0,8479.5,40802.0,10148.5,17583.5,8452.0,1661.0,39744.0,2616.5,16821.0,9010.5,8951.0,30440.5,23989.0,53072.5,6059.0,4151.0,16528.5,41538.0,42354.5,1856.0,1650.0,577.5,660.0,466.0,3041.5,8979.0,604.5,16672.0,6639.5,9165.5,183.5,31.0,159.0,87.0,177.5,51.0,1557.5,177.5,85.0,90.5
106,113.0,135.0,331.5,90.0,32.0,288.5,364.0,111.0,151.0,543.0,31.0,2753.5,488.5,19.0,991.5,170.5,993.0,195.0,76.0,295.0,4373.0,80.0,74.5,469.5,140.0,94.0,314.0,712.0,169.0,63.0,42.0,943.0,831.0,514.5,1217.0,144.5,102.0,21413.0,303.0,125.0,32.0,76.0,67.0,222.0,4868.0,10887.0,115.0,1045.0,93.0,276.0,611.0,95.0,97.0,334.0,747.0,303.0,96.0,184.5,214.0,1125.0,245.0,69.0,26.0,165.0,62.0,69.0,368.0,42.5,77.0,170.0,1790.0,41.0,40.0,2376.5,87.0,161.0,65.0,3729.0,558.0,53.0,733.0,131.0,42.0,61.0,146.5,959.0,54.0,75.0,305.0,35.0,757.0,92.5,1095.0,66.0,283.0,121.0,9931.0,13950.0,388.5,23621.0,15014.0,1575.5,883.0,4782.0,31257.0,4422.0,11258.0,3497.0,1120.5,30153.0,726.0,8275.0,4790.5,3396.0,24150.0,16469.0,45908.0,2928.0,1022.5,5684.0,36363.0,31544.5,901.5,471.0,192.0,291.0,287.0,1742.0,2425.5,205.0,8789.0,1776.0,3796.5,148.0,25.0,134.0,64.0,128.0,45.0,1050.0,142.0,56.0,69.0
107,84.5,175.0,146.0,124.0,90.5,163.0,155.0,155.0,164.0,1822.0,143.0,232.0,371.0,97.0,851.5,177.0,186.0,170.0,134.0,16.0,328.5,69.0,127.0,1185.0,1093.0,404.5,205.0,189.0,196.0,112.0,137.0,128.0,607.0,246.5,148.0,157.0,230.0,165.0,3073.0,211.0,120.5,88.5,133.5,177.0,451.0,290.0,94.0,1232.5,144.0,656.5,244.0,144.0,108.0,114.0,185.5,1473.5,181.0,131.0,146.0,590.0,981.5,72.0,100.0,114.0,66.0,137.0,160.0,126.5,111.0,127.0,137.0,123.0,1134.5,3371.0,2719.5,140.0,87.0,57477.0,159.0,101.0,316.0,156.0,96.0,154.0,110.0,1058.0,77.0,119.0,123.0,54.0,241.5,134.0,8342.0,108.0,185.5,162.0,487.0,262.5,177.0,752.5,857.5,2384.0,74.5,130.0,2540.0,201.0,242.0,167.0,177.5,985.0,116.0,1278.0,358.0,198.0,2131.5,399.0,6319.0,1479.0,311.0,264.0,15934.0,470.0,255.0,68.0,59.5,93.0,57.5,104.0,91.5,132.0,751.5,296.0,388.5,119.5,217.0,119.0,139.0,191.5,161.5,773.0,190.0,197.0,258.0
108,36.0,75.0,77.0,81.0,30.0,102.0,98.5,106.0,142.0,1301.0,33.0,252.5,263.0,26.0,767.5,69.0,114.5,115.0,93.0,14.0,339.0,52.0,45.0,905.0,824.0,231.5,191.0,156.5,117.0,37.0,34.0,119.5,471.5,275.5,64.0,86.0,142.0,104.0,2459.0,194.0,42.0,55.5,50.0,107.0,366.0,202.5,51.0,917.0,57.0,501.0,198.0,80.0,88.5,82.5,67.5,1081.5,106.0,118.0,121.0,402.0,708.0,62.0,28.0,69.0,45.0,65.0,125.5,33.5,51.0,52.0,76.0,61.0,678.0,3267.0,2435.0,107.0,47.0,50887.5,58.0,48.0,249.5,119.0,36.0,94.0,48.0,853.5,48.0,60.5,90.5,34.0,163.0,43.5,6851.0,51.0,145.0,90.0,194.0,113.5,82.0,332.0,466.5,2267.0,68.0,67.5,1116.0,129.0,165.0,119.0,102.0,713.0,74.5,868.0,195.5,116.0,500.0,189.0,3828.0,1169.0,116.5,191.0,2132.0,328.0,108.0,50.0,45.0,55.5,43.0,69.0,54.0,67.0,263.5,171.0,302.0,70.5,49.0,88.0,58.0,48.0,41.0,976.5,131.0,62.0,121.0
109,32.0,69.0,89.0,67.0,33.0,416.0,81.0,80.0,111.0,122.0,25.0,185.0,128.5,24.0,137.0,67.0,111.0,124.0,46.0,16.0,215.0,56.0,639.0,1452.0,63.0,46.5,174.0,131.5,138.0,34.0,28.0,169.0,531.0,96.0,1098.0,138.0,117.0,2304.0,87.0,32.0,551.0,45.5,36.5,108.0,487.0,291.0,84.5,274.5,59.5,360.0,186.0,48.0,38.0,94.0,28.0,55.0,95.0,154.0,138.0,456.5,301.5,55.0,24.0,45.5,61.0,40.0,142.5,31.0,29.0,50.5,274.0,40.0,48.0,403.0,90.5,154.0,40.0,221.0,152.5,42.0,203.0,90.0,33.5,38.0,100.5,267.0,45.0,47.0,81.0,29.0,202.0,87.0,172.0,48.0,137.0,73.0,73.0,51.5,53.0,539.0,57.0,56.5,46.0,35.5,67.5,51.0,66.0,125.0,87.5,76.5,1384.0,151.0,50.0,49.0,76.0,63.0,247.0,50.0,173.5,225.0,96.5,161.0,39.0,58.0,49.0,42.0,44.0,49.0,82.5,45.0,149.0,48.0,57.0,56.0,27.5,64.0,74.0,695.0,39.0,686.0,69.0,50.0,50.0
110,28.0,56.0,71.5,108.0,23.0,94.0,74.0,64.5,108.5,101.0,20.0,135.0,113.0,22.0,118.5,48.0,84.0,108.5,44.0,18.0,158.0,48.0,521.0,1158.5,55.5,38.0,142.0,113.5,118.0,28.0,25.0,124.0,489.0,84.0,772.0,94.0,109.0,2516.5,77.0,30.0,374.0,45.0,29.0,91.5,425.0,229.0,80.5,205.0,45.0,270.0,168.0,44.0,30.0,79.0,22.0,46.0,86.0,141.0,108.0,383.0,323.0,50.0,21.0,37.0,47.0,35.0,119.0,23.0,24.0,41.5,218.0,31.0,40.0,299.0,74.5,114.0,39.5,189.5,129.5,38.0,178.0,82.0,29.0,30.0,81.0,254.0,44.5,45.0,63.0,27.0,176.0,71.5,710.0,41.0,99.5,59.0,63.0,66.0,36.5,81.0,48.0,44.0,39.0,27.0,43.0,41.0,49.0,96.0,68.0,66.5,963.0,103.0,43.0,41.0,67.0,56.0,204.0,39.0,158.5,207.5,67.0,119.0,31.5,43.0,43.0,42.0,39.0,48.0,65.5,37.5,124.5,35.0,50.0,44.0,20.0,58.0,60.0,520.5,33.0,465.5,62.0,48.5,39.0
111,277.0,337.0,3469.0,220.5,234.0,344.5,425.5,342.5,506.0,368.0,213.5,4183.0,409.0,195.0,372.5,501.0,335.0,511.0,285.0,49.0,3895.5,243.0,279.5,6703.0,267.5,245.0,535.0,377.0,825.0,250.0,278.0,311.0,1210.5,197.0,4399.0,385.0,313.0,327.0,993.5,137.5,460.5,295.0,385.0,572.5,1497.0,508.5,324.0,173.0,293.0,1009.5,1703.0,227.5,636.5,664.0,337.5,313.0,260.0,370.5,507.0,832.0,510.5,278.0,210.5,264.0,194.0,210.0,457.0,256.0,865.0,289.0,363.5,312.5,348.0,1020.0,247.0,583.0,218.0,437.0,302.5,277.0,467.0,329.5,221.0,366.0,259.0,703.0,185.0,274.5,273.0,156.0,379.0,286.0,1014.0,293.0,415.5,657.0,2699.0,374.0,368.0,1589.0,2420.0,279.5,390.0,226.0,7272.5,305.0,3572.0,1002.0,740.0,26047.5,439.0,1157.0,310.0,213.0,206.0,10340.0,15594.0,736.0,338.0,1516.0,1822.0,2749.0,224.0,196.0,292.0,245.0,231.0,417.0,323.5,239.5,491.0,934.0,336.5,281.0,402.0,236.5,265.0,344.5,304.0,10990.0,324.0,381.0,278.5
112,358.0,474.0,5253.0,352.0,334.5,529.0,628.0,454.0,788.0,537.5,303.0,6599.5,577.0,288.5,596.0,779.0,433.0,702.5,476.0,81.0,5986.0,337.0,352.5,10111.0,343.5,362.0,736.0,612.0,1404.0,356.0,395.5,441.0,1566.0,280.5,5640.0,530.5,437.0,472.0,1510.0,177.0,683.5,422.0,512.0,878.0,2139.0,682.0,403.0,234.0,413.0,1263.0,2668.5,375.0,965.0,900.5,582.5,356.0,335.0,558.0,681.0,1130.5,1027.5,374.0,304.5,341.0,279.0,322.0,663.0,373.0,3700.0,419.0,469.0,406.0,479.0,1187.5,378.0,792.0,299.0,677.0,459.5,372.0,713.0,496.5,317.5,624.0,374.0,1023.5,239.0,382.0,384.0,208.5,515.0,441.5,1553.0,448.5,551.0,999.0,6119.0,663.0,492.0,5678.0,4992.5,414.5,614.0,363.0,17422.0,632.0,5398.5,1918.0,863.0,42377.5,755.0,2152.0,578.0,353.0,299.0,18020.5,32062.0,1583.0,496.0,3520.5,6890.0,9296.0,313.0,285.5,413.5,345.5,326.5,747.5,434.0,343.0,1114.0,1926.0,530.5,388.0,694.0,320.0,398.0,611.5,421.0,16752.0,437.0,593.0,376.0
113,80.0,149.0,347.0,129.5,103.0,206.5,165.0,149.0,180.0,319.0,1015.5,917.0,7811.5,80.0,1845.0,193.0,278.0,246.0,118.5,60.5,1464.5,87.5,149.0,2524.0,131.0,222.0,303.0,237.5,254.0,84.0,89.0,214.0,6430.0,353.0,143.5,182.5,178.0,168.0,339.0,4019.0,100.0,121.0,99.0,222.5,841.0,369.5,119.5,876.0,125.0,362.0,357.5,143.0,148.0,302.0,89.0,7086.0,181.0,206.0,200.0,781.0,525.0,954.0,108.0,256.0,91.0,177.0,233.0,84.0,190.0,117.0,163.0,101.0,195.5,2726.0,653.5,177.0,195.0,4350.5,126.0,183.0,1982.0,152.0,91.0,101.0,106.0,739.0,80.0,106.0,326.0,57.0,289.0,172.5,322.0,123.0,220.5,144.5,1128.5,504.0,1110.0,12775.5,2288.0,442.0,223.0,1865.0,6974.5,752.5,874.0,587.0,384.0,37582.0,2976.5,62238.0,4690.0,823.0,1959.5,19711.0,19021.0,476.0,3699.0,930.0,10607.0,4365.5,491.0,166.0,128.0,208.5,110.0,415.5,26507.5,286.0,823.5,5070.0,4152.0,105.5,105.0,133.0,392.0,510.0,90.0,2705.5,429.0,101.0,95.0
114,45.5,103.0,225.0,115.0,53.0,149.5,109.0,114.0,150.0,226.0,482.0,567.0,5850.0,31.0,2553.5,104.5,158.5,290.5,89.0,40.0,621.0,63.5,76.0,1139.0,84.0,65.5,238.0,210.0,178.5,42.0,36.0,169.0,5430.5,262.0,101.0,129.0,142.0,137.0,178.5,2420.0,45.0,81.0,49.0,157.5,676.0,294.0,74.0,512.5,71.5,248.0,285.0,90.5,116.5,198.0,35.0,7656.0,99.0,182.0,181.0,449.0,1564.5,996.0,68.0,243.0,63.5,119.5,184.5,33.0,436.0,74.0,119.0,58.0,147.0,906.0,664.0,153.5,98.5,4786.5,79.0,84.0,1007.0,121.0,48.0,60.5,53.0,469.5,57.0,65.0,287.0,41.0,244.0,214.0,234.0,73.0,154.5,115.5,436.0,277.0,915.0,2848.0,806.0,192.5,164.0,875.0,3002.5,582.0,241.5,296.0,314.0,15736.5,953.0,24575.5,1567.0,503.5,1618.0,8843.0,4179.0,189.0,1392.0,568.0,3126.0,1222.5,264.0,144.5,109.0,196.0,87.0,166.5,4216.0,268.0,376.0,1947.0,3473.0,59.0,30.5,109.0,193.0,869.0,40.0,1623.0,230.0,48.5,71.5
115,78.5,217.0,156.0,155.5,90.5,407.0,191.0,262.5,169.0,643.5,27.0,354.0,277.0,33.0,396.0,226.5,264.0,452.0,153.0,32.0,437.0,129.0,81.5,261.5,154.5,93.0,663.0,416.0,366.0,61.0,57.0,337.0,1309.0,668.0,191.0,687.0,515.0,1347.5,228.0,364.0,57.0,110.0,61.0,373.0,1756.0,754.0,150.0,164.5,115.0,4754.5,591.5,400.0,106.0,331.0,59.0,110.0,198.0,348.0,387.5,783.0,217.0,117.0,42.0,101.0,102.0,64.0,439.0,49.0,73.0,155.0,579.0,78.0,130.5,229.0,532.0,423.0,224.0,680.5,147.0,101.0,616.0,269.0,69.0,51.0,127.0,2231.0,96.0,142.0,213.0,85.5,19113.0,123.0,304.0,128.5,492.0,136.0,700.0,244.0,2646.5,6606.0,1268.0,262.0,212.0,287.0,5571.5,366.0,440.5,428.0,328.0,4850.5,181.5,1543.0,340.0,369.0,830.0,478.0,4976.0,434.0,300.0,991.5,21723.5,2055.0,214.0,149.5,104.5,134.5,117.0,361.0,200.0,139.5,1313.0,1359.0,1107.0,119.5,38.0,177.0,133.0,64.0,61.5,1332.5,132.0,91.0,125.0
116,117.0,264.5,229.5,174.0,99.0,492.0,203.0,333.5,196.0,905.0,35.0,458.5,325.5,47.0,426.5,263.0,260.0,548.0,253.5,39.5,470.0,150.0,108.0,513.0,196.0,118.0,768.0,552.5,417.0,79.0,73.5,401.0,1487.0,955.0,221.5,834.5,525.0,1507.0,255.0,459.0,79.0,123.0,76.0,409.0,2040.0,869.0,156.0,213.0,136.0,4796.0,745.0,441.5,136.0,360.5,73.0,128.0,119.0,433.0,470.0,1055.5,286.0,161.0,56.0,137.0,121.0,69.0,542.0,60.0,94.5,167.5,525.0,107.5,179.0,310.0,455.0,470.5,241.0,800.0,179.0,137.0,833.0,331.5,82.5,71.0,143.0,2571.5,123.0,168.5,267.0,103.0,19642.0,181.0,383.0,143.0,572.5,166.0,1771.0,779.0,7263.0,11329.0,4871.5,738.0,464.0,661.0,13075.0,981.0,882.0,1740.0,567.0,13469.5,313.0,11144.5,722.0,1029.0,3023.0,939.0,22390.5,988.0,2582.0,1224.0,39767.0,5527.0,638.5,199.0,192.0,219.0,187.0,2346.5,323.5,279.0,3019.0,11338.0,2737.0,157.0,45.0,215.0,149.0,128.0,73.0,3237.0,172.5,113.0,117.0
117,53.0,121.5,661.0,112.0,134.0,157.0,168.5,163.0,159.5,386.0,112.0,978.5,702.0,31.0,286.0,116.0,248.0,210.0,77.0,44.0,888.0,95.5,96.0,1363.5,114.0,84.0,361.5,281.0,304.0,45.0,44.0,217.0,803.0,302.0,94.0,717.5,108.0,394.0,264.0,92.0,73.5,96.0,64.5,213.0,902.0,386.5,116.5,174.0,79.5,521.0,458.0,77.0,130.5,216.0,39.0,96.0,196.0,175.0,182.5,514.0,2872.0,95.0,35.0,105.0,62.0,53.5,203.0,46.0,79.0,79.0,132.0,67.0,55.0,466.0,110.5,188.0,67.0,473.0,104.0,104.0,299.0,177.5,49.0,94.0,81.5,428.0,75.0,81.0,125.0,57.0,355.0,220.0,300.0,99.0,146.5,134.0,321.5,117.0,333.0,578.0,135.0,654.0,99.0,184.0,2394.5,89.0,113.5,182.0,152.5,5415.0,239.5,1530.0,149.0,182.5,3548.0,3336.0,563.0,114.0,183.0,335.0,1042.5,352.5,65.0,79.0,74.0,72.5,74.0,172.5,3426.5,79.0,262.0,75.0,317.0,75.0,35.0,107.0,76.0,43.0,55.0,2396.0,145.0,54.0,93.5
118,65.0,135.0,669.5,99.0,165.0,174.0,168.5,181.0,171.0,496.0,131.0,1024.5,779.0,33.0,330.0,122.0,255.0,231.5,91.0,49.0,962.0,100.0,114.5,1309.5,124.0,92.0,380.0,293.0,305.5,47.0,49.0,254.0,864.0,355.0,103.0,622.0,104.5,409.0,316.5,89.0,71.0,97.0,74.0,233.5,922.0,421.5,121.0,209.0,92.0,560.0,489.0,83.0,141.0,235.0,41.5,112.0,247.0,187.0,206.0,564.5,3626.0,88.0,37.0,117.0,72.0,56.0,219.0,49.0,88.0,89.5,134.5,63.0,60.0,486.0,137.0,194.0,72.5,631.0,127.0,124.0,331.0,206.0,51.0,109.0,82.0,490.5,78.0,85.0,133.0,60.0,380.0,258.5,324.0,106.5,175.0,140.0,301.0,122.0,419.0,761.5,148.0,532.0,115.5,363.0,3867.5,108.0,126.0,207.0,184.5,7460.0,412.0,1312.0,193.0,346.0,3334.0,3156.0,683.0,151.5,415.5,484.0,1303.0,406.5,86.0,100.0,89.0,99.5,95.0,407.0,6461.5,109.0,311.0,101.0,536.5,78.5,35.5,121.0,95.0,44.0,59.0,2702.0,186.0,56.0,108.0
119,194.5,158.0,1587.0,178.0,48.0,262.0,256.5,320.5,467.0,635.0,29.0,3875.0,505.0,34.0,8451.5,165.0,270.5,334.0,187.0,28.0,3596.5,111.0,78.0,4804.5,133.0,85.0,4870.0,368.0,1080.5,259.0,48.5,441.5,1242.0,892.0,118.0,4632.5,131.0,272.0,1026.0,60.5,174.0,240.5,155.5,1045.0,1659.0,535.0,2188.0,4732.5,141.0,446.0,1197.0,117.5,590.0,455.0,63.0,347.0,139.5,385.5,333.0,1061.0,336.0,91.0,34.0,2153.0,92.5,58.0,357.0,67.0,61.0,249.5,134.0,66.0,93.0,3822.0,189.0,283.0,83.0,836.0,115.0,85.0,750.0,226.0,63.0,277.5,305.0,790.0,88.0,110.0,202.0,56.0,433.0,79.0,48346.0,214.0,230.5,317.0,912.0,150.0,73.0,1288.0,228.0,103.0,265.0,47.0,3776.0,1968.0,157.0,753.5,194.0,30578.5,374.0,1160.0,100.5,109.5,106.0,1797.0,991.0,201.5,454.5,887.5,334.0,525.5,67.0,125.0,75.0,55.0,98.0,89.0,91.0,69.0,257.0,1370.0,150.5,119.0,39.0,144.5,1115.5,153.0,350.0,7004.5,199.0,81.0,121.0
120,312.0,128.0,1654.0,146.0,44.0,224.0,271.5,166.0,452.0,402.5,27.0,3934.0,434.0,28.0,8986.0,140.0,273.5,275.0,165.0,31.0,3565.0,95.0,62.5,4736.0,106.5,62.0,2124.5,291.5,733.0,251.0,39.0,378.0,1107.0,772.0,100.0,4251.0,116.0,222.5,1074.0,48.0,197.0,270.5,163.0,763.5,1385.0,444.5,2507.0,3324.5,94.0,357.0,1095.0,100.0,584.0,598.5,56.0,282.0,148.0,335.0,234.5,813.0,301.0,82.0,28.0,835.5,77.0,46.5,271.0,53.5,48.0,138.5,113.0,52.0,69.5,3642.5,244.0,251.0,67.0,725.5,98.0,64.0,584.0,174.0,51.0,266.0,269.5,609.0,80.0,91.0,152.0,56.0,350.0,72.5,31107.5,193.0,167.5,295.0,1044.0,99.0,69.0,1068.0,346.0,85.0,291.5,43.0,4375.5,1314.0,168.5,743.0,163.5,9564.0,133.0,1201.0,103.0,86.0,87.0,1141.0,1356.0,817.0,418.5,780.0,361.5,743.0,63.0,134.0,66.0,47.0,83.0,101.0,78.5,61.0,263.0,745.0,131.0,91.5,36.0,124.5,1049.0,127.0,178.0,7514.0,183.0,72.0,95.0
121,178.0,507.0,263.0,387.0,129.0,781.5,423.0,584.0,274.5,1093.5,61.0,772.0,771.0,72.0,11478.0,526.0,432.0,1100.5,234.5,68.0,965.0,268.5,389.0,698.5,394.5,566.0,1242.0,1907.5,795.0,120.0,113.0,692.0,10703.5,657.5,448.0,673.0,349.0,3961.0,636.0,506.0,218.5,2046.0,128.0,806.0,4294.0,3423.0,679.0,920.0,301.0,1076.0,1381.5,315.5,183.0,760.0,190.0,14772.5,192.0,869.0,871.0,1752.0,447.0,3839.5,159.0,1064.0,227.0,121.0,1084.0,91.0,106.0,449.0,406.5,151.0,114.0,5096.5,262.5,828.0,172.0,11377.0,346.0,272.5,6890.5,614.5,156.0,217.0,227.0,2099.0,145.5,304.5,1276.5,207.0,645.0,343.0,729.5,253.5,550.0,2682.0,7743.0,1311.0,270.5,15587.0,12023.5,822.5,798.0,4010.0,31027.0,5029.5,10644.0,3394.0,720.5,31303.0,937.5,4639.0,2928.0,9194.0,2591.0,5177.0,42814.5,3432.0,996.0,5418.0,14960.5,25231.0,356.0,435.0,258.0,268.0,262.5,1415.0,29681.5,569.5,4516.0,472.0,1486.5,206.0,73.0,488.5,229.0,298.0,117.0,951.0,202.0,166.0,111.0
122,137.0,508.0,233.0,368.5,112.0,719.0,409.0,557.0,238.0,1050.0,55.0,660.0,620.0,55.0,11669.0,504.0,311.0,1041.0,234.0,46.0,529.0,221.0,374.0,555.5,379.0,583.0,1198.0,1720.0,784.5,122.0,117.0,633.0,7336.0,784.0,389.0,656.5,326.0,4395.5,469.0,187.5,183.5,1507.0,130.5,764.0,4110.0,3488.5,453.0,750.0,252.0,997.0,1335.0,293.5,160.0,716.0,198.0,15562.0,167.5,832.0,804.0,1626.0,375.0,4188.0,147.0,939.5,193.0,112.0,1002.5,86.5,90.0,483.0,364.5,138.0,73.0,3240.0,202.0,761.0,173.0,11683.0,311.0,240.0,3856.5,570.5,147.5,165.0,181.5,1981.0,142.0,305.0,1205.5,125.0,595.0,247.0,587.0,246.5,553.5,2777.5,3302.0,824.5,214.0,7347.0,7171.0,1468.0,505.0,2112.0,17008.0,4315.0,5002.0,1780.0,652.5,13724.0,646.0,1967.0,1663.0,3261.0,2617.0,1633.0,21781.0,1391.0,468.0,2683.5,7374.0,10103.0,325.5,321.5,220.0,222.0,204.0,1030.0,23828.0,512.0,2494.0,412.0,721.0,187.0,63.0,430.0,232.5,165.0,107.0,544.0,121.0,202.0,111.0
123,126.0,157.5,399.5,107.0,161.0,315.0,208.5,193.0,187.5,785.5,61.0,1096.0,10592.0,44.0,8458.5,148.5,360.0,1582.5,135.5,33.0,662.5,89.0,953.0,948.5,311.0,120.0,2037.5,434.5,316.0,56.0,48.0,254.0,1604.0,208.5,305.5,2668.0,110.5,281.0,201.0,62.0,148.0,94.0,66.0,323.0,1420.0,461.0,160.0,1362.0,146.5,4074.0,2074.0,101.0,143.0,684.0,55.5,8727.5,183.0,275.0,396.5,923.0,169.0,98.5,34.0,139.0,100.0,63.0,335.5,44.0,54.0,435.0,217.0,70.0,89.0,2760.0,678.0,266.0,71.0,496.0,104.5,79.5,610.0,214.0,74.0,61.0,89.0,3187.0,77.0,117.0,164.0,114.0,612.0,125.0,359.0,193.0,183.5,150.0,283.0,150.0,429.0,2960.5,4723.5,769.0,219.0,7356.0,965.5,3630.0,231.5,1598.0,1488.0,3244.5,2188.0,4093.5,483.0,271.0,3732.0,426.0,1221.5,151.0,509.0,759.0,4084.5,13305.0,140.0,905.0,738.0,146.0,618.0,167.0,3497.0,134.0,602.0,179.0,512.5,93.0,38.0,115.0,1015.0,1209.0,83.0,2005.0,121.0,72.0,68.0
124,100.0,132.0,382.0,96.0,133.0,265.0,176.0,153.0,161.0,638.0,33.0,1014.0,8944.0,35.0,4894.0,124.0,319.0,1345.0,113.0,32.0,584.0,68.0,967.5,923.0,246.0,88.0,1860.0,343.0,273.5,46.0,39.0,228.0,1347.0,159.0,235.0,2405.0,97.0,244.0,184.0,52.0,132.0,86.0,61.0,261.0,1271.0,410.0,158.0,1163.0,131.0,2761.0,1784.0,88.0,121.0,577.0,47.0,6637.0,185.0,242.0,370.0,843.0,139.0,87.5,33.0,117.0,84.0,48.0,299.0,41.0,49.0,334.5,169.0,65.0,78.0,2809.0,445.0,234.0,69.5,438.0,90.0,71.0,513.0,195.0,66.0,58.0,68.0,2353.0,70.0,94.5,142.0,112.0,509.0,103.0,323.0,164.0,161.0,137.0,263.0,118.0,289.5,2688.5,3859.0,573.0,153.0,5282.0,762.0,2999.0,195.0,1059.0,1258.0,1973.0,2200.5,2662.5,279.0,189.0,2429.5,318.0,962.5,122.0,356.5,640.5,2614.5,7662.5,111.0,593.5,338.0,122.0,342.0,138.0,2368.5,107.0,451.0,135.0,416.5,83.5,29.0,103.0,401.5,1066.0,68.0,1951.0,85.0,53.0,61.0
125,193.0,353.5,223.0,221.5,136.0,559.0,268.5,421.0,205.0,699.0,136.0,340.0,511.0,58.0,612.0,362.5,214.0,740.5,167.0,21.0,472.0,146.0,141.5,343.0,343.5,154.5,839.5,689.0,598.0,116.0,111.0,411.0,1888.5,410.0,226.5,568.0,226.0,402.0,260.5,54.0,98.0,100.5,164.5,556.0,2653.0,845.0,227.0,579.0,215.0,1554.0,957.0,218.5,94.0,397.5,79.0,260.0,193.5,1240.5,773.5,1139.0,146.0,112.5,61.0,129.0,123.0,96.0,868.5,81.0,70.0,382.5,322.0,120.5,81.0,3358.0,97.0,478.5,121.5,616.0,258.0,182.5,812.0,404.0,111.0,68.5,250.0,1591.0,115.0,227.0,332.0,89.0,459.5,162.0,551.0,187.0,448.0,223.0,165.0,193.0,175.0,3415.0,114.0,243.0,143.0,2539.0,286.0,354.0,418.0,226.0,388.0,561.0,233.0,587.0,246.0,388.0,267.5,444.0,1054.5,126.0,619.0,967.0,4221.0,2970.0,206.0,1005.5,219.0,197.0,264.0,168.0,528.0,195.0,595.0,312.0,155.0,167.0,116.0,268.0,207.5,126.0,118.0,549.0,124.0,178.0,161.0
126,312.0,443.5,591.0,268.0,227.0,662.0,412.5,461.5,335.0,927.0,212.0,1051.0,814.0,120.0,766.0,392.0,363.0,815.0,247.0,32.5,1125.5,209.0,247.5,968.0,537.0,252.0,1006.0,817.0,907.0,152.5,192.0,548.5,2256.0,671.5,333.0,848.0,258.0,539.5,508.0,93.0,211.0,173.0,315.0,763.0,3339.0,999.0,354.0,1039.0,349.0,2906.0,1288.0,282.5,213.0,787.0,172.0,377.5,328.0,1913.0,1038.0,1402.0,231.0,158.5,115.5,205.5,154.0,188.0,1049.5,163.0,131.0,618.0,445.0,166.0,169.5,6497.0,170.5,452.0,178.0,817.0,370.5,214.0,1034.0,519.0,177.0,164.5,372.0,2061.0,158.5,309.0,387.0,121.0,640.0,226.0,994.5,258.0,584.0,331.0,367.0,325.0,321.5,2381.0,300.5,333.0,224.5,399.0,817.5,507.5,684.0,426.5,475.0,1080.0,317.5,1203.0,338.0,621.5,425.0,436.0,1174.5,283.5,604.0,1203.5,6467.5,10623.5,288.0,2415.0,455.0,288.0,589.0,280.0,740.0,293.5,628.0,305.0,262.0,206.0,326.0,337.0,269.0,230.5,226.5,2485.5,260.5,302.0,309.0
127,112.5,104.0,158.0,107.5,39.0,186.0,118.0,119.0,141.0,475.0,110.5,416.0,2070.0,46.0,757.0,96.5,357.0,414.0,96.0,29.0,341.0,63.0,66.0,5541.0,320.0,66.0,1676.0,1135.0,448.0,167.5,37.0,209.0,888.0,2320.5,97.0,208.0,400.0,1017.0,508.0,1242.5,42.0,145.0,83.0,185.0,960.0,728.0,88.0,1912.0,71.5,565.0,363.0,131.0,14725.5,1352.5,38.0,109.0,352.0,253.0,482.5,512.5,2622.0,79.5,31.0,241.5,60.5,119.0,215.5,38.0,85.0,80.0,153.5,56.0,102.0,1435.0,498.0,172.0,64.5,428.5,76.0,60.0,1174.0,147.5,40.0,55.5,83.0,4423.0,68.0,80.0,193.0,85.0,277.0,73.0,805.0,73.0,137.0,329.0,1312.5,340.0,310.0,4654.0,3708.0,347.0,291.5,1335.5,7314.0,1222.0,1216.0,1078.5,495.0,22310.0,1417.0,3359.0,1298.0,581.0,750.0,4210.0,9535.0,988.5,469.0,955.0,2223.0,5038.0,244.0,262.0,414.0,202.0,151.0,478.0,4288.0,213.0,1147.0,2486.0,3666.0,104.0,29.0,104.5,289.0,68.5,63.0,889.0,151.0,52.0,191.0
128,134.0,130.0,232.0,153.0,47.0,226.0,142.0,150.0,158.5,580.0,136.0,608.0,23724.5,56.5,896.0,126.0,4825.0,621.0,100.0,37.0,444.0,75.0,81.0,6803.0,401.0,93.0,1748.0,424.5,580.5,848.0,37.0,265.0,1165.0,2524.0,125.0,318.0,416.0,3638.0,528.5,627.0,49.0,86.0,105.0,644.5,1540.5,1149.5,113.0,2008.5,79.0,585.0,486.0,175.0,163.5,1323.0,64.0,127.0,673.0,241.5,277.5,817.0,3180.0,90.0,31.0,347.0,86.0,60.0,305.0,36.0,113.0,94.0,221.5,62.0,86.0,1481.5,161.0,223.0,69.0,607.5,102.0,71.0,2192.5,169.0,43.0,51.0,72.5,5067.0,119.0,85.5,270.0,133.0,342.0,84.0,1749.5,87.0,179.0,200.0,22264.0,1953.5,695.0,32867.0,30463.5,1407.0,1598.0,8917.0,52072.0,11446.0,13448.5,14665.5,1504.0,66320.5,10337.0,11258.0,8219.0,4821.0,2578.0,30613.0,66838.0,8464.0,1108.5,18423.0,29451.5,53222.0,1163.0,901.5,427.0,579.5,314.5,4459.0,16800.0,1484.0,11713.5,28980.0,18630.0,102.0,28.0,521.5,211.0,73.0,57.5,2789.0,208.0,53.0,441.0
129,109.0,265.0,246.5,196.0,110.0,398.5,251.5,370.0,202.0,889.5,52.0,1034.0,1093.0,47.0,4603.5,365.0,504.0,678.0,179.5,49.0,1265.5,121.5,603.0,952.0,204.5,115.0,758.5,11507.0,492.0,550.0,74.0,596.0,1816.5,3034.0,229.0,1973.0,216.5,3799.0,1731.0,65.0,87.0,146.0,163.5,490.0,2218.0,995.0,197.0,12220.0,159.0,874.5,840.0,262.0,179.5,779.5,153.0,183.5,2194.0,534.0,557.0,1083.0,2766.0,132.0,57.0,549.0,151.0,89.0,617.0,64.0,108.0,233.0,228.0,107.0,74.0,3380.5,549.0,399.0,127.5,750.0,177.0,126.0,1460.0,349.0,91.0,92.0,114.0,1034.0,172.5,188.0,290.0,122.0,505.0,968.0,1379.5,189.5,403.0,197.0,906.0,1030.0,1392.5,6768.5,8904.0,7793.0,830.0,1996.0,6614.5,5522.0,2777.5,2913.0,1120.5,11965.5,2092.0,9081.0,1952.5,3571.0,15109.5,2718.5,3719.0,1363.0,2399.5,1783.0,13973.0,12453.5,1195.0,665.0,646.0,1031.0,616.5,978.0,47081.0,1122.0,3708.0,1640.0,1296.0,150.0,188.5,213.0,197.0,97.0,84.0,1238.5,875.0,115.0,790.5
130,110.0,287.0,277.0,202.0,115.0,424.5,277.0,379.0,211.0,970.0,65.0,1591.5,1333.0,46.0,5826.5,391.0,971.0,726.0,204.0,54.0,1541.0,120.0,636.0,1130.5,228.5,131.0,760.0,12059.0,547.0,491.0,81.0,613.0,1949.0,3330.0,251.0,2206.0,234.0,4639.5,1760.0,73.0,92.0,156.0,188.0,497.0,2359.0,1081.0,219.5,14089.0,177.0,1137.5,931.0,315.5,195.0,937.5,167.0,223.0,2280.0,571.0,602.0,1151.0,2917.5,135.0,60.0,729.0,149.0,95.0,639.0,71.0,124.0,257.0,272.0,111.0,88.0,3839.0,593.0,464.5,133.5,810.5,188.0,138.0,1499.0,412.0,99.0,107.0,126.0,1114.0,193.5,182.0,322.0,134.0,555.0,1101.5,1590.0,209.0,400.5,218.0,1225.0,1768.0,2159.0,14326.0,14121.0,11972.0,1332.5,3641.0,12252.0,7014.0,5386.0,3514.0,1601.0,23149.5,2830.0,15484.0,3256.5,5028.5,31349.0,4483.0,7474.5,2265.0,3582.0,1776.0,29440.0,21896.0,1854.0,985.0,962.0,1750.5,892.5,1468.5,60996.0,1789.0,6858.0,3051.0,2245.0,149.0,184.0,240.0,234.5,108.5,89.0,2220.0,979.5,140.0,606.0
131,118.0,206.0,234.5,180.0,94.5,394.5,190.0,179.0,216.0,272.0,119.5,523.0,394.0,66.0,665.0,182.5,370.0,297.5,112.0,73.5,835.0,146.0,147.0,1292.5,155.5,116.0,368.0,361.0,238.0,95.0,99.0,304.0,876.0,430.0,223.0,270.5,158.0,1397.0,228.0,125.0,102.0,169.5,112.0,233.0,969.0,372.0,135.0,589.0,125.0,821.0,389.0,2313.0,131.0,465.0,120.0,141.5,134.0,256.0,265.0,681.0,294.0,165.0,86.0,491.5,135.5,122.0,286.0,90.5,199.5,136.5,139.0,128.0,140.5,376.0,152.0,262.5,124.0,1758.0,141.0,120.0,546.5,197.0,96.0,112.0,121.0,769.5,99.0,130.0,198.5,267.5,306.0,123.5,796.5,131.5,265.0,153.5,515.0,173.0,161.5,4302.0,1106.0,286.0,159.0,2752.0,6284.0,274.0,966.0,239.0,224.0,2070.0,166.0,8699.5,1211.0,169.0,8519.0,1566.0,6570.0,451.5,256.0,511.5,906.5,1397.0,116.5,148.0,112.0,110.0,105.0,220.0,14603.0,104.0,410.5,130.5,354.0,122.0,152.0,161.0,144.0,138.0,103.5,2144.0,272.5,129.0,183.0
132,68.0,127.5,154.0,106.0,55.0,281.0,137.0,111.0,172.0,176.0,46.5,330.0,248.0,31.0,379.0,102.0,255.0,201.0,70.0,40.0,491.5,91.5,87.5,888.0,87.5,66.0,236.5,227.0,160.0,50.0,50.0,191.5,677.0,292.0,123.0,164.5,90.0,934.0,138.0,89.0,51.0,104.0,61.0,163.0,632.0,245.5,86.5,304.5,70.5,398.5,277.0,1520.0,81.0,170.0,63.0,74.0,97.0,175.0,168.5,482.5,197.0,108.0,46.0,406.0,86.0,72.0,182.5,44.0,129.5,76.0,90.0,80.5,89.0,243.0,93.5,175.5,80.0,1115.5,82.0,73.0,335.0,134.0,53.0,74.0,67.0,569.0,69.5,76.5,124.0,193.0,211.0,65.0,541.0,82.0,186.0,106.0,235.0,111.0,88.0,1585.0,505.5,146.5,108.0,1163.0,2584.0,147.5,627.0,141.0,149.5,1181.0,110.0,6224.0,285.0,108.0,3476.0,536.5,2057.0,181.0,175.0,390.0,409.0,562.0,81.0,93.0,69.0,74.0,63.0,146.0,4633.0,69.0,220.0,81.0,177.0,81.0,69.0,109.0,87.0,69.0,57.0,1471.0,146.0,64.0,111.0
133,112.0,156.0,535.0,100.0,42.0,1799.0,166.5,156.5,251.0,289.5,27.0,2013.0,355.0,23.0,452.0,131.5,343.0,277.0,93.0,27.0,1200.0,64.5,96.5,1259.0,232.0,57.0,410.0,1062.0,341.5,36.0,38.0,364.0,1185.0,510.0,128.0,225.5,91.0,8367.0,389.5,41.0,88.5,114.0,78.0,291.0,1446.0,1584.0,93.5,463.5,84.0,2762.0,729.0,94.0,243.0,337.0,763.0,161.0,106.5,269.0,272.0,742.0,1451.0,75.0,28.0,171.5,61.0,57.0,276.0,42.0,70.0,89.0,160.0,56.0,82.0,556.0,631.0,340.5,118.0,1127.5,117.0,65.0,473.5,169.0,45.0,116.0,62.5,510.0,59.0,91.0,667.0,44.0,365.0,70.5,1644.0,101.5,162.0,141.0,517.0,378.0,350.5,8266.5,361.0,620.0,305.5,959.0,7734.0,611.5,234.0,914.5,435.0,18745.0,700.5,8846.5,1553.0,1071.5,12749.0,6985.0,1642.0,641.0,539.5,690.0,31694.0,592.0,1284.5,405.0,191.0,430.0,202.0,202.0,26427.0,345.5,850.0,536.0,1097.5,80.0,32.0,193.5,1005.5,76.0,47.0,2872.0,131.0,62.0,113.0
134,95.0,140.5,655.0,94.0,40.0,1783.5,154.0,146.0,228.0,285.5,27.0,1713.0,403.0,21.0,681.0,122.0,169.5,252.0,87.0,26.5,1040.0,65.0,92.0,1566.0,249.5,61.0,379.5,1071.0,307.0,37.0,38.0,366.0,1055.0,448.5,113.0,219.0,95.0,8151.0,352.0,42.0,78.5,120.5,69.0,251.5,1374.0,1696.0,83.0,439.0,81.0,2580.0,619.0,86.0,233.5,308.0,915.0,157.0,113.0,234.0,272.0,675.0,1366.0,76.0,27.0,165.0,66.0,54.0,270.0,39.0,78.0,87.0,161.0,56.0,92.0,487.5,7214.5,438.0,119.5,1236.0,141.0,65.0,437.0,172.0,43.0,105.0,58.0,503.0,61.0,85.0,334.0,46.0,351.0,70.0,1364.0,95.0,173.5,129.0,368.0,305.5,297.0,3760.0,299.5,469.5,256.0,653.0,3852.0,643.0,177.0,869.0,326.0,10536.5,463.0,4048.5,622.0,745.5,11993.5,1124.0,1606.0,739.0,404.0,632.0,28842.0,630.0,1301.0,309.0,184.0,313.0,163.0,155.0,14771.5,251.0,472.0,446.0,476.0,66.5,28.0,181.0,1107.0,68.0,46.0,3063.5,80.0,57.0,83.0
135,162.0,641.0,201.0,405.0,148.0,1028.0,465.0,840.0,262.0,3140.0,25.0,1098.0,687.0,560.5,865.0,603.0,310.0,1485.0,273.0,65.0,1053.0,182.5,170.5,922.0,460.0,191.0,1640.0,1974.0,961.0,122.5,118.0,798.0,3351.0,638.0,498.0,765.0,355.0,1546.0,1099.0,329.0,86.0,174.0,118.0,1113.0,5699.0,1576.0,318.0,401.0,647.5,1404.0,1776.0,340.0,176.0,574.0,64.0,192.0,138.0,1216.0,1234.0,2359.0,14123.0,177.0,56.0,206.0,205.0,105.0,1413.5,106.0,247.0,297.0,384.5,158.0,48.5,341.5,189.0,1016.0,184.0,4014.0,389.0,225.5,1660.0,861.0,123.0,103.5,328.0,8872.0,154.5,400.0,664.0,137.0,648.5,216.5,16218.5,270.0,675.0,362.5,1296.0,255.0,229.5,3070.0,2049.0,339.0,273.0,4849.5,5363.0,4171.0,845.0,713.0,767.0,20700.0,344.0,1984.0,1064.0,446.0,4509.0,442.0,8816.0,408.5,501.5,2750.5,2005.0,3549.5,161.5,256.0,215.0,167.5,283.0,449.5,22149.0,174.0,1273.0,1996.0,1383.5,229.0,65.0,2117.0,308.0,229.5,112.0,2114.0,206.0,203.0,146.5
136,172.0,599.0,185.0,378.0,134.0,987.5,472.0,765.0,256.5,2859.0,28.0,918.0,725.0,1839.5,1087.0,595.5,301.0,1413.5,285.5,66.0,1064.0,198.0,186.0,1147.0,425.5,188.0,1619.0,1926.0,948.5,124.0,96.5,856.0,3442.0,630.0,490.5,827.0,373.0,1421.5,899.0,340.0,88.0,164.0,125.0,1040.0,5941.0,1548.0,270.5,444.0,1469.0,1538.0,1875.0,338.5,184.0,884.0,68.0,188.0,126.5,1210.0,1162.0,2519.0,16356.0,178.5,57.0,217.0,194.0,102.0,1399.0,86.0,227.0,280.0,412.0,146.5,54.0,316.0,122.0,939.0,188.0,4538.0,359.5,226.0,1802.0,853.0,110.0,101.5,347.0,8261.0,154.0,379.0,664.0,132.5,671.0,242.0,26496.0,265.0,778.5,356.0,700.0,243.0,246.0,2667.0,1270.5,330.5,221.0,4982.0,4295.5,6580.5,665.5,720.5,748.0,47552.5,440.0,3409.0,1535.0,417.0,4376.0,554.0,7839.0,263.0,537.5,3038.0,2973.0,2667.5,163.0,248.5,191.0,146.0,319.5,404.0,42021.0,168.5,881.0,5397.0,777.5,232.5,63.0,1928.0,301.0,284.0,104.5,2174.5,218.0,231.0,138.5
137,35.5,89.5,76.5,75.0,34.0,225.5,96.5,113.5,120.0,218.0,29.0,224.0,205.0,89.0,171.0,129.0,100.0,309.0,73.0,33.5,249.0,53.0,41.0,2223.0,168.5,48.5,268.0,248.0,135.0,33.0,41.0,163.5,1722.0,200.5,112.0,8708.0,58.0,134.0,360.0,434.0,95.0,52.5,37.0,165.0,643.0,261.5,63.0,581.0,61.0,155.5,302.0,72.5,49.0,136.0,29.0,64.5,99.0,188.0,221.0,529.0,222.0,64.0,23.0,264.5,52.0,47.0,211.0,38.0,43.5,52.0,173.5,50.0,295.0,185.0,45.0,187.0,54.0,2070.5,65.0,59.0,344.5,137.5,34.0,34.0,197.0,504.5,47.0,70.0,112.0,809.5,169.0,56.0,1155.0,59.0,154.0,82.0,549.0,116.5,61.0,2936.0,2157.5,107.0,88.0,3934.0,3546.0,466.0,697.0,280.0,264.5,3641.5,105.0,2637.0,197.0,162.0,335.0,2237.0,5871.5,284.5,112.0,525.5,4058.0,1317.0,79.5,61.0,57.0,52.0,50.0,165.5,1611.0,58.0,235.0,107.0,239.0,53.0,56.0,82.0,60.0,48.0,33.0,2761.0,59.0,43.5,3882.5
138,45.0,116.0,103.0,104.0,42.0,320.0,108.0,149.5,131.0,301.5,68.0,351.0,329.0,123.0,306.0,147.0,149.0,435.0,110.5,48.0,395.0,64.5,59.0,2902.0,230.5,64.0,344.0,430.5,187.0,43.0,53.0,227.0,3234.0,334.5,160.0,15032.0,79.5,186.0,589.0,602.5,151.5,74.0,48.0,229.0,876.0,358.0,86.0,906.5,79.0,230.0,379.0,94.0,77.0,206.0,39.0,88.0,126.0,245.5,258.0,610.0,286.0,82.0,30.0,393.0,72.0,70.0,279.0,51.0,62.0,79.5,202.0,59.0,417.0,350.5,65.0,224.0,69.0,3139.0,83.0,71.0,462.0,179.5,39.0,46.0,279.0,708.0,62.0,90.5,157.5,971.5,205.0,68.0,1037.0,78.0,213.0,94.5,623.0,191.0,108.0,2768.0,2706.0,161.5,116.0,5119.5,4913.0,256.0,754.0,370.0,358.5,5494.0,160.0,4533.0,234.0,233.0,440.0,1577.0,8754.0,358.0,171.0,760.0,6090.0,1698.0,129.0,101.0,69.0,73.0,69.0,280.5,3025.0,85.5,325.0,137.5,240.0,70.0,90.5,116.0,101.0,59.5,42.0,4980.0,92.0,57.0,5255.0
139,52.0,92.0,144.0,72.0,40.0,109.0,159.0,93.0,139.5,181.0,67.0,550.0,241.0,27.0,4954.5,91.5,742.0,300.0,48.5,59.0,337.0,107.0,68.5,10108.0,165.0,67.0,199.0,364.5,222.0,50.0,40.0,243.0,2278.5,283.5,1999.0,110.5,85.0,170.0,208.0,1054.0,93.0,89.0,46.5,139.5,962.5,262.0,109.5,2094.0,68.0,242.0,239.0,71.0,61.0,264.5,38.0,64.0,91.0,137.0,549.0,824.0,215.0,169.0,36.5,200.0,131.0,47.0,169.0,38.0,47.0,89.5,78.0,123.0,53.0,492.0,182.0,360.0,70.0,1172.5,67.0,71.0,267.0,147.0,55.0,405.5,45.0,280.0,72.0,58.0,109.5,50.0,239.0,1514.0,318.0,75.0,236.0,125.5,164.5,93.0,101.0,175.0,246.0,116.0,103.0,103.0,604.0,563.5,134.0,225.0,251.0,513.0,134.5,4698.5,111.0,66.0,90.0,146.0,786.0,105.0,180.0,366.0,1427.0,521.0,327.0,80.0,588.0,99.0,77.0,121.0,300.0,102.0,238.0,215.0,149.0,128.0,32.0,86.0,63.5,43.0,51.0,655.0,63.0,42.0,170.5
140,63.5,122.0,167.0,90.0,51.0,154.0,181.0,122.5,150.0,208.0,54.0,635.0,265.0,32.0,5051.0,114.0,678.0,326.0,63.0,77.0,343.0,105.0,71.0,9995.0,203.0,73.0,257.0,416.0,270.0,54.0,49.5,274.0,2279.0,317.0,2090.0,145.5,106.0,185.0,212.0,907.0,96.0,93.0,57.0,184.0,1089.0,328.0,129.0,1587.0,83.5,279.5,315.0,88.0,73.0,296.5,39.0,73.0,98.0,191.0,520.5,955.0,258.0,167.0,42.0,188.0,122.0,56.0,220.0,43.0,54.0,97.5,99.5,126.5,58.0,574.0,194.0,374.0,83.5,964.0,92.0,86.0,413.0,185.0,61.0,358.5,55.5,358.0,75.0,79.0,143.0,58.5,254.5,1555.0,339.0,91.0,255.0,131.0,185.0,112.0,129.5,186.0,243.0,132.5,130.0,107.0,525.0,670.0,161.0,254.0,263.0,440.0,159.5,3709.0,133.5,93.0,107.0,180.0,807.0,126.5,214.5,454.0,8433.0,604.0,135.0,93.0,551.5,121.5,91.0,140.5,343.0,127.0,291.0,202.0,175.0,129.0,38.0,110.5,82.0,51.0,54.0,1112.5,65.0,56.0,188.0
141,184.5,173.0,5689.0,153.0,153.0,193.5,434.0,178.0,554.5,1282.0,58.5,8977.0,2387.0,41.0,417.0,155.0,553.0,314.5,268.0,68.0,10912.0,136.5,243.0,11806.0,150.0,100.0,369.0,380.5,1067.0,72.0,66.0,484.0,2241.5,2437.0,889.0,283.0,164.5,17494.0,8358.0,68.0,301.0,256.5,234.0,447.0,1580.0,621.5,149.5,12192.0,101.0,352.5,1534.0,114.0,2436.5,555.0,199.5,129.0,184.0,286.0,285.0,687.0,363.0,172.0,56.5,212.0,122.5,94.0,387.0,68.0,1339.0,124.0,181.5,115.0,108.5,1285.0,121.0,331.5,101.5,892.0,125.0,109.0,972.5,215.0,82.0,595.0,294.0,493.0,97.0,116.0,331.0,74.5,468.0,112.5,2106.5,191.0,7203.0,534.0,15785.5,6301.5,3461.0,28692.5,30774.0,9571.0,4466.0,9053.0,51152.0,12587.5,7540.0,20401.0,2623.0,55407.0,5167.0,52555.0,9218.0,9280.0,43838.0,12678.5,56476.5,11267.0,4549.0,13351.0,34546.0,43021.5,5886.0,2251.0,2980.5,3685.0,3154.5,3635.0,44896.0,3060.0,9558.5,9310.0,5749.0,158.0,52.0,139.0,224.5,528.0,106.0,29348.0,1144.0,74.0,175.5
142,155.0,189.0,4696.0,167.5,154.0,223.5,359.5,215.0,422.5,1138.5,56.0,6647.0,2232.0,42.0,372.0,168.5,425.5,370.0,193.0,67.5,9224.0,168.0,275.0,9920.0,158.0,106.0,412.0,406.5,970.5,102.0,79.0,409.0,2139.0,2218.0,945.5,271.0,165.0,16750.0,7204.0,69.0,258.0,211.0,200.0,396.0,1589.5,588.0,174.0,11670.0,116.0,368.5,1285.0,122.0,1825.0,504.0,149.5,117.0,179.0,335.0,394.0,689.0,284.0,233.0,67.0,242.0,161.0,88.0,400.0,68.0,1323.0,128.0,160.0,142.0,108.0,1166.0,111.0,495.0,133.0,804.5,134.0,131.0,676.5,263.0,90.0,377.5,237.0,522.0,109.0,135.5,349.5,89.5,418.5,115.5,1504.5,166.5,7550.0,446.0,11762.0,4508.0,2133.0,20470.0,26806.5,8328.0,3069.5,6484.0,43067.5,9415.0,7682.0,16272.0,1689.0,46644.0,3509.0,43677.0,6246.0,5316.0,37294.5,9518.0,46000.0,7510.0,3484.0,7673.0,29842.5,32349.5,3457.0,1370.0,2607.0,2249.0,2416.0,2352.0,36409.0,1857.5,6551.5,5974.0,3852.0,205.0,53.0,155.0,245.0,450.0,107.0,24587.0,893.0,81.0,152.0
143,94.0,267.0,226.5,207.0,119.5,547.5,284.0,323.0,191.5,5169.5,94.0,716.0,385.0,44.5,1821.0,284.0,431.0,588.0,168.5,93.0,828.0,124.5,137.5,519.0,253.0,299.0,677.0,757.0,521.5,75.0,80.5,433.0,2000.5,2778.0,2669.0,495.5,193.5,4319.0,452.0,121.0,73.0,163.0,174.0,785.0,2587.5,1218.0,185.5,887.0,171.0,691.0,767.0,182.0,122.0,547.0,949.0,9548.0,120.5,560.5,556.0,1269.0,903.0,2524.0,117.0,307.0,167.0,82.0,605.0,70.5,119.5,222.0,248.0,103.5,625.0,2253.0,2527.0,489.0,115.0,10166.0,179.0,157.0,1490.0,333.0,87.0,68.0,150.0,1166.5,105.0,206.0,667.0,93.0,451.5,130.0,897.5,183.0,1032.0,216.0,345.0,347.0,434.0,3949.5,718.0,331.0,250.5,2889.5,23563.5,716.0,35742.0,587.0,538.0,15335.5,815.0,28313.0,580.0,782.5,5377.0,1294.0,4793.5,442.0,1318.0,1058.0,6726.0,1601.0,962.5,315.0,218.0,388.0,186.0,255.5,33534.0,638.5,11706.0,411.5,2479.0,161.0,114.5,201.0,136.0,258.5,88.0,1345.0,147.5,137.0,536.0
144,98.0,198.0,252.0,203.0,156.0,447.5,255.0,302.0,193.0,5184.5,129.0,747.5,388.0,54.5,1819.5,239.0,539.5,470.0,196.0,119.0,1028.5,136.0,154.0,531.0,229.0,353.0,500.0,593.0,414.0,89.0,100.0,394.0,2109.0,2541.0,2586.5,442.0,170.0,4072.0,431.0,193.0,82.0,181.0,219.0,764.0,2132.5,1108.0,196.5,852.5,157.5,741.5,544.0,182.0,128.0,800.0,929.0,10509.0,152.5,502.0,498.0,1124.5,1399.0,2969.0,154.0,368.5,168.5,107.0,569.0,91.0,148.0,230.5,229.0,138.5,529.0,2003.0,1591.0,463.0,118.5,10355.0,144.0,149.0,1368.0,303.0,98.0,83.0,119.5,988.0,108.0,183.0,789.0,110.0,424.0,127.0,827.5,183.0,828.5,218.0,471.0,457.5,580.0,3258.5,650.0,469.0,358.0,2243.0,17251.5,1035.0,768.0,736.0,601.0,5557.0,789.0,7206.5,643.5,880.0,5807.5,1360.0,4311.0,552.0,2645.0,852.5,7969.0,1983.0,1091.0,432.0,290.0,508.0,253.0,351.0,34546.0,795.0,6994.0,569.0,1510.5,171.5,173.0,205.5,141.0,333.0,96.5,1529.5,168.0,144.0,502.0
145,105.5,178.0,311.0,177.0,98.0,261.0,224.0,272.0,220.0,408.0,94.0,767.0,634.0,60.0,368.0,249.5,530.0,387.0,140.0,89.5,1065.0,137.0,125.0,1185.0,159.0,116.0,454.0,424.0,362.5,92.0,78.5,338.0,1204.0,568.0,379.5,747.0,498.0,275.0,395.5,135.0,107.0,195.0,135.0,307.5,2025.0,491.0,180.0,675.0,124.0,963.0,1118.5,147.0,186.5,996.0,103.0,199.0,132.0,445.5,397.0,734.0,2008.0,448.0,74.0,155.0,158.0,95.0,432.0,88.0,123.0,159.0,150.5,126.5,73.0,8828.5,5771.0,347.0,133.0,2400.0,575.0,149.5,598.5,289.0,103.0,111.0,120.5,777.0,104.0,166.0,246.0,195.0,435.0,145.0,356.5,187.0,1017.0,173.0,551.5,409.0,428.0,740.0,558.0,415.0,390.0,426.5,1173.0,360.5,1310.0,781.5,430.0,1098.0,523.5,17641.0,427.0,272.5,349.0,971.0,1899.0,435.0,588.0,907.0,1186.0,1809.0,349.0,303.0,199.0,353.5,167.0,370.0,931.0,414.0,893.0,375.0,555.0,143.0,65.5,192.0,164.0,661.5,117.5,2392.0,205.0,102.0,403.0
146,113.0,162.0,388.0,177.0,89.0,250.0,229.0,245.0,242.0,392.0,86.0,1238.0,560.5,57.0,459.0,230.0,505.0,397.5,146.0,82.0,1313.0,114.0,113.0,1661.0,154.5,102.0,431.0,408.0,381.0,76.0,66.0,342.5,1146.5,522.0,351.0,790.0,493.5,271.0,450.0,124.0,107.0,180.0,156.0,321.0,1853.0,471.5,166.0,557.5,113.5,872.5,1181.5,132.0,232.0,897.0,99.0,192.0,122.0,409.0,363.0,631.5,2038.0,430.5,62.0,132.0,155.5,88.0,404.0,76.0,109.0,154.0,163.0,123.0,60.0,7845.0,5186.5,362.0,117.0,2241.0,548.0,124.0,516.5,298.0,90.0,137.0,121.5,611.5,97.0,152.0,223.0,141.0,423.5,126.0,392.0,166.0,901.5,189.0,556.0,332.5,359.0,598.0,472.0,349.5,352.0,351.5,1346.5,336.0,980.5,746.0,378.0,941.5,433.5,3318.0,350.5,201.5,292.0,632.0,1577.0,370.0,530.0,917.0,1029.0,1634.0,292.0,266.0,173.0,294.0,151.0,301.0,655.0,354.0,783.5,302.0,506.0,138.0,60.0,176.0,129.0,521.0,105.0,2257.0,231.0,89.0,285.0
147,72.5,90.0,2179.0,738.0,61.5,222.0,687.0,149.0,253.0,354.0,63.0,2164.5,537.0,51.5,234.0,164.0,317.5,223.0,130.5,202.0,2201.0,65.0,530.0,6707.0,331.0,129.0,286.0,20596.5,316.0,37.0,32.0,339.0,1114.0,9541.0,122.0,15708.0,89.0,387.5,499.0,518.0,132.0,339.5,104.0,272.0,738.0,327.0,122.5,3130.0,77.5,347.0,659.0,229.0,353.0,567.5,65.0,246.0,13989.0,279.0,269.5,769.0,2531.0,134.5,34.0,181.0,69.5,80.0,276.0,35.0,170.5,342.0,193.0,71.0,301.0,13038.5,277.0,222.0,66.0,720.5,74.0,108.0,956.0,154.0,45.5,220.0,70.5,818.5,67.0,90.5,224.0,75.0,305.0,279.0,602.0,81.0,229.0,182.0,55039.0,10883.5,2918.0,88872.0,64204.5,20861.0,9388.0,17365.0,90597.0,31740.0,57615.0,33867.5,5019.0,110860.0,19550.0,94024.0,31590.5,28520.0,30302.5,90838.5,103730.0,25139.0,3539.5,62905.0,68586.0,88251.0,2149.5,6478.5,2314.0,597.0,640.5,8936.0,60007.0,1112.0,51934.0,47311.0,14606.5,80.0,57.0,194.0,1941.5,834.0,46.0,10039.0,650.5,70.0,739.5
148,62.0,83.0,114.0,66.0,52.0,130.0,106.0,108.0,155.0,640.0,35.0,326.0,168.0,125.5,160.0,88.0,489.0,176.0,65.0,28.0,206.5,71.0,51.0,286.5,470.0,52.0,216.5,3453.0,174.0,36.0,31.0,180.0,623.0,14301.5,131.0,107.0,80.0,155.0,130.0,332.0,42.0,89.0,41.5,135.0,919.5,221.0,165.0,239.0,50.0,305.0,275.0,67.0,80.0,312.0,300.0,250.0,99.0,163.5,166.0,381.0,165.5,69.0,26.0,57.0,55.0,42.0,186.5,34.0,42.0,62.0,65.0,49.0,80.0,1374.0,37.0,141.5,59.0,200.5,61.0,54.0,242.0,172.0,36.0,65.0,40.0,375.0,55.5,72.0,98.0,38.0,196.5,47.0,328.0,80.0,107.0,84.5,223.0,145.0,223.0,237.0,219.0,162.0,177.5,162.0,320.0,142.0,235.0,290.0,176.0,269.0,197.0,497.5,167.5,96.0,132.5,214.0,655.0,156.0,289.0,406.5,379.0,606.0,379.5,88.0,78.0,153.0,70.0,148.0,290.5,161.0,294.5,139.0,205.0,63.0,25.5,86.5,96.0,37.0,35.0,546.5,58.0,70.0,49.5
149,64.0,98.0,126.0,74.0,46.0,141.0,123.0,120.0,163.5,1073.0,39.0,430.0,174.0,123.0,224.0,96.5,1869.0,191.0,78.0,33.0,263.0,79.0,62.0,379.0,577.0,55.0,249.0,4063.0,231.0,36.0,32.5,197.0,694.0,15152.0,204.0,227.0,94.5,177.0,182.5,362.5,49.0,84.0,48.0,169.0,1081.5,242.0,151.0,290.0,60.0,373.0,300.5,70.0,140.0,620.0,333.0,551.0,102.5,174.0,205.0,413.0,281.0,78.5,28.0,62.0,60.0,46.0,197.0,33.0,43.0,67.0,80.0,52.5,82.0,1671.0,43.5,165.0,66.0,368.0,68.5,57.0,306.5,185.0,38.0,89.0,48.5,423.5,57.0,76.0,120.0,39.0,238.0,51.0,367.0,94.0,129.0,91.0,226.0,153.5,186.0,253.0,244.0,182.0,183.5,180.0,544.0,162.0,242.5,326.0,189.0,311.0,214.0,618.0,180.0,102.0,141.0,231.0,731.0,170.0,307.0,415.5,413.0,692.5,398.5,101.0,84.0,159.0,78.0,157.5,330.0,176.0,339.0,155.0,220.0,67.0,35.0,92.5,81.5,42.0,41.0,862.0,66.0,87.0,53.0
150,53.0,81.0,103.0,61.0,29.0,88.0,97.0,71.0,133.0,134.0,30.0,1080.0,374.0,52.0,1511.0,68.0,398.0,115.5,52.0,28.0,1523.0,49.0,148.0,5657.0,66.0,46.0,220.0,593.0,167.0,36.0,31.0,132.0,1947.0,95.0,83.0,98.0,96.0,88.0,149.0,358.0,43.0,65.0,44.0,114.5,453.5,205.0,119.0,134.0,51.0,199.5,222.5,57.0,50.0,258.5,55.0,164.0,112.0,107.0,112.0,383.0,578.0,95.0,26.0,232.0,49.0,50.0,114.0,30.0,46.0,53.0,65.0,43.5,85.0,10149.0,6208.0,141.0,398.5,582.0,58.5,52.0,387.0,89.0,32.0,36.0,107.5,222.0,48.0,51.5,81.0,56.0,203.0,97.0,151.0,79.0,138.0,73.5,595.0,508.5,501.0,9317.0,1815.0,3176.5,299.0,1944.0,21240.5,855.0,455.0,907.0,335.0,3614.0,3184.5,3699.0,809.0,4006.0,1292.5,2628.5,6243.0,3954.0,572.5,1295.5,6496.0,2292.0,718.0,185.0,162.0,331.0,135.5,506.5,6406.0,414.0,1077.5,548.5,1151.0,50.0,35.0,69.0,54.0,65.5,62.0,388.0,1041.0,96.5,52.0
151,52.5,82.0,214.0,63.0,28.0,79.0,100.0,73.0,127.5,121.0,29.0,1345.0,388.0,51.0,1332.0,68.5,337.0,104.0,55.0,32.0,1748.0,53.0,137.0,5761.0,69.0,43.0,198.5,598.0,172.0,36.0,33.0,120.5,1897.5,84.0,80.0,74.0,93.0,87.0,165.5,390.0,52.0,71.0,43.5,118.0,439.5,184.0,123.0,138.0,48.0,210.0,236.5,54.0,55.0,299.0,57.0,145.0,96.0,103.0,110.0,367.0,505.5,100.0,25.0,208.5,48.0,49.0,110.0,32.0,46.0,49.0,69.0,47.0,73.0,9308.0,5741.5,146.0,383.5,493.0,56.0,51.0,305.0,80.5,33.0,37.0,103.0,200.0,52.0,51.0,76.5,53.0,200.0,87.0,152.0,78.5,120.0,75.0,492.0,406.0,399.0,4873.0,1106.0,989.0,284.0,1431.0,15124.5,572.0,408.5,832.0,267.0,2592.0,2023.5,3095.0,653.0,1945.0,861.0,1868.5,3768.0,3079.0,573.5,875.5,5076.0,2002.0,656.5,161.0,144.5,300.0,104.5,385.5,4404.0,372.0,792.0,421.0,768.0,52.0,31.0,69.0,53.0,58.5,52.0,571.0,1010.0,100.5,46.5
152,115.0,168.0,574.5,172.0,76.0,227.0,177.0,223.0,200.0,267.0,62.0,893.0,1284.0,46.0,280.0,184.5,628.0,334.5,136.0,55.0,1300.0,132.0,98.0,1205.0,439.0,78.0,436.5,2693.5,484.0,59.0,50.0,287.0,4373.0,238.5,369.0,199.5,167.0,214.0,1915.0,166.5,103.0,128.0,85.0,274.0,1200.5,427.0,159.5,303.5,90.0,589.5,660.0,114.5,181.0,586.0,103.0,119.0,126.0,315.0,473.0,864.0,254.5,121.0,44.0,184.0,106.5,90.0,374.0,58.0,552.5,118.5,547.0,92.0,497.0,499.5,165.0,272.0,125.0,681.0,113.0,91.0,870.5,235.0,60.5,115.5,75.0,542.5,88.0,129.0,189.0,557.0,426.0,234.0,82179.0,170.0,214.5,194.0,497.5,355.5,313.0,379.0,424.0,290.0,281.0,229.0,401.0,289.0,396.0,651.5,320.5,986.0,369.0,1299.0,286.5,227.5,226.5,399.0,1271.0,250.0,540.0,907.0,639.5,1145.0,238.0,171.0,233.0,223.5,133.0,268.0,464.5,269.0,638.0,244.0,409.0,110.0,41.0,145.0,116.0,169.0,91.0,2807.0,98.0,68.5,81.0
153,98.0,129.0,401.0,130.5,55.0,173.0,170.0,172.5,164.0,232.5,48.0,699.0,793.5,34.0,217.0,145.0,460.0,272.0,86.0,45.0,951.0,106.0,80.5,1024.5,344.0,61.0,360.5,1905.0,388.0,42.0,42.0,236.0,4030.0,164.0,418.0,154.0,134.0,178.0,1358.0,145.5,75.0,94.0,67.0,215.5,1036.0,365.0,119.0,234.0,73.0,534.0,518.0,93.0,130.0,459.0,76.0,73.0,109.0,262.0,346.0,898.0,181.0,91.5,32.5,159.0,73.0,74.5,291.0,42.0,380.0,86.0,377.5,71.0,412.0,400.0,117.0,200.0,91.0,416.0,89.0,70.0,654.5,196.0,49.0,86.0,58.0,459.0,71.0,100.0,151.0,365.0,357.0,176.0,67482.0,135.0,180.0,157.0,382.0,264.0,230.0,291.5,323.0,223.0,221.0,167.0,298.0,216.0,297.5,494.0,252.5,696.0,283.0,1012.0,205.0,185.5,185.0,303.5,952.0,194.0,411.0,635.5,519.5,892.0,185.0,130.0,163.0,171.0,101.0,207.0,341.0,207.0,465.0,181.5,293.0,83.0,29.0,113.5,90.0,111.0,67.0,2041.0,80.0,56.0,56.0
154,1720.0,88.5,16363.0,175.5,48.0,226.0,2996.5,123.0,6796.0,163.0,101.0,49657.0,596.0,50.5,6067.0,162.0,273.0,122.5,2601.0,36.0,50220.5,203.0,241.5,55890.0,222.0,125.0,163.0,199.0,10039.5,87.0,68.0,5599.0,2834.0,6124.0,351.0,90.0,148.0,374.5,23690.0,150.0,2221.0,2023.5,2308.0,5913.5,7248.0,869.5,71.0,1108.0,115.0,460.0,18009.0,133.0,9008.0,295.0,1314.0,157.5,1081.0,112.0,122.0,549.5,141.0,171.5,64.0,302.5,47.0,175.0,130.0,247.5,796.0,160.0,341.0,66.0,173.0,8913.0,1513.0,112.5,169.5,433.0,103.0,93.5,822.5,92.5,73.0,4398.5,97.0,294.5,97.0,113.0,405.5,48.0,1159.5,72.0,17026.0,1223.0,99.0,7097.0,11723.0,100.0,107.5,14337.0,1484.0,163.0,4129.0,70.5,37409.5,409.5,312.0,13385.0,98.5,15671.0,136.0,18998.0,111.0,77.0,3108.0,4393.0,1920.5,2074.5,724.5,14486.0,461.5,345.5,271.5,64.0,53.0,81.5,45.0,111.5,681.0,80.0,409.0,91.0,757.5,50.0,130.0,101.0,345.5,461.0,82.0,62111.5,5261.0,133.0,3214.0
155,1361.5,79.0,14947.0,138.5,36.0,174.0,2585.0,102.0,6020.0,118.0,83.0,47380.0,493.5,38.5,6940.5,130.0,172.0,96.5,2150.5,29.0,46989.0,153.0,167.5,55200.0,180.0,100.0,131.0,179.0,9641.5,71.5,49.0,5386.0,2253.5,4339.5,308.0,61.0,106.0,330.0,22310.0,129.0,1980.5,1825.0,1618.0,5550.0,6295.0,644.5,57.0,803.5,85.0,350.5,16076.0,100.0,7941.0,230.0,1059.0,124.0,765.0,95.0,107.0,472.0,120.0,141.5,54.5,225.5,43.0,166.5,105.5,210.0,477.5,117.0,312.0,49.0,141.0,7412.0,1119.0,107.0,131.0,330.0,81.0,79.5,693.0,74.0,62.0,3627.5,69.0,478.0,84.0,85.0,325.0,42.0,895.0,55.5,14995.0,1089.0,80.0,6087.0,10515.5,77.0,84.0,3049.0,1306.0,130.5,4135.5,110.5,35638.5,322.0,232.5,12256.0,81.0,12749.5,100.5,17491.5,93.0,65.0,2585.0,3712.0,2901.5,1853.5,796.0,12873.0,417.0,1590.0,219.0,52.0,48.0,63.5,37.0,93.5,795.0,66.0,362.0,100.0,634.0,44.0,89.5,84.0,293.0,390.5,66.5,61502.0,4693.0,94.0,2213.0
156,629.0,133.0,227.0,126.0,56.5,231.0,171.5,169.0,173.0,247.0,47.0,367.0,242.5,63.0,1526.5,177.5,699.5,266.0,107.5,147.0,559.0,103.0,98.0,991.0,1267.0,78.0,336.0,1735.5,293.5,64.5,61.0,244.0,1121.0,197.0,358.0,30038.0,117.0,240.0,1082.0,633.0,72.0,111.5,69.0,234.0,918.0,700.0,120.0,313.0,84.0,328.5,401.0,99.0,429.5,834.0,50.0,145.0,144.0,280.0,348.0,860.0,455.5,251.0,194.0,278.0,100.5,61.0,330.5,51.0,154.0,95.0,134.5,94.5,61.0,360.5,78.0,266.0,92.0,8259.0,96.0,91.0,593.0,181.0,60.0,69.0,97.0,537.0,88.5,108.0,169.0,90.0,423.5,524.0,375.5,107.0,225.0,123.0,241.0,171.0,189.0,295.5,369.5,208.0,171.0,146.0,2050.0,255.0,876.5,929.0,250.5,688.5,272.0,2469.0,199.0,126.5,163.0,524.0,873.0,171.0,429.5,584.0,460.0,1354.0,683.0,116.0,171.5,346.5,115.0,196.5,461.0,224.5,544.5,184.0,281.0,116.0,353.0,164.0,169.5,3658.0,75.5,13680.0,125.0,69.0,403.0
157,739.5,106.0,202.5,100.0,55.0,204.0,135.0,179.0,153.0,228.0,38.0,334.5,205.5,39.0,866.0,158.5,363.0,273.0,82.0,129.0,637.0,84.5,77.0,441.0,927.0,77.0,316.5,1539.0,218.0,334.0,47.0,227.0,950.0,160.0,259.0,25323.0,93.0,219.0,999.0,316.0,58.0,85.0,59.5,211.5,774.5,631.0,120.0,207.5,75.0,221.0,350.0,89.0,370.0,400.0,48.0,122.0,118.0,313.0,346.0,608.5,386.0,183.0,146.5,192.0,94.0,50.0,422.0,46.0,110.0,81.0,119.0,84.5,40.0,297.0,56.0,271.0,83.0,6486.0,81.0,78.0,461.0,196.0,55.0,64.0,95.0,420.0,77.0,99.0,152.0,69.5,349.0,398.5,281.0,85.0,201.0,112.0,211.5,156.0,159.0,575.0,268.0,187.0,169.0,350.0,30061.0,215.0,574.5,829.0,297.0,1655.0,322.0,23069.0,167.5,153.0,159.0,2429.0,605.5,156.0,1179.0,435.0,360.0,7932.0,489.0,121.0,150.0,301.5,341.0,162.0,3560.5,185.0,426.0,162.0,215.0,102.0,330.0,143.0,110.0,3175.0,65.0,10665.0,227.0,67.0,252.0
158,146.0,167.0,517.5,193.0,86.0,635.0,152.0,322.0,248.0,856.0,194.5,637.5,21459.0,99.0,229.0,129.0,216.0,239.5,180.0,48.0,1304.0,109.0,160.0,1626.5,399.0,180.0,303.0,581.0,619.0,115.5,119.5,210.5,1278.0,1709.0,760.5,50439.0,143.0,230.0,738.0,321.0,301.0,141.5,148.0,321.0,845.5,276.0,168.0,1235.0,164.0,134.0,449.5,198.0,221.0,109.0,290.0,205.5,219.0,237.0,228.5,548.0,359.0,132.0,144.0,165.0,178.0,150.0,295.5,117.0,130.0,174.0,4355.0,111.0,121.0,1522.0,131.0,169.0,160.0,501.0,160.0,161.0,484.0,226.0,143.0,169.5,143.0,395.0,169.5,169.0,186.0,209.0,220.5,268.5,4545.0,142.0,229.0,195.0,187.0,120.0,61.0,378.5,282.0,306.0,65.0,94.0,3802.0,75.0,150.0,125.0,134.5,796.0,69.0,1102.0,75.5,185.5,346.0,187.0,1496.0,126.0,113.0,219.0,299.0,298.0,140.0,56.0,48.0,38.0,62.0,449.0,773.0,45.0,131.0,71.5,76.0,94.0,725.5,208.0,3996.0,419.0,711.0,2379.5,615.5,139.0,145.0
159,118.0,140.5,421.0,166.0,72.0,302.0,144.5,286.0,237.0,744.0,108.5,485.5,16471.0,77.0,215.5,108.0,137.0,231.0,151.0,53.0,942.0,101.0,126.5,1283.0,269.5,142.0,246.0,1088.0,523.0,114.0,98.5,182.0,828.5,1239.0,459.0,50853.0,116.0,175.0,739.0,954.0,232.5,136.5,130.0,258.5,696.5,239.0,143.5,1318.0,139.0,139.0,433.0,178.5,178.0,97.0,282.0,211.0,201.0,213.0,195.0,499.0,287.0,116.5,114.5,155.0,184.5,143.0,272.0,92.5,114.0,142.5,3160.5,97.5,97.0,1327.0,108.5,142.0,135.0,342.0,125.0,127.0,418.5,203.5,124.0,135.0,133.0,363.0,158.0,146.0,153.0,167.0,187.0,178.0,4343.0,117.0,3108.0,166.5,202.0,268.0,52.0,333.5,520.0,282.0,56.5,62.0,4175.0,66.0,135.0,140.0,148.0,669.0,57.0,779.0,77.0,810.5,298.5,181.0,2801.5,142.0,88.0,224.0,243.5,371.0,128.0,52.0,45.5,36.0,70.0,887.0,526.0,37.0,136.0,64.0,63.0,78.0,659.0,185.0,751.0,417.0,741.0,1612.5,444.0,112.0,114.0
160,78.0,159.0,170.0,1807.0,62.0,339.0,170.5,216.0,179.0,267.5,44.0,414.5,298.0,56.0,1951.0,167.5,262.0,419.5,119.0,118.5,868.0,108.0,90.0,418.5,177.0,331.0,400.0,922.5,253.0,77.0,56.0,289.0,1502.5,415.0,422.0,181.5,129.0,209.0,324.0,130.0,68.0,119.0,87.5,1135.0,1036.5,660.0,164.0,530.5,89.0,569.0,424.0,1038.5,146.0,498.5,143.0,206.0,178.0,321.0,323.0,618.0,208.0,134.5,43.5,115.0,94.0,76.0,358.0,156.5,163.0,112.0,136.5,104.0,136.0,23138.0,115.0,349.0,99.5,1166.0,123.5,106.5,525.0,345.0,71.0,90.0,174.5,498.0,164.0,136.0,211.0,4366.5,393.5,105.0,266.0,120.0,264.0,177.0,11774.0,1748.0,345.0,17767.5,13615.0,1474.0,1596.5,3337.0,33407.5,3894.0,7458.0,5142.0,2702.0,51060.0,598.0,10392.0,3714.0,2050.0,1637.0,12616.5,48599.0,3095.0,534.0,13559.0,12012.0,32165.5,555.0,834.0,356.5,277.0,194.0,1904.0,1550.0,738.0,6557.0,15675.0,4285.0,117.5,95.0,1459.0,916.0,78.0,72.0,6024.0,222.0,90.0,206.0
161,57.0,109.5,107.5,1449.0,45.0,236.0,121.0,155.0,150.5,182.0,35.5,254.0,223.0,40.0,1317.0,113.0,178.0,305.0,79.0,101.5,630.0,76.0,77.0,255.0,118.0,232.0,274.0,606.0,170.5,52.0,41.0,213.0,1096.0,284.0,310.0,117.0,99.0,140.0,249.5,83.0,45.0,92.0,57.0,492.0,728.5,533.0,99.0,426.0,67.0,358.5,307.0,759.5,96.0,343.5,138.0,122.5,174.0,222.0,262.0,474.5,160.0,103.0,35.0,78.5,74.5,60.0,269.5,128.0,113.0,74.0,106.0,76.5,92.5,19872.0,70.0,233.0,71.0,897.0,83.0,76.0,354.5,286.0,51.0,57.0,98.0,360.0,125.5,92.0,158.0,4128.0,294.0,68.0,193.0,86.0,215.0,120.0,3568.0,952.5,176.0,6753.0,6004.0,655.0,544.5,1724.0,15305.0,1399.0,2838.5,1674.0,1298.0,33764.0,279.5,7350.0,1646.5,647.5,715.5,6830.0,25656.5,1202.5,280.0,3501.0,3661.5,11019.0,345.5,266.0,164.0,159.5,113.0,860.0,866.0,336.0,2338.0,11144.0,2330.0,89.0,71.0,548.0,280.0,65.0,55.0,4714.0,159.5,62.0,107.5
162,114.0,91.0,173.5,73.0,48.0,204.0,108.5,86.0,154.0,867.0,224.0,328.5,222.0,48.0,495.0,95.0,217.5,120.0,77.5,38.5,317.0,65.0,67.0,421.0,87.5,84.5,162.0,318.0,243.0,58.0,50.0,145.5,625.0,114.0,98.0,127.0,86.0,288.5,489.0,52.0,64.0,79.0,68.0,235.0,497.0,349.0,124.0,353.0,141.0,353.0,240.5,78.0,70.0,537.0,46.0,149.0,120.0,271.0,116.0,407.5,165.0,66.0,41.0,110.0,53.0,72.0,175.0,51.5,59.0,481.0,79.5,58.0,50.0,734.0,59.0,142.0,65.0,1187.5,69.0,65.0,1893.0,106.0,86.0,58.0,58.0,453.5,64.0,67.0,104.0,165.0,177.0,63.0,266.0,86.0,80.0,113.0,13666.0,1969.0,1501.5,17664.0,20746.0,11694.0,3054.0,6026.0,42044.0,8664.0,12253.5,11268.5,774.0,21712.0,1487.0,9643.0,6641.0,5945.0,15697.0,4294.0,47587.0,4943.0,1140.0,17103.5,15846.0,37777.5,1296.5,3565.0,2062.0,446.0,1293.0,3197.0,19389.0,440.5,13626.0,2139.0,996.5,79.0,55.0,72.0,134.5,81.0,94.0,658.5,163.0,85.0,74.0
163,145.0,105.0,210.0,79.0,60.0,355.0,128.0,98.0,166.5,840.0,256.5,376.0,252.5,55.0,523.0,105.0,209.0,135.0,83.0,49.0,352.0,77.0,80.0,454.0,97.0,98.0,180.0,552.0,284.5,70.0,55.0,188.0,658.5,121.0,108.0,142.0,106.0,321.0,536.0,57.5,68.5,80.0,73.0,256.0,587.0,418.5,155.0,370.0,147.0,397.0,275.0,93.0,86.0,601.0,59.0,161.0,154.0,250.0,129.5,447.0,215.0,79.5,45.0,125.0,64.0,82.5,164.0,57.0,69.0,420.0,81.0,71.0,54.5,226.0,67.0,168.0,70.0,1482.0,83.0,70.0,2009.0,124.0,95.0,68.0,67.0,1370.5,72.0,78.0,113.0,160.0,223.5,67.5,275.0,99.0,101.0,127.0,17474.0,3045.0,2181.0,24242.0,27669.0,11750.0,6924.0,7154.0,45356.0,14147.0,21033.5,17255.0,1116.0,26496.0,2298.5,12998.0,10032.0,11339.0,19228.0,6268.0,48645.0,6879.0,2514.0,23724.5,24771.0,42446.5,1865.0,6546.0,4629.5,451.0,2521.0,5330.0,23207.0,572.0,19757.0,4175.5,1756.0,94.0,65.0,88.0,172.0,86.0,107.0,2415.0,172.5,112.0,96.0
164,88.0,361.0,198.0,167.0,82.5,389.0,175.5,344.0,172.0,412.0,33.0,395.0,266.0,44.0,427.0,215.0,273.5,584.0,126.0,291.0,724.0,101.0,159.0,464.0,158.0,89.0,513.0,384.5,368.0,95.5,96.5,439.0,1343.0,1852.0,206.0,230.0,152.0,453.0,221.0,210.0,102.0,113.0,111.0,381.0,1433.5,661.0,315.0,577.0,110.0,553.0,559.5,148.0,99.0,450.5,65.0,142.0,136.5,1134.0,518.0,638.0,147.0,124.0,50.0,110.0,145.5,102.0,613.0,59.0,101.0,205.0,174.0,116.5,71.0,1287.0,96.0,395.0,101.0,1115.0,149.0,106.0,876.0,381.5,74.0,76.0,119.0,695.0,170.5,196.5,259.0,87.0,444.5,149.0,231.0,134.5,401.0,179.0,244.0,195.0,183.0,239.5,192.0,189.0,162.0,113.0,256.0,479.5,285.0,304.0,407.0,256.0,242.0,1062.5,150.0,134.0,272.0,261.5,785.5,148.0,362.0,714.0,423.0,810.5,122.0,538.0,120.0,140.5,129.0,251.5,265.5,153.5,512.0,140.0,209.0,147.0,57.0,183.0,371.0,108.5,72.0,4634.0,309.0,134.0,90.0
165,59.0,140.0,146.0,115.0,54.5,389.0,111.0,238.0,147.0,264.0,25.0,263.0,193.0,30.0,318.5,148.0,214.5,388.0,91.0,114.0,541.0,73.0,77.0,367.0,113.0,63.5,371.0,255.0,232.0,76.0,45.0,269.0,1052.5,1404.0,171.0,148.0,93.5,313.5,147.0,120.0,77.0,81.0,79.0,253.5,982.0,453.5,216.0,492.0,76.0,247.0,392.0,108.0,70.0,271.5,59.0,111.0,123.0,630.0,341.5,489.5,123.5,84.0,31.0,84.0,90.0,64.0,407.0,40.0,72.0,156.5,100.0,75.0,44.0,1047.0,75.0,249.0,71.0,842.0,102.0,68.0,737.5,266.0,50.0,53.0,81.0,490.0,119.0,133.0,184.0,63.0,312.0,119.0,160.0,92.0,255.5,125.0,167.0,149.5,118.0,327.0,133.0,129.0,110.0,74.0,131.0,432.0,168.0,200.5,280.5,164.5,147.0,977.0,107.0,98.5,193.0,193.0,495.0,93.5,267.0,372.0,233.0,432.0,95.0,313.0,89.0,89.0,94.0,203.0,167.0,103.0,398.0,109.5,152.0,99.0,32.0,137.0,178.0,72.0,54.0,458.0,235.0,100.0,67.0
166,43.5,83.0,103.0,939.5,41.5,160.0,122.0,127.0,136.0,217.0,66.0,377.0,666.0,79.0,184.0,92.0,293.0,203.0,70.0,31.0,445.0,55.5,66.0,685.0,101.5,94.0,2335.0,525.0,152.5,62.0,39.0,239.0,1907.0,448.0,107.5,516.0,76.0,954.5,183.5,87.0,60.0,63.5,94.5,196.0,813.0,375.0,499.0,150.0,71.0,197.5,293.0,76.5,72.0,167.0,448.0,136.0,200.5,294.0,288.0,757.5,10720.0,71.0,31.0,139.0,57.0,104.5,231.5,38.0,41.0,97.0,155.0,61.0,74.0,166.5,161.0,210.5,131.0,780.5,71.0,62.0,1170.0,131.0,49.0,43.0,64.0,505.0,47.5,71.0,122.0,40.0,209.5,45.0,268.0,319.0,180.0,170.0,4455.0,14291.0,7560.0,21068.0,2318.5,5893.0,5513.5,10009.0,1964.0,29118.0,543.5,5947.5,6045.0,104075.0,13524.0,76187.5,20861.0,15057.0,4089.5,8731.0,2008.5,4669.0,52532.0,2104.0,9671.0,1491.0,11003.0,4742.0,3053.5,11815.0,2648.0,4609.0,16855.0,9715.0,3189.0,11489.0,7441.0,71.0,50.0,88.0,6970.0,55.0,48.0,634.5,125.0,89.5,96.0
167,57.0,114.0,115.0,905.0,47.0,196.5,144.0,182.0,145.0,236.0,50.5,949.0,744.0,58.0,216.0,128.0,357.0,300.0,93.0,37.0,588.5,63.0,71.0,1318.0,107.5,94.0,3570.0,1563.0,242.0,79.0,42.0,301.5,4310.0,408.5,126.0,1180.5,83.5,744.5,190.0,148.0,82.0,76.5,128.0,210.0,1225.5,454.0,819.0,179.0,88.5,283.5,384.0,95.0,90.0,227.0,550.0,122.0,230.0,543.5,440.5,934.0,11456.0,88.0,40.5,158.5,83.0,67.0,337.0,39.0,51.0,88.5,204.0,78.0,60.0,301.5,189.0,284.0,434.0,1081.5,91.0,67.5,628.0,190.0,52.0,45.0,80.0,756.5,68.0,102.0,159.0,52.0,269.0,60.0,313.5,272.0,291.0,173.0,3278.0,12762.0,6245.0,23966.0,1872.5,4491.5,4298.0,7943.0,2163.0,35972.0,531.0,4353.5,5111.0,89309.0,9580.0,71415.0,23805.0,12326.0,3136.0,10304.0,2192.5,4018.0,54832.0,1600.0,779.0,1136.0,9255.0,3919.0,2611.0,9514.5,2393.5,4038.0,13974.5,7614.0,2746.0,9721.0,6159.0,91.0,53.0,124.0,4001.0,69.0,52.0,902.0,132.0,114.0,110.5
168,44.0,126.0,156.0,82.0,49.0,218.0,135.0,115.0,145.0,174.0,45.0,263.0,183.0,25.0,262.0,131.0,320.5,184.0,59.0,84.0,237.0,66.5,67.5,310.5,101.0,109.0,285.0,397.5,252.5,38.5,33.0,3515.0,805.0,290.0,277.0,363.0,98.0,2502.0,3698.0,75.0,181.5,86.0,48.0,166.0,762.0,381.0,84.0,134.5,60.0,342.0,857.5,206.0,68.0,402.0,54.0,71.0,106.0,154.5,172.0,689.5,218.0,74.0,31.0,86.0,50.0,46.0,182.0,39.0,102.0,69.5,286.0,48.0,536.5,6799.0,64.0,160.0,65.0,366.0,74.0,59.0,331.5,126.0,43.0,55.0,48.0,642.5,55.0,69.5,170.0,44.0,297.0,55.0,914.5,102.0,419.0,84.0,3772.0,829.5,581.5,5100.5,3536.0,675.0,794.0,1938.0,18285.0,1678.0,2220.0,1079.0,457.0,9716.0,782.0,7940.0,1607.0,1300.0,688.0,1074.0,15559.0,6823.5,2590.0,1223.0,26105.0,5080.0,759.0,1218.5,226.0,606.0,158.0,672.0,7740.0,570.0,1247.0,761.0,4160.0,61.5,29.0,130.0,74.0,37.0,41.0,378.0,65.0,44.0,64.0
169,47.0,120.0,140.0,86.5,60.0,247.5,117.0,110.0,134.5,177.0,62.0,219.0,188.0,27.0,194.0,133.0,358.0,182.5,55.0,89.0,211.0,64.0,68.0,326.0,114.0,74.0,282.0,508.0,223.0,43.0,34.0,5062.0,784.0,387.0,262.5,571.0,105.0,2931.0,3981.5,90.0,236.0,81.5,49.0,210.5,680.0,381.0,84.5,152.5,69.0,330.0,1105.5,273.0,69.0,410.0,64.0,107.0,99.5,158.0,167.0,622.0,228.0,78.0,31.0,76.0,56.0,50.0,176.0,38.5,128.0,75.0,337.5,52.0,664.0,8002.5,54.0,155.0,67.0,1070.0,73.0,62.0,269.5,128.0,46.5,63.0,51.0,577.0,65.0,71.0,191.5,47.0,298.5,60.0,1216.5,98.0,421.0,85.0,2427.0,695.5,528.0,2868.0,1374.0,527.0,558.0,1312.5,8437.0,1150.5,1374.0,635.0,386.5,3373.5,625.0,5745.0,902.5,964.5,524.5,803.0,5275.0,4965.0,1902.0,802.0,13310.5,1867.0,634.0,1093.5,191.0,477.5,136.0,520.0,5980.0,475.0,715.0,606.0,3463.0,70.0,31.0,403.0,85.0,36.5,43.0,401.5,68.0,50.0,65.0
170,33.0,47.0,75.0,79.5,25.0,65.0,67.0,53.0,307.5,171.0,51.0,429.5,266.0,17.0,2657.0,53.0,259.5,83.0,41.0,24.0,295.0,58.0,509.0,370.0,240.0,43.0,24702.0,161.0,214.0,25.0,25.0,127.5,488.0,757.5,623.0,74.0,58.0,297.0,106.0,558.5,29.0,87.0,31.0,81.0,268.0,1656.0,62.5,994.0,116.0,107.5,126.0,49.5,49.5,117.0,26.0,99.0,87.0,73.0,82.0,321.5,139.0,56.0,22.0,77.0,46.0,83.0,218.5,25.0,126.5,68.5,55.0,37.0,62.0,12104.0,44.5,110.0,39.0,337.0,37.0,74.0,1470.0,67.0,34.0,162.5,50.0,2283.0,40.5,36.0,208.5,29.0,200.5,75.5,563.0,37.0,84.5,106.0,273.5,3158.0,56.0,6888.0,1286.0,1107.5,104.0,377.0,6054.0,502.0,255.0,115.0,114.5,29785.0,1249.0,11095.0,2093.0,1417.0,1322.0,5148.0,8827.0,1014.0,173.0,630.5,1083.0,3394.0,195.0,60.5,58.0,62.0,122.0,163.0,488.0,49.0,433.0,5324.5,1126.5,52.0,36.5,83.0,43.0,224.0,33.0,2526.5,93.5,32.0,36.0
171,44.0,64.0,95.0,95.0,33.5,77.0,88.0,66.0,194.0,249.0,112.0,520.0,492.0,25.5,5752.5,69.5,312.0,104.5,53.0,26.5,296.5,84.0,920.0,469.0,363.0,56.0,25369.0,281.5,287.0,34.0,29.5,157.0,555.5,890.5,2506.0,101.0,78.0,446.0,142.0,850.5,42.5,711.0,43.5,106.5,381.5,5215.5,91.0,1759.0,238.0,151.0,170.0,61.0,83.0,151.0,47.0,134.0,101.0,99.0,113.0,408.0,617.0,97.0,31.0,111.5,69.5,98.5,315.5,33.0,218.0,83.5,75.0,55.0,84.0,13001.0,67.5,178.0,50.0,377.0,53.0,127.0,1245.0,101.0,46.5,762.0,83.0,2648.0,70.0,48.0,325.5,40.0,258.0,104.0,982.5,51.0,126.0,142.0,1077.0,3956.0,104.0,13871.5,3056.0,3604.0,143.0,1160.0,19780.0,1470.0,769.0,261.0,199.5,48196.5,2633.0,12610.5,3352.0,1109.0,3749.0,9343.0,22080.0,4110.0,279.0,905.0,7043.0,9010.0,212.0,102.0,106.0,79.5,197.5,382.5,2810.5,81.0,1064.0,17641.0,3070.0,79.0,48.0,133.0,59.5,291.0,45.0,2506.0,119.0,42.0,55.0
172,150.5,147.5,170.5,125.0,65.0,304.0,169.5,208.5,155.0,408.5,33.0,364.0,273.0,38.0,301.5,183.0,157.0,367.0,100.0,45.5,606.0,101.0,158.0,436.5,127.0,88.0,444.0,325.0,255.0,60.0,54.0,276.5,1563.0,176.0,127.0,166.0,110.0,13792.0,1002.0,130.0,54.0,100.0,59.0,260.5,1087.0,401.0,199.0,221.0,84.0,392.0,438.0,106.5,111.0,534.5,45.0,216.0,173.5,353.0,383.0,895.0,152.5,132.0,43.0,128.0,111.0,62.0,450.0,48.0,75.0,111.0,152.0,105.0,196.5,2174.5,54.0,376.5,92.0,485.0,103.0,113.0,586.0,239.0,60.0,125.0,74.0,544.0,80.0,128.0,269.0,123.0,279.0,36915.0,811.5,187.0,264.5,128.0,305.5,168.5,1185.0,507.5,357.0,657.5,146.0,1465.0,3310.0,967.0,383.0,252.0,299.0,2607.0,398.5,8097.5,351.5,271.0,5858.0,556.0,1865.0,955.0,293.5,606.0,725.5,1031.0,278.0,153.0,131.5,155.0,143.0,212.0,1444.5,203.0,392.0,276.0,1465.0,115.0,44.0,138.5,95.0,157.5,63.5,388.0,73.0,69.0,65.0
173,225.0,169.0,253.0,171.0,93.0,430.0,221.0,280.0,177.5,627.0,39.0,383.5,380.5,49.0,383.0,268.0,219.5,462.0,172.0,57.0,871.0,143.0,224.0,668.0,175.0,115.5,621.5,405.0,298.0,78.0,63.0,361.0,2553.0,264.0,167.0,217.5,148.0,17308.0,1291.5,210.0,78.0,140.5,81.5,423.5,1282.0,1096.5,268.0,297.0,120.0,397.0,563.0,140.0,170.0,713.0,60.0,318.5,245.0,450.0,474.5,872.0,220.0,158.5,59.0,172.0,138.5,80.0,581.0,70.0,97.0,159.0,187.0,134.0,169.0,2827.0,72.5,484.5,119.0,658.0,130.0,136.0,670.5,315.0,77.0,160.0,93.0,1109.0,108.0,168.0,346.0,174.0,373.0,36547.0,1201.0,272.5,355.5,157.0,396.0,196.0,1259.0,682.0,413.5,850.0,181.5,990.0,3141.0,1080.0,645.0,307.0,369.5,2230.0,530.0,6778.0,382.5,288.0,7430.5,435.0,2005.0,641.0,370.0,668.0,823.0,1241.0,249.5,179.5,169.5,193.0,187.0,253.0,1646.0,235.0,539.0,284.0,1411.5,154.0,61.0,243.0,137.0,219.0,83.0,669.0,101.0,89.5,83.5
174,45.0,77.5,136.0,143.5,33.0,96.0,251.5,78.0,122.0,126.0,29.0,340.5,141.0,26.0,186.0,72.0,623.0,117.0,51.0,41.0,397.0,65.0,49.0,344.0,92.0,47.0,163.0,682.5,134.0,60.0,30.5,147.0,540.5,224.0,123.0,82.5,92.0,281.0,137.5,61.0,40.0,61.0,38.0,118.0,469.5,210.0,137.0,140.0,43.0,627.0,203.0,55.0,65.0,344.0,30.5,52.5,88.0,110.0,140.0,373.0,263.0,61.0,25.0,85.0,46.0,127.5,146.5,30.5,40.0,64.0,55.0,50.0,43.0,221.5,39.0,111.0,53.0,1191.0,56.0,41.0,251.5,95.0,35.0,46.0,42.0,237.0,55.0,56.0,86.0,46.0,211.5,60.0,138.5,102.0,204.0,69.0,3545.0,525.5,239.0,6235.5,9963.0,396.5,779.0,10643.5,19205.0,2170.0,6893.5,2695.0,239.0,11388.5,338.0,3073.5,1920.0,1231.0,1457.0,683.0,26289.0,1118.5,340.0,3221.0,6824.0,11158.0,222.0,363.0,195.0,150.0,134.0,1050.0,1764.0,170.5,3689.0,458.0,881.0,53.0,28.0,80.0,93.0,41.0,41.0,912.0,222.5,44.0,58.0
175,79.0,120.0,580.0,131.5,49.0,131.0,390.0,118.0,174.0,198.0,42.0,1157.5,227.0,38.0,254.5,117.0,849.0,175.0,79.0,70.0,816.0,84.0,69.0,1384.0,127.0,61.0,244.5,861.0,231.0,105.5,45.0,221.0,706.0,327.0,178.0,124.0,123.0,405.0,226.5,78.0,66.0,92.0,66.5,189.0,696.0,285.0,163.0,197.0,67.5,831.0,323.0,74.0,131.0,528.0,44.0,74.0,106.0,153.0,216.0,444.0,452.0,85.0,35.0,117.0,68.0,158.5,227.0,46.0,56.0,87.0,87.0,66.0,65.0,307.0,60.0,175.0,69.0,1481.0,82.0,57.0,360.0,138.0,50.0,78.0,65.5,481.0,82.0,75.0,122.5,66.5,269.0,126.0,227.0,142.0,278.0,102.0,11220.0,1272.0,624.5,16443.0,21332.5,1261.0,2584.5,21171.5,37076.0,6099.0,15272.5,7710.0,527.5,27243.5,804.0,9158.5,4183.0,4350.0,3247.0,1917.0,45448.0,3183.0,784.0,13513.0,16737.0,29670.0,539.0,1536.5,515.0,297.0,296.0,3304.5,4967.5,329.5,9984.0,1602.0,1729.0,72.0,46.0,122.0,183.5,59.5,49.0,2907.0,328.0,62.5,87.0
176,120.5,199.5,260.5,162.0,97.0,261.0,222.0,244.5,223.0,360.0,85.0,3151.0,353.0,51.0,284.5,267.0,368.0,371.0,119.0,71.0,445.0,143.0,145.0,919.5,167.0,111.0,619.0,392.0,476.0,83.0,77.5,327.0,1728.5,1153.0,160.0,343.0,237.0,198.0,261.0,505.0,162.0,180.0,1254.0,335.5,1461.0,565.5,174.0,233.0,126.0,706.0,575.0,343.5,146.5,736.0,90.0,136.5,183.0,360.5,483.0,849.0,252.0,173.0,66.0,181.0,137.0,92.0,463.0,73.0,104.0,143.5,192.0,127.0,171.5,197.5,635.0,355.0,136.0,4497.5,147.0,148.5,608.5,296.5,92.0,467.5,109.0,640.0,126.0,154.5,228.0,108.0,512.0,122.0,297.0,188.0,367.0,169.0,608.0,2089.0,539.5,3685.0,1277.5,462.0,429.5,1057.5,3849.0,715.0,674.0,1061.0,986.0,12251.0,2117.0,6546.5,652.0,537.0,852.0,897.5,3785.0,561.5,984.0,1073.0,8461.0,1678.0,504.5,303.5,283.0,495.0,258.0,467.0,11449.0,481.0,1648.0,970.5,4157.0,688.0,132.0,200.0,160.5,322.0,140.0,814.5,150.0,92.0,3753.0
177,91.0,174.0,185.0,132.0,79.0,219.5,207.0,209.0,188.0,293.0,75.0,593.0,302.0,43.0,356.0,241.0,353.0,298.0,91.0,54.0,323.0,126.0,115.0,595.0,141.0,92.0,536.0,326.0,422.5,68.5,58.0,287.0,1503.5,1189.5,132.0,303.0,193.5,171.0,243.0,387.5,113.0,133.0,1029.0,263.0,1234.0,483.0,154.0,188.0,108.0,638.5,508.0,523.5,112.0,653.5,63.0,112.0,132.0,308.5,351.0,753.0,584.0,142.5,55.0,155.0,117.5,75.0,358.0,60.0,86.0,129.0,168.5,106.0,140.0,179.0,604.0,270.0,114.0,2960.0,130.0,129.0,540.0,255.0,75.0,375.5,84.0,531.0,107.5,124.0,203.0,87.0,433.0,103.0,267.0,160.5,304.0,136.0,608.0,1438.0,411.0,2787.0,1186.0,392.5,424.5,643.0,1897.0,639.0,591.0,870.5,730.0,6172.0,1762.0,2142.0,518.0,425.0,455.0,602.0,4719.5,449.0,701.5,971.5,4407.0,1591.0,437.0,249.0,218.5,403.5,194.0,372.0,6513.0,406.0,1312.0,646.0,3506.5,148.0,103.0,165.0,126.0,264.0,131.0,557.0,103.0,74.5,3199.0
178,141.0,116.0,336.0,717.0,44.0,224.0,162.0,167.0,159.0,311.0,79.0,926.0,225.0,30.5,274.5,115.0,252.0,238.0,91.5,79.0,549.0,71.5,97.0,2148.0,129.0,84.0,268.0,316.0,260.5,46.0,42.0,294.0,1328.0,2414.0,397.0,16775.0,92.0,20090.5,168.0,47.5,63.5,175.5,251.0,182.0,894.0,404.0,108.5,1036.0,64.0,422.0,350.0,109.0,90.0,384.5,50.0,154.0,122.0,258.0,248.5,580.0,1907.0,79.0,37.0,87.0,83.5,58.0,262.0,46.0,208.0,78.0,93.0,63.0,77.0,1925.0,56.0,193.0,66.5,2366.0,74.0,66.0,932.0,163.0,50.0,103.5,74.0,433.5,65.0,90.0,146.0,222.0,291.0,85.0,1497.0,92.5,229.5,335.0,210.5,518.0,123.0,410.0,166.0,493.0,126.0,108.0,304.0,114.0,256.5,260.5,222.0,615.0,200.5,274.0,129.0,88.0,16404.5,182.5,536.0,124.5,223.0,342.0,363.0,704.0,97.0,164.0,80.0,109.0,83.0,117.0,216.0,119.0,338.0,102.0,175.5,74.0,58.0,110.0,106.0,53.5,50.0,1987.0,66.0,53.0,116.5
179,158.5,129.5,407.0,960.5,60.0,303.0,175.0,205.0,168.0,429.0,90.0,1345.0,250.0,32.0,439.0,136.0,271.0,304.5,97.0,89.5,712.0,78.0,110.0,2549.0,136.0,95.0,326.0,357.0,316.0,54.0,46.0,403.0,1737.5,2836.0,586.0,20263.0,108.0,36478.0,229.0,54.0,63.0,104.0,291.0,224.0,1151.5,550.0,127.0,881.5,73.0,585.0,427.0,113.0,129.0,490.0,62.0,176.0,103.0,347.0,337.0,664.0,2220.5,99.0,40.0,99.5,106.5,64.5,344.0,49.0,222.0,85.0,113.0,71.0,92.0,2401.0,57.5,236.0,77.5,3257.0,88.0,75.0,1067.0,212.0,59.0,112.0,124.0,543.0,82.0,113.0,185.0,346.0,334.0,105.0,1660.5,107.0,287.5,392.0,260.5,613.0,146.5,587.0,205.0,573.5,149.0,133.0,456.5,136.0,346.0,324.0,269.0,861.0,240.0,369.0,158.0,102.0,24610.0,213.5,673.0,149.0,270.0,506.5,444.0,861.0,120.0,182.0,90.5,125.0,82.0,132.0,265.0,140.0,441.0,120.0,215.0,88.0,79.0,134.0,121.0,60.0,54.5,2474.0,80.0,70.0,145.0
180,56.0,98.5,282.0,71.0,46.0,137.0,154.0,113.0,158.5,293.0,32.0,514.0,633.0,33.0,155.0,95.0,200.0,165.5,97.0,34.0,28566.0,72.0,69.0,786.5,89.0,63.0,219.0,466.5,168.0,220.0,39.0,186.0,622.0,1083.0,7006.0,222.5,87.0,148.0,320.0,52.5,75.0,89.5,67.0,976.0,510.5,226.0,193.0,543.0,75.0,268.5,308.5,90.5,110.5,531.0,655.0,94.0,355.0,171.5,164.0,419.0,151.0,92.5,33.0,2572.0,63.0,55.0,181.0,41.5,46.0,94.0,223.0,103.0,59.0,1482.0,8200.0,170.0,88.0,325.0,68.0,59.0,364.0,189.0,51.0,72.5,104.5,416.0,75.0,82.0,133.0,71.0,197.5,257.0,2507.0,80.0,134.0,120.0,231.0,132.5,157.0,513.5,202.0,206.0,150.0,214.0,787.0,109.0,309.0,259.0,165.0,1189.5,183.5,3142.5,153.0,111.0,1983.5,622.0,409.0,179.0,249.0,409.5,318.5,537.0,700.0,108.0,94.0,140.0,86.5,146.0,1653.0,162.0,290.0,152.0,195.0,91.0,45.5,680.0,87.0,98.5,61.0,1239.0,13182.0,74.0,67.0
181,53.0,76.0,200.0,59.0,37.0,110.0,119.0,82.5,140.0,224.5,26.0,380.5,490.5,27.0,128.0,76.0,148.5,122.5,73.5,26.0,21413.0,55.0,55.0,622.0,71.0,51.0,163.0,322.0,130.0,172.0,31.0,132.0,601.0,783.0,5886.0,171.5,63.5,108.0,225.0,38.0,59.0,69.0,50.0,727.0,415.0,189.0,115.0,369.0,57.0,187.0,243.0,64.0,82.0,543.0,548.0,70.0,240.0,132.0,132.0,367.0,125.0,71.0,25.0,2040.0,55.0,43.0,126.0,33.0,38.0,73.5,164.5,77.0,44.0,1126.0,7620.0,131.0,60.0,232.0,49.0,50.0,276.0,134.0,39.0,56.0,87.5,348.5,58.0,58.0,100.0,50.0,149.0,182.0,1803.0,58.0,95.0,88.0,171.5,93.0,105.0,322.0,170.0,131.0,98.0,87.5,504.0,86.5,217.5,174.0,129.0,720.0,125.0,1558.0,108.0,71.0,104.5,421.5,377.0,107.0,173.0,266.0,195.0,433.5,543.0,79.0,68.0,96.0,64.0,101.0,431.0,118.0,186.0,97.0,133.5,64.0,31.0,559.5,60.0,53.5,43.0,1011.5,10106.5,44.5,48.5
182,275.0,433.0,1021.0,461.0,281.0,5097.0,452.0,646.0,381.5,678.0,333.5,1387.0,756.0,235.5,674.0,636.0,631.0,892.0,297.0,105.0,1055.5,236.0,386.0,2624.0,449.0,384.0,1113.5,692.5,1036.0,630.5,320.5,5973.5,2053.0,6224.0,5458.0,830.0,458.0,546.0,2776.5,462.0,563.0,663.5,605.0,682.0,2327.0,983.0,437.0,385.0,430.0,3148.5,1365.5,555.5,439.0,1117.0,388.0,8241.0,392.0,802.0,891.0,1248.0,383.0,286.0,246.0,354.0,318.5,297.0,1055.0,330.0,243.0,368.0,568.5,327.0,446.5,6757.0,244.0,681.0,275.0,5593.0,431.5,1155.5,2326.0,3468.0,234.5,275.0,382.5,1063.0,303.0,476.0,575.0,173.0,952.0,1299.0,15764.5,426.5,525.5,425.5,783.0,572.0,424.0,4834.0,672.0,476.0,521.0,344.5,633.5,465.5,794.0,938.0,645.5,1072.0,613.0,1342.0,477.0,266.0,384.0,1824.5,1924.0,547.5,803.5,1510.0,2326.5,1771.0,488.0,318.0,295.5,392.0,293.5,466.5,756.0,456.0,958.0,401.0,643.0,283.5,1013.0,368.0,871.5,906.0,362.5,7364.5,305.0,537.0,346.0
183,84.0,148.0,293.0,137.0,71.0,2662.0,157.0,209.0,172.0,275.0,68.5,508.5,277.5,49.0,323.0,176.0,220.0,324.5,95.5,40.0,311.0,83.5,96.0,901.0,129.0,94.0,446.0,254.0,359.0,211.0,67.0,3262.0,1002.5,1658.0,2045.0,225.0,124.5,187.0,1009.5,79.0,121.0,160.0,185.0,240.0,1016.0,375.0,149.0,155.0,109.0,1216.5,500.0,177.0,139.0,364.0,106.0,1096.5,126.0,315.0,309.5,577.0,175.0,100.0,54.0,107.0,97.5,74.0,370.0,65.0,66.0,122.0,179.0,87.0,100.0,4918.0,64.0,253.0,87.0,2157.5,112.0,321.0,1076.0,1615.5,64.0,70.0,100.0,482.5,94.0,123.0,228.0,62.0,306.5,517.0,7743.0,126.0,210.0,136.0,261.0,177.0,152.0,2563.0,216.5,166.5,162.0,118.0,266.0,142.0,270.0,322.0,253.0,362.0,207.0,477.0,151.0,105.5,130.0,573.5,792.0,186.0,278.0,564.5,798.0,625.5,161.0,111.0,103.0,131.0,102.0,149.0,243.0,143.0,339.0,125.0,213.0,100.0,300.0,135.0,216.0,211.5,81.0,3115.0,94.5,115.0,76.0
184,61.0,83.0,92.0,66.0,51.0,2622.0,68.5,90.0,113.0,221.5,19.0,173.0,181.0,18.0,1680.5,62.0,192.0,167.5,47.0,14.5,137.0,38.0,35.0,4318.5,58.0,50.0,162.0,433.5,98.0,63.0,22.0,164.5,555.5,199.5,68.0,72.0,45.5,523.0,177.0,1859.5,27.0,42.0,34.0,103.0,477.0,281.5,61.0,435.0,48.0,2247.0,178.0,57.0,50.0,130.5,24.0,66.0,88.0,142.0,142.0,455.0,315.0,52.5,19.0,42.0,52.5,35.0,214.0,20.0,163.0,104.0,159.0,43.0,47.0,1553.5,5845.5,101.0,37.0,169.0,44.0,39.0,204.0,95.0,30.0,35.0,40.0,313.0,46.0,51.0,70.0,59.0,164.5,37.0,126.0,42.0,96.0,74.0,315.5,1042.0,882.0,5417.0,986.0,396.0,83.0,134.0,3600.0,294.5,266.0,301.5,146.0,2396.0,1066.0,1320.0,248.0,180.0,627.0,230.5,4102.5,186.0,133.0,371.5,1417.0,1465.0,60.0,57.0,48.0,49.5,80.5,166.0,214.0,57.0,350.0,156.0,166.0,59.0,21.0,67.0,45.5,625.0,34.0,1387.0,45.0,33.5,37.0
185,51.0,73.0,93.0,63.0,47.0,2447.0,68.0,79.0,114.0,192.0,17.0,186.0,177.0,17.0,644.0,62.0,203.5,136.0,39.0,15.0,163.0,39.0,38.0,2437.0,50.5,44.5,159.0,451.0,91.5,61.0,25.0,159.0,541.0,211.0,66.0,68.0,44.5,493.5,178.5,1816.0,24.0,39.0,37.0,108.5,438.5,293.0,59.0,529.0,44.0,2705.0,173.0,56.0,50.0,96.0,24.0,69.0,74.0,131.5,131.5,434.0,376.0,41.0,18.0,40.0,49.0,36.0,184.5,20.0,164.0,85.0,167.0,39.0,58.0,1552.5,6507.0,108.5,36.0,161.0,43.0,35.0,197.0,86.0,27.0,31.0,34.5,212.5,43.0,52.0,71.0,60.5,154.5,31.0,111.0,41.5,89.0,67.0,862.0,1777.0,2093.0,8010.0,3001.0,1217.0,130.0,248.0,8607.0,563.0,847.0,519.0,137.5,5890.0,1876.0,1221.0,592.5,420.0,778.0,320.5,11542.0,511.0,136.0,1021.5,2960.0,4062.5,74.0,78.0,54.0,57.0,78.5,348.0,185.5,59.5,737.0,242.0,310.5,53.0,22.0,63.0,44.0,479.0,33.0,1348.5,46.0,40.0,38.5
186,1135.5,915.0,13592.0,586.0,795.0,1143.0,1713.5,936.0,2902.5,2343.0,1143.0,27853.0,1806.5,638.0,2419.0,1455.5,919.0,1620.0,1393.0,80.0,31119.0,290.0,873.0,38134.0,713.5,777.0,793.0,676.0,6162.0,1085.0,1018.0,1115.0,2115.0,413.0,923.5,1219.0,798.5,1391.0,11655.0,224.0,2494.5,1084.0,2234.0,2874.0,4152.5,842.0,570.0,400.0,1070.0,1158.0,8802.0,864.5,3820.0,1624.5,2016.0,2352.0,887.0,696.0,685.0,1800.0,710.5,265.0,640.0,451.5,259.0,851.5,828.0,1156.5,2024.0,1749.0,771.0,655.5,1084.0,2919.5,249.0,619.0,387.0,32959.0,1163.0,478.0,6619.0,572.0,644.0,2305.0,880.5,1336.0,270.5,820.5,484.0,176.0,936.0,920.0,9442.0,1142.0,497.0,4192.5,7686.5,1004.5,1053.0,1502.5,2316.0,838.5,2249.0,1093.0,42527.0,908.5,982.0,9964.0,1256.0,31556.0,3186.0,31165.0,1105.5,1064.0,754.0,3489.5,2461.0,1410.0,1064.0,6346.0,4078.0,2913.0,1876.0,522.0,337.0,1032.0,355.5,1494.5,18400.0,975.5,1188.0,1168.5,1266.0,367.0,2015.0,404.0,937.0,2080.5,1088.5,49841.0,4659.0,1816.0,1675.0
187,530.5,386.0,7459.0,277.0,355.0,436.0,841.0,349.5,1326.0,1271.0,421.0,19803.0,623.0,288.0,862.5,593.0,350.0,695.0,820.0,49.0,21321.0,131.0,332.0,22333.0,303.0,289.0,408.0,381.0,3475.5,415.0,368.0,608.0,1235.0,236.0,371.5,599.0,345.0,629.0,6928.0,117.0,1081.0,495.5,847.0,1000.5,1992.0,455.0,243.0,215.5,371.0,427.0,5347.0,313.5,2170.5,682.0,809.0,795.0,393.5,358.5,365.0,934.0,220.0,139.0,269.0,195.0,122.0,358.0,408.0,471.5,1160.0,1258.0,361.0,240.0,389.0,1504.0,117.0,323.0,159.0,8529.0,407.5,215.0,2044.5,274.5,234.0,1143.5,375.0,496.0,119.5,362.0,232.5,84.5,436.0,383.0,5175.5,490.5,253.0,2127.0,4609.5,256.0,390.5,344.0,755.0,237.0,840.5,232.0,24863.0,200.5,383.0,4138.0,476.0,7376.0,861.0,8488.5,249.0,213.5,302.0,753.0,903.5,635.5,375.0,3276.0,525.0,1127.5,588.0,185.0,124.0,250.0,130.0,1064.0,1020.5,238.0,443.0,288.5,433.0,159.0,748.0,177.0,355.0,781.0,412.0,37961.5,1655.5,617.0,738.0
188,58.5,221.0,212.0,45.0,35.0,85.5,113.5,64.0,180.0,122.0,34.0,1234.0,425.0,14.0,255.5,49.0,133.0,83.5,92.0,36.0,2287.0,42.0,67.0,922.0,94.0,39.0,107.0,152.0,160.0,27.0,29.0,413.0,9889.0,3318.0,147.0,1838.0,40.0,125.5,2227.0,784.0,47.0,98.0,60.5,166.0,376.0,413.0,47.5,207.5,2889.0,115.0,300.0,40.0,235.0,94.0,37.0,4690.5,156.0,137.0,105.0,407.0,131.5,60.5,21.0,59.0,38.0,43.0,90.0,32.0,115.5,45.0,70.0,31.0,29.0,305.5,90.5,71.0,47.0,545.0,63.0,40.0,210.5,59.0,36.0,94.0,45.5,244.0,35.0,39.0,102.0,73.0,303.0,45.0,3439.5,65.5,70.0,148.0,143.5,124.0,146.5,54.5,65.0,108.0,101.0,28.0,1189.5,58.0,107.0,218.0,82.0,742.0,93.5,269.0,47.5,61.0,83.5,101.5,210.0,67.0,74.0,225.0,882.0,120.0,304.5,119.0,86.0,33.0,43.0,40.0,34.0,41.0,190.0,180.5,205.0,37.0,24.0,105.5,53.5,393.0,26.0,1192.0,272.5,28.5,58.0
189,95.0,281.0,346.0,63.0,49.5,132.0,167.0,74.0,245.0,166.0,52.0,1777.0,460.0,17.0,351.0,87.0,145.0,107.0,159.5,20.0,2782.0,49.0,91.5,1539.5,143.0,50.0,139.0,276.5,269.0,36.0,40.0,638.0,11864.0,4635.0,144.0,1619.0,52.0,194.0,2415.0,934.0,78.5,167.0,104.0,225.0,580.5,520.0,65.0,340.0,4416.0,144.0,452.0,148.0,347.0,133.5,66.0,15650.0,189.0,5174.0,120.0,498.5,170.0,82.5,25.5,75.0,41.0,57.0,107.0,40.0,142.0,53.5,93.0,38.0,47.0,534.0,60.5,96.0,63.0,478.5,76.0,54.0,288.0,73.0,46.0,167.0,51.0,409.5,39.0,47.0,132.0,190.5,367.5,58.0,4063.5,101.5,91.0,259.0,247.0,856.0,178.0,140.0,133.0,170.0,164.0,49.0,1626.0,94.0,261.0,384.0,103.0,996.0,383.0,578.5,62.0,174.0,146.0,200.0,358.0,113.0,104.5,319.0,64273.5,179.0,216.0,9450.0,87.0,50.0,53.0,70.0,57.0,55.0,316.0,241.5,683.5,41.0,31.0,190.0,212.0,648.0,32.0,2045.0,435.0,36.5,105.0
190,52.0,69.5,229.0,78.0,71.0,219.0,122.0,178.0,157.0,277.0,32.0,612.0,260.0,46.0,12774.0,81.0,302.0,232.0,95.0,112.0,1025.5,106.0,53.0,909.0,89.0,125.0,228.0,780.0,151.0,62.0,31.5,1726.5,636.5,5408.0,90.0,87.0,54.0,120.0,204.0,64.0,76.0,99.0,70.0,200.0,780.5,224.0,94.5,274.0,7382.5,1099.0,343.5,75.0,104.0,3204.0,1065.0,202.0,161.5,178.0,165.5,500.0,9081.5,159.0,30.0,139.0,64.0,95.0,195.0,37.0,44.0,162.0,129.0,53.0,391.0,738.5,374.0,162.5,56.0,251.0,55.5,156.0,691.0,117.0,47.0,101.0,944.0,372.5,113.0,68.0,190.0,865.0,172.0,48.0,2055.5,61.5,120.5,127.0,10223.0,2398.0,660.0,27922.0,16880.5,1682.0,1910.0,6408.0,33557.0,7610.0,10904.5,5120.0,2161.0,52164.0,918.0,8966.5,5116.0,5614.0,2600.0,2340.0,48967.0,8291.0,510.5,10637.0,25622.0,34592.0,1870.0,1103.0,331.0,159.0,140.0,2318.0,1610.0,171.0,8590.5,8890.0,6509.0,70.0,34.0,240.0,70.0,53.0,69.0,1597.5,204.0,66.0,61.0
191,58.0,78.0,122.0,68.0,39.0,113.0,108.5,108.0,136.0,164.5,25.0,166.0,335.5,26.0,3269.5,75.0,829.5,234.0,92.0,35.0,232.5,64.0,57.0,606.0,101.0,49.0,327.0,153.5,1328.0,36.0,33.5,172.0,767.0,300.0,153.0,83.0,57.0,125.0,3259.0,50.0,38.0,62.0,42.0,145.5,509.0,235.0,100.0,246.0,74.0,138.0,269.0,63.0,61.0,113.0,34.0,257.0,96.0,183.0,306.0,366.0,547.0,98.0,30.0,66.0,72.0,49.0,200.0,38.0,43.0,70.5,71.0,89.0,52.0,2373.0,62.5,180.0,52.0,306.5,56.0,57.0,234.0,196.0,43.0,39.5,53.0,291.0,54.5,70.0,116.0,43.0,214.0,68.0,3009.0,56.0,274.0,100.0,84.0,51.0,61.0,97.5,81.0,65.0,51.0,28.0,258.0,230.0,73.0,66.0,188.0,107.0,62.0,67.0,43.0,47.0,57.0,59.0,226.5,46.0,83.0,218.0,66.0,155.0,41.0,65.0,169.5,51.0,62.0,63.5,68.0,41.0,117.0,53.0,61.0,77.0,30.5,80.0,157.5,46.0,46.0,325.0,61.0,53.5,215.5
192,63.0,82.0,214.0,82.0,46.0,116.5,120.0,124.0,136.5,173.0,25.0,286.5,509.5,24.0,6166.0,95.0,1056.0,298.0,127.0,48.0,378.0,69.0,63.0,1005.0,130.5,51.0,344.0,184.5,1328.0,38.0,34.0,187.5,1008.0,271.5,164.0,95.5,65.0,152.5,3613.0,50.0,45.0,65.5,49.0,166.0,602.0,269.5,106.5,268.0,87.0,158.5,346.0,67.0,78.0,138.0,35.5,430.0,121.0,190.0,361.0,383.0,792.0,102.0,32.0,67.0,81.0,75.5,216.0,40.0,59.0,77.0,77.5,94.0,65.0,3322.0,94.0,175.0,55.0,368.0,58.0,54.5,288.0,220.0,45.0,50.0,52.0,440.5,60.0,78.0,139.5,47.0,252.0,74.5,2843.0,60.0,328.0,248.0,112.0,58.0,65.5,99.5,112.5,65.0,56.5,34.0,408.0,344.5,82.0,82.5,253.0,180.0,80.0,121.0,49.0,52.0,70.5,69.0,290.0,50.5,92.0,272.0,90.0,175.5,50.0,73.0,206.5,54.0,74.0,70.0,76.5,51.0,158.5,54.0,61.0,74.0,36.0,84.0,185.0,46.0,47.0,790.0,82.0,53.0,306.0
193,138.0,211.0,698.5,297.0,168.0,1627.0,230.5,222.0,263.0,347.0,188.0,1401.0,1010.5,144.0,5132.0,255.0,224.0,378.0,201.0,27.0,2410.0,588.0,211.0,3979.0,225.0,352.5,309.0,718.0,332.5,203.0,191.0,458.5,2218.5,854.5,394.0,256.0,174.5,3244.0,354.0,152.0,199.0,157.0,223.0,316.0,1012.0,362.0,173.0,705.0,191.0,387.0,473.0,391.0,292.0,2542.5,183.0,336.0,1777.0,250.0,214.5,796.0,481.0,103.0,147.0,227.5,94.0,280.5,251.0,181.0,172.0,267.0,1222.0,147.0,327.0,468.0,230.5,350.0,175.0,422.0,214.0,168.0,686.0,208.0,153.0,189.0,183.0,21413.0,127.5,204.5,248.0,9168.5,311.0,4331.5,529.0,168.0,188.0,332.0,12954.0,1213.0,890.0,21585.5,15223.0,2262.0,2116.5,2915.0,36409.0,4641.0,8187.5,5790.5,868.0,56005.0,1021.0,8731.0,3408.0,3321.5,7614.5,30107.0,49381.0,8163.5,1850.0,12004.0,17342.0,32625.5,475.0,1299.0,481.0,213.0,254.0,1985.5,9734.0,557.5,7389.0,8936.0,3877.0,139.5,224.0,158.0,389.5,14246.0,213.0,6570.0,680.5,239.0,168.0
194,20.0,43.0,83.0,46.0,20.0,64.0,59.0,56.0,103.5,147.0,11.0,179.0,151.0,13.0,937.5,51.0,53.0,86.0,25.0,16.0,188.0,29.0,27.0,238.0,39.0,29.0,111.0,105.0,72.0,41.0,16.0,93.0,580.5,842.0,59.0,46.0,44.5,156.0,54.0,35.0,22.0,31.0,20.5,76.0,386.0,139.0,61.5,880.0,36.0,83.0,127.0,48.5,31.0,53.0,65.0,46.0,73.0,86.5,85.0,330.0,204.0,32.0,15.0,60.0,33.0,38.5,102.0,17.0,31.0,30.0,85.0,27.0,27.0,900.0,55.0,67.0,111.0,143.0,29.0,50.0,186.0,73.0,17.5,27.0,132.5,200.0,31.0,34.0,43.0,32.0,119.0,34.0,558.5,39.0,527.0,137.0,93.0,98.0,61.5,1082.5,2395.0,124.0,83.0,136.0,14790.0,122.0,183.0,878.5,98.5,1609.0,95.0,2003.0,169.0,147.5,100.0,131.0,135.0,63.0,77.0,104.0,125.5,88.0,124.5,60.0,43.0,115.0,40.0,72.0,13190.0,92.0,87.0,109.0,85.0,37.0,18.5,42.0,415.5,131.0,27.5,490.0,84.0,37.0,25.0
195,21.0,46.0,144.0,90.0,30.0,75.0,61.0,65.5,113.0,191.0,16.0,340.0,194.0,14.0,784.0,55.0,58.5,101.0,26.0,19.0,291.5,28.0,29.0,368.5,47.0,34.0,122.0,128.0,85.0,54.5,21.0,109.0,919.0,1039.0,64.0,50.0,62.5,244.5,80.0,41.0,28.0,36.0,24.5,86.0,440.5,155.5,75.0,1198.0,46.0,90.0,157.0,56.0,44.0,62.0,85.0,53.0,70.0,98.0,102.0,358.0,320.5,32.0,18.0,73.5,35.5,47.0,119.0,22.0,45.0,36.5,84.0,31.0,39.0,683.5,59.0,84.5,139.0,201.0,36.0,51.5,197.0,79.5,24.0,37.0,134.0,307.5,34.0,39.0,49.0,34.0,148.5,44.0,690.0,47.0,624.5,162.5,123.0,201.0,94.0,1735.0,6184.0,185.0,131.0,203.0,19780.0,158.0,256.0,1663.0,136.0,1417.0,184.0,2067.0,253.0,245.5,229.0,212.5,168.0,127.0,127.5,137.5,187.0,105.5,192.0,77.0,57.0,188.0,48.5,106.0,21873.0,152.0,123.0,228.0,133.0,44.0,26.0,43.0,769.5,200.5,30.0,845.0,120.0,44.0,33.0
196,107.0,137.0,212.0,172.0,99.0,138.5,140.0,142.0,190.5,218.5,93.0,617.0,210.0,92.0,159.0,137.0,127.0,174.0,180.0,39.0,302.0,120.0,119.0,659.5,140.0,117.0,227.0,417.0,180.5,109.5,113.0,157.5,723.0,327.0,203.0,13139.0,117.0,162.0,138.5,1140.0,108.0,515.0,112.0,180.5,508.5,374.0,120.5,595.0,121.0,181.0,238.0,127.0,97.5,170.0,102.0,1526.0,153.0,145.0,150.5,617.0,182.0,106.0,101.0,119.0,92.0,110.0,154.0,102.0,262.0,119.0,143.5,123.0,113.0,961.0,109.5,157.0,112.0,498.0,125.5,114.0,411.0,214.0,104.0,93.5,119.0,245.0,98.5,120.5,142.0,148.0,276.5,120.0,230.0,110.0,123.0,123.0,3037.5,11006.5,13224.0,25507.0,20458.5,12171.5,5740.0,22287.0,30659.0,10056.0,9812.5,7652.0,7543.0,38088.0,20320.5,46920.0,23115.0,29141.0,3356.5,23713.0,6566.0,28094.5,30314.0,924.0,45850.5,654.5,15049.0,7395.0,3461.0,12916.0,1615.0,2901.5,42412.0,10186.5,2975.5,32453.0,13999.0,120.0,133.0,163.0,154.0,161.5,134.0,914.0,124.0,137.5,422.0
197,162.0,78.5,137.0,68.0,143.0,139.5,92.5,137.0,144.0,293.0,37.0,1804.0,315.5,25.0,232.0,107.0,131.0,244.0,111.0,36.0,15974.0,60.0,60.0,8648.0,1645.0,51.0,229.0,204.0,153.0,56.0,34.0,264.0,746.5,370.0,102.0,90.0,65.0,129.0,240.0,406.5,50.5,62.0,47.0,209.0,659.0,332.0,93.0,276.0,76.0,231.0,248.5,119.0,55.0,367.5,40.0,98.0,125.0,197.0,210.0,559.0,81.0,77.0,34.0,73.0,65.0,58.5,231.5,59.0,100.0,137.5,156.0,56.0,284.0,1477.0,74.0,205.0,48.0,392.0,60.0,58.0,445.0,144.0,38.0,48.0,82.0,688.0,57.5,82.0,133.0,74.0,247.0,75.5,534.5,64.0,143.0,253.0,161.0,283.0,447.0,269.0,120.0,244.0,145.0,385.0,1369.5,1959.5,245.5,228.0,300.0,1689.5,1179.0,8342.0,698.5,569.0,118.5,1049.0,417.0,159.0,369.5,215.0,270.0,376.0,210.0,119.0,114.5,204.0,120.0,421.0,27876.0,187.0,238.0,21091.0,363.0,69.0,76.0,127.5,1211.0,67.0,52.0,1046.0,7597.5,75.0,206.0
198,142.0,75.0,131.0,65.0,133.0,122.0,100.5,119.0,139.0,296.5,29.0,1566.0,279.0,21.5,190.0,101.0,129.0,216.5,91.5,35.0,14590.0,58.0,54.0,7016.0,1570.0,44.5,209.0,189.5,129.0,44.0,35.0,256.5,693.0,338.5,94.0,82.5,64.0,111.0,226.0,404.5,51.0,66.0,44.0,181.5,670.0,319.0,86.0,267.5,73.5,251.0,234.0,116.0,54.0,252.0,38.0,79.0,117.0,186.0,192.0,534.5,90.0,72.0,33.0,63.5,64.0,54.0,218.0,54.5,87.0,133.0,141.0,57.0,361.0,1496.0,70.5,195.5,51.0,380.0,54.0,52.0,420.0,135.0,39.0,46.0,58.5,516.0,56.0,71.0,122.0,90.5,220.5,69.0,552.5,62.0,128.5,198.0,157.0,220.0,394.0,248.0,108.5,229.5,128.0,295.0,1143.0,685.0,235.5,219.5,243.0,1410.5,739.5,3597.0,488.0,370.0,105.0,632.0,429.0,115.0,280.0,229.0,268.0,363.0,184.0,105.0,94.0,163.5,97.0,298.0,20677.0,157.0,236.0,5760.0,329.0,70.0,53.0,115.0,560.5,55.0,43.0,927.5,7670.5,58.5,166.5
199,76.5,111.0,147.0,118.0,75.0,187.0,172.0,141.0,184.0,139.0,64.0,127.0,3878.0,85.0,211.5,88.0,121.0,167.0,132.5,43.0,523.0,111.0,136.0,1217.0,146.0,95.0,246.0,246.0,123.0,92.5,75.0,187.5,467.0,226.0,145.5,151.0,95.0,150.0,155.0,118.0,84.0,191.0,87.0,247.0,467.0,248.0,145.0,738.0,80.0,6259.0,254.0,120.5,1769.0,424.5,77.0,11063.0,133.0,181.0,217.0,439.0,145.0,6009.0,462.5,991.0,613.0,86.5,215.0,61.0,189.5,121.0,146.0,108.0,90.5,721.0,78.0,238.0,144.5,17790.5,126.0,430.0,2947.0,215.0,296.0,93.0,121.0,1029.5,82.0,103.0,1871.0,79.0,281.0,237.0,207.5,137.0,1275.0,128.5,125.0,114.0,119.5,157.0,128.0,142.0,85.0,77.0,66.0,153.0,96.5,131.5,126.0,283.0,121.0,730.0,154.5,100.0,123.0,129.0,200.0,83.5,194.0,176.0,3015.0,263.0,90.0,86.0,102.5,368.0,104.0,129.5,217.5,706.0,212.0,116.0,114.0,117.0,87.0,1134.0,146.5,127.0,102.0,245.5,336.0,114.0,104.5
200,170.0,214.5,320.0,227.0,155.0,398.5,297.0,290.0,292.0,282.0,123.0,180.0,3087.0,174.0,448.5,191.0,310.0,330.0,218.0,79.0,1273.0,225.0,325.5,2934.0,247.0,173.0,444.5,438.0,236.0,194.0,165.0,334.0,680.0,892.0,228.0,268.5,196.5,248.0,359.5,235.5,162.0,405.0,172.5,380.5,732.0,499.5,239.0,801.0,154.0,14811.0,498.0,259.5,4007.5,1066.5,148.0,18745.0,279.5,334.5,374.0,680.5,181.0,13032.5,1256.0,1665.0,1840.0,163.0,390.0,127.0,351.0,278.0,270.0,221.0,159.5,1860.0,181.5,503.5,302.5,33200.5,261.0,1017.0,6017.0,390.0,758.0,193.0,251.0,2034.5,164.0,188.0,4039.5,150.0,529.0,534.5,375.5,298.0,2746.0,231.0,286.0,208.5,229.0,272.0,274.5,227.0,166.0,153.0,141.0,295.0,203.0,242.0,217.5,551.0,229.0,1396.0,300.0,174.5,246.0,230.0,401.0,164.0,359.5,291.5,6187.0,630.5,157.0,141.0,177.5,936.5,174.0,244.5,352.0,1133.0,441.5,214.0,267.5,207.0,178.0,2937.0,321.0,252.5,160.5,525.0,708.0,249.5,166.0
201,99.0,90.0,319.0,115.0,1432.5,171.5,206.0,144.0,195.5,265.0,175.0,1039.0,606.5,43.0,260.5,101.5,319.0,160.0,108.0,37.0,1218.0,74.0,97.0,5950.0,146.0,109.0,627.0,585.0,346.0,84.0,46.0,280.0,4070.5,315.5,87.0,106.0,91.0,41009.0,294.0,71.0,72.0,122.5,659.0,224.0,691.0,434.0,92.5,481.0,108.5,1043.0,373.0,250.0,227.0,228.0,183.0,12603.0,180.0,478.0,342.0,625.0,545.5,1993.0,123.0,491.5,102.0,80.0,212.0,59.0,124.0,89.5,113.5,70.5,402.0,3916.5,966.5,171.0,89.0,10892.0,80.0,134.0,1442.5,122.0,85.0,146.0,196.0,328.5,68.0,80.0,675.0,108.0,308.0,518.0,381.5,149.0,423.0,550.0,643.0,276.0,3828.5,1454.0,270.0,230.0,189.5,3995.0,1892.0,1140.0,390.5,500.0,230.0,4942.0,339.0,35995.0,1059.5,265.0,38019.0,523.0,865.0,219.5,782.0,385.5,1436.5,1022.0,324.0,1119.0,226.0,241.5,123.0,297.0,16456.0,3537.0,533.0,310.5,257.5,74.0,51.0,262.0,2216.0,277.5,57.0,1902.0,602.0,73.0,129.0
202,119.0,109.0,367.5,135.0,912.0,231.0,511.5,141.0,224.0,302.0,152.0,1654.0,673.0,53.0,269.0,117.0,419.0,197.0,149.0,41.0,1906.0,80.0,118.5,6609.0,135.0,120.0,751.0,1028.5,434.5,111.0,48.0,430.0,6562.0,356.0,97.0,124.0,109.0,39203.5,415.5,125.5,91.5,137.0,642.0,301.5,1041.0,405.0,116.5,598.0,146.0,2088.0,484.5,179.5,266.0,348.0,186.0,11928.5,210.0,448.0,356.5,656.5,780.5,1854.0,124.0,510.0,115.0,81.0,229.0,67.0,139.0,110.0,127.0,73.0,145.0,4870.0,485.0,214.0,96.0,9683.0,98.0,148.0,1932.0,126.5,88.0,188.0,201.5,859.5,76.0,87.0,666.5,111.5,369.0,536.5,520.0,142.0,436.0,709.0,1020.0,448.5,2433.0,3518.5,737.0,381.5,287.0,6361.0,3268.0,2166.0,545.5,891.0,330.0,7494.0,1042.0,41975.0,1177.0,464.0,38341.0,974.0,1695.0,333.0,965.0,441.0,2737.0,2770.0,443.0,1030.5,274.0,398.0,171.0,438.0,30820.0,6037.0,744.0,520.0,385.0,76.0,59.0,281.0,3559.0,239.0,65.0,4136.0,903.0,81.0,106.5
203,64.0,156.0,144.0,95.0,71.0,201.0,130.0,170.0,143.0,180.0,81.0,517.0,457.5,61.0,199.5,196.0,143.0,295.0,86.0,28.0,210.0,61.0,90.0,6009.0,179.0,129.0,310.0,515.0,224.0,71.0,77.5,205.0,805.0,193.0,119.0,326.0,103.5,1067.0,472.0,64.0,77.5,60.0,86.0,233.0,990.5,293.0,101.5,276.0,109.5,500.0,324.0,110.0,61.5,412.5,157.0,129.0,125.0,253.0,261.5,658.0,177.5,64.5,56.0,75.5,75.0,95.5,271.0,80.5,60.0,98.0,106.0,82.0,84.0,344.0,45.0,226.0,68.0,503.0,115.0,83.0,15615.0,185.0,62.5,66.0,159.0,795.0,72.0,125.0,141.0,50.0,192.0,95.0,191.0,95.0,198.5,114.0,304.5,3993.0,438.0,40112.0,267.0,590.0,432.0,4824.5,1689.0,1005.0,759.0,556.0,626.0,22747.0,579.5,10964.0,2858.5,3017.5,1012.0,1116.0,767.5,350.0,928.0,1603.0,23839.5,670.5,888.0,343.0,565.0,659.0,217.0,982.0,626.0,554.0,433.5,717.5,353.0,76.0,129.5,112.0,170.0,147.0,93.0,692.0,81.0,142.0,84.0
204,44.0,132.5,107.0,74.0,58.0,162.0,99.0,140.0,132.0,144.0,51.0,356.0,314.0,44.0,149.0,156.5,104.0,244.0,64.5,23.0,175.0,48.0,68.0,4986.0,145.5,113.5,239.0,451.0,170.0,54.0,58.0,164.0,655.0,157.0,95.0,245.0,80.0,913.0,633.5,56.0,51.0,55.0,61.0,165.0,851.0,248.0,88.0,134.5,77.0,361.5,262.0,82.0,49.0,364.0,124.0,101.0,103.0,197.5,213.0,525.0,152.0,57.0,43.0,62.0,66.5,72.0,229.5,60.0,41.0,77.0,82.0,58.0,61.5,311.0,46.0,181.0,53.0,265.0,89.0,57.0,5842.0,148.0,50.0,47.0,141.0,698.5,60.0,97.0,113.0,42.0,173.0,68.0,150.0,68.0,176.0,84.0,146.0,1507.0,143.0,17213.0,130.0,242.0,167.5,1997.0,1055.5,230.5,518.5,230.0,277.5,11677.0,190.0,8698.0,1192.0,855.0,528.0,457.0,544.0,149.0,312.0,498.0,15194.0,693.0,266.0,152.5,194.0,173.0,124.0,390.0,205.0,177.0,231.0,218.5,148.5,69.0,90.5,91.0,89.5,107.0,65.0,482.0,68.0,100.0,60.5
205,1668.0,506.5,697.5,250.0,132.0,973.0,271.0,562.0,274.0,7979.5,86.0,1170.0,858.0,71.0,3243.0,394.0,3745.5,1081.0,378.0,54.0,1301.0,162.0,171.5,1623.0,512.0,172.5,1171.0,1114.0,712.5,96.0,109.0,658.5,2303.5,488.0,300.0,519.5,288.0,2169.0,373.0,1695.5,135.5,210.5,126.0,733.5,4486.0,1200.0,341.0,462.0,194.0,718.0,1264.0,288.0,190.5,969.0,96.5,263.0,155.5,878.0,883.0,1399.0,3812.0,193.0,72.0,335.0,256.0,330.0,996.0,79.0,155.0,357.0,360.0,183.5,162.0,4600.0,1867.0,827.0,174.0,1301.0,246.0,176.5,1092.5,613.0,119.0,163.0,204.0,1739.0,158.0,315.0,492.5,444.5,554.0,220.5,637.0,230.0,828.0,1556.0,994.5,1957.0,408.5,17209.5,1633.0,496.0,281.0,4694.0,9896.0,975.0,1367.0,909.5,902.0,14936.0,628.0,3534.0,889.0,272.0,551.0,475.0,8894.0,627.0,858.0,2200.0,15936.0,3488.5,343.0,220.0,194.0,287.0,202.5,589.0,472.5,265.0,2227.5,4419.0,5001.0,247.0,59.0,447.0,212.0,519.0,116.0,8787.0,287.0,1897.0,258.0
206,1207.5,351.0,554.0,186.0,102.5,709.0,226.5,396.0,216.5,5821.0,60.5,844.0,574.0,51.0,3401.0,313.5,2827.0,779.5,166.5,41.0,858.5,123.0,121.0,1317.5,349.0,125.0,790.5,708.5,503.0,71.5,73.5,475.0,1924.5,371.5,210.0,389.0,241.0,1644.5,262.0,1219.5,98.0,157.0,89.0,531.0,3330.0,915.0,227.5,314.0,144.0,719.0,959.0,185.5,191.5,761.5,68.0,195.0,122.0,612.0,660.0,1045.0,2113.0,148.0,53.5,254.5,173.0,256.5,706.0,62.5,111.0,263.5,278.0,114.0,104.0,3420.0,470.0,630.0,126.0,993.0,179.5,132.0,832.0,456.5,86.0,115.0,116.5,1273.5,121.0,220.0,321.5,395.0,470.0,158.0,480.5,161.0,525.0,1075.0,747.0,980.0,252.0,13557.0,1305.0,343.0,206.0,417.0,4541.0,625.5,1238.0,641.0,597.0,10389.0,406.0,2502.0,479.0,228.0,388.0,365.0,8336.0,410.5,598.0,1868.0,8954.0,2705.0,256.5,155.0,149.0,215.0,146.0,430.0,336.0,182.0,1508.0,5563.0,6033.0,178.0,44.5,291.5,164.0,363.0,79.0,6290.0,181.0,1392.5,181.0
207,193.0,81.0,2778.0,99.0,34.0,239.0,227.5,84.0,424.5,546.0,32.0,3269.0,3070.0,106.0,190.0,66.0,1268.0,143.0,269.5,31.0,5768.0,83.0,68.5,7466.0,85.0,58.0,169.0,231.0,596.0,53.0,30.0,274.5,612.0,257.0,72.0,106.0,79.0,199.0,596.0,65.0,269.0,126.5,129.0,218.0,590.0,388.0,147.5,574.0,78.0,271.0,986.5,5870.0,7217.0,298.0,92.5,205.5,103.0,117.0,119.0,422.0,425.0,78.0,27.0,167.5,58.0,51.5,151.0,941.0,61.0,251.0,354.0,41.0,60.0,253.5,65.0,119.0,55.5,4636.5,123.5,45.0,364.0,132.0,51.0,163.5,52.0,268.5,62.0,54.0,104.0,46.0,290.0,65.0,825.0,86.0,250.0,169.5,1679.0,2212.5,1450.5,31073.0,6053.0,4997.0,1079.0,17340.5,35420.0,24196.0,7515.5,1913.0,1475.0,27864.5,18906.0,31418.0,2896.0,14769.5,1060.0,24403.0,2903.0,1814.0,1396.0,891.0,14270.5,18216.0,2923.0,996.5,729.5,1747.0,638.0,1240.0,45160.5,1387.5,4225.0,2459.0,7379.0,79.0,29.0,91.0,93.5,451.0,67.0,9170.0,324.0,79.5,1898.0
208,73.0,132.0,749.5,131.5,80.0,198.0,185.0,147.5,218.0,406.5,68.0,1274.5,253.0,36.0,397.5,181.0,438.0,196.0,149.0,68.0,607.5,131.0,98.5,1809.0,127.0,124.0,353.0,1469.0,1074.0,87.0,54.0,256.0,933.0,255.0,180.0,154.0,144.0,165.0,5413.5,93.0,363.0,121.5,84.0,367.0,1057.5,461.5,409.0,2263.0,97.5,475.0,470.5,113.0,137.0,457.0,65.0,250.0,109.5,220.5,218.0,633.5,2556.5,132.0,49.0,119.0,103.0,90.0,238.0,59.5,753.0,130.0,125.5,97.0,139.0,1816.0,68.0,290.0,97.0,421.0,101.0,126.0,336.0,194.0,71.0,101.0,896.0,476.5,115.0,92.0,229.0,278.0,428.0,582.0,519.0,162.0,397.0,268.0,4175.0,7660.0,4589.5,49818.0,20527.5,11582.0,5663.5,14858.0,15433.0,13211.5,6202.5,9940.0,4349.5,49116.5,8320.0,53532.5,9373.0,9002.0,4546.0,6418.0,11460.5,6956.0,11701.0,3091.5,5887.0,4560.0,6881.5,3601.0,2395.0,7134.0,2024.0,2865.0,44378.5,5750.0,4187.0,7416.0,3663.0,109.0,55.0,2010.0,113.0,6917.0,85.0,13519.0,112.0,86.5,105.5
209,71.0,133.0,443.0,125.0,74.5,187.0,180.5,153.0,204.0,408.0,60.0,849.0,233.0,34.5,320.0,242.0,460.5,212.5,146.0,68.0,402.0,130.0,95.0,1720.0,128.0,106.0,353.0,1534.0,648.0,82.0,53.0,251.5,837.5,245.0,188.0,150.0,126.0,173.0,5461.0,85.0,351.0,118.0,69.0,257.0,1119.5,490.0,192.0,1993.5,97.0,615.0,423.0,106.0,112.0,409.5,61.0,144.0,116.0,227.0,245.0,658.0,2434.0,145.0,48.0,113.0,103.0,87.0,250.0,52.0,643.0,117.5,130.0,101.0,64.0,1622.0,65.0,291.0,101.0,387.0,104.0,115.5,340.0,192.0,70.0,79.0,730.5,528.5,117.0,95.0,220.5,198.0,391.5,359.0,494.0,157.5,211.0,261.0,2028.0,4567.0,3017.0,26565.0,13866.0,6286.0,3040.0,9152.0,5945.0,7309.0,3649.0,3620.5,2779.0,29796.5,5105.5,42423.5,5292.0,4986.0,3608.0,3572.0,3386.0,2930.0,6712.5,1002.5,2376.0,1276.0,4052.0,2032.0,1508.0,4321.0,1310.5,1526.0,33522.5,3320.0,1822.0,4393.5,2203.0,108.0,51.0,353.0,108.0,4935.5,77.5,7034.5,104.0,77.0,103.0
210,67.5,85.0,262.0,69.0,44.0,142.0,342.0,143.5,124.5,346.0,42.5,1790.0,405.0,23.5,2722.5,147.0,992.5,213.0,85.0,973.0,532.0,175.0,59.0,2250.0,131.5,291.0,415.0,1117.0,328.0,188.0,34.0,886.0,2766.0,190.0,457.0,180.0,79.0,322.0,115.5,41.0,64.0,67.0,49.0,251.0,2556.0,495.5,114.5,1892.0,66.5,5037.0,359.0,325.0,96.0,332.5,161.0,74.0,85.0,235.0,219.0,1310.0,255.0,95.0,30.0,120.0,70.5,45.0,270.0,35.0,40.0,82.5,152.5,68.5,56.0,1228.5,125.0,257.0,72.0,770.5,115.0,75.0,1361.5,161.5,42.0,209.0,141.0,3700.0,70.0,81.0,687.5,50.5,331.0,70.5,682.0,76.5,335.0,85.0,390.5,263.5,296.5,2365.5,964.5,270.0,282.0,392.0,25219.5,375.0,347.5,4340.0,293.5,4525.0,841.5,16329.0,383.5,4794.0,191.0,681.0,2353.0,245.0,300.0,340.0,2279.0,1072.0,515.0,235.0,143.0,340.0,132.5,257.5,13240.0,306.0,372.0,294.0,257.0,76.0,31.0,925.0,74.0,58.5,46.0,413.0,67.0,67.0,86.0
211,60.0,75.0,176.0,61.0,37.0,116.0,240.0,122.0,122.0,256.0,33.0,1099.0,316.0,21.0,2081.0,105.0,568.0,177.0,82.5,860.0,410.0,144.0,50.0,2062.0,101.0,269.0,360.0,707.0,244.5,170.0,29.0,643.0,1979.0,154.0,295.5,142.0,61.0,211.0,92.5,35.0,52.0,58.0,46.0,193.0,1744.0,331.0,107.0,1650.0,54.0,4660.0,287.0,266.0,83.0,251.0,117.0,104.0,88.0,187.0,193.0,983.0,223.0,83.0,25.0,99.0,64.0,37.5,209.5,29.0,33.0,78.5,117.0,57.0,46.0,1404.5,104.0,205.0,70.0,619.0,95.0,61.0,861.0,135.5,37.0,167.5,103.0,3238.0,58.0,65.0,335.0,46.0,259.0,50.0,452.5,63.0,285.0,78.0,259.5,201.0,220.0,1633.0,624.5,198.0,203.0,251.5,12167.0,240.0,251.0,2748.0,220.0,3128.0,699.0,10967.0,277.0,2444.5,148.5,417.0,1429.0,187.0,229.0,258.0,1646.0,713.0,363.0,151.5,110.0,243.5,104.0,200.0,6700.5,222.0,265.0,212.0,197.5,63.0,26.0,720.0,59.5,44.0,39.0,255.0,62.0,52.0,66.0
212,57.0,75.0,287.0,47.5,1133.0,89.0,229.0,757.0,157.0,158.0,92.0,578.0,5012.0,276.0,120.0,54.0,286.0,106.0,61.0,424.0,1321.0,58.0,152.0,850.0,52.0,30.0,147.0,1421.0,183.0,27.0,24.0,275.0,597.0,172.0,132.0,4043.5,162.0,73.0,995.0,21321.0,116.0,1081.5,53.0,270.0,430.0,387.5,53.0,675.0,44.0,103.5,386.5,45.0,205.0,94.0,210.0,67.0,157.0,116.0,106.0,500.0,591.0,49.0,18.0,178.5,46.0,42.0,114.0,24.0,27.0,41.0,83.0,32.5,875.0,7196.0,40.0,150.0,41.0,19895.0,49.0,42.0,298.5,79.0,26.0,54.5,101.0,375.0,39.0,43.0,80.0,44.0,196.0,38.0,449.0,48.0,108.0,961.0,153.5,52.0,3674.5,202.5,103.0,200.0,69.0,1288.0,1054.0,75.0,98.0,129.0,101.0,1908.0,161.0,1027.0,45.0,52.0,53.0,180.0,268.0,5982.5,83.5,196.0,91.0,240.0,253.0,59.0,43.0,30.0,50.0,51.0,74.5,34.0,163.0,63.0,123.0,57.0,138.0,728.0,368.5,69.0,26.0,2955.0,157.0,30.0,637.0
213,55.0,72.0,267.0,51.0,1148.0,78.0,206.5,688.0,157.5,132.0,44.0,436.5,4897.5,262.0,100.5,45.0,215.0,94.0,61.0,371.0,1078.0,59.0,140.5,782.0,46.0,31.0,133.5,1457.0,164.0,24.5,24.0,202.0,437.0,129.0,118.0,3743.0,171.0,66.0,799.0,1214.0,67.0,212.0,52.0,152.0,378.5,320.0,49.5,518.0,41.0,99.0,352.0,46.0,181.5,98.0,157.0,59.0,152.5,96.0,99.5,376.0,501.0,57.0,20.0,117.0,38.0,43.0,100.0,23.5,26.0,43.0,60.0,29.0,807.5,6568.0,35.0,158.0,47.0,15769.0,46.0,41.0,217.0,76.5,28.0,56.0,88.0,329.5,46.0,40.0,69.0,36.0,178.0,34.5,407.5,47.0,97.0,742.0,144.5,45.0,3383.0,121.0,95.0,194.0,75.5,596.5,321.0,48.0,78.0,133.0,85.0,1578.0,155.0,489.0,39.0,42.5,49.5,93.0,181.0,5151.0,74.0,215.0,71.0,147.0,198.0,64.0,44.0,31.0,50.5,54.0,72.0,38.0,133.0,41.5,111.0,53.0,122.0,227.0,257.0,69.0,26.0,2985.0,140.0,29.0,531.0
214,148.5,266.0,310.0,273.5,154.0,676.0,277.0,437.0,191.0,695.0,445.0,557.0,1302.0,189.0,356.5,707.0,672.0,682.0,177.0,72.5,578.0,123.0,218.0,673.0,251.0,189.0,569.0,553.5,370.0,264.0,245.0,719.0,3397.5,6891.5,716.5,355.0,229.0,399.5,298.5,77.0,314.0,133.0,260.0,555.0,1565.0,619.0,254.0,4735.5,331.0,980.5,597.0,324.5,118.0,490.0,283.5,559.0,257.5,553.0,756.0,1287.0,293.0,963.0,196.0,2312.0,192.0,232.0,643.0,221.0,114.0,336.0,261.5,186.0,711.5,2933.0,177.0,485.0,108.5,6338.0,426.0,463.5,731.5,370.0,140.0,133.0,185.0,781.0,117.0,297.0,375.5,340.0,301.0,279.5,580.0,188.0,619.0,215.0,248.0,220.0,219.0,538.0,272.0,265.0,175.0,209.0,1557.5,191.0,1707.0,473.0,538.5,1506.0,227.0,6064.5,201.0,287.5,214.0,339.0,854.0,241.5,462.5,571.0,616.5,949.0,203.0,172.0,400.0,217.0,135.5,254.0,438.0,274.0,747.0,266.5,269.0,162.0,822.0,182.0,400.5,656.5,297.0,2028.5,263.5,591.5,162.0
215,201.5,386.0,374.0,309.0,233.5,862.0,304.0,482.0,249.0,694.0,631.0,541.5,1454.0,307.5,408.0,926.0,718.0,742.0,208.0,58.0,597.0,148.5,290.0,643.0,343.0,279.5,624.0,591.0,533.0,364.0,397.0,1522.0,3009.0,12885.5,926.5,416.0,330.0,449.5,403.5,87.0,473.0,154.0,391.0,650.5,1759.5,655.0,303.0,5175.5,444.5,1048.0,711.0,359.0,128.5,583.0,469.0,1344.5,321.0,659.0,857.0,1655.0,262.0,975.0,292.5,4696.0,168.0,309.5,800.0,395.0,152.0,420.0,342.5,259.0,1060.5,2759.0,222.0,476.5,150.0,6498.0,551.0,365.0,654.0,467.0,234.5,184.0,344.0,902.0,126.0,448.0,394.0,387.0,353.5,464.5,669.0,254.0,722.0,269.0,285.0,250.5,264.0,558.0,304.5,287.0,221.0,256.0,4281.5,196.0,2692.0,468.0,634.0,1516.0,303.5,18607.0,236.0,243.0,233.5,381.0,908.0,272.0,528.0,690.0,681.0,1022.5,217.0,199.0,465.0,268.0,165.0,272.0,479.0,324.0,659.0,267.0,312.0,220.0,1145.0,249.0,549.0,879.0,449.0,1926.0,329.0,852.0,233.0
216,93.5,161.5,1626.0,95.5,81.0,591.0,201.0,173.0,310.0,297.0,45.0,3509.0,242.0,36.5,253.0,177.5,756.0,272.0,153.0,39.0,2929.5,91.0,104.0,5306.0,119.0,98.0,346.0,435.0,629.0,1558.0,49.0,492.0,1052.0,16181.5,1659.5,233.0,117.5,671.0,591.5,80.0,757.0,232.0,101.0,309.5,946.0,475.5,168.0,1038.5,83.0,377.0,777.5,181.0,653.5,620.0,54.0,263.0,121.0,248.0,401.0,612.5,257.0,462.0,58.0,144.0,118.0,75.0,303.0,47.0,73.0,129.0,178.0,76.0,102.0,5292.0,269.0,211.0,91.0,13393.0,96.0,81.5,620.0,1597.0,59.0,195.0,148.0,491.0,183.0,100.0,269.0,73.0,325.0,84.0,748.0,136.5,249.0,391.0,5809.0,2312.0,12246.0,18975.0,6658.5,668.0,795.5,5284.0,18032.0,1567.0,2685.0,2493.5,541.5,13252.0,604.0,4457.0,1609.5,629.0,1156.0,1759.0,44654.5,1270.5,4436.0,3922.5,10319.0,17506.5,510.0,410.0,344.0,498.0,190.5,1435.5,1033.0,533.0,4441.0,2189.0,744.0,112.5,52.0,127.0,129.0,86.5,64.0,7986.0,293.0,67.0,142.0
217,127.0,143.0,1872.0,105.0,90.0,762.0,230.0,208.0,428.5,330.0,45.0,4097.0,249.0,42.0,294.0,219.0,326.5,368.0,189.0,38.0,3336.5,103.0,98.5,5859.0,131.0,104.5,383.0,339.5,612.0,1123.0,55.0,560.0,1166.0,11318.0,1163.0,222.0,119.0,585.0,831.0,79.0,850.5,215.0,140.0,371.5,1102.0,449.0,167.5,573.5,86.0,360.5,1036.0,175.0,725.0,593.5,60.0,214.0,138.0,315.0,419.0,581.0,277.5,368.0,57.0,158.0,115.0,69.5,405.0,55.0,70.0,145.0,144.0,105.0,86.0,2695.0,265.0,303.0,92.0,11409.0,103.0,94.0,614.0,1452.0,62.0,239.0,99.0,519.0,144.5,123.0,256.5,80.5,305.0,88.0,864.0,157.0,283.0,405.5,2955.0,771.0,8885.0,8200.0,3141.5,513.0,501.0,3781.0,9927.5,644.5,1309.0,1577.0,428.5,7977.0,581.0,2973.5,712.0,282.0,653.5,873.5,25185.0,671.0,2354.0,1861.0,10337.5,7514.0,377.5,233.0,224.0,290.0,148.0,654.5,551.0,339.0,2169.0,1098.5,509.0,123.0,49.0,140.0,116.5,83.5,71.0,9147.0,240.0,77.0,132.0
218,227.0,387.0,370.0,328.0,209.0,718.0,371.0,895.0,294.0,1089.0,90.0,765.5,699.0,95.0,1839.0,619.0,633.0,1503.0,250.0,137.0,2431.0,313.5,191.0,1286.0,426.0,202.0,1546.5,905.0,802.5,148.0,130.0,1063.0,3823.0,468.5,345.0,447.0,328.5,1516.0,537.5,152.0,149.0,257.0,162.0,851.5,3279.5,1320.0,490.0,366.0,222.0,1153.0,1309.0,310.5,233.0,1310.0,418.0,223.0,193.0,1525.0,1494.0,1309.0,563.5,288.0,87.0,272.0,446.5,139.0,2600.0,130.5,152.0,370.0,367.5,340.0,108.0,2617.5,234.0,1213.0,225.0,5400.0,274.0,242.0,1024.0,879.0,146.0,157.0,245.0,1601.0,197.0,436.0,628.5,179.0,875.0,221.0,736.0,377.0,1276.0,398.0,1247.0,930.0,1114.0,3875.0,9556.0,2165.0,780.5,2829.5,7555.0,1510.0,1142.5,1417.0,1427.5,7327.5,1423.0,4055.0,2291.0,3293.0,1601.0,8940.0,8399.5,1376.0,1274.0,2130.0,54487.0,3583.5,1392.0,642.0,569.0,888.0,1668.5,803.0,3436.0,851.0,2299.0,951.0,1115.0,332.0,100.0,400.0,267.0,451.0,157.0,844.0,240.0,226.0,212.0
219,270.0,456.0,483.0,398.5,259.0,893.0,439.0,1130.0,336.5,1302.0,113.0,1146.5,1275.5,120.0,1782.0,733.0,835.0,1895.0,296.0,145.0,2796.5,354.5,246.0,2102.0,521.5,259.0,2032.0,1137.0,963.0,193.0,165.0,1597.5,5081.0,643.5,440.0,705.0,366.5,1633.0,681.0,176.0,209.5,293.5,201.0,1104.0,4144.0,1589.0,575.5,511.0,285.0,1266.0,1622.5,397.0,282.0,1511.0,412.0,268.0,233.0,1722.5,1770.0,1530.0,555.0,316.0,121.0,325.0,448.0,179.0,3489.0,163.0,187.0,428.5,429.5,355.0,138.0,2868.0,247.0,1415.0,272.0,5097.0,346.0,292.0,1187.0,1085.0,160.0,185.0,350.0,2031.0,229.0,581.0,740.0,224.0,1004.5,299.0,812.0,478.0,1260.0,491.5,1809.0,1652.0,2028.0,31441.0,57097.5,4032.5,1226.5,3497.0,25610.5,2633.5,1624.0,2357.0,2112.5,15712.0,1851.5,13464.0,3880.0,7478.0,2456.5,23414.0,68137.5,2906.0,1854.5,2503.0,171775.5,8260.0,2227.5,1014.0,988.0,1613.0,2682.0,1394.0,10337.5,1439.0,4529.0,1808.0,1721.0,362.0,153.0,492.0,347.5,566.5,199.0,1438.0,300.0,280.5,247.5
220,189.0,264.5,821.0,232.0,167.0,311.0,278.0,341.0,313.0,825.0,304.0,1360.5,1386.0,104.0,395.5,228.0,365.0,496.0,240.5,98.0,1752.5,185.0,192.0,2098.5,252.5,197.0,527.0,445.0,458.0,157.0,139.5,398.0,1158.0,675.0,244.5,246.0,232.5,697.5,516.0,209.5,262.5,239.5,208.5,364.0,926.0,532.0,197.0,262.0,273.0,390.0,766.0,218.5,309.5,1059.5,166.0,441.0,239.5,457.0,488.0,647.0,483.0,183.5,126.0,332.0,150.0,170.0,473.0,158.0,1063.0,208.0,360.5,160.5,653.5,1377.0,362.5,349.0,198.0,448.0,242.0,198.0,494.0,311.0,141.5,242.5,164.0,786.0,153.0,260.0,549.5,164.5,588.0,163.0,601.0,233.0,443.0,282.0,537.5,302.0,361.0,890.0,343.5,622.5,299.0,290.5,969.0,237.5,576.0,622.0,397.5,1389.0,406.0,1927.0,303.0,175.0,250.0,441.0,936.0,579.0,444.0,837.5,466.0,1894.0,297.0,205.5,169.0,276.0,148.0,325.0,1794.5,255.0,737.0,260.0,500.0,135.0,120.0,239.0,370.5,138.5,125.0,8670.0,286.0,154.0,266.5
221,137.0,190.0,719.5,159.5,111.0,177.0,192.5,183.0,249.5,470.0,201.0,1051.0,1128.0,81.5,202.0,147.0,278.0,237.0,165.0,72.0,1516.0,146.0,140.5,1651.5,171.0,144.0,299.0,290.0,324.0,118.0,112.0,237.0,687.5,461.0,173.0,150.0,169.5,499.0,353.5,150.0,214.0,183.0,157.0,203.0,521.0,319.0,136.0,149.0,176.5,248.0,487.0,174.0,228.0,766.0,118.0,306.5,192.0,233.0,223.0,459.0,412.0,139.0,99.5,264.5,114.0,126.0,230.5,118.0,451.0,142.0,247.0,116.0,242.0,975.5,261.0,218.0,153.0,243.5,167.0,140.0,340.0,190.0,104.5,179.0,115.0,430.0,111.0,162.0,349.0,117.0,411.0,111.0,444.0,167.0,261.0,193.0,407.0,218.0,269.5,815.0,243.0,651.0,224.0,239.0,813.0,181.0,378.0,425.0,235.0,1000.5,286.5,1653.0,225.0,135.0,194.0,388.0,609.0,633.0,310.0,542.0,320.5,1367.0,211.0,151.0,127.0,203.0,106.0,237.0,1813.0,189.0,509.0,189.5,364.0,100.0,107.0,161.0,464.5,116.0,91.0,8570.0,247.0,112.5,202.5
222,289.0,104.0,131.0,130.0,76.0,570.5,133.5,145.0,173.0,293.0,69.0,267.0,2135.0,42.0,247.5,109.0,288.0,313.0,92.0,52.0,757.5,131.0,108.0,1029.0,159.5,85.0,518.0,2390.5,152.0,72.0,75.0,215.0,3716.0,233.0,117.0,105.0,86.5,202.0,2969.0,162.0,89.0,113.0,175.5,267.0,691.0,311.0,209.0,335.0,259.5,547.0,321.0,128.5,213.0,300.0,174.0,165.0,154.0,254.5,254.5,396.5,463.0,155.0,66.0,175.0,177.0,82.0,294.0,55.0,281.0,130.0,501.0,135.0,78.0,2051.0,281.0,238.5,100.0,1711.0,102.0,92.0,610.0,243.0,87.0,93.0,85.0,494.0,107.0,111.5,182.0,117.5,295.5,2592.5,5569.0,91.0,2665.0,511.0,544.0,2214.0,149.0,2841.0,2374.0,121.5,127.0,431.0,4891.0,548.0,488.0,232.5,383.0,1413.0,291.0,1237.0,304.0,1348.0,222.0,284.5,15450.0,259.0,296.5,568.0,1465.0,1766.5,204.0,119.0,94.0,129.0,127.0,329.5,183.5,114.0,1264.0,172.0,343.0,168.0,44.0,572.0,152.5,75.0,69.0,1369.0,180.0,58.0,16868.0
223,50.0,74.0,1303.0,68.5,118.5,207.0,133.0,122.5,174.0,2978.0,43.5,1657.5,1692.0,677.0,174.0,120.0,269.0,954.0,76.0,28.0,1216.0,51.0,72.0,2288.0,150.0,53.0,203.0,381.5,236.0,31.0,30.0,210.0,669.0,420.0,638.0,105.5,49.0,733.5,277.0,103.0,72.0,102.5,58.0,185.0,643.0,3449.5,148.0,2884.0,541.0,2618.5,340.5,152.0,249.0,107.0,45.0,106.0,294.0,181.5,183.0,709.5,3054.0,179.0,32.0,88.0,68.5,92.0,208.0,30.0,41.0,80.0,148.0,85.0,141.0,1354.5,152.0,137.5,44.0,3280.5,52.0,57.0,1039.0,209.5,34.0,86.5,381.0,790.0,108.0,75.0,118.0,51.5,190.0,74.5,268.5,57.0,190.0,468.0,263.5,147.0,619.5,3115.0,129.5,94.0,81.0,3516.5,2164.0,245.0,753.5,194.0,276.0,958.0,124.5,4412.0,188.0,4870.0,1090.0,211.0,350.5,3009.0,342.0,207.0,3692.0,192.0,65.0,75.0,82.0,62.5,82.0,72.0,401.0,626.0,198.0,102.0,330.0,106.0,49.0,172.0,70.0,370.0,46.0,5528.0,128.0,51.0,102.0
224,62.0,80.0,1295.0,95.0,120.5,201.0,142.0,122.0,189.0,3350.0,58.0,2025.5,2286.0,1559.0,171.0,122.0,483.0,909.5,87.0,27.0,1732.5,57.5,84.0,2086.0,131.0,55.0,217.0,832.5,235.0,40.0,36.0,281.0,749.0,438.0,797.0,131.0,64.0,762.5,367.0,117.0,84.0,133.0,62.0,202.0,684.0,5618.5,199.0,3259.0,1289.0,2445.0,408.0,138.0,232.5,125.0,44.5,110.0,293.5,186.0,198.0,989.0,6746.0,544.0,59.0,191.0,65.0,68.5,207.0,33.0,60.0,76.0,163.0,94.0,161.5,2237.0,319.0,169.0,53.0,4130.5,55.5,68.0,699.5,208.0,36.5,99.0,409.0,554.0,60.0,67.0,135.0,53.0,283.5,102.0,340.0,67.0,234.0,573.0,427.0,1085.0,765.0,26910.0,292.0,304.0,193.0,20079.0,17054.0,1316.0,5620.0,965.0,376.0,4626.5,258.0,56810.0,680.0,12808.0,2500.0,872.0,1120.5,4241.0,1597.0,524.0,25622.0,795.0,170.5,220.0,207.0,192.0,191.0,248.5,2043.0,3716.5,563.0,456.5,1037.5,231.0,45.0,192.0,92.0,1136.5,55.0,6215.5,246.0,55.0,200.0
225,226.0,180.0,217.0,261.0,101.0,335.5,690.0,182.5,177.0,1273.0,93.0,477.0,856.0,42.0,558.0,172.0,1346.0,350.5,94.0,68.0,1088.0,340.0,146.0,662.0,265.0,135.0,548.0,389.0,526.0,101.0,54.0,321.0,1472.0,2676.0,132.0,4064.0,254.5,248.0,21597.0,398.5,126.0,221.0,90.0,230.5,1173.0,1352.0,156.0,20090.5,1652.0,4560.0,3424.0,149.0,495.5,1737.0,186.0,190.0,126.0,266.0,341.0,506.5,7129.0,160.5,52.0,300.0,107.0,79.0,639.5,64.5,165.0,122.5,118.5,132.5,94.0,35086.5,198.0,258.5,120.5,874.0,129.0,99.0,763.0,202.5,82.0,82.0,160.0,386.0,102.0,105.0,202.0,68.0,524.0,145.0,425.0,206.0,603.0,366.0,674.0,602.0,649.0,1581.0,1083.0,534.5,491.0,442.5,466.5,469.0,697.0,1518.0,499.0,1602.0,792.5,1317.5,781.0,193.0,397.0,781.5,2598.0,468.0,1114.0,1783.0,4279.0,3696.0,593.0,237.5,244.0,416.5,634.0,455.0,1028.0,562.0,1259.0,422.0,892.5,199.0,46.0,191.5,2769.0,204.0,76.0,3655.0,135.0,81.0,190.5
226,123.0,105.0,144.0,144.0,60.0,223.0,296.0,118.0,145.0,699.0,64.0,270.0,563.0,24.0,273.0,94.5,657.0,225.0,66.0,34.0,691.0,208.0,91.0,412.0,158.0,89.5,365.0,236.0,277.0,51.0,37.0,182.0,939.0,47104.0,91.0,2592.0,122.5,149.0,15963.0,224.0,70.0,152.0,56.0,154.5,701.0,541.5,90.0,13702.0,1067.0,3060.0,2103.5,85.0,247.0,780.0,102.5,112.0,97.0,190.0,236.0,397.5,115.0,93.5,32.0,140.0,63.5,50.0,378.0,38.5,99.0,71.0,85.5,72.0,82.0,26542.0,128.0,164.0,67.0,589.0,77.5,62.0,489.0,129.0,46.0,56.0,92.0,288.0,65.0,75.0,133.0,43.0,289.0,85.0,268.0,114.0,390.0,198.0,329.0,296.0,337.0,910.0,668.5,248.0,228.5,200.0,209.0,220.0,316.0,740.5,256.5,768.0,393.0,637.5,378.0,102.0,194.0,394.0,1260.0,218.0,555.0,952.5,2796.5,1814.0,277.5,123.0,128.5,209.0,298.5,221.0,490.5,255.5,601.5,201.0,404.0,115.0,35.0,123.5,1216.0,116.0,50.0,1709.0,94.0,53.0,109.0
227,176.0,86.0,239.0,113.5,54.5,6169.5,147.0,126.0,138.0,887.0,32.0,680.0,363.0,41.0,333.5,79.0,7910.5,205.5,110.5,20.5,686.0,58.5,73.0,1261.0,14982.0,62.5,1268.0,427.0,653.0,44.0,35.0,510.5,906.0,9192.5,392.0,9896.0,61.5,3880.5,293.0,201.0,834.0,72.0,88.0,309.5,4602.5,419.5,315.0,1014.0,61.0,203.5,2360.5,195.0,184.0,122.5,50.5,3919.0,328.0,276.0,229.0,481.5,338.0,75.0,30.5,504.0,72.0,76.0,271.0,31.0,30003.5,136.0,165.0,62.5,175.0,4119.0,156.0,618.0,361.0,515.0,90.0,51.0,648.0,214.0,43.0,802.0,241.0,9426.0,84.5,85.0,152.0,130.0,477.5,169.0,429.0,413.0,1011.0,121.0,119.0,192.0,115.0,11568.0,113.0,173.0,87.0,536.0,557.0,430.0,147.0,144.0,198.0,765.0,159.0,1235.0,132.0,163.0,6083.0,1203.0,5838.0,79.0,475.0,154.0,644.0,181.0,102.0,197.0,113.0,104.0,152.0,204.5,2148.0,196.5,395.0,171.0,462.0,111.0,128.0,446.0,145.0,66.0,52.0,4631.5,295.0,77.0,84.5
228,186.5,84.0,217.5,94.0,54.0,971.0,148.0,124.0,136.5,860.5,27.0,675.0,328.0,34.0,382.0,75.5,5363.0,204.5,86.0,21.0,536.0,61.0,72.0,1312.0,15330.0,61.0,1146.0,378.0,536.5,36.0,32.0,476.0,882.0,9790.0,423.0,11334.0,65.0,4563.0,352.0,233.5,1286.0,75.0,84.0,308.0,4664.0,405.0,269.5,523.0,65.0,229.0,2832.0,147.0,210.0,129.0,73.0,3264.0,318.0,280.0,209.0,470.0,311.0,75.0,27.0,531.5,78.0,77.5,237.5,30.0,30383.0,125.0,108.0,59.0,170.5,1764.5,148.0,746.5,85.0,290.0,86.0,54.5,392.0,189.0,38.5,629.0,806.5,9304.0,71.0,88.0,119.0,113.5,522.5,154.5,396.0,365.0,738.0,118.0,116.0,159.0,119.5,3379.0,95.0,142.0,101.0,532.0,1044.5,395.5,150.0,157.0,200.0,482.0,159.0,1248.5,130.0,144.0,7012.0,1199.0,5631.5,184.0,401.0,193.5,802.0,192.0,105.5,198.0,99.0,103.0,102.0,194.0,709.0,87.0,412.5,233.0,396.5,86.0,128.5,360.0,94.0,51.0,43.0,7238.0,181.0,61.0,71.0
229,5157.0,104.0,117.0,1603.5,54.0,176.5,135.0,188.0,139.5,336.5,41.0,404.0,2219.0,31.0,4024.0,157.0,173.0,274.0,61.5,35.0,264.0,57.5,70.0,615.5,109.0,73.0,336.0,418.5,292.0,39.0,38.0,256.5,1219.5,140.5,113.0,112.0,187.0,178.0,121.0,38.0,95.0,79.0,47.0,177.0,886.0,390.0,140.0,288.5,61.5,198.0,356.5,93.0,82.5,269.0,93.0,84.0,125.5,263.0,282.0,919.5,14917.0,91.0,26.0,128.0,94.0,68.0,322.0,37.0,132.5,113.5,110.0,70.0,68.0,5765.0,368.0,222.5,72.0,731.5,101.5,58.0,515.0,191.0,40.0,47.0,54.0,524.0,64.5,104.5,142.0,56.0,266.0,82.0,224.0,88.0,168.0,100.0,203.0,382.0,773.0,2886.0,181.0,737.0,171.0,373.0,41699.0,419.0,309.5,416.0,323.0,11935.0,310.5,95726.0,408.0,2583.0,217.5,337.0,528.0,175.5,33131.5,495.0,628.0,425.0,362.0,157.5,123.5,257.5,161.0,167.0,391.0,252.0,504.0,293.0,218.5,78.0,34.0,127.0,89.5,482.0,53.5,587.0,62.5,60.0,210.0
230,3894.0,102.0,111.5,163.5,44.0,170.0,111.0,179.0,134.0,312.0,40.0,325.0,2268.0,32.0,2759.0,126.0,141.0,266.0,60.0,36.0,352.0,58.0,72.0,510.5,104.5,68.5,335.0,398.0,292.0,38.0,34.5,256.0,1048.0,139.0,105.0,108.0,202.5,173.0,120.0,34.0,79.0,72.5,42.0,245.0,777.0,379.5,127.0,263.0,69.0,228.0,330.5,77.5,74.0,308.0,77.0,66.0,115.0,257.0,273.0,820.0,13421.0,91.0,28.0,112.0,67.0,68.0,328.5,33.0,85.5,95.0,101.0,67.0,67.0,5329.0,328.5,184.0,63.5,671.0,93.0,56.5,460.0,187.0,40.0,45.0,55.0,503.0,63.0,100.0,134.0,48.0,262.5,73.0,201.0,92.5,172.0,93.0,173.0,186.0,245.5,543.0,145.5,472.5,119.0,177.0,7118.0,238.5,268.0,266.0,246.5,2893.0,229.5,30751.0,205.0,810.0,155.0,213.0,469.0,148.0,4015.5,411.5,273.0,390.0,209.0,118.0,98.0,147.0,159.0,118.0,226.0,159.0,370.0,171.0,168.0,81.0,34.0,127.0,83.0,422.5,50.0,561.5,64.0,59.0,196.5
231,41.0,56.0,99.0,236.0,31.5,133.0,75.0,84.0,122.5,345.5,152.0,155.0,2899.0,20.0,130.0,61.0,161.0,152.0,67.0,28.0,549.0,52.0,36.0,405.0,56.0,43.0,138.0,168.0,93.0,30.0,38.0,154.0,562.0,1534.5,76.0,71.5,42.0,123.5,2573.5,2639.0,28.5,49.0,37.0,112.0,340.0,270.0,163.0,1612.0,74.5,148.0,150.0,69.0,75.0,188.5,30.0,782.0,78.0,138.5,137.0,344.5,124.0,91.0,23.0,69.0,57.0,37.0,143.0,24.0,30.5,171.0,67.0,46.0,42.0,1789.0,76.5,128.0,43.0,7517.5,57.0,42.0,3907.5,112.5,42.0,56.0,59.5,275.0,45.0,51.0,88.0,43.0,125.0,347.0,1365.5,53.0,1640.0,81.0,88.0,246.5,76.0,839.0,143.0,155.0,74.0,823.5,1259.0,2035.0,82.0,162.0,312.0,1480.5,883.5,1267.0,103.0,324.5,676.5,213.0,634.0,255.0,971.0,180.0,277.0,317.0,78.0,259.0,67.5,81.5,69.0,84.5,683.5,72.0,249.5,837.0,1423.5,61.0,24.0,65.0,61.0,64.0,48.0,478.0,58.0,40.5,101.0
232,86.0,98.0,205.0,496.0,60.0,245.0,105.0,184.0,143.0,563.0,303.0,400.5,8392.0,35.0,345.0,119.0,547.0,305.0,159.0,61.0,1311.0,91.0,65.0,998.0,109.5,79.5,268.0,357.0,172.5,58.0,70.0,354.0,987.0,3260.0,152.0,130.0,76.0,229.0,4232.0,4818.0,54.0,80.0,59.0,238.0,631.0,525.0,282.0,2893.0,125.0,329.0,280.5,137.5,160.0,284.5,65.0,1536.0,110.0,298.5,283.0,446.5,180.0,151.0,35.0,115.0,114.0,64.0,330.0,39.0,61.5,262.0,140.0,80.0,82.0,3722.0,107.0,281.0,76.0,15407.0,127.0,71.0,5492.5,237.5,67.0,114.0,138.0,515.0,77.0,103.0,184.0,83.0,261.0,685.0,3854.0,88.0,4444.5,165.0,331.0,822.0,331.0,2376.5,666.0,557.5,243.5,2492.5,5555.5,7376.0,249.0,630.5,1043.0,8500.0,3897.0,5407.0,537.5,1928.0,2006.5,1089.0,3147.0,1061.0,2399.5,578.0,2456.5,1135.0,475.0,890.0,243.0,391.0,233.5,255.5,2430.0,332.0,753.5,1896.0,3941.0,111.0,48.0,114.0,114.0,141.5,82.5,1623.5,145.5,85.0,216.0
233,235.0,91.0,172.0,88.0,206.0,195.0,95.0,158.0,152.0,584.5,92.0,277.0,219.0,53.0,227.0,125.0,255.5,256.5,122.0,52.0,237.5,72.0,68.0,395.0,121.0,102.5,275.5,322.5,190.0,279.0,49.0,745.0,794.0,225.5,122.0,229.0,881.0,262.0,167.0,2686.0,677.5,87.0,74.0,244.5,626.5,570.0,115.0,475.0,103.0,327.0,20056.0,101.0,107.0,786.0,44.0,97.0,219.0,250.0,238.0,436.5,1336.0,92.0,35.0,99.0,87.0,57.0,285.0,37.0,200.5,146.0,929.0,75.0,55.0,671.5,1928.0,380.0,79.0,589.0,477.0,101.0,355.0,212.0,54.0,114.0,222.0,510.5,80.0,104.0,182.5,70.0,399.5,116.0,428.5,98.0,202.0,127.0,446.0,1003.0,1308.5,10816.0,644.0,1704.0,900.0,2081.0,4014.5,4699.0,7116.0,12684.5,801.0,37145.0,733.0,43642.5,1089.0,1303.0,8867.5,2685.0,670.0,310.5,9435.0,422.5,1052.5,1340.0,589.0,357.0,385.0,638.0,371.0,388.5,30636.0,923.5,945.5,736.5,538.0,90.0,37.5,108.5,384.0,282.0,62.0,908.5,80.0,72.0,129.0
234,201.0,93.0,133.0,80.0,196.0,178.0,95.5,156.5,144.5,612.0,107.5,227.5,207.0,27.0,179.5,107.0,224.0,251.0,129.0,49.0,217.0,65.0,72.0,323.0,115.5,141.0,253.5,300.0,170.0,286.0,47.0,699.0,773.0,232.5,120.0,266.0,956.0,263.0,135.0,2822.0,508.0,84.0,72.0,219.0,573.5,582.0,115.0,469.0,91.0,330.0,20332.0,88.0,86.0,712.5,39.0,83.0,166.0,225.0,229.0,420.0,901.0,79.0,31.0,93.0,85.0,49.0,244.0,37.0,78.0,148.0,952.0,61.0,52.0,523.0,1113.0,282.5,70.0,532.0,406.0,90.0,321.5,199.0,52.5,97.0,205.5,431.0,83.0,85.5,164.0,65.0,416.0,98.0,416.0,87.0,169.0,129.0,392.5,857.0,1018.0,10613.5,617.0,1476.0,802.0,1730.0,3384.0,3735.5,4636.5,10643.5,691.0,36087.0,610.0,43228.5,920.0,950.0,8514.0,2066.0,533.0,242.5,7590.0,367.5,878.0,1130.0,500.5,264.5,298.0,538.5,285.0,274.0,30567.0,832.0,822.0,601.0,448.5,87.5,35.0,100.0,127.0,278.0,66.0,793.0,82.5,64.0,121.0
235,81.0,102.0,331.0,136.0,53.0,237.0,138.0,203.5,189.0,277.0,178.0,952.5,541.0,26.5,4034.0,284.0,680.5,338.0,99.0,33.5,816.0,69.0,75.0,3656.0,214.0,83.0,374.5,826.0,3630.0,133.5,37.0,298.5,1291.0,1963.5,199.0,145.0,249.0,3617.0,683.0,1388.0,53.0,89.0,206.0,261.0,1035.0,491.0,254.5,1230.0,114.5,204.0,504.0,448.0,178.5,228.0,61.0,2520.0,186.5,306.0,327.0,777.5,558.0,590.0,48.0,190.0,93.0,51.0,357.0,45.5,53.5,125.0,122.5,62.0,93.0,14397.5,102.0,241.0,66.5,51957.0,104.0,73.0,1131.5,200.0,50.0,69.0,480.0,594.0,72.0,115.0,341.0,59.5,361.0,89.0,607.5,88.0,17595.0,314.5,1768.0,950.0,145.0,20792.0,5332.0,385.0,188.0,14459.0,13416.0,931.5,1773.0,739.0,520.5,12658.5,362.5,4077.0,1352.5,333.0,4107.0,3984.0,28842.0,442.5,206.0,2454.0,17407.5,10771.5,143.0,158.0,111.0,105.0,125.0,578.5,20884.0,193.0,1585.0,3298.0,2469.0,91.0,114.0,463.5,91.0,65.5,75.5,1932.5,206.5,60.5,108.5
236,118.0,117.5,2284.0,88.0,31.0,157.0,398.5,90.0,439.0,591.5,257.0,6349.0,4193.0,2291.5,966.0,165.0,1153.0,167.5,325.0,148.5,5208.0,58.0,317.0,13763.0,141.0,60.0,236.0,405.0,3846.5,35.0,42.0,2783.0,2136.5,4834.5,329.0,83.0,54.0,287.0,2811.5,486.5,415.0,203.0,282.0,332.0,1976.0,1877.0,180.0,2389.0,6125.0,168.0,1324.0,191.0,668.5,164.0,113.0,5175.5,188.0,146.0,194.0,1010.0,295.0,750.0,44.5,219.5,62.0,104.0,187.5,41.0,85.0,126.0,118.0,50.0,67.0,9144.0,215.5,12580.5,89.0,4424.0,595.5,77.0,975.0,96.0,50.0,278.0,58.5,1192.0,51.0,71.0,348.5,37.0,1067.0,61.0,1361.5,133.5,343.0,393.0,1008.5,332.0,213.0,1328.0,626.0,240.0,375.5,493.5,5252.0,754.0,1475.0,850.0,351.5,18975.0,763.0,11555.5,548.0,688.0,738.0,819.0,2604.0,778.0,316.0,806.0,46713.0,499.5,501.0,157.0,157.5,297.0,166.0,241.0,215.5,342.0,1562.5,465.0,3173.5,48.0,34.0,92.0,69.5,266.0,43.0,12725.0,339.0,51.0,129.5
237,1166.0,213.0,636.0,5559.0,107.5,276.0,428.0,252.0,296.0,266.0,80.5,899.0,426.0,70.0,317.5,289.0,444.0,11002.0,148.5,69.0,2035.0,152.0,202.0,1241.0,176.0,1684.0,476.0,46920.0,384.0,99.0,97.0,392.0,1302.0,17466.5,163.0,460.0,155.5,1185.5,1057.5,1317.0,693.5,193.0,128.0,355.0,1447.5,467.0,202.0,336.0,127.0,384.5,617.0,154.0,515.0,755.0,241.0,16170.0,177.0,365.0,1432.5,1402.5,176.0,4478.0,264.0,967.5,191.5,151.0,450.0,92.0,140.0,218.0,230.0,138.0,114.0,10352.0,190.0,364.5,161.0,19964.0,169.5,280.0,2333.0,271.0,188.0,137.0,181.0,10577.0,158.0,171.5,1797.0,125.0,426.5,116.5,2555.0,202.5,543.0,422.0,459.0,3694.0,236.0,1295.5,1032.0,256.5,248.5,1720.5,3695.0,305.5,2452.0,411.5,9897.0,2515.5,466.0,2607.0,1376.5,189.5,231.0,425.0,1299.0,253.5,515.0,539.5,12098.0,1479.0,323.0,188.5,1366.0,350.0,200.0,416.0,13691.0,959.0,781.0,697.0,335.0,174.0,81.0,659.0,166.0,239.0,106.0,2750.0,371.0,121.0,158.0
238,49.5,83.0,140.0,77.0,42.0,501.0,118.0,125.0,132.5,614.0,27.0,268.0,744.0,20.0,1096.0,93.0,205.5,185.5,63.0,28.0,197.0,73.0,57.0,376.0,93.0,49.0,435.0,5564.0,188.0,35.0,31.0,334.0,826.5,528.0,76.0,94.0,109.0,114.0,175.0,130.0,86.5,72.0,111.5,163.5,586.0,256.0,111.0,205.0,53.0,666.5,295.0,76.0,63.0,833.0,260.0,81.0,112.0,210.5,237.5,627.0,246.0,99.0,26.0,73.0,80.0,50.0,315.0,31.0,47.0,73.0,115.0,61.0,39.0,954.5,82.0,211.5,60.0,1542.0,65.0,52.0,826.5,146.0,36.0,47.0,6607.0,438.5,54.0,84.0,130.5,66.0,258.0,133.0,1294.0,89.0,373.0,102.0,301.0,10461.0,241.0,3612.0,403.0,670.0,259.0,725.5,13688.0,472.5,307.0,575.5,273.0,3588.0,363.0,25599.0,361.0,309.0,306.0,2792.0,1464.0,807.0,592.5,1340.0,4233.0,2121.5,313.5,170.0,183.5,190.0,291.0,381.0,23299.0,3300.0,1122.5,353.5,513.0,82.0,26.0,80.0,63.0,50.0,41.0,2969.0,58.0,45.0,306.5
239,45.5,68.0,111.0,72.0,33.0,377.0,84.5,86.0,120.0,397.5,28.0,208.0,303.0,19.0,467.5,65.0,162.0,123.0,53.5,24.0,162.0,57.0,45.5,293.5,76.0,38.0,335.0,4195.5,149.0,27.0,26.0,248.0,627.0,440.5,67.0,73.0,83.0,85.0,143.0,133.0,66.0,59.0,89.0,118.0,444.0,199.0,83.0,179.5,41.0,444.5,227.0,64.0,50.0,682.0,226.0,81.0,102.0,161.0,152.5,500.0,195.0,76.0,24.0,53.0,47.0,45.0,213.0,27.0,35.0,56.0,99.5,44.0,36.0,631.0,92.5,137.0,49.0,852.0,55.0,44.0,607.0,110.0,33.0,35.5,5576.0,335.5,41.0,57.0,104.0,51.0,194.5,107.0,952.5,70.0,249.5,80.0,285.5,1562.0,240.0,5757.0,389.0,609.0,221.0,477.0,8234.0,430.0,268.0,489.0,226.5,2052.5,305.0,17526.0,333.5,240.0,260.5,1997.0,1601.5,632.0,664.0,478.0,2320.0,1826.0,278.0,193.0,181.0,175.0,253.0,213.0,21045.0,382.0,792.0,294.0,382.0,58.0,25.0,61.5,51.0,44.0,38.0,1988.0,52.0,36.5,189.5
240,74.0,118.0,348.5,175.0,209.5,655.5,209.5,130.5,201.0,199.0,191.5,677.5,265.0,55.0,393.0,110.0,324.0,205.0,107.0,75.0,536.0,94.0,144.0,781.5,464.5,271.0,233.5,271.0,232.5,80.0,76.0,241.0,1782.5,532.0,339.5,379.0,416.0,562.0,6411.0,215.0,106.0,137.0,124.0,186.0,584.0,610.0,262.0,1784.0,124.5,489.0,290.0,234.0,143.5,228.0,102.0,1965.0,286.5,1528.5,195.5,487.0,324.0,745.0,87.0,213.5,89.0,124.0,199.0,70.0,119.5,167.0,295.0,75.0,109.0,4483.0,155.0,172.5,483.5,4117.5,145.0,112.5,919.5,227.0,80.0,1790.0,163.0,9829.0,95.0,121.0,245.0,188.0,347.0,141.5,372.0,128.0,182.0,156.5,584.0,283.0,747.0,5523.0,704.0,151.0,119.0,347.0,3171.0,2089.0,258.0,366.0,216.5,1574.0,1413.0,8877.5,1341.0,1183.0,4252.5,5497.0,528.0,106.0,1078.0,273.0,6995.0,1143.0,218.5,1658.0,132.0,182.5,224.0,296.5,8517.5,219.0,761.0,13580.5,284.0,82.0,81.0,196.0,159.0,154.0,76.0,8805.0,356.5,91.0,595.5
241,65.0,102.0,183.0,150.5,179.0,657.0,182.0,131.5,166.0,167.0,159.0,473.0,310.0,45.0,331.5,108.0,250.5,208.5,87.0,407.0,335.0,82.0,113.5,371.0,330.0,204.0,212.0,299.0,208.0,63.0,63.0,228.0,1850.0,612.0,279.5,330.0,332.0,428.5,3398.0,161.0,77.0,118.0,83.0,174.0,747.0,400.0,166.0,1011.0,100.0,391.0,246.0,145.0,115.0,234.0,81.0,1698.0,206.0,1436.5,176.0,488.0,8251.0,560.5,65.5,191.0,91.0,93.0,177.0,60.0,86.0,116.0,261.0,73.0,84.0,2683.0,91.0,167.0,337.0,3295.0,105.5,94.0,642.5,183.0,69.5,1461.5,95.0,8035.0,86.0,105.0,222.0,149.0,257.5,90.0,341.0,112.0,161.0,128.0,198.0,142.0,699.0,2040.5,434.0,96.0,80.0,163.0,1121.0,713.0,263.0,174.0,159.0,871.0,438.0,5576.0,375.0,1746.0,1051.5,1296.0,455.0,68.0,726.0,211.5,2364.5,777.0,120.0,1843.0,76.0,113.0,106.0,173.0,2677.5,152.0,358.0,6513.0,164.0,69.0,58.0,161.5,119.0,138.0,62.5,8313.0,236.5,72.5,301.0
242,205.0,493.0,686.0,261.0,351.0,490.0,269.5,298.5,340.0,294.5,828.0,738.0,559.5,586.0,2166.0,912.0,1504.0,303.0,591.5,25.0,690.0,87.0,498.0,2660.0,410.0,603.0,164.0,2873.0,614.5,591.0,701.0,230.0,553.5,89.0,456.0,415.0,443.5,340.0,458.0,99.0,1483.0,139.0,755.5,354.0,451.0,277.0,223.0,183.0,621.0,280.5,426.0,478.0,615.0,152.0,694.0,579.0,1270.0,136.0,111.0,1276.0,159.0,70.0,468.0,1003.5,63.5,597.0,108.0,726.5,383.5,377.0,362.0,269.0,721.0,2710.0,527.0,113.0,268.0,702.5,1097.0,274.0,243.0,124.0,422.0,4082.5,870.0,764.0,105.0,492.0,143.0,83.0,286.0,541.0,681.0,349.0,121.0,358.5,203.0,80.0,84.0,210.0,101.0,122.0,111.0,60.0,305.0,918.0,176.0,219.0,105.0,854.5,102.0,996.0,103.0,58.0,70.0,113.0,258.0,78.0,137.0,375.5,184.5,243.5,68.0,73.5,55.5,63.0,51.0,77.0,126.5,74.0,168.5,61.5,94.0,136.5,2527.0,102.0,551.0,1141.0,780.0,3772.5,352.0,1127.0,361.0
243,224.0,37.0,74.0,33.0,27.0,156.0,51.5,52.0,102.0,194.0,59.0,124.0,78.5,12.0,786.0,40.0,317.5,50.5,27.0,18.5,187.5,33.0,28.0,203.0,35.0,29.0,106.0,282.0,60.5,19.5,16.0,82.0,360.0,167.0,40.5,46.0,35.0,59.0,129.0,35.0,33.0,38.0,23.0,66.0,211.0,135.0,277.0,109.0,39.0,98.0,477.0,33.0,86.0,118.0,163.0,96.0,75.0,56.0,49.0,258.0,138.5,39.5,15.0,91.0,28.0,67.0,51.5,20.0,27.0,87.0,39.5,26.0,51.0,230.5,286.0,52.0,361.0,209.5,29.0,23.0,179.0,47.0,27.0,30.0,26.0,1017.0,32.0,24.0,47.0,38.5,106.0,32.0,159.5,37.0,65.0,74.5,215.5,4212.0,90.5,8693.0,574.0,103.5,91.0,254.0,2889.5,200.0,174.0,153.5,90.0,1011.0,104.0,719.0,295.0,338.0,1716.0,5404.5,3015.0,170.0,314.0,180.0,1807.5,606.0,235.5,61.0,40.0,94.0,37.0,135.0,450.5,68.0,531.5,332.0,1201.0,40.0,16.0,56.0,53.5,23.0,31.0,3032.0,87.0,24.0,25.0
244,348.0,55.0,126.0,100.0,40.0,276.0,99.0,83.0,133.0,318.0,94.0,288.0,248.0,20.0,1103.0,65.0,1464.0,76.0,42.0,26.0,425.0,50.0,43.0,410.0,53.0,46.0,214.0,523.0,108.0,28.0,24.5,132.0,631.0,377.5,60.0,61.0,63.0,95.0,200.0,57.0,61.0,57.0,35.0,92.0,343.0,221.0,383.0,219.0,63.0,200.0,684.0,73.0,123.0,199.0,287.0,137.0,85.5,91.5,82.0,554.0,261.0,53.5,21.5,141.0,37.0,93.5,86.0,28.0,47.0,134.5,68.0,40.0,91.0,501.0,643.0,90.0,559.0,434.0,52.0,34.0,518.0,78.0,38.0,47.5,38.0,1670.0,42.0,41.0,70.0,93.5,146.0,51.0,284.5,55.0,108.0,116.5,2226.0,28255.5,321.0,55637.0,7514.0,552.0,639.0,3573.0,21045.0,1478.0,1684.0,1177.0,453.0,7529.0,537.0,6050.0,2211.0,3474.0,11186.0,25162.0,35776.5,1359.0,1811.0,1217.0,12724.5,9479.5,792.5,244.5,130.0,401.5,139.0,1310.0,1493.5,305.0,3854.0,5130.0,9927.5,75.0,23.0,94.0,96.0,35.0,43.5,4981.0,177.0,34.0,45.5
245,154.0,170.0,237.0,174.5,115.0,394.0,190.0,471.0,211.0,2086.0,37.5,478.0,352.5,48.0,334.0,418.0,395.5,809.0,156.0,54.0,453.0,149.0,101.0,646.5,206.5,103.0,726.0,1612.0,369.0,91.0,72.0,718.0,1696.0,7168.0,213.0,303.0,190.5,356.0,1676.5,110.0,92.0,148.0,94.0,420.5,1589.5,645.0,294.0,348.0,145.0,455.0,680.0,209.0,130.0,605.0,139.5,144.0,294.0,804.0,766.0,820.0,181.0,176.0,59.0,140.0,230.0,82.0,941.0,84.0,375.0,187.0,567.5,156.0,133.0,1202.5,125.0,541.5,129.0,607.5,132.5,244.5,547.0,419.5,81.0,89.0,126.0,1021.0,119.0,239.5,334.0,207.0,414.0,123.0,342.5,152.0,494.0,208.5,5583.0,946.0,317.5,13188.0,8893.0,577.0,628.5,4131.0,18630.0,1573.0,4616.5,3193.0,1247.0,37961.5,449.0,2845.5,2317.0,844.0,552.0,15646.0,35236.0,5339.0,437.0,6205.0,10289.5,17016.0,344.0,361.0,251.0,234.0,213.0,1170.0,467.5,326.5,3097.5,3843.0,1267.0,177.5,49.0,268.0,151.0,92.0,91.0,1081.0,142.0,121.0,104.0
246,89.5,96.0,178.0,100.0,54.0,188.5,127.0,175.5,151.0,1952.5,25.0,317.0,222.0,29.0,193.0,207.0,323.0,276.0,76.5,36.0,298.0,90.0,64.0,577.0,102.0,57.0,326.0,1251.0,178.0,55.0,41.0,348.0,848.0,1455.0,128.0,182.0,97.0,146.0,1442.5,84.0,56.0,89.0,52.5,196.5,746.5,313.0,180.5,248.0,80.0,240.5,311.0,99.0,82.0,292.5,84.5,106.5,227.5,280.0,276.5,534.0,131.0,103.0,38.0,86.0,97.5,53.0,303.0,51.5,340.0,88.5,483.5,85.0,103.5,1314.5,92.0,258.0,65.0,321.0,72.0,170.0,335.0,189.0,49.0,52.5,61.0,448.0,73.0,91.0,144.0,127.0,256.5,65.0,224.0,73.0,192.0,105.0,5512.0,983.5,211.0,15323.0,8905.0,499.0,549.5,4499.0,21183.0,1826.5,4549.0,3344.0,883.0,39399.0,344.0,3099.5,2057.0,781.5,475.5,15620.0,35351.0,4593.0,286.0,6914.5,9352.5,18630.0,224.0,292.0,179.0,148.0,129.0,1300.0,352.0,218.0,3525.5,4211.0,1108.0,101.0,30.0,169.0,82.0,53.0,54.0,999.0,99.0,70.5,68.0
247,55.5,68.0,320.5,80.0,30.0,1933.0,291.5,110.0,134.0,174.0,55.0,338.0,373.0,19.0,149.0,85.0,137.0,173.0,72.0,61.0,4779.0,54.0,44.0,430.0,88.0,41.5,196.0,400.0,163.0,32.0,27.0,163.0,696.0,1635.5,118.5,85.5,63.0,146.0,314.5,379.5,42.0,277.0,40.0,122.5,551.0,413.0,673.5,279.0,48.0,466.0,380.0,86.0,93.0,597.0,74.0,66.5,132.0,152.5,175.0,408.0,120.0,58.0,25.0,52.5,55.0,56.0,193.0,28.0,51.0,74.0,302.0,41.0,111.0,504.0,509.5,145.0,47.0,661.5,65.0,41.0,621.0,112.0,32.5,51.5,43.0,1538.0,94.0,63.0,92.5,1261.0,296.0,613.5,2583.0,70.0,127.0,111.0,159.0,97.0,93.5,26634.0,577.0,4611.0,99.0,70.0,381.0,147.0,232.5,232.0,302.0,561.0,1958.0,1045.5,152.5,78.0,104.0,163.0,603.0,81.5,220.0,301.0,13659.0,1329.0,103.0,78.0,76.0,77.0,72.0,104.0,13015.5,108.5,340.0,105.0,116.0,63.5,23.0,127.0,1220.0,145.0,37.0,1427.0,1763.0,41.0,4595.5
248,93.0,144.0,204.0,138.0,82.5,269.0,184.0,269.0,173.0,656.0,96.0,322.0,246.0,49.0,366.0,183.0,303.0,442.0,102.0,46.0,337.0,126.0,89.0,392.0,148.5,111.0,458.5,432.0,384.0,58.0,55.5,323.0,1090.0,302.0,160.0,194.5,135.0,1709.5,199.0,89.0,82.5,156.0,82.0,291.0,1118.0,485.0,277.0,491.0,89.0,527.5,495.5,115.0,192.0,524.0,49.0,127.0,214.0,408.0,643.5,585.5,2657.5,134.0,44.0,124.0,133.0,66.0,438.5,66.0,80.0,174.5,128.0,120.0,619.0,2876.0,513.5,366.0,103.0,392.0,102.5,100.0,380.5,302.0,69.0,84.0,121.0,516.0,98.0,152.0,256.0,353.0,425.5,112.0,1642.0,125.0,368.0,555.0,359.5,260.0,259.0,426.0,385.5,275.0,235.5,260.0,169.0,458.0,365.0,482.5,379.0,327.0,338.0,713.5,272.0,144.0,389.0,363.0,945.5,321.0,486.5,742.0,515.5,973.0,193.0,167.0,227.5,230.5,133.0,306.5,439.0,273.0,642.0,245.0,339.0,143.0,50.5,188.0,149.0,236.0,215.0,648.0,85.0,366.5,82.0
249,109.0,154.0,255.5,167.5,90.5,307.0,369.5,308.0,185.0,738.5,126.0,360.0,271.0,56.0,513.0,199.0,374.0,525.0,127.5,46.0,722.5,137.0,101.0,609.0,176.5,116.0,688.0,467.0,451.0,72.0,64.0,415.0,1318.5,447.0,179.0,267.5,156.5,2500.0,256.0,100.0,93.0,187.0,91.0,348.5,1214.0,540.0,331.5,536.5,98.0,543.0,575.5,135.5,224.0,567.5,69.0,141.0,257.5,489.5,737.5,658.0,704.5,154.0,54.0,140.5,134.0,82.0,541.0,77.0,95.0,312.0,153.5,151.0,602.0,3274.0,699.5,370.0,110.0,749.0,113.0,107.5,434.5,351.5,78.0,87.0,148.0,589.0,109.5,186.0,282.0,366.0,500.0,139.0,10997.0,141.0,398.0,705.5,422.0,301.5,295.0,477.0,562.5,300.0,266.5,298.5,209.0,536.0,386.0,551.0,434.0,353.0,379.5,1265.0,314.0,163.5,607.5,420.0,1068.0,369.5,589.5,805.0,533.0,1036.5,232.5,187.0,268.0,250.0,154.0,628.0,480.5,319.0,704.0,283.0,381.0,165.5,63.0,228.0,280.0,454.5,472.5,1033.0,130.5,422.0,96.5
250,221.0,377.0,541.0,292.5,205.0,652.0,344.5,616.5,282.0,719.5,225.0,810.0,8250.0,138.0,515.0,499.0,507.0,1039.0,259.0,121.0,55913.0,259.5,295.0,2671.0,388.0,295.0,1018.0,3122.5,897.0,209.5,212.0,767.0,2883.0,18952.0,585.0,391.0,299.0,586.5,563.5,527.5,224.0,253.0,286.5,756.0,2361.0,941.5,376.0,1791.5,287.5,1094.0,1479.0,319.0,218.0,1086.0,177.0,313.0,230.0,984.0,923.5,1033.0,417.0,282.5,145.0,349.0,294.0,204.0,1103.0,217.0,314.0,340.5,474.5,301.0,234.0,903.0,202.0,770.0,236.0,2022.0,489.0,242.5,971.5,639.5,174.5,2928.0,291.0,3895.5,192.5,403.0,507.0,233.0,789.0,275.0,596.0,302.0,797.0,340.0,647.0,335.0,376.0,1030.5,1343.5,459.5,344.5,333.0,1280.0,351.5,1297.0,845.0,804.0,49070.5,2167.0,1276.0,386.0,276.5,414.5,581.0,2436.0,346.0,834.0,1030.0,4286.0,1966.0,273.0,286.0,253.5,303.5,273.0,366.5,1093.0,344.0,900.5,306.0,500.0,300.0,377.0,345.0,307.5,777.5,262.0,8327.0,2983.0,371.0,1779.0
251,63.5,100.0,346.0,210.0,619.0,207.0,185.0,204.0,205.0,484.0,48.0,632.0,3086.0,51.0,388.0,135.0,633.5,307.5,176.5,87.5,1238.5,99.0,136.5,1724.0,8450.0,105.5,4172.0,339.0,228.0,252.0,58.0,326.0,1100.0,459.0,182.5,139.0,82.0,210.0,285.0,1964.0,77.0,108.0,75.0,3031.0,829.0,1983.5,166.0,505.0,110.0,490.0,775.0,211.0,264.0,284.0,87.0,451.0,162.0,286.0,312.0,632.0,1364.0,122.0,50.5,175.0,103.5,169.0,377.5,55.5,268.0,145.0,510.0,85.0,105.0,621.0,233.0,332.5,84.5,1975.0,89.0,79.5,607.0,270.0,63.0,81.0,111.0,2959.0,134.0,120.0,211.0,275.0,284.0,103.0,2452.0,106.5,252.5,179.0,3704.0,5855.5,7018.0,19113.0,9076.0,2431.0,1127.0,10988.0,21735.0,4874.0,3793.5,15374.0,1187.0,33626.0,6477.0,15727.5,5641.0,7177.0,7754.0,16296.0,31602.0,1720.0,1895.5,2769.5,26979.0,14332.0,1618.0,728.0,404.0,631.5,339.5,1460.0,44965.0,2734.0,3669.0,4132.5,9824.5,135.0,51.0,1484.0,255.0,110.5,86.0,2828.0,335.0,85.0,475.0
252,38.0,67.0,137.5,120.0,425.5,112.0,97.0,104.0,138.0,274.0,34.0,324.5,2733.5,35.0,330.0,92.0,423.5,173.0,101.0,55.0,606.0,56.0,75.0,826.0,3935.5,55.0,5419.5,180.0,136.0,117.0,34.0,185.0,800.5,262.0,136.0,80.0,51.5,123.0,153.5,965.5,37.5,60.5,42.0,1678.0,544.0,839.0,79.0,290.0,63.0,261.0,421.0,102.0,127.5,145.0,48.0,170.0,102.0,171.0,159.0,435.0,306.0,65.5,26.0,131.0,61.0,63.0,200.5,32.0,126.0,79.0,252.5,55.0,61.0,458.5,147.5,164.0,47.0,1201.0,52.0,45.0,342.0,134.5,34.0,43.0,60.0,1628.0,72.0,64.0,99.0,129.0,184.0,66.0,1083.0,64.0,137.0,93.0,3449.0,5421.0,4879.0,15603.5,6210.5,1682.0,779.0,8689.0,21597.0,2877.0,2778.0,16207.0,775.0,24242.0,4955.5,12857.0,3994.0,3795.5,5955.5,12081.0,30544.0,1308.0,1019.0,2654.0,31280.0,13705.0,682.0,410.5,213.5,420.0,199.0,986.5,41285.0,1581.5,2834.5,2920.0,8955.0,81.5,35.0,667.0,146.5,77.5,51.0,1351.0,161.0,56.0,236.0
253,177.5,203.0,475.0,396.0,136.5,644.5,416.0,432.0,287.5,562.0,91.0,1060.5,8652.0,65.0,1567.0,311.0,660.0,522.5,251.0,143.0,1011.0,161.0,140.0,1463.0,1203.0,146.0,727.5,1084.5,501.0,214.5,82.0,759.0,1362.5,2308.0,464.5,220.5,2124.0,385.0,4068.0,141.0,211.0,217.5,171.5,529.0,1522.5,886.0,259.0,1882.0,164.0,503.0,754.0,3337.0,237.5,824.0,137.0,210.0,375.0,548.5,575.0,990.0,589.0,205.0,71.0,542.0,196.0,115.0,672.5,105.0,317.0,202.0,408.0,167.0,184.5,502.0,1260.0,557.0,163.0,1319.5,155.5,139.0,1436.0,413.0,94.5,126.0,153.0,953.5,168.5,208.0,340.0,124.0,704.0,242.0,959.5,297.0,411.0,265.0,3419.0,4715.0,1396.0,17055.0,7937.0,2480.0,669.0,1030.0,14165.0,2442.5,4823.0,2200.0,1232.0,17825.0,802.0,9649.5,2226.5,1980.0,1503.0,3223.0,27071.0,4113.5,1894.0,2454.5,21827.0,11692.5,740.0,475.0,411.0,518.0,398.0,1220.0,2044.0,428.5,4335.5,7028.0,4480.5,191.0,73.0,246.0,424.5,182.5,124.5,1659.0,497.0,159.0,573.5
254,106.0,125.0,297.5,256.0,83.0,320.0,205.0,192.0,180.5,331.0,65.0,1354.0,4633.5,33.0,1021.5,198.0,477.0,323.5,148.0,66.5,901.0,96.0,84.5,890.0,598.0,85.0,414.0,586.0,316.0,105.5,48.0,499.0,907.0,1962.0,232.0,130.0,956.0,227.5,2802.0,78.0,110.0,122.5,110.0,248.0,1054.0,489.0,174.0,1027.0,97.0,373.0,422.0,4109.5,161.0,494.0,79.0,124.0,188.5,315.5,307.5,829.0,376.5,119.0,38.5,381.0,115.0,75.0,383.0,67.0,172.0,134.0,187.0,88.0,97.0,694.0,744.0,321.0,95.0,838.0,90.0,81.0,2658.0,232.0,57.0,89.0,102.0,720.0,93.5,115.0,169.5,71.5,397.5,131.0,524.0,170.0,322.0,138.0,2989.0,3828.5,843.0,18446.0,6033.5,966.0,373.0,595.0,18239.0,1432.0,2381.5,1306.5,875.0,19826.0,451.5,9928.5,1577.0,1377.0,938.0,1901.0,29900.0,2129.5,965.5,2020.0,20090.5,11187.0,360.0,267.0,203.0,279.0,216.0,873.0,829.0,254.0,3596.0,5190.0,2265.0,115.0,44.0,141.0,205.0,91.0,68.0,2415.5,398.0,98.0,268.5
255,62.0,83.0,135.0,77.5,57.0,151.0,112.0,102.0,146.0,195.0,132.0,318.5,647.0,36.0,132.5,114.0,217.0,138.0,68.0,49.0,20884.0,87.0,201.0,6947.5,140.0,68.0,195.0,194.5,163.0,49.5,44.0,197.0,643.0,147.0,76.0,85.0,78.0,116.5,144.5,60.0,58.0,101.0,61.0,129.0,448.0,591.0,106.0,145.0,65.0,279.0,268.0,73.5,115.0,261.0,69.0,202.0,100.0,132.5,153.0,630.0,223.0,102.0,46.0,78.0,73.0,60.5,163.0,45.0,97.0,78.5,96.0,63.0,55.0,837.0,66.0,149.0,68.5,2519.0,70.5,67.5,344.0,143.5,53.0,66.0,50.0,242.5,88.5,71.5,174.0,51.0,201.0,56.0,182.5,80.0,196.5,91.0,427.0,1451.5,154.0,2452.0,996.0,171.5,148.0,235.0,4021.0,200.0,811.0,302.0,183.0,4905.0,476.5,6204.0,273.0,182.0,921.0,211.5,4428.5,227.0,498.0,389.0,7717.5,1173.0,165.5,124.0,105.0,136.0,125.0,248.5,297.0,166.0,545.5,520.0,936.0,89.0,61.0,136.0,102.0,68.0,58.5,579.0,5245.0,67.0,52.0
256,38.0,51.0,110.0,48.0,31.0,75.0,73.0,61.0,115.0,124.0,96.0,209.0,336.0,23.0,88.0,63.0,116.0,80.0,38.0,29.0,27899.0,55.0,156.0,8744.5,54.0,44.5,119.0,105.5,104.0,29.0,28.0,128.0,479.0,83.0,46.0,58.0,52.0,77.0,79.0,35.0,33.0,64.5,39.0,76.0,296.5,368.0,61.0,93.0,40.0,140.5,154.5,46.0,81.0,137.5,35.0,169.0,78.0,85.0,87.5,386.0,154.0,70.0,28.0,50.0,51.0,39.0,93.0,28.0,48.0,59.0,59.0,44.0,32.0,593.0,37.0,94.0,43.0,1452.5,45.0,38.0,231.0,82.0,36.0,36.5,31.0,148.0,54.0,44.0,103.5,32.0,131.0,33.0,121.5,51.0,108.0,69.0,1787.0,2026.0,107.5,6463.0,2923.0,125.0,151.0,207.0,10091.0,589.0,2529.0,722.0,131.5,4654.0,336.5,12036.0,473.5,242.0,826.0,766.5,15163.0,533.0,328.0,1367.0,5402.0,5480.0,106.5,87.0,65.5,77.0,73.0,390.5,199.0,97.0,1142.0,220.5,782.0,55.0,46.0,70.0,47.0,46.5,35.0,452.0,8690.0,36.0,36.0
257,311.0,1144.0,238.5,54.0,28.0,138.0,98.0,93.0,141.0,134.5,42.0,475.0,154.0,16.0,119.5,108.0,191.0,155.0,62.0,34.0,1236.5,43.0,93.0,679.5,73.0,61.0,214.0,168.0,122.0,203.0,25.0,169.0,17529.0,336.0,89.0,65.5,44.0,14436.0,137.5,45.0,38.5,1696.5,51.0,137.0,476.0,192.0,66.0,262.5,52.0,183.5,424.0,63.0,84.0,154.0,52.0,554.0,122.0,213.0,146.0,377.0,203.0,50.0,22.0,120.0,64.5,40.0,167.5,23.0,48.5,73.5,68.0,43.0,46.0,220.5,218.0,131.5,101.0,417.5,43.0,51.0,242.0,120.5,28.0,89.0,40.0,264.0,116.0,53.0,93.0,45.0,141.0,101.0,587.5,46.0,261.0,99.0,335.5,303.0,317.5,455.5,252.0,269.0,369.0,854.5,1502.0,225.5,1194.0,316.0,303.5,1957.0,649.0,9510.5,532.0,565.0,2445.0,414.0,348.5,255.5,681.0,260.0,2063.0,217.0,379.0,296.0,161.0,370.5,147.5,182.0,4962.0,314.0,228.0,545.5,323.0,108.0,25.0,87.0,51.0,743.0,38.0,4273.0,188.5,40.0,67.5
258,486.0,1269.0,339.5,69.0,36.0,175.0,113.0,117.0,156.0,174.0,52.5,658.5,419.0,20.0,140.5,140.0,258.5,197.0,84.0,49.5,2167.0,56.0,95.5,934.0,97.0,69.0,272.0,204.0,154.0,159.5,27.5,217.0,19044.0,489.0,128.5,91.0,53.0,16594.5,163.0,64.0,54.0,2054.0,65.0,180.0,599.0,243.0,72.0,373.5,65.5,259.0,495.0,83.5,108.0,211.0,64.5,713.5,132.0,460.0,187.0,475.0,245.0,63.0,24.5,526.0,66.0,58.0,226.0,31.0,59.5,105.0,77.5,61.0,64.5,316.0,256.5,145.5,124.0,507.0,56.0,54.0,337.0,151.0,31.0,148.0,51.0,348.0,138.0,71.0,111.5,52.0,168.5,167.0,648.0,66.0,302.5,113.5,759.0,779.0,806.0,2103.0,403.0,580.0,1034.0,2395.5,4554.5,550.0,3189.0,658.0,623.5,5471.0,1843.0,5025.0,1530.0,1849.0,3398.0,769.5,519.0,609.0,1984.0,355.0,5985.5,327.0,1079.0,721.0,332.5,959.0,278.0,373.0,13563.5,840.5,468.0,1223.0,755.5,121.0,29.0,108.0,75.0,1241.0,43.0,4975.0,435.5,52.0,110.0
259,227.5,204.5,359.0,210.0,129.0,407.5,225.5,486.5,231.0,568.0,51.0,914.0,1524.0,123.0,3397.0,279.0,318.0,723.0,163.0,66.5,797.0,182.0,139.0,2827.0,437.0,121.0,645.0,444.0,612.0,95.0,85.0,2259.0,1640.0,385.0,380.0,241.0,161.5,794.5,323.0,118.0,113.5,204.5,106.0,460.0,1550.0,646.0,347.0,579.0,150.0,648.0,912.0,178.5,263.0,658.0,168.0,711.0,151.0,642.0,1075.5,1328.0,283.5,192.0,70.0,240.5,173.0,101.0,735.0,127.0,385.5,280.0,249.0,159.0,144.5,437.0,193.5,610.0,138.0,2577.0,151.0,159.5,977.0,444.5,103.0,119.0,113.0,832.0,131.0,231.0,2429.0,259.0,704.5,169.0,591.0,163.5,440.0,395.5,474.0,380.0,668.0,1821.5,614.5,591.0,269.0,322.0,3238.5,1264.0,532.5,577.0,644.0,1819.0,337.5,10833.0,371.0,9157.0,382.0,536.5,2052.5,592.5,561.0,926.0,41216.0,1243.0,331.0,211.0,602.0,251.0,247.0,428.0,635.0,269.0,2337.0,368.0,461.0,231.0,67.0,249.5,652.0,678.0,119.0,1633.0,167.0,122.0,122.0
260,71.5,103.0,301.0,67.0,64.0,107.0,102.0,66.0,151.0,107.0,81.0,452.5,167.5,63.0,92.0,91.0,103.0,101.0,117.0,20.0,1090.0,75.5,152.0,2459.0,78.0,74.5,81.0,451.0,123.0,72.0,73.0,122.0,486.0,584.0,234.0,89.0,216.0,112.0,179.0,3713.0,150.5,56.0,82.0,90.0,255.0,255.5,66.0,843.5,79.0,104.0,149.0,85.0,69.5,47.0,109.5,853.0,281.0,51.0,49.0,474.0,112.0,52.0,68.0,49.0,43.0,90.5,59.0,71.0,74.0,61.0,92.0,59.0,188.0,7092.0,118.0,1786.0,68.0,2705.0,81.0,65.0,201.0,87.0,61.5,68.0,77.0,186.5,63.0,71.0,122.0,77.0,872.0,85.5,256.5,69.0,62.0,83.0,5904.5,785.0,178.0,32683.0,11510.0,21758.0,502.0,1986.5,22310.0,2077.0,3271.0,1379.0,327.0,17986.0,1022.0,4105.5,1846.0,1728.5,6796.0,31855.0,31372.0,1501.0,242.5,8457.0,14293.0,19147.5,272.0,274.0,194.0,109.5,75.0,1067.5,1308.5,91.0,4275.0,4973.0,467.5,63.0,92.0,66.0,62.0,265.0,85.5,1256.0,752.0,94.0,207.5
261,95.0,142.0,419.0,94.0,85.0,152.0,134.5,85.0,168.0,133.0,122.5,908.0,221.5,92.0,211.5,123.0,137.0,135.5,181.5,27.0,1397.5,97.0,208.0,3390.5,108.5,98.0,99.0,682.0,178.0,101.0,108.5,157.0,518.5,894.5,367.0,120.0,314.0,153.0,290.0,5904.0,225.0,74.0,116.5,124.0,311.5,344.5,93.0,1373.0,110.0,92.0,192.5,108.0,95.0,60.0,177.0,1281.0,425.0,56.0,61.0,532.0,130.0,65.0,89.0,61.0,51.5,127.0,73.0,95.5,115.0,83.5,128.0,81.0,259.0,12506.5,186.0,2407.0,87.0,3229.0,113.0,90.0,275.0,110.0,89.0,99.0,106.0,1635.0,83.0,108.5,160.5,117.0,1557.0,113.0,338.0,94.5,97.5,128.0,10590.0,1098.0,228.5,27611.5,13511.0,9651.0,561.0,1300.0,27404.5,2727.0,5631.5,2726.0,314.0,22528.5,964.0,5226.0,1832.0,1959.5,5596.5,26818.0,40388.0,2651.0,270.0,13797.5,15776.5,27013.5,350.5,253.0,845.5,146.0,115.0,1574.5,1280.0,118.0,6894.0,8568.0,609.0,84.5,131.0,76.0,92.0,332.0,118.0,2143.5,985.0,132.0,263.0
262,112.0,40.5,535.0,94.0,17.5,86.0,163.0,45.0,298.0,103.0,41.0,2595.0,229.0,17.0,18388.5,73.5,66.0,70.5,193.0,14.0,2106.5,39.5,45.0,2752.0,51.5,36.0,91.5,181.0,323.0,27.0,21.0,556.5,932.0,764.0,84.0,223.5,40.0,219.0,787.5,28.0,87.5,167.5,280.5,225.0,453.5,263.0,32.0,348.0,39.0,15749.0,457.0,53.0,368.5,403.5,93.5,55.0,111.0,63.0,74.0,500.5,126.5,50.0,22.0,47.0,32.0,45.5,73.0,35.5,48.5,31.0,73.0,27.5,41.0,521.5,32.0,59.0,39.0,125.0,40.0,33.0,538.0,51.5,26.0,253.5,37.0,157.0,37.0,44.0,68.5,549.0,155.0,42.0,535.0,93.0,56.5,380.0,295.0,51.5,35.0,89.0,124.0,39.0,182.0,25.5,1937.5,1304.5,203.5,483.5,56.0,1361.0,1651.0,1658.0,36.0,42.0,91.0,190.0,259.5,99.0,69.0,276.5,14077.0,237.5,39.0,32.0,37.0,27.0,30.0,53.0,490.0,31.0,77.0,124.0,86.0,31.5,45.0,89.0,66.0,48.0,30.0,4279.0,550.0,36.0,4540.0
263,143.0,39.0,705.5,112.5,17.0,93.5,209.5,46.0,393.0,97.0,61.0,3669.5,247.5,18.0,13142.0,78.0,56.5,66.0,309.0,16.0,2917.0,51.0,54.0,3415.5,59.0,43.0,88.5,188.0,448.5,28.0,20.0,693.0,1076.0,349.5,77.0,278.0,39.5,276.5,1162.0,30.0,126.5,230.5,385.0,288.0,540.0,312.0,34.0,498.5,32.0,11396.0,629.0,47.0,513.5,422.0,124.0,65.0,126.0,57.5,62.0,395.0,94.0,60.0,22.5,62.0,29.5,56.0,69.0,44.0,53.0,37.0,81.5,25.0,42.0,783.0,35.5,58.0,38.0,150.0,38.0,36.5,311.5,44.0,31.0,381.0,34.0,169.5,34.0,41.0,78.5,392.0,173.0,43.0,784.5,126.5,58.0,472.0,342.0,58.0,22.0,40.0,133.0,32.0,257.0,24.0,2723.0,791.0,220.0,698.0,55.0,1835.0,106.0,2002.0,25.0,39.5,100.0,268.5,196.0,136.5,44.0,410.0,9733.0,200.5,41.5,28.0,32.0,22.0,26.0,67.0,66.5,23.0,72.0,113.0,81.0,29.0,50.0,60.0,72.0,50.0,30.0,5576.0,870.0,34.0,5325.0
264,105.0,112.0,199.5,122.0,95.5,271.0,182.0,162.0,192.0,224.5,133.0,781.0,238.0,79.0,211.0,449.0,429.0,217.0,99.0,67.0,778.5,101.0,188.5,2341.5,279.0,153.0,244.5,283.0,271.0,89.0,80.0,163.0,831.5,6480.5,162.5,320.0,83.0,235.0,2423.5,479.5,87.0,108.0,115.0,202.0,810.0,292.5,119.0,666.0,118.0,484.5,339.0,133.0,156.0,258.0,300.0,173.0,145.0,994.5,247.0,551.0,2149.5,95.0,73.0,133.0,94.0,129.0,294.0,73.0,112.0,181.0,552.0,91.5,104.0,3116.0,266.0,184.0,126.0,2640.0,105.0,92.5,387.5,193.5,78.0,94.0,113.0,643.0,80.0,116.0,167.5,106.0,179.0,121.0,3455.5,113.5,332.0,150.0,344.5,220.0,314.5,1376.0,883.0,1778.0,191.5,277.0,3006.5,217.0,4812.5,298.0,211.0,2507.0,513.0,2556.5,411.0,387.0,157.5,686.0,3588.0,367.0,170.0,448.0,989.0,2287.0,640.0,916.0,133.5,223.0,180.0,174.0,639.0,169.0,297.0,236.0,161.5,164.0,83.0,145.5,120.0,117.0,104.0,16430.0,256.0,110.0,422.0
265,77.0,92.0,142.0,97.5,64.0,234.0,153.0,140.0,160.5,171.5,109.0,490.0,200.0,56.0,168.0,525.5,295.5,187.0,76.5,44.0,626.0,74.0,156.0,1740.5,233.0,110.5,250.0,251.0,212.0,62.5,58.0,137.0,704.0,5038.5,127.5,273.0,59.5,182.0,2199.5,359.0,61.0,80.0,74.0,161.5,751.0,265.0,87.0,465.5,86.0,327.0,309.0,125.0,117.5,180.0,217.5,137.5,107.0,809.0,222.0,530.0,1521.0,78.0,49.0,104.5,66.5,93.0,238.5,50.0,83.0,109.0,435.0,69.0,75.0,2338.5,197.5,178.0,95.0,1988.5,82.5,74.5,367.0,153.0,59.0,65.0,89.0,587.5,63.0,94.5,132.0,83.0,147.0,92.0,2634.0,85.5,287.0,125.0,157.5,154.5,185.0,1048.0,593.0,1422.0,142.5,217.0,1801.0,137.0,4656.0,173.5,171.0,1012.0,374.0,1802.5,291.0,300.0,122.0,602.0,685.0,275.0,132.0,188.0,381.0,1200.0,481.5,844.0,114.0,161.5,96.0,117.0,573.5,134.0,191.0,171.5,121.5,129.5,65.0,123.0,91.0,76.0,77.0,14350.0,206.0,86.0,337.0
266,99.5,203.0,957.0,133.0,107.0,6562.0,216.0,305.0,228.0,374.5,60.0,1807.5,438.5,58.0,1637.0,217.0,282.0,1933.0,138.0,72.0,1055.5,153.0,108.5,2014.0,229.5,114.0,539.0,606.0,527.0,91.0,78.0,373.0,1440.0,1150.0,257.5,6434.0,179.0,989.5,894.5,201.5,133.5,127.0,118.0,357.0,1262.0,564.0,203.0,587.0,119.5,27301.0,768.5,166.0,1586.0,526.5,78.5,171.0,141.0,452.0,430.0,661.0,340.0,134.0,62.0,432.0,145.0,133.0,524.0,102.5,170.0,142.0,341.0,115.0,130.0,14836.5,97.0,414.0,113.5,2557.0,147.5,115.0,1210.0,287.5,86.0,190.0,163.5,1963.5,128.5,183.0,243.0,84.0,448.5,126.0,485.0,146.5,422.0,253.0,735.0,2126.5,207.0,10288.0,705.5,196.0,168.0,297.0,8533.0,626.0,2590.0,874.5,1952.0,8268.0,223.0,2007.5,2171.5,153.0,2445.0,470.5,4231.0,335.5,402.0,792.0,5510.5,1549.0,145.0,140.0,135.5,137.0,140.0,269.0,190.0,150.0,1547.5,322.0,677.0,610.0,117.0,199.0,244.0,219.0,104.5,5173.5,141.0,123.0,11106.0
267,118.0,209.0,1068.0,148.0,114.0,7094.0,220.0,319.0,250.0,405.5,69.0,2004.5,474.0,64.0,712.0,216.0,321.0,1628.0,171.0,80.0,1251.0,160.0,121.0,2038.0,266.5,116.5,510.0,721.0,543.0,89.0,82.0,374.5,1366.0,891.5,238.0,7949.0,179.0,961.0,1000.0,188.0,131.0,134.0,131.5,371.0,1291.0,599.0,227.0,614.0,125.0,32982.0,813.0,180.0,1672.0,555.0,84.0,202.5,147.0,479.0,493.5,718.0,398.0,128.0,67.0,363.0,131.0,139.0,517.5,97.0,184.5,149.0,341.0,124.0,144.0,5081.0,108.0,434.0,113.0,832.5,143.0,127.0,1176.0,314.0,95.0,209.5,155.0,1801.5,115.5,203.0,257.0,82.0,457.0,129.0,557.5,147.0,405.0,282.5,589.5,2305.0,224.5,9797.0,475.0,198.0,176.0,243.0,3953.0,326.0,2948.0,913.0,1622.0,1497.0,207.0,2524.0,423.5,136.5,447.0,494.5,2449.0,255.0,325.5,567.0,5271.0,1112.0,111.0,142.0,145.0,136.0,135.0,226.5,256.0,157.0,1060.0,317.0,889.0,576.0,91.0,201.5,280.0,258.0,99.5,5259.5,163.0,125.0,6796.0
268,19.0,33.0,71.0,37.0,20.0,48.5,47.0,39.5,93.0,139.0,13.0,354.5,468.0,12.0,72.0,34.0,306.0,114.0,35.0,27.0,2350.0,32.0,28.0,357.5,39.0,26.0,417.0,446.0,42.0,24.0,17.0,92.5,434.0,418.0,142.0,37.0,27.0,73.0,127.5,33.0,39.0,36.0,30.0,756.5,466.0,139.0,50.0,79.0,28.0,181.0,99.0,40.0,30.0,73.5,48.0,62.0,79.5,55.0,52.0,407.5,819.0,40.0,14.0,68.0,30.0,34.0,63.0,29.0,117.5,52.0,45.0,26.0,20.0,1292.5,83.0,62.0,26.0,191.0,28.5,23.5,184.0,67.5,21.0,22.0,2245.5,153.0,29.0,28.0,54.0,25.0,85.0,33.0,168.0,25.0,88.0,42.0,104.0,91.0,58.0,319.0,55.0,201.0,60.5,252.0,1490.0,143.0,60.0,163.5,148.0,2491.0,72.5,3305.0,189.5,154.5,73.0,1201.0,546.0,965.0,224.0,57.0,2440.0,66.5,94.5,52.0,47.0,60.0,42.0,86.0,3040.0,66.5,129.5,105.0,145.0,38.0,20.0,651.0,34.0,35.5,30.0,1068.0,314.5,26.0,62.5
269,24.5,40.0,84.0,55.0,25.0,56.0,57.0,50.0,101.0,161.5,15.0,361.0,674.0,13.0,69.5,41.0,407.0,279.5,44.0,32.0,3464.0,39.0,31.0,454.0,47.0,28.0,573.0,622.0,51.0,30.0,22.0,123.0,406.0,610.0,191.0,49.5,34.0,73.0,703.5,43.0,48.0,41.0,33.5,900.0,614.5,188.0,67.5,101.0,36.0,257.0,110.0,45.0,38.0,104.5,60.0,61.0,92.0,73.0,73.0,368.5,851.0,44.0,16.5,73.0,33.0,36.0,77.0,25.0,336.0,74.0,61.0,30.0,24.0,4346.0,123.5,73.5,30.0,233.0,36.0,26.0,173.0,84.0,24.0,29.0,3530.5,279.0,35.0,34.0,68.5,31.0,111.0,40.5,227.5,31.0,119.5,51.0,198.5,141.0,81.0,332.0,110.5,889.0,70.0,589.0,2220.5,177.0,63.0,228.0,399.0,2391.5,101.0,2555.5,253.5,163.0,99.0,1369.0,836.5,1114.0,284.0,88.0,2358.0,114.5,147.0,68.0,61.0,86.0,49.0,147.5,3813.0,85.0,167.5,142.5,98.5,44.0,23.0,747.0,44.0,41.0,38.0,1584.0,409.5,35.0,87.0
270,55.0,44.0,1083.5,176.5,28.0,131.0,226.5,55.0,270.0,2122.0,22.0,4612.0,193.0,19.0,212.0,46.0,175.5,106.0,56.5,19.0,3809.0,42.0,37.0,6561.0,93.0,37.0,108.0,211.0,327.0,27.0,22.0,206.0,460.0,3672.0,100.0,88.0,32.5,4384.0,1844.0,65.0,103.0,88.0,81.0,181.5,505.0,140.5,55.0,297.5,35.5,151.0,653.0,77.0,269.0,174.0,131.5,2086.0,86.5,79.0,337.0,480.5,1142.0,55.0,21.0,1550.0,38.0,40.0,82.0,29.0,323.0,44.0,163.5,35.0,45.0,1689.0,759.0,92.0,37.0,9714.5,37.0,38.0,1061.0,51.5,26.0,138.0,38.5,230.0,42.5,38.0,105.0,48.0,137.0,34.0,12023.0,69.5,100.0,133.5,522.0,271.5,136.0,635.5,238.0,124.0,172.0,158.0,3004.0,1087.0,82.0,377.5,178.0,8047.5,245.0,5917.0,412.0,288.0,1527.5,341.0,380.0,177.0,219.0,264.5,507.0,531.0,253.5,108.0,374.0,140.0,72.0,89.0,31337.5,118.0,130.0,232.0,143.0,58.5,23.0,52.0,45.0,68.0,30.5,16580.0,304.0,29.0,49.0
271,88.5,53.0,1834.0,276.0,34.0,183.0,404.5,71.0,398.5,3800.5,32.0,8051.5,327.0,26.0,397.0,59.0,316.0,157.0,108.0,24.5,7497.5,56.0,48.0,14185.0,139.0,46.0,147.0,323.0,642.0,34.0,27.0,339.0,661.0,5610.0,159.0,246.0,48.0,10014.0,3033.0,101.0,160.0,129.5,133.0,323.0,1000.0,213.0,61.5,485.0,45.0,269.0,1170.5,125.5,406.0,230.0,233.0,3406.0,108.0,108.0,531.0,803.0,2218.0,68.5,25.0,2009.0,39.0,56.5,107.0,38.0,491.0,61.0,301.5,47.0,60.0,2829.5,950.5,129.5,48.0,16684.0,41.0,51.0,1731.0,78.5,35.0,212.5,58.0,320.5,54.0,52.0,166.0,80.0,224.0,48.0,19251.0,106.0,136.0,227.0,944.5,451.0,244.0,1326.0,478.0,204.5,308.0,299.5,5079.0,1853.5,113.0,733.5,303.0,12313.0,482.5,12376.0,728.5,477.0,3679.0,610.0,866.0,347.5,447.5,572.0,1564.5,1036.0,468.0,173.0,580.0,252.0,127.0,140.0,47092.5,195.0,218.0,445.5,251.0,87.0,29.0,69.0,64.0,98.0,34.0,31935.5,667.0,37.0,82.5
272,177.5,229.0,1163.0,178.0,161.0,298.5,291.0,302.0,358.0,442.0,138.0,2619.0,465.0,146.5,307.5,283.0,282.0,449.0,188.0,43.0,29026.0,152.0,206.0,17431.0,229.0,152.5,477.0,384.0,1272.0,152.0,165.0,359.0,1375.5,174.5,195.5,241.0,217.5,1548.5,5681.0,101.0,223.0,210.5,209.0,430.5,1177.0,433.5,2910.0,239.0,184.0,350.0,971.0,195.0,298.0,646.0,168.0,297.0,330.0,402.0,401.0,897.5,483.0,161.0,131.0,145.0,156.0,160.0,593.0,159.5,446.5,182.0,163.0,178.0,161.0,413.0,180.0,523.0,163.0,794.0,198.0,161.0,755.0,262.0,140.0,201.0,335.0,618.5,2632.5,222.0,242.0,100.0,383.5,199.5,650.5,284.0,282.0,297.5,955.5,277.0,398.0,1248.0,1335.5,295.0,341.5,507.5,4123.0,357.5,410.0,901.0,451.0,5905.0,442.0,8235.0,352.0,258.0,9029.0,873.5,4951.0,547.0,902.0,1144.5,15635.0,1771.5,246.0,194.0,157.0,255.0,331.5,413.5,32982.0,272.0,1089.5,305.0,742.5,171.0,191.0,506.5,198.0,210.0,169.0,5775.5,13802.0,219.0,168.0
273,40.5,73.5,101.5,75.5,33.5,109.5,167.0,80.5,108.5,871.5,29.0,179.0,284.0,22.0,1776.0,60.0,193.0,142.0,47.0,22.0,610.0,44.0,64.0,498.5,71.0,47.0,650.0,763.0,195.0,29.0,24.0,153.0,572.0,898.0,162.0,853.0,62.0,147.0,103.0,55.0,86.0,203.0,379.5,158.0,539.5,261.0,68.0,614.0,57.0,6756.5,210.0,106.0,45.0,433.0,39.0,6053.5,118.5,121.0,137.0,387.0,761.0,54.0,19.0,62.0,42.0,50.0,153.0,22.0,2856.0,60.0,125.0,36.0,41.0,3672.0,118.5,104.0,58.0,396.0,73.0,42.0,753.0,148.0,28.5,37.0,55.0,270.0,41.0,72.0,522.5,54.0,250.5,255.0,1508.0,52.0,498.5,90.5,2416.0,847.0,2029.0,6885.0,4857.0,496.0,380.0,2433.0,11610.0,1243.0,8363.0,1039.5,282.5,8315.5,547.0,1904.0,810.5,1131.0,320.5,833.0,18250.5,682.0,278.0,2313.0,8937.0,7410.5,100.0,167.5,128.0,88.0,118.5,506.0,12659.0,79.0,1563.0,3667.0,1847.0,55.5,1652.0,72.0,57.0,31.0,38.0,848.0,323.0,722.5,307.5
274,60.5,107.5,147.0,115.0,77.0,156.0,311.5,123.0,139.0,1658.0,41.0,332.0,372.0,27.5,2076.0,108.5,293.0,195.0,73.0,28.0,962.0,60.0,83.5,860.0,98.0,69.0,1032.0,997.0,395.0,37.0,33.0,207.0,812.5,1447.0,256.0,1533.0,98.0,270.5,144.0,87.0,138.5,364.0,548.0,213.5,759.0,354.5,97.0,1143.5,80.0,11245.0,321.0,165.0,66.5,1102.0,62.0,9280.0,168.0,185.0,204.5,681.0,802.0,80.0,27.0,100.0,60.0,73.0,217.0,32.0,3483.0,97.0,279.0,58.0,78.0,5147.0,195.5,167.0,82.0,615.0,109.0,58.0,1669.0,207.0,40.0,56.0,80.0,410.0,58.0,105.0,2387.0,82.0,291.0,434.0,2633.0,73.5,892.5,133.0,4746.0,1165.5,4672.0,12627.5,11203.0,658.0,1017.0,2483.0,22425.0,2546.0,50669.0,2608.0,479.0,17192.0,1441.0,4138.5,2312.0,2841.5,665.5,1332.0,41940.5,1341.0,399.0,4387.0,27140.0,17756.0,267.0,493.0,259.0,179.0,241.5,1026.0,34730.0,176.5,3473.0,5819.5,1996.0,80.0,2492.0,108.0,74.0,49.0,49.0,4882.0,512.0,67.0,509.0
275,23.0,41.0,103.0,45.0,33.0,71.5,89.0,43.0,112.0,170.0,26.0,222.0,254.5,14.0,312.0,47.0,119.0,59.0,57.0,33.0,285.0,35.0,28.0,354.0,176.0,33.0,253.0,184.0,90.0,17.0,16.0,117.0,530.0,706.0,176.0,44.0,42.0,139.5,146.5,87.0,22.0,48.0,28.0,58.0,322.0,165.5,42.0,225.5,32.0,198.0,153.0,60.0,119.0,115.0,28.0,685.0,206.0,58.0,65.0,326.0,137.0,39.0,16.0,34.0,28.0,31.0,60.0,19.5,63.0,39.0,102.0,27.0,24.0,20872.5,73.0,94.0,27.0,337.0,30.0,30.0,172.0,51.0,21.5,26.0,26.5,187.5,31.0,27.0,44.0,2051.0,119.5,37.0,224.0,38.0,53.0,54.5,433.0,1274.0,259.0,2433.0,1478.5,943.0,163.0,1588.0,4944.5,305.0,512.0,384.0,127.0,10674.0,260.0,1569.0,265.5,648.5,5487.0,3578.0,5380.5,333.5,160.5,391.0,7858.5,1612.0,97.0,69.0,58.0,71.0,47.0,161.0,14255.5,80.0,440.0,329.0,1081.5,40.0,16.0,48.0,68.0,33.0,25.0,1001.0,87.0,39.0,23.0
276,27.0,47.0,127.0,49.0,34.0,85.0,114.0,51.0,119.0,209.0,31.0,329.0,350.0,15.0,386.0,49.0,156.5,72.0,62.5,39.0,357.5,39.0,36.0,476.0,223.0,42.0,326.5,242.5,92.0,21.0,16.0,154.5,634.0,1209.0,248.5,54.0,42.0,179.5,263.0,115.0,23.0,48.5,30.0,67.5,393.0,213.0,50.0,264.5,35.0,231.0,180.0,90.0,165.0,391.0,33.0,994.5,273.0,65.0,66.5,424.0,308.0,46.0,18.0,38.0,31.0,38.0,68.0,20.0,98.0,44.0,142.0,33.0,30.0,29589.5,112.0,114.0,33.0,654.0,37.0,35.0,214.5,60.0,21.0,27.0,32.0,217.0,33.0,32.0,49.0,2321.5,137.0,44.0,319.0,41.5,67.0,60.0,1278.0,1515.5,1107.5,5182.0,4503.0,1323.0,356.0,2579.0,11578.0,703.0,1116.5,1042.0,296.0,26634.0,705.0,4186.0,602.5,1448.0,9547.0,10002.0,18860.0,611.5,264.0,1038.5,22701.0,4588.0,201.0,122.0,88.5,152.0,78.0,433.0,8130.0,149.0,1173.0,918.5,1099.0,39.0,16.0,52.0,107.0,45.0,26.0,1073.0,111.0,49.0,26.5
277,103.0,186.0,158.0,146.0,91.0,321.5,178.0,323.0,175.0,652.0,42.0,358.5,1338.0,77.0,4905.0,183.5,433.0,525.0,136.0,69.0,533.0,118.0,110.0,350.0,1419.0,94.0,601.0,501.0,438.5,78.0,58.0,364.0,1315.5,245.0,159.0,333.0,159.0,5583.5,317.0,84.5,78.0,128.0,78.0,438.0,1399.0,533.0,206.0,477.0,115.0,578.0,586.0,167.0,209.0,563.0,58.0,176.0,107.0,460.0,513.5,699.0,992.0,152.0,46.0,137.0,168.0,88.0,612.5,1162.5,71.0,168.0,400.0,125.0,70.0,3597.5,294.0,444.0,144.0,484.0,138.0,116.0,587.0,357.5,74.5,70.0,675.0,929.0,106.0,190.0,277.0,145.0,419.0,95.0,416.0,175.0,1883.5,291.0,402.0,287.0,353.0,423.0,473.0,595.0,304.5,257.0,1057.0,641.0,357.0,1178.0,447.0,640.5,442.0,652.0,387.0,197.0,3454.5,502.0,1355.0,318.0,704.0,870.5,2213.0,1297.5,239.0,194.5,170.0,282.0,169.0,291.0,5499.0,333.0,786.0,274.0,553.0,146.0,52.0,206.0,239.0,78.0,82.0,878.0,237.5,112.5,100.0
278,84.0,148.0,129.0,134.0,69.0,237.0,146.0,242.0,167.0,569.5,38.0,278.5,1624.0,50.5,2637.5,156.0,384.0,407.0,107.0,59.5,418.0,98.0,94.0,421.0,1952.0,83.0,453.0,431.0,371.0,70.0,52.0,291.0,1000.0,192.0,128.0,287.0,125.5,5683.0,252.0,80.0,69.0,111.0,66.0,311.0,1119.0,435.0,195.0,486.5,99.5,464.0,478.5,141.0,190.0,456.5,52.0,168.0,107.0,395.5,404.5,621.0,374.0,126.0,43.0,118.0,113.0,73.0,439.5,949.0,61.0,156.0,363.0,99.0,66.0,1659.5,304.0,327.5,110.0,414.0,114.0,96.0,537.0,279.0,60.0,61.5,735.0,803.5,92.0,140.0,240.0,115.0,347.0,87.0,423.0,158.0,1785.5,272.0,308.0,227.0,254.0,336.0,378.0,524.0,234.0,208.0,944.0,510.5,269.5,926.0,326.0,586.0,393.0,755.0,297.0,170.5,3481.0,393.0,1104.0,242.0,605.0,614.5,895.5,916.0,184.0,150.0,131.0,221.0,133.0,223.5,4542.0,250.0,700.0,216.0,476.0,115.0,46.0,190.0,220.0,71.0,73.0,607.0,176.0,99.0,83.5
279,54.5,42.0,200.0,1178.0,39.0,66.0,96.5,45.0,155.0,143.5,29.0,841.0,1668.0,16.0,202.0,45.0,3673.0,66.0,53.0,21.0,681.0,43.0,49.0,876.5,98.0,97.0,96.0,143.0,148.0,20.0,21.0,160.0,611.5,323.0,96.0,523.0,44.0,356.0,412.0,40.0,73.0,66.0,269.5,156.5,426.0,178.0,61.0,306.0,38.0,331.0,218.0,42.0,136.0,246.0,67.0,772.0,103.0,70.0,59.0,385.0,786.0,45.0,18.0,44.0,37.5,37.0,73.0,22.0,78.0,45.0,198.0,29.0,90.5,1510.0,350.5,70.0,83.0,1110.0,50.0,718.5,251.0,59.5,26.0,80.0,47.0,272.0,40.0,31.0,56.0,1174.0,134.0,35.0,963.5,55.0,177.0,85.0,261.0,1074.5,337.0,15678.0,740.0,812.0,184.0,760.0,5987.0,311.0,196.5,537.0,327.5,51117.5,867.5,48622.0,611.0,1395.0,365.5,9564.5,920.0,559.0,442.0,276.0,17882.5,1872.0,426.0,239.5,133.0,317.0,120.0,435.0,31602.0,294.0,2219.0,526.0,281.0,51.0,23.0,56.5,219.0,48.0,30.5,23092.0,126.0,38.0,4017.0
280,125.0,294.0,191.0,209.5,124.0,492.0,214.0,538.0,229.0,507.0,51.0,415.0,387.0,82.0,490.5,304.0,222.0,914.5,225.5,46.0,449.0,139.0,209.0,379.5,235.0,146.0,984.5,30981.0,466.0,93.0,89.0,537.0,1871.0,610.0,218.5,527.0,201.0,627.0,235.0,80.0,110.5,152.5,109.0,501.5,2154.0,728.0,263.5,262.5,155.0,3162.0,789.0,3115.0,129.0,617.0,72.0,135.0,152.0,737.0,809.0,1077.0,245.5,179.5,69.0,162.0,171.0,88.5,897.5,89.0,100.0,185.0,353.0,169.0,169.0,701.0,103.0,960.0,142.0,2895.0,182.5,159.0,1045.5,421.0,101.0,87.0,147.0,1190.0,125.0,308.0,394.0,179.5,420.0,146.0,363.0,178.0,465.0,243.0,1187.5,2872.0,977.0,8109.5,3506.5,501.0,323.0,490.0,6873.0,1002.0,696.0,1266.0,751.0,38985.0,622.0,14829.0,1288.0,375.0,2511.0,2091.0,16413.0,1226.0,1319.0,1473.0,35397.0,5146.0,872.0,239.5,181.0,354.0,191.5,750.0,421.0,283.5,3866.0,1798.5,4268.5,170.5,89.5,281.0,667.0,171.0,104.0,434.0,156.0,157.0,115.0
281,100.0,177.5,277.5,193.0,92.0,297.0,200.0,143.0,234.0,362.0,184.0,336.0,416.0,123.5,431.0,140.0,462.0,181.0,159.5,61.5,1140.0,128.0,311.0,537.0,304.0,557.0,258.5,269.5,301.0,147.0,117.0,192.0,623.0,3274.0,463.5,1258.0,190.0,261.0,331.0,255.0,187.5,178.0,156.0,233.0,1478.0,274.0,118.0,583.5,145.0,227.0,323.0,204.0,188.0,305.0,479.0,7110.5,204.0,156.0,169.0,568.0,383.0,144.0,119.5,538.0,94.0,173.0,182.0,136.0,218.0,170.0,214.0,130.0,168.0,8225.0,250.0,157.5,193.0,4048.0,181.0,158.0,341.0,181.0,139.0,148.0,136.0,368.5,131.0,169.0,179.0,169.0,435.0,136.0,315.0,175.0,196.5,380.0,705.0,1091.0,500.0,8376.5,25047.0,1570.0,300.5,1623.0,7625.5,284.0,456.0,1383.0,646.0,45034.0,918.0,1136.0,7469.0,4776.0,788.5,2985.0,9790.0,1227.0,737.5,1302.0,4628.0,5539.5,479.5,158.0,456.0,176.0,305.0,1298.0,8203.0,199.0,1086.0,23920.0,305.5,82.5,161.0,148.0,192.0,157.0,117.0,1687.0,835.0,173.5,92.0
282,114.0,213.5,321.0,213.0,100.0,283.0,278.0,153.0,256.0,489.0,211.0,516.0,486.0,143.5,432.5,167.0,464.5,194.0,190.0,62.0,2344.0,149.0,324.0,700.0,326.0,647.0,284.0,272.0,318.0,170.0,133.0,196.0,797.0,2996.0,603.0,1468.0,204.0,260.0,353.0,250.5,218.0,199.0,183.0,252.0,1427.0,270.0,127.0,622.0,166.0,223.5,350.0,245.0,228.0,321.0,606.0,6355.5,237.0,171.0,209.0,2187.5,353.0,158.0,139.0,512.0,102.0,197.0,219.5,161.0,241.5,188.0,250.0,138.0,203.0,7926.0,430.0,169.0,215.5,3713.0,214.5,171.0,1123.0,185.0,150.0,167.0,195.0,762.0,143.0,184.0,186.0,180.0,457.0,149.0,402.0,189.0,207.0,442.0,2794.5,1996.0,2028.5,27094.0,34879.5,10373.0,536.5,3490.0,31257.0,672.0,1044.5,2536.0,867.0,64929.0,1525.0,2173.0,4707.0,8514.5,3171.5,5591.0,42147.5,14330.0,2657.0,27508.0,29589.5,18308.0,789.0,272.0,2359.0,247.0,1156.5,2828.0,35765.0,270.0,4058.0,9219.0,501.0,94.0,194.5,160.0,217.5,185.0,130.0,2014.0,1928.5,197.0,107.0
283,51.0,60.0,416.0,55.0,32.0,151.0,92.0,100.0,189.0,165.0,40.0,940.0,223.0,17.0,506.0,62.0,109.0,187.0,70.0,17.0,855.0,41.0,55.0,1179.0,107.5,57.0,212.5,326.0,153.0,36.0,24.0,325.0,601.0,5221.0,100.0,5447.0,60.0,1076.5,320.0,137.5,86.0,72.0,60.0,132.0,563.0,184.0,82.0,367.0,44.0,106.5,343.5,85.0,252.0,122.0,51.0,99.5,110.0,143.0,168.0,372.5,295.0,82.0,33.0,50.0,51.0,37.0,173.0,30.0,34.0,68.0,89.5,42.0,45.0,405.0,75.5,112.5,64.0,3596.0,43.0,39.0,312.0,103.5,31.0,85.0,44.0,704.5,45.0,68.0,102.0,35.0,126.0,39.0,232.0,59.0,125.0,2243.0,702.0,863.0,903.0,8777.0,1053.0,1657.0,460.0,2233.5,5866.0,1316.0,308.0,713.0,672.0,3708.0,915.0,8239.0,1452.5,2089.0,16117.0,16232.0,4275.0,1180.0,516.0,494.5,27968.0,1559.0,1067.0,478.0,441.5,932.5,299.0,464.0,1383.0,767.5,635.0,1292.0,801.0,48.0,26.0,66.5,1013.0,161.5,34.0,2101.0,114.0,42.0,4570.5
284,77.0,82.0,674.0,81.5,38.0,248.5,145.0,151.0,275.0,198.0,47.0,1575.0,276.0,19.0,805.5,90.0,142.5,369.0,107.0,19.0,1405.0,51.0,74.0,1779.0,150.0,75.0,368.0,455.0,286.5,44.0,29.5,384.0,726.0,6418.0,118.0,7281.5,67.0,1097.5,505.0,154.0,112.0,93.5,82.0,220.0,836.5,281.0,113.0,348.5,63.0,125.5,634.0,96.0,328.0,149.0,55.0,110.0,113.0,241.0,289.0,473.5,319.0,97.0,37.0,64.0,70.0,46.0,289.0,34.0,47.0,92.0,124.5,55.5,46.0,475.5,97.0,188.5,81.0,3663.0,62.0,55.0,451.0,171.0,36.0,113.0,63.0,864.5,54.0,104.0,144.0,47.0,168.0,47.0,381.5,82.5,180.0,2388.5,926.0,1227.0,1180.0,9766.0,1219.0,2172.0,627.0,2657.0,4949.0,1547.5,281.0,1045.0,900.5,3598.0,1316.0,5762.0,2084.0,3107.0,19734.0,16934.0,4300.0,1450.0,690.0,588.0,29601.0,1440.5,1535.0,621.0,562.0,1318.0,370.0,566.0,1990.0,1049.0,763.0,1590.0,1053.0,60.0,31.0,109.0,677.5,187.5,41.0,3169.0,147.0,58.0,4829.0
285,25.0,417.0,70.0,47.0,43.0,69.0,68.0,61.0,111.5,1175.0,42.0,208.0,2912.0,21.0,122.0,90.0,312.0,169.0,42.0,41.0,242.0,36.5,55.0,780.0,49.5,51.0,176.0,120.0,98.0,23.0,21.0,652.0,2699.0,1889.0,251.0,57.5,32.0,246.0,630.0,35.0,24.0,44.5,30.0,252.0,356.0,1951.0,55.0,2792.0,130.5,124.5,151.0,66.0,148.0,88.0,79.0,43.5,78.0,100.5,98.0,370.0,165.0,49.0,20.0,59.0,34.0,67.0,108.0,23.0,164.0,36.0,55.0,31.5,33.5,1455.0,749.0,82.0,54.0,7788.5,435.5,39.0,507.0,65.0,42.0,40.0,42.0,192.0,42.0,40.0,109.0,31.0,639.0,30.0,791.5,52.0,649.0,203.0,2283.5,204.0,88.0,6894.0,5672.5,3001.5,402.0,2652.0,14203.0,886.0,2642.0,1645.0,660.5,7827.0,163.5,1700.5,715.5,467.0,508.0,1502.5,21781.0,802.0,123.5,1923.5,10755.5,8012.0,103.5,259.5,124.0,58.5,67.0,573.0,1049.0,62.0,2027.5,347.5,264.0,46.0,23.0,50.0,99.0,28.0,31.0,1326.0,192.0,33.0,26.0
286,53.5,483.0,140.0,103.0,70.0,190.0,119.0,133.0,135.0,1530.0,50.5,350.0,6444.5,231.0,263.0,142.0,415.5,331.5,72.0,54.0,420.0,108.0,90.0,881.0,107.5,82.0,367.0,253.0,211.5,38.0,37.0,1023.5,1885.5,2652.0,165.0,161.0,79.0,363.5,918.0,53.0,40.0,84.0,52.0,417.5,1094.0,2323.5,104.0,3396.0,1029.0,246.0,409.0,109.0,112.0,145.0,123.0,60.0,94.0,197.5,212.0,643.0,220.0,111.0,32.0,104.5,107.0,92.0,234.0,32.5,226.0,77.0,101.0,60.0,56.0,1350.0,973.5,191.5,90.0,9145.5,417.5,69.0,874.0,156.0,69.5,66.0,79.0,469.5,93.5,78.0,126.0,50.0,943.0,57.0,1078.5,72.5,883.5,313.0,6516.0,418.0,164.0,12964.5,10768.0,4596.0,942.5,4385.0,23345.0,1943.0,5097.0,3469.0,1004.0,17053.5,376.0,2658.0,1832.0,1161.5,1181.0,3092.0,35972.0,1489.0,289.0,2925.0,15279.5,16962.5,200.0,634.5,308.0,117.0,137.0,1207.0,2196.0,115.0,3951.0,953.0,693.0,95.0,34.0,117.0,161.0,45.0,46.0,1314.5,342.0,59.0,44.0
287,78.0,184.0,181.0,126.0,50.5,283.0,163.0,194.0,159.0,414.5,69.5,428.0,283.5,24.0,317.0,199.5,364.0,663.0,82.0,45.0,381.5,124.5,591.0,1808.0,117.0,86.0,427.0,428.0,295.5,52.0,46.0,248.0,1163.0,31084.5,208.0,416.5,138.0,256.0,633.0,171.0,65.0,94.0,63.0,1215.5,1291.5,493.0,113.5,249.0,105.5,387.0,504.0,117.5,92.0,506.0,151.0,91.0,107.0,295.0,357.0,703.0,138.0,102.0,39.0,151.0,88.0,77.0,325.5,37.0,59.0,200.0,246.5,77.0,130.0,753.0,201.0,275.0,80.0,526.0,133.0,84.0,488.5,215.0,64.5,52.5,80.0,696.0,68.5,103.0,177.0,59.0,286.0,75.0,312.5,117.0,325.0,259.5,5343.0,1260.0,244.0,12541.0,10779.0,1023.5,519.0,1316.5,33097.0,2161.0,4801.0,1629.0,816.5,21045.0,2807.0,5798.5,1705.0,964.0,11885.5,9234.0,39399.0,2430.0,764.0,2691.5,8943.0,19262.5,340.0,263.0,193.0,198.5,133.0,1117.5,9779.0,197.0,2937.5,564.0,714.0,108.0,37.0,151.0,135.0,49.0,65.0,887.0,126.5,77.0,71.0
288,65.0,142.5,164.0,107.0,44.5,225.0,136.0,169.0,147.0,424.0,65.0,288.0,276.5,24.0,260.5,151.5,292.0,533.0,78.0,39.0,334.0,89.0,499.5,461.5,102.5,66.0,361.0,377.0,234.5,38.0,37.0,195.0,960.5,33545.5,158.0,478.5,90.0,217.0,615.0,50.0,54.5,74.0,47.0,851.0,1078.5,429.0,103.0,221.0,92.5,262.0,408.0,102.0,76.0,395.5,140.5,74.5,109.0,216.0,270.0,608.0,139.0,76.0,30.0,101.0,65.5,72.0,283.0,31.0,48.0,172.0,204.0,61.0,64.0,683.0,189.0,238.0,64.0,484.0,104.0,70.0,370.0,182.5,56.0,41.0,64.0,610.0,59.0,92.5,154.0,52.0,239.0,67.5,258.0,88.0,284.0,183.0,1510.0,661.0,156.0,5123.0,4053.5,1055.5,223.0,995.0,16116.5,943.0,2248.0,707.0,552.0,11081.0,1954.0,3538.0,653.0,327.0,8101.0,6096.0,17269.0,1113.5,460.0,891.0,1965.0,5813.0,250.0,139.0,134.0,137.5,94.5,777.0,13850.0,135.0,1171.0,362.0,505.5,77.0,28.5,119.0,88.0,39.5,51.0,489.0,109.0,65.5,96.0
289,284.5,394.0,6830.5,256.5,105.5,642.0,294.0,433.5,294.5,914.0,39.0,2615.0,541.0,52.0,1346.0,299.0,308.5,769.0,211.0,88.0,3024.5,163.0,134.0,10409.0,266.0,134.0,891.0,1074.0,795.5,376.0,83.5,455.0,2023.0,1663.5,455.0,523.0,270.5,455.0,680.5,82.0,161.0,145.0,493.0,667.0,2769.5,963.0,228.5,397.0,166.0,574.0,1263.0,1212.5,377.0,612.0,1122.0,8331.5,331.0,608.0,666.0,1265.0,234.0,200.0,53.0,155.0,145.0,91.0,727.0,72.0,105.0,179.0,278.0,134.0,150.0,1094.0,138.0,640.5,139.0,4050.0,263.0,178.0,1114.0,480.5,90.0,249.0,217.0,1420.0,110.0,214.5,357.0,94.0,475.0,177.0,676.5,220.0,542.0,329.0,1441.0,221.0,506.0,385.0,306.0,226.0,211.0,203.5,654.0,1747.5,397.0,566.0,584.5,4046.0,290.5,4229.0,357.0,426.0,588.0,341.0,1322.5,295.0,710.0,1111.0,1824.0,1073.0,572.0,199.0,162.0,231.0,183.0,174.0,335.5,202.5,427.0,487.0,263.5,170.5,58.0,285.0,213.0,104.0,98.0,18101.0,315.5,156.0,250.0
290,303.0,355.0,7457.0,243.0,113.0,584.0,240.0,407.5,259.0,865.0,54.0,2496.5,484.5,59.0,1453.0,276.0,267.0,722.5,195.0,88.0,3864.0,128.5,124.5,11968.5,263.0,133.5,755.0,1033.0,782.0,247.0,97.0,410.5,1872.0,1636.5,432.0,459.0,234.0,417.5,718.0,58.0,183.0,132.0,360.5,524.0,2447.0,872.0,258.0,341.5,178.0,564.0,1129.0,511.0,381.0,590.5,373.5,10599.0,365.5,518.0,617.5,1135.0,246.0,195.5,65.0,136.5,143.0,94.5,617.5,77.0,114.0,190.0,223.0,137.0,159.0,982.0,139.0,585.5,133.0,3457.0,244.0,167.5,861.0,449.5,94.0,328.0,223.0,1253.0,121.0,181.0,348.5,95.0,445.0,169.5,539.0,189.0,524.0,305.0,1396.5,257.0,406.0,545.0,213.0,210.0,177.0,258.0,527.0,5661.0,373.0,416.0,494.0,3594.5,224.0,4756.0,239.0,364.0,661.0,408.0,1125.0,198.0,464.0,1009.0,962.0,953.0,351.0,164.0,159.0,149.0,167.0,172.0,264.0,148.5,4322.0,605.5,223.0,167.5,84.5,233.0,183.0,133.0,109.0,20792.0,240.5,165.0,227.0
291,603.0,530.0,387.0,431.0,187.5,926.0,474.0,673.5,481.0,901.0,279.0,4496.5,1005.5,165.0,1792.5,1435.0,352.0,1253.0,945.0,114.0,4111.5,190.5,198.0,2549.0,531.0,224.5,1405.0,1799.0,1436.5,120.0,130.0,968.0,2780.0,1068.0,501.0,601.0,365.5,585.0,1264.0,283.0,344.0,389.0,373.0,1017.5,4117.0,1544.0,470.0,4786.0,272.0,551.0,2868.5,335.0,1239.0,3159.0,410.0,2711.0,395.0,1491.0,1886.0,2319.5,203.5,259.0,84.0,204.5,172.5,2585.0,1152.5,131.0,260.0,481.0,607.0,155.0,251.0,6899.5,495.5,844.5,191.0,1272.0,450.0,215.0,2973.5,836.0,117.0,289.0,1106.0,3328.0,152.0,366.0,573.0,213.0,931.0,359.0,1045.5,486.0,1451.0,344.5,705.0,571.0,671.0,10052.0,1792.0,485.5,394.0,563.0,8216.0,2777.0,6697.5,1504.0,975.0,10603.5,787.0,6983.5,2236.0,445.0,3757.0,9676.0,14134.0,840.5,588.0,1573.0,35374.0,24058.0,579.0,726.0,729.0,207.5,181.0,624.0,1703.0,197.0,2556.0,845.0,1168.0,203.0,110.5,398.0,1475.5,165.0,125.5,3178.0,415.0,275.0,215.0
292,495.5,500.0,320.0,429.5,186.0,856.0,466.5,669.0,431.0,884.5,228.5,3972.0,907.5,166.0,1803.0,1648.0,399.0,1256.0,852.0,107.0,3611.0,184.0,175.0,1939.5,454.5,211.0,1368.0,1732.0,1364.0,99.0,127.0,889.0,2758.0,1116.0,466.0,664.0,336.5,534.5,1145.5,277.0,285.0,338.0,343.0,1038.0,4235.0,1532.0,447.0,6866.0,247.0,600.0,2692.0,339.0,1164.0,3035.0,354.0,2105.5,340.5,1566.0,1535.0,2195.0,185.0,228.0,72.0,183.0,157.0,2876.0,1099.5,117.0,230.0,420.0,561.0,150.5,236.0,6585.0,413.0,794.0,189.0,1210.0,410.5,213.5,2174.0,814.0,109.5,256.0,959.0,2680.0,158.0,343.0,534.5,196.5,848.0,353.0,1026.0,446.5,1768.0,328.0,474.0,407.0,421.0,2671.5,603.5,386.0,352.5,381.0,4783.5,1715.0,6744.0,1316.0,711.0,8735.5,681.0,4140.0,1621.0,292.0,2004.0,2497.0,16890.0,605.0,487.0,1435.0,6379.5,4617.0,412.0,674.5,536.0,145.0,176.0,528.0,944.0,159.0,1827.0,455.5,834.0,203.0,99.0,359.0,1594.0,149.0,113.5,2798.0,360.5,232.0,180.5
293,125.0,407.0,133.0,282.0,110.0,710.0,271.5,422.5,183.0,1117.0,46.0,430.0,494.0,39.5,687.0,397.5,325.0,849.0,157.0,52.0,835.0,116.0,398.0,772.0,287.0,133.0,941.0,721.0,608.5,56.0,70.0,820.0,1961.5,1012.5,231.0,2042.0,151.0,489.0,266.0,52.0,58.5,107.0,416.0,655.0,2994.0,1452.0,204.0,626.5,211.5,537.0,1011.0,236.0,214.0,448.0,44.0,185.0,2166.0,621.5,646.5,1290.0,546.5,97.0,40.0,120.0,118.0,84.0,735.0,57.0,95.0,391.0,221.0,89.0,92.0,19228.0,84.0,599.0,136.5,1586.5,425.0,154.0,967.0,488.5,99.0,55.0,214.5,1448.0,100.5,210.5,334.5,373.0,671.5,142.0,1081.5,626.0,470.5,222.0,670.0,3447.0,3450.0,4311.0,1882.5,242.5,144.0,479.0,4665.0,1078.0,2426.0,281.5,1635.0,15953.0,1107.0,16741.0,898.0,336.5,2469.5,1184.0,9554.5,606.0,1941.5,1185.0,29233.0,1850.0,403.5,182.0,114.0,311.5,132.0,678.0,336.5,299.0,4150.0,703.5,2367.0,146.0,44.0,258.5,190.5,70.0,89.0,2166.0,397.0,153.0,67.0
294,184.0,633.5,561.0,431.0,201.0,1342.0,613.0,735.0,327.5,1257.5,81.0,2905.0,2279.5,59.0,1201.5,676.0,1941.5,1776.5,301.0,258.5,1554.5,186.0,176.0,1677.0,501.0,225.0,1770.0,3265.0,1195.0,111.0,111.0,1442.0,3445.5,1001.5,1115.5,836.0,438.0,28957.0,1798.5,2712.0,125.0,167.0,135.5,1034.0,6208.0,2094.0,663.0,1079.0,266.0,3362.0,2236.0,386.0,242.0,812.0,378.0,354.0,125.0,1055.0,1171.0,2808.0,343.5,172.0,54.0,190.5,174.0,105.0,1188.0,81.0,104.5,344.0,709.0,155.5,93.0,1100.0,151.5,961.0,186.0,2886.0,460.0,233.0,1772.0,772.0,122.0,1367.5,231.0,2406.5,168.0,350.0,587.0,119.0,714.0,297.5,1280.0,258.0,758.0,380.0,886.0,254.5,505.0,2173.0,1083.5,274.0,291.0,570.5,4286.5,473.0,509.5,561.0,983.0,2922.0,613.0,1985.5,249.5,397.0,12235.5,539.0,3926.0,192.0,782.0,1888.5,2770.0,2221.5,653.5,233.0,186.0,122.0,187.0,523.0,291.0,118.0,669.0,335.5,391.0,234.5,66.0,411.0,319.0,200.0,119.0,2506.5,273.0,213.0,552.5
295,291.0,545.5,403.0,391.0,366.5,795.0,560.0,503.5,319.0,616.5,1011.0,840.0,1449.0,304.5,526.0,595.0,609.0,761.0,256.0,82.0,1348.0,224.0,379.0,2132.0,513.0,445.0,1076.0,765.0,848.0,392.5,395.0,566.0,1810.0,1079.0,349.5,1526.5,441.0,1488.0,1450.0,185.0,390.0,207.0,3484.0,602.5,2315.0,869.0,421.5,337.0,510.0,1171.0,1213.5,401.0,286.0,942.5,432.0,432.0,398.0,505.0,2261.0,1219.0,208.5,220.5,328.0,363.0,225.0,310.0,623.0,361.5,300.5,407.0,1179.0,315.0,589.5,6097.0,1159.0,529.0,277.5,2045.0,496.5,333.0,1212.0,498.0,320.0,244.5,767.0,1196.0,236.5,428.5,529.0,300.0,534.0,426.0,563.0,388.0,991.0,420.5,1825.0,4150.0,556.0,15935.5,4278.0,949.0,498.0,8287.5,10125.0,3457.0,1070.0,940.5,880.0,26059.0,1828.5,3214.5,1355.5,1718.0,5573.0,5138.0,15362.0,1851.0,1495.5,1645.0,5327.0,4954.0,617.5,379.0,2916.0,551.0,378.0,694.0,14530.0,624.0,1781.5,1248.0,3631.0,285.5,512.0,301.0,381.0,541.0,412.0,1929.0,429.5,560.0,472.5
296,250.0,410.0,358.0,305.0,281.0,579.0,433.0,374.0,300.0,427.5,560.5,613.0,1252.5,270.0,383.0,452.0,407.0,528.0,226.5,59.0,961.0,180.0,340.0,1542.0,384.0,358.0,711.5,508.0,615.0,312.0,347.0,349.0,1274.5,548.0,304.0,1183.5,339.0,1187.0,872.5,162.0,312.5,184.0,2521.5,471.0,1659.0,583.5,355.5,215.0,345.0,720.0,785.0,331.0,256.0,661.0,341.0,364.0,355.0,368.0,1792.0,917.5,184.0,168.5,257.0,278.5,173.0,294.0,431.0,300.5,239.5,322.0,844.0,276.0,513.5,5482.0,761.0,380.0,230.0,1405.0,387.0,270.0,761.5,362.0,266.5,193.5,525.0,713.0,188.0,341.0,335.0,217.5,400.0,342.0,433.0,304.0,783.5,333.0,1809.0,3882.0,639.0,9913.5,4128.0,1551.0,557.0,6418.0,9153.5,2716.5,1255.0,1727.5,1043.5,37501.5,3386.5,5375.5,1653.0,1825.0,3454.5,9884.0,16763.0,2135.0,1520.0,1468.5,5868.0,7716.0,769.0,396.0,2257.5,681.5,304.0,746.0,17378.5,643.0,1818.5,1444.0,6015.5,244.0,411.0,225.0,338.0,462.5,343.0,1303.0,382.0,447.0,402.0
297,119.5,203.5,341.0,138.5,115.5,276.0,175.5,177.5,209.0,8520.5,171.0,522.0,381.0,119.5,209.0,219.0,134.0,283.0,120.0,18.0,410.0,107.0,163.5,1741.0,188.0,163.0,551.5,356.0,262.5,137.5,180.5,196.0,796.0,1854.0,178.0,3696.5,157.0,1221.0,7661.0,84.0,323.5,105.0,162.0,296.0,829.0,440.5,678.5,301.0,176.5,521.0,408.0,194.0,92.0,747.0,171.0,205.5,284.0,210.0,285.0,798.0,245.0,98.0,124.0,393.5,86.0,170.0,239.0,155.5,129.5,148.0,327.0,119.0,173.5,1165.5,682.5,176.0,118.0,740.0,181.0,130.0,457.0,186.0,120.0,130.0,142.0,486.0,95.0,177.0,8953.0,124.0,252.0,164.0,579.0,148.0,272.0,192.0,2079.0,1645.0,556.0,10937.5,5489.0,2004.0,374.0,1397.5,13218.5,856.5,1563.0,846.5,442.0,11974.0,510.5,3571.5,921.0,1131.0,2755.0,11247.0,25300.0,1651.0,422.5,1578.5,10612.0,7186.0,289.5,163.0,202.0,192.5,104.0,532.0,3913.5,177.5,1381.5,1592.0,2258.0,126.0,222.0,121.0,279.5,468.0,166.5,1179.0,124.0,227.0,112.5
298,127.0,181.5,267.0,136.0,121.0,251.0,158.0,162.5,180.0,3775.0,164.0,357.5,364.0,121.0,210.0,218.0,126.0,243.5,114.0,21.0,303.0,89.5,149.0,1346.0,175.0,155.0,515.0,318.0,217.0,139.0,172.5,154.0,659.5,2094.5,186.0,3764.5,152.5,1110.0,6282.0,76.0,262.5,105.0,150.0,229.5,737.0,383.0,603.0,293.0,161.5,460.0,332.0,186.0,83.0,893.0,182.0,181.0,310.0,175.0,241.0,533.5,238.0,77.0,134.5,440.5,77.0,145.0,192.0,146.5,122.5,132.5,332.0,123.0,169.0,1012.5,668.5,156.0,113.0,610.5,188.0,131.0,375.0,164.0,125.0,113.0,128.0,450.0,98.0,169.0,8700.0,120.0,226.0,169.0,511.5,139.0,267.0,167.5,727.0,458.0,402.0,3069.0,2067.5,1191.0,230.0,903.0,4811.0,458.5,742.0,359.0,319.5,4383.0,392.0,1499.5,457.0,661.0,1232.0,4628.0,6110.0,761.5,217.0,601.5,2659.0,2323.0,240.0,122.0,179.0,155.0,90.0,278.5,2679.0,143.0,500.0,823.0,1200.0,118.0,234.5,111.0,290.0,417.5,168.0,841.0,136.0,200.5,115.5
299,142.0,85.0,617.0,290.0,35.0,138.0,145.0,107.0,276.5,278.0,43.0,1735.0,547.0,48.0,188.0,101.0,205.0,150.0,139.0,89.0,1128.5,54.0,57.5,2224.0,94.0,63.0,270.0,439.0,276.5,151.0,28.0,404.0,1255.0,822.0,102.5,171.5,68.0,187.0,817.0,179.0,99.0,111.0,85.0,226.0,570.0,378.0,365.0,326.0,66.0,185.0,542.0,138.0,292.0,211.5,107.0,82.0,209.5,147.0,152.5,663.0,1482.0,66.0,25.0,725.0,53.5,120.0,201.0,37.0,121.0,71.0,160.0,70.0,190.0,5774.0,116.5,127.0,51.0,382.5,64.0,49.0,556.0,120.0,36.0,135.5,50.5,339.0,63.0,62.0,104.5,82.0,198.0,66.5,1881.0,133.0,122.0,184.5,562.5,637.0,4570.0,46425.5,416.0,2280.5,942.5,14209.0,5823.0,641.0,348.0,4051.0,482.0,5822.0,978.0,19366.0,1346.0,6853.0,464.0,699.0,2047.0,4048.5,847.0,383.5,9090.0,312.5,709.0,205.0,226.0,283.0,335.5,581.0,6106.5,283.5,1658.0,2842.0,454.0,66.0,41.0,114.5,589.0,58.0,43.0,3452.0,365.0,49.5,491.0
300,102.0,70.0,475.0,274.0,29.0,112.0,117.0,86.0,253.0,262.0,34.0,1412.0,298.0,38.5,166.5,85.0,191.0,122.0,117.0,36.0,949.0,51.0,45.0,1600.5,79.0,50.0,220.0,252.5,234.0,124.0,25.0,472.0,1180.5,444.0,81.0,136.5,57.5,146.0,717.5,178.0,68.0,95.5,73.0,189.5,452.5,299.0,128.0,264.5,57.0,154.0,435.5,81.5,268.0,206.0,110.0,63.5,182.0,108.0,105.0,429.0,620.0,56.0,23.0,405.5,40.0,97.0,145.0,31.0,98.0,66.0,118.0,51.0,87.0,6288.0,95.0,111.0,48.0,344.0,50.5,40.0,400.0,93.0,31.0,135.0,36.0,263.0,41.5,50.0,87.0,61.0,162.0,47.0,2025.5,96.0,91.0,172.0,1328.0,509.0,1222.0,29854.0,227.0,1516.0,691.5,7371.0,3736.5,488.0,278.0,4951.0,301.0,4348.0,549.0,6639.0,2915.0,7361.0,313.0,353.5,1434.0,1074.0,368.0,400.0,2194.5,270.0,372.0,157.0,170.0,188.5,204.0,205.0,3815.0,241.0,637.0,1903.0,491.5,56.0,31.0,95.0,264.0,48.5,37.0,2812.0,296.5,44.0,454.5
301,198.0,309.0,420.0,529.0,111.0,389.0,355.0,248.0,234.0,362.0,56.0,542.5,352.5,59.5,338.0,268.0,2009.5,414.0,142.0,88.0,629.5,156.5,192.0,756.5,303.0,160.0,658.0,419.5,746.0,93.0,79.0,328.0,1534.0,645.0,208.0,334.0,490.5,3402.5,504.0,129.5,216.0,224.0,231.0,338.0,1476.0,611.5,247.0,925.0,120.5,3261.0,753.0,1706.5,200.0,2110.0,188.0,224.5,181.0,327.0,315.0,788.0,467.0,209.5,76.5,1118.0,86.0,110.5,379.0,88.0,169.0,160.0,631.0,114.0,100.0,242.0,97.0,382.0,174.5,13533.0,207.0,135.0,3167.5,333.0,92.5,108.0,160.0,1140.0,139.0,141.5,1717.0,95.0,775.0,166.5,1141.0,343.0,680.0,219.0,1559.0,1412.0,1533.0,2191.5,2395.0,1550.5,1001.0,1245.0,1094.0,915.0,1043.0,2910.0,801.5,2106.0,1647.0,4210.0,1537.5,430.0,1434.0,2081.0,3099.0,1303.5,2793.0,2526.0,4085.5,4437.0,1255.0,380.0,278.0,1102.0,256.0,1025.0,32706.0,1322.0,2435.0,1320.0,1807.5,140.0,55.0,212.0,177.0,78.0,89.5,1345.0,202.0,93.0,158.0
302,99.0,212.0,210.0,2297.0,76.0,498.0,667.5,268.0,174.0,2879.0,295.0,1023.0,5715.0,39.5,12481.0,252.5,610.0,405.0,151.0,72.0,2740.5,101.0,104.0,965.0,223.5,92.0,542.0,1994.5,404.0,56.0,54.0,328.5,1481.0,404.5,292.0,359.0,163.0,280.0,523.5,95.0,64.0,120.5,1451.5,425.0,1567.5,627.5,138.5,1307.0,141.5,1750.5,620.0,155.0,178.0,606.0,118.0,571.5,110.0,361.0,350.0,785.0,273.5,129.0,43.0,230.0,94.5,63.0,420.0,47.0,76.5,141.0,297.0,88.0,87.0,4348.0,97.0,338.5,108.0,1939.5,152.0,102.0,1771.5,248.0,61.0,62.0,386.5,5272.5,92.0,124.0,239.5,72.0,409.0,105.5,303.0,225.5,228.0,181.0,285.0,1650.0,170.5,5646.5,214.0,2160.5,140.0,611.5,470.0,2028.0,619.5,408.0,249.5,9371.0,312.0,2249.5,145.0,351.5,187.0,704.5,955.0,131.0,258.5,683.5,4123.0,929.0,158.0,136.0,2226.0,131.0,2151.0,156.0,38387.0,142.0,402.0,775.0,254.0,116.0,42.0,175.5,143.5,140.0,65.5,6818.0,377.0,86.0,433.0
303,83.0,184.0,211.5,1656.5,56.0,379.0,580.0,197.0,152.0,3286.0,358.0,1316.0,379.5,35.0,11507.0,190.0,548.0,320.0,154.5,64.0,2359.0,82.0,93.0,1094.0,188.0,87.0,431.0,1812.0,316.0,50.0,46.0,276.0,1293.0,383.5,216.0,280.0,125.0,211.0,391.0,81.0,55.0,102.0,1241.0,340.0,1346.5,575.5,115.0,1173.0,118.0,1355.0,510.5,144.0,179.0,487.0,129.0,568.5,101.5,343.0,297.0,630.0,267.5,98.0,35.0,194.0,81.0,56.0,375.5,48.0,68.0,130.0,240.0,74.5,117.5,4373.0,105.0,310.5,90.5,1633.0,121.0,86.0,589.5,197.5,52.0,59.0,400.0,4345.0,69.0,107.5,199.0,65.0,328.0,90.0,244.0,188.5,219.0,153.0,249.0,1152.0,155.0,1411.5,175.0,261.0,114.5,495.5,331.0,2221.0,301.5,285.5,215.0,11471.0,579.0,5599.0,130.0,334.0,224.5,482.0,777.0,112.0,219.0,505.0,10580.0,746.0,150.0,114.0,558.0,104.0,605.5,127.0,36374.5,117.0,325.0,1016.0,210.0,94.0,33.0,157.0,146.0,116.0,52.0,6348.0,350.0,68.0,116.0
304,103.0,224.0,241.0,145.0,60.0,331.0,220.5,222.0,170.0,535.0,48.5,453.0,842.0,41.0,241.0,163.0,240.0,377.0,194.0,126.0,419.5,119.5,100.0,1338.0,157.5,102.0,548.0,2943.5,355.5,64.0,137.0,273.0,1067.0,428.0,157.0,242.0,149.5,203.0,174.0,92.0,76.0,102.5,78.0,307.0,1590.5,576.0,163.0,452.5,117.0,311.0,599.5,146.5,411.0,395.0,305.5,222.0,155.0,324.5,348.0,755.5,727.0,122.0,49.0,97.5,103.0,78.0,367.0,129.0,249.0,157.0,144.0,95.0,108.0,4088.0,110.0,573.0,97.0,485.5,138.5,114.0,685.0,252.0,76.0,555.5,89.0,648.0,98.5,125.5,203.5,66.0,1954.0,147.5,435.5,176.0,316.0,193.0,1001.0,4611.0,3528.0,26933.0,5359.0,5044.0,1369.0,11004.0,43746.0,3058.5,15839.0,34477.0,1482.0,59673.5,2424.0,52877.0,4362.0,13402.0,24449.0,12402.0,17629.5,6328.5,22459.5,1739.0,52164.0,40618.0,2626.0,1831.5,1851.5,1409.5,1414.0,1181.5,42320.0,1973.5,10738.5,2696.0,1848.0,128.5,63.0,164.5,134.5,110.5,71.0,1076.5,115.5,98.0,73.5
305,66.0,148.0,162.0,103.0,44.5,227.0,134.0,158.0,131.5,305.5,27.0,469.0,480.0,24.0,201.0,118.0,196.0,257.5,146.0,58.0,303.0,81.0,62.0,755.0,112.0,66.0,367.0,1395.0,224.0,45.0,129.5,204.0,810.0,331.0,114.0,190.0,88.0,151.0,130.0,63.0,48.0,73.0,50.0,240.0,975.0,398.0,107.0,296.5,78.5,197.5,398.0,113.0,239.0,201.0,171.0,149.0,114.0,209.0,226.0,582.0,272.5,81.0,31.0,57.0,74.0,52.5,261.0,94.0,170.5,98.5,91.5,61.0,142.0,2730.5,69.0,358.0,62.0,306.5,97.0,80.5,601.5,167.0,50.0,255.0,64.0,459.0,74.0,89.0,137.0,43.0,2957.5,105.5,296.0,118.0,199.5,131.0,740.0,4603.0,1159.5,18538.0,3958.0,3941.0,979.0,10400.0,37271.5,1762.5,446.0,5308.0,995.0,41825.5,2247.0,42527.0,3179.0,13074.0,23954.5,18469.0,12619.0,5713.0,15189.0,1084.0,37340.5,34638.0,2476.0,1474.0,1398.5,1048.5,949.0,924.5,27094.0,1504.0,10770.0,2318.0,1313.5,83.5,37.0,127.5,88.0,92.0,47.0,1296.0,71.0,61.5,52.5
306,154.0,595.5,199.0,400.0,153.0,1036.0,391.0,748.5,266.0,1020.5,118.0,655.0,781.0,61.0,4324.0,688.0,386.0,1413.0,248.0,59.0,706.0,154.0,182.0,910.0,433.0,166.5,1429.0,1090.0,979.0,113.5,130.0,750.0,3180.0,8748.5,4111.5,778.0,353.0,677.0,364.0,78.0,105.5,124.5,305.5,1010.0,4845.0,1681.0,481.0,4066.5,277.0,912.0,1686.0,364.0,183.0,665.0,67.0,199.0,179.0,999.0,1090.0,1928.0,230.0,227.0,62.0,225.0,198.5,100.0,1165.0,104.0,238.0,327.0,368.5,180.0,418.0,491.0,104.5,1009.0,375.5,1143.0,389.5,252.0,6964.0,724.5,110.5,81.5,258.0,2013.0,170.0,363.5,565.5,167.0,618.0,248.5,6504.0,280.5,1196.0,330.5,599.0,752.0,604.0,16234.5,6669.0,939.5,635.0,8702.0,16594.0,1647.0,702.0,31774.5,1034.0,7998.0,1557.0,12500.0,1483.0,944.0,11687.0,1920.0,1796.5,527.0,1051.0,2057.5,15848.0,12681.5,732.0,450.0,423.0,682.0,376.0,488.0,71990.0,615.0,942.5,14140.0,567.0,230.5,146.5,373.5,299.5,414.0,115.0,656.5,170.0,225.0,9468.0
307,112.0,420.0,120.0,278.0,91.0,699.0,276.5,497.0,194.0,723.5,68.0,447.0,476.0,38.5,3270.0,398.0,254.0,965.0,175.0,39.0,464.0,114.0,114.0,510.0,270.0,116.5,1012.0,825.5,627.0,72.0,76.0,536.0,2785.0,5758.0,4335.0,537.0,219.5,471.0,248.0,55.0,61.5,96.0,271.0,579.0,3264.0,1158.0,283.5,1518.0,185.0,556.0,1108.5,235.0,126.0,402.5,47.0,140.0,123.0,654.0,763.5,1271.0,166.0,137.5,44.0,172.0,124.5,73.5,784.0,60.0,153.0,234.0,248.0,130.0,76.0,326.0,82.0,622.0,229.0,814.0,290.0,148.0,1187.0,517.5,78.0,60.5,151.0,1383.0,97.5,242.0,408.0,115.0,497.0,174.5,4949.0,171.0,897.5,223.0,298.0,376.5,307.0,10408.0,10607.5,510.5,318.0,3833.0,8645.0,1319.0,558.0,29187.0,615.0,5807.0,637.0,7237.0,699.0,447.0,9132.0,1054.0,1142.0,241.0,653.0,1388.0,9406.0,2448.0,326.0,260.0,223.5,330.5,227.0,271.0,41423.0,295.0,592.5,11179.0,297.5,164.0,93.0,237.0,184.0,253.0,77.0,331.5,112.0,165.0,4866.0
308,75.5,185.0,939.5,156.5,48.0,584.0,176.0,222.0,196.0,380.0,26.0,3716.0,322.0,31.0,284.0,207.0,201.0,410.5,132.5,77.0,3075.0,76.0,88.5,3177.0,152.5,199.0,446.0,1303.5,860.5,990.0,47.0,309.0,1152.0,533.0,144.0,295.0,133.0,1359.0,504.0,118.0,71.0,87.5,129.0,304.5,1492.0,547.0,122.0,262.0,87.0,361.5,1144.0,142.0,169.0,505.0,71.0,549.5,101.0,274.0,340.0,718.0,115.0,77.0,30.5,61.0,96.0,53.0,362.0,37.5,67.0,91.0,146.0,58.0,92.0,35190.0,85.0,300.0,87.0,425.0,147.0,75.5,568.0,245.0,49.0,120.0,68.5,662.5,70.5,110.0,207.0,54.5,315.0,96.0,314.0,104.5,238.0,141.0,733.0,933.0,318.0,2099.0,2189.0,170.0,199.5,237.0,5669.0,541.5,367.0,1509.5,654.0,1654.5,2721.5,1489.0,395.0,361.0,882.0,284.0,3715.5,237.0,256.5,663.5,1811.0,1802.5,255.5,125.0,121.0,205.0,134.0,223.5,853.0,166.0,612.5,651.0,4852.0,88.0,37.0,151.5,124.0,1622.0,54.0,4574.5,204.0,66.0,179.0
309,51.0,184.0,173.0,132.5,48.0,403.0,119.5,204.5,139.5,296.0,19.0,511.0,224.0,22.0,199.0,180.0,148.5,370.0,78.0,62.0,1163.0,65.0,76.0,545.0,147.5,167.0,410.5,1285.5,675.0,715.5,38.0,223.0,1047.0,315.0,113.0,224.0,104.0,1740.5,215.0,41.0,37.5,60.5,110.5,266.0,1343.0,470.0,85.0,178.0,88.0,249.0,941.5,104.0,68.0,194.0,72.5,293.0,84.0,274.0,314.0,608.0,64.5,70.5,25.0,54.0,67.0,47.0,342.0,33.5,46.0,83.0,112.0,47.0,58.5,28577.5,61.0,290.0,74.5,344.0,130.0,75.0,465.0,230.0,41.0,40.0,54.5,585.0,61.5,100.5,178.0,44.0,279.0,82.0,203.5,87.0,202.0,103.0,178.5,192.0,88.0,559.0,471.0,90.0,71.0,93.0,744.0,78.0,165.0,329.0,212.0,299.5,204.5,222.5,83.0,110.0,807.0,117.0,1033.0,74.5,132.5,471.0,350.5,724.0,105.5,62.5,68.0,53.0,82.0,84.0,1122.0,53.0,197.0,91.0,1008.5,74.5,29.0,141.0,96.0,1194.0,42.0,723.0,100.0,74.5,147.0
310,56.0,120.5,121.0,156.0,53.5,265.0,118.0,134.5,134.0,218.0,693.0,242.0,682.5,24.0,971.5,108.0,181.5,226.0,73.0,26.5,258.0,132.0,62.0,597.5,520.0,66.0,351.5,525.5,180.0,37.0,55.0,239.0,826.0,387.5,189.0,193.0,72.0,1043.0,156.0,57.0,54.0,90.0,118.0,199.0,888.0,428.0,134.0,1881.0,77.5,6342.5,403.0,124.5,95.0,115.0,33.0,599.0,215.5,219.0,232.0,861.0,327.0,159.5,31.0,128.0,162.5,52.0,285.0,32.0,42.0,89.0,106.0,53.0,57.0,3182.0,199.0,239.5,65.0,285.0,96.0,67.5,1001.5,191.0,56.0,378.0,796.5,2932.0,117.0,84.0,151.0,802.0,348.0,55.0,270.0,96.0,157.5,99.0,507.5,498.0,123.0,1935.0,1444.5,194.5,89.0,1541.0,5073.0,326.0,672.0,273.0,168.0,19584.5,675.5,24472.0,322.0,884.0,1941.5,952.0,3922.0,478.5,182.0,380.5,9212.0,2040.5,266.5,119.0,74.0,66.0,97.0,170.5,12560.0,75.0,679.0,159.0,574.0,114.0,25.0,137.5,158.5,88.5,40.0,1738.5,72.5,54.0,54.0
311,55.0,126.0,108.5,119.0,50.0,275.5,142.0,145.0,135.0,232.0,713.0,306.5,541.5,23.0,1023.0,179.5,231.0,240.0,73.0,20.0,268.0,138.5,62.0,598.0,525.0,63.0,392.5,613.0,197.5,34.0,57.0,321.0,954.0,428.5,194.0,202.0,76.0,920.0,155.0,63.0,56.0,86.5,113.5,237.0,989.0,471.5,119.0,1719.0,83.0,8471.5,433.0,108.5,112.0,113.0,30.0,626.0,193.0,234.5,273.5,3756.5,333.5,169.0,29.5,148.0,189.0,50.5,309.5,32.0,40.0,105.0,173.0,50.0,62.0,4221.5,180.0,230.0,70.0,315.0,102.0,66.0,637.0,198.0,57.0,624.0,86.0,2877.0,121.0,79.0,147.5,567.0,412.0,58.0,295.5,191.0,163.0,100.0,1241.0,1722.0,179.5,6116.5,4706.0,362.0,127.5,2605.0,11209.0,654.5,1779.0,518.0,328.0,43228.5,1322.0,49933.0,650.0,2153.5,1893.5,1747.0,14024.0,908.0,418.5,641.5,15433.0,5040.5,374.0,135.0,83.0,82.0,109.0,334.0,37283.0,104.5,1300.5,287.0,710.0,121.0,27.0,143.5,304.0,99.0,39.0,1420.5,74.0,53.5,60.5
312,178.5,657.0,291.0,479.0,430.0,1066.5,351.5,760.5,273.5,1092.0,51.0,865.5,794.0,57.0,1024.0,592.5,393.0,1482.5,342.0,78.0,2162.0,173.5,598.0,659.0,459.0,197.0,1686.5,1297.0,1091.5,87.0,106.0,797.0,2855.0,806.0,524.0,774.0,1095.0,902.0,553.0,59.0,108.5,154.5,195.0,1305.0,5097.0,1708.0,330.0,420.0,277.0,1391.0,1893.0,363.0,146.5,530.0,57.0,169.0,361.0,1048.0,1177.0,2252.0,1330.0,218.5,56.5,203.5,235.5,107.0,1440.0,85.0,137.0,333.0,396.0,147.0,238.0,936.5,112.0,983.5,191.0,1458.0,431.0,225.5,1681.0,858.0,118.0,88.0,181.5,2187.0,155.0,354.0,657.0,145.0,867.5,747.0,756.5,278.0,788.0,447.0,252.0,207.0,1175.0,437.0,426.0,251.5,138.5,152.5,31947.0,1298.0,957.0,15984.5,750.0,2745.0,585.0,17963.0,171.5,350.5,33649.0,608.0,2455.5,130.5,732.0,5813.0,1108.0,1433.0,96.0,182.0,174.0,108.0,256.0,159.0,49680.0,115.0,527.0,156.0,161.0,228.5,62.0,616.5,328.0,277.0,108.0,1443.5,339.0,276.0,143.0
313,342.0,1318.0,601.0,1130.0,251.0,2012.0,819.0,1331.0,590.0,1669.0,108.0,1030.0,1342.5,153.5,8767.0,1069.0,660.5,2404.0,609.0,132.0,1210.5,559.0,559.0,3080.0,905.0,568.5,3061.5,4946.0,1923.0,420.0,273.0,1130.0,5421.5,1057.0,792.0,1380.0,770.5,1174.5,19987.0,282.0,322.0,510.5,542.5,2257.0,9977.0,2985.0,788.0,524.0,527.0,1604.0,3237.0,892.0,427.0,9491.5,228.0,533.0,318.0,1890.5,2068.0,3525.0,546.0,558.5,187.5,726.5,527.5,303.5,2348.0,266.5,341.0,677.0,898.5,384.0,673.0,81144.0,272.0,1812.0,545.0,2433.0,868.0,581.0,3120.0,1487.5,346.0,325.0,441.0,3880.5,1100.0,747.0,1154.0,285.0,1490.5,507.5,1174.5,601.5,1230.0,742.5,780.5,453.5,528.0,19343.0,1323.5,500.0,429.0,562.0,4087.0,1290.0,975.5,1212.5,1203.0,11545.0,5683.0,6904.0,786.0,870.0,577.0,2591.5,5141.0,442.5,1250.0,3690.5,43401.0,43861.0,377.5,336.0,298.0,382.0,511.0,456.5,3363.5,446.0,1302.0,585.0,1640.0,462.5,182.0,1453.0,1013.5,302.5,263.0,1845.5,395.0,572.0,280.5
314,285.5,1145.5,472.0,773.5,210.0,1836.0,651.0,1151.0,407.0,1635.0,59.0,955.0,1122.0,101.0,4409.0,958.5,550.0,2200.5,425.0,88.5,1125.5,441.5,334.0,1965.5,711.0,360.0,2672.0,3989.0,2092.0,267.0,203.5,1088.0,5542.0,1000.0,682.0,1396.0,716.0,1119.0,20033.0,130.5,186.0,323.5,348.0,1880.5,9081.0,2765.0,695.0,526.0,416.0,1597.5,2888.0,602.0,265.5,5784.0,124.0,373.0,223.0,1708.0,1693.5,3134.0,429.0,378.5,104.5,492.0,335.0,183.5,2105.0,140.0,200.0,509.5,596.5,253.0,614.0,46448.5,174.0,1405.0,364.5,1847.0,691.0,407.0,2873.0,1360.0,239.5,196.0,280.0,3476.0,456.5,577.0,983.0,177.0,1288.5,404.0,962.5,483.0,1065.0,572.0,578.5,283.0,426.0,2036.0,587.0,366.0,274.5,1351.5,1920.0,694.0,671.5,895.0,1015.5,7185.0,1588.5,2778.0,384.5,523.5,342.0,1043.0,4314.0,305.0,644.5,3676.0,28221.0,20125.0,254.5,262.5,235.0,231.0,389.0,302.0,981.0,290.0,995.5,361.5,590.0,384.0,101.5,977.0,527.0,165.5,175.5,1601.5,222.0,429.0,224.0
315,122.5,346.5,340.0,246.5,98.0,496.0,231.5,353.5,215.0,535.0,32.0,624.0,413.0,46.0,413.0,302.5,286.0,628.5,137.5,67.5,378.0,246.0,123.5,544.0,307.0,122.0,788.0,711.5,707.5,80.0,75.0,418.0,3964.5,290.0,879.0,416.0,243.0,345.0,319.5,76.0,114.0,163.0,89.5,477.0,2244.5,909.0,319.0,321.5,136.0,580.0,920.0,192.0,125.0,620.0,54.0,139.0,750.0,485.0,527.5,960.5,148.0,199.0,52.0,154.0,158.0,80.0,581.0,63.0,100.5,167.0,201.5,117.0,50.0,4222.0,87.0,484.5,140.5,2228.5,245.5,156.0,817.0,457.5,100.0,85.0,128.0,1036.0,162.0,177.5,309.0,81.0,588.5,138.5,383.0,216.5,351.0,9501.0,1459.0,371.5,399.0,2178.0,1662.0,311.0,211.0,171.0,7584.0,445.5,672.0,494.0,463.0,6799.0,246.5,2273.5,430.0,228.0,925.0,1517.0,9261.0,387.5,894.0,1401.5,5085.0,3215.5,2801.0,166.0,155.5,161.5,150.0,392.5,316.5,262.0,1060.0,3137.5,554.0,205.0,46.0,278.0,181.0,71.0,84.0,816.0,87.0,115.0,84.0
316,98.0,287.0,373.0,205.0,82.0,397.0,226.0,298.0,190.0,472.5,31.5,699.0,421.5,41.0,449.5,260.0,6122.0,515.0,137.0,65.0,447.0,226.0,119.0,621.5,283.0,117.0,679.0,585.0,646.0,61.0,65.5,427.0,3807.0,247.0,275.0,350.0,223.0,317.0,314.0,78.0,111.0,147.0,81.0,449.5,1956.0,828.0,269.0,331.0,131.0,543.0,821.5,159.0,116.0,480.0,49.5,146.0,682.0,387.0,428.5,948.0,125.0,178.5,51.0,150.0,153.0,74.0,475.5,59.0,94.0,152.5,163.0,100.0,52.0,3888.0,86.0,392.5,124.5,2010.0,213.0,134.0,798.0,385.0,90.0,85.0,116.5,926.5,152.0,144.0,273.0,67.0,603.5,123.0,369.0,187.0,314.0,10954.0,2728.0,459.0,349.0,4526.0,2974.0,727.0,267.5,204.0,11726.5,646.5,1202.0,676.0,529.0,8610.0,256.0,4964.0,442.0,386.0,3413.0,2334.0,16960.0,547.0,848.5,5701.0,9907.0,4915.0,1662.5,201.0,176.5,154.0,177.0,577.0,557.0,269.0,1322.0,782.0,643.5,166.0,39.0,272.0,156.0,63.0,73.0,1655.0,193.0,101.5,81.0
317,282.0,479.0,584.5,377.0,1392.0,738.5,424.0,591.0,368.0,907.0,85.0,1037.0,1293.0,131.0,834.0,466.0,360.0,838.0,276.0,829.0,952.0,497.0,255.0,1089.5,391.5,264.0,1110.0,16831.0,687.0,217.5,197.5,4375.0,2154.0,475.0,323.0,1095.0,478.0,815.5,1445.5,526.0,266.0,409.5,255.0,716.5,2846.0,1135.0,598.5,413.0,280.0,1591.0,1325.5,333.0,362.5,1532.0,141.0,734.5,194.0,749.0,742.0,1504.0,252.5,518.5,161.5,446.5,365.0,177.0,862.0,166.0,227.0,379.0,444.5,383.0,2162.0,505.0,2678.5,1413.5,274.0,1193.0,376.0,358.0,1250.0,692.5,228.0,206.0,243.0,1436.5,313.0,304.5,568.5,231.0,805.0,281.0,952.0,322.5,601.0,620.5,1105.5,1918.0,5727.0,30866.0,3460.0,2622.0,1031.5,23299.0,25921.0,3344.0,807.0,1694.5,1349.0,22747.0,2448.0,47667.5,3632.0,5074.5,28945.5,2069.0,3268.0,1149.5,4454.0,1249.0,24679.0,3731.0,2828.5,941.0,748.0,1329.0,843.0,1088.0,21873.0,1420.0,2421.0,2112.0,2028.5,456.0,116.0,415.5,356.5,178.0,222.0,3052.0,250.0,230.0,262.5
318,240.0,432.0,352.0,340.5,1261.5,604.0,343.5,502.0,310.0,707.0,74.0,530.0,1019.5,127.0,692.0,412.0,283.5,704.5,244.0,570.0,711.0,449.0,239.0,522.5,337.0,240.0,950.0,6862.0,546.0,205.0,179.5,3377.5,1618.5,350.0,272.5,833.0,440.0,655.0,1110.0,489.0,246.0,342.0,227.0,622.5,2438.5,939.0,529.0,353.0,243.5,1274.0,1043.0,293.0,274.0,1352.0,128.0,616.0,179.0,637.5,678.0,1182.0,235.0,500.0,149.0,405.0,353.0,163.0,766.0,144.5,200.0,331.0,349.0,361.0,1481.0,342.0,2409.0,1066.5,253.5,1078.0,340.0,323.0,885.5,594.0,209.0,172.0,213.0,1217.0,298.0,277.0,483.5,207.0,678.0,248.0,754.0,274.5,545.5,397.0,654.0,1072.0,3987.0,6143.0,1402.5,1029.0,563.5,13949.0,8884.0,1338.0,1678.0,1050.0,771.5,8335.0,1339.0,11810.0,1403.5,2444.0,10713.0,1116.5,1868.0,675.0,1630.0,1063.0,6816.0,1602.5,1088.0,519.0,495.0,680.0,513.0,635.5,5787.0,713.0,1061.0,977.0,1020.0,419.5,107.0,354.0,337.5,177.0,204.5,1593.0,369.0,201.5,241.5
319,155.0,224.0,348.0,211.5,108.5,334.0,183.0,250.0,188.0,320.0,74.0,345.0,253.0,79.0,5542.0,215.0,211.0,346.0,122.0,733.5,333.0,161.0,131.5,643.0,159.0,130.0,438.5,466.0,306.0,99.0,98.0,252.5,1033.5,231.0,294.0,863.0,164.0,223.0,217.5,290.0,98.0,189.0,117.0,288.5,1227.0,680.0,260.5,270.5,127.0,397.0,520.0,186.0,150.0,1301.5,88.5,434.0,217.0,663.0,335.0,733.0,422.5,175.0,84.0,171.0,128.0,96.0,329.0,92.0,99.5,167.0,183.0,165.5,106.0,1217.0,113.5,431.0,388.0,1650.0,220.0,155.5,549.0,290.0,109.0,111.0,117.5,595.0,128.0,147.5,239.0,137.0,341.0,143.0,249.5,152.0,311.0,162.0,282.0,188.5,229.0,728.0,270.5,221.0,293.0,149.0,829.0,2389.5,206.0,293.0,234.0,1002.0,316.0,2463.0,289.5,160.0,1052.0,260.0,726.0,204.0,988.5,644.0,1571.0,1622.0,156.0,850.0,152.5,163.0,125.0,228.0,2646.0,180.0,391.0,264.0,240.0,185.5,90.0,169.0,181.0,95.0,109.5,791.0,99.0,113.0,325.5
320,239.5,308.0,552.5,276.0,177.5,391.0,250.0,334.5,259.0,401.0,163.0,430.0,347.0,160.0,9523.5,297.0,344.5,372.0,161.5,1170.0,433.5,231.5,239.0,961.0,228.0,219.0,472.0,563.5,386.0,195.0,202.0,306.0,1235.0,273.0,501.0,1199.0,259.0,275.0,283.0,533.0,181.0,282.0,204.0,345.0,1318.0,907.0,362.0,391.0,199.5,541.0,521.5,271.0,225.0,1877.0,170.0,702.0,347.0,941.0,403.5,880.5,629.5,252.0,161.0,259.0,179.0,168.5,346.5,175.0,183.0,235.0,258.0,295.5,216.0,1699.0,176.0,636.5,548.5,2438.5,328.5,250.0,637.0,346.0,190.0,189.5,197.0,639.0,176.5,214.0,281.5,214.0,440.0,240.0,355.0,235.0,367.0,235.5,396.0,315.0,358.0,1696.0,383.0,323.0,502.5,279.5,2395.0,3482.5,323.0,486.0,300.0,2474.0,546.0,5214.0,507.0,265.0,2683.0,432.0,945.0,351.0,3134.0,1001.0,3518.0,4028.0,247.0,1658.0,214.5,249.0,171.0,341.0,5474.0,276.5,584.0,483.0,379.0,295.0,198.0,230.0,279.0,192.0,207.0,1226.0,164.0,206.5,526.0
321,147.0,173.0,371.0,123.0,45.0,338.0,184.0,206.0,154.0,468.0,14.0,802.0,221.0,38.0,270.0,513.0,98.0,501.0,86.0,121.0,787.0,55.0,69.0,1282.5,116.0,63.0,887.0,400.0,266.5,36.0,35.0,223.0,1305.5,286.0,116.0,218.0,105.0,202.0,244.0,43.0,1274.0,56.0,44.0,315.0,1877.5,523.5,112.0,160.0,96.5,237.0,555.0,107.0,79.0,150.5,31.0,128.0,83.0,317.0,349.0,866.0,165.5,71.5,23.0,67.5,59.0,43.0,415.0,36.0,53.0,105.5,119.0,47.0,38.0,799.0,70.0,507.5,66.0,1925.5,121.0,65.0,609.0,239.0,37.0,44.0,61.0,809.5,59.5,103.0,182.5,85.0,212.5,73.0,670.0,78.0,174.5,117.0,166.0,143.5,124.0,4585.0,176.0,373.5,95.0,767.0,650.5,495.0,4482.0,197.0,305.0,8016.0,459.0,17167.5,256.0,328.0,1868.5,1646.0,814.0,92.0,3720.0,493.5,967.0,553.0,92.0,96.0,85.0,90.0,87.5,82.0,4998.0,153.5,306.0,678.0,401.0,77.5,24.0,119.5,88.0,168.0,320.0,3418.5,85.0,79.0,452.5
322,107.0,200.0,251.0,151.0,53.5,389.0,165.0,236.0,147.0,453.0,15.0,575.5,232.0,32.0,282.0,673.0,108.0,533.5,92.0,95.0,617.0,63.0,71.5,924.0,153.5,70.0,853.5,463.5,284.0,34.0,43.0,239.0,1359.0,277.5,137.0,257.0,115.0,228.5,225.0,39.0,927.0,53.5,45.5,347.0,1823.0,588.0,120.0,156.0,94.0,253.0,671.0,123.0,68.0,150.0,30.0,101.0,78.0,375.0,395.0,825.5,138.0,76.0,25.0,66.0,71.0,50.0,460.0,33.0,50.0,93.0,146.0,54.0,33.0,581.0,68.0,459.0,70.0,1887.0,140.0,90.0,693.5,259.0,42.0,40.0,63.5,991.0,56.5,123.0,207.0,74.0,178.0,83.0,551.0,86.0,198.5,123.0,121.5,99.0,101.0,7890.0,126.5,260.0,70.5,1292.0,417.0,285.0,3645.5,158.0,294.0,8970.0,258.0,20631.0,234.0,275.5,1065.5,1310.0,730.5,70.0,1985.0,449.0,665.0,436.0,72.0,81.0,66.0,71.0,90.0,68.0,3498.0,91.5,208.0,632.0,289.0,82.0,28.0,137.5,109.5,142.5,262.0,2274.0,75.0,82.0,402.0
323,40.0,89.0,124.0,79.0,35.5,131.0,96.0,87.0,124.0,198.0,32.0,371.5,263.0,21.0,114.5,85.0,333.0,152.5,1255.0,20.0,293.5,44.0,66.0,2678.0,89.5,115.0,210.0,689.0,132.0,228.5,31.0,158.5,610.0,1226.0,2954.5,4655.0,62.5,125.0,159.0,34.0,33.0,58.5,45.0,139.0,563.0,351.0,65.0,240.0,61.0,138.0,242.0,66.0,150.0,4159.5,52.5,112.0,137.0,123.5,126.0,2052.0,154.0,59.0,31.0,156.0,59.0,47.0,148.5,27.0,55.0,59.0,145.0,45.0,43.0,20907.0,281.5,117.5,54.0,696.0,63.0,45.0,432.0,110.0,41.0,48.0,96.0,315.0,70.5,61.0,227.0,246.0,211.0,1036.0,14607.0,58.0,449.0,89.0,87.0,64.0,58.5,3145.0,71.0,85.0,50.0,28.0,219.5,157.0,86.0,81.0,110.0,1356.5,747.0,1260.5,159.0,76.0,81.0,228.0,249.0,55.0,74.0,174.0,234.5,1713.0,65.0,55.5,46.0,37.0,52.0,46.0,946.5,58.0,222.5,55.5,56.0,61.0,30.0,91.0,112.0,6672.0,64.0,5206.0,85.0,47.0,45.5
324,26.0,63.0,71.0,52.5,24.0,91.5,60.5,65.0,98.0,123.5,24.0,203.0,187.0,15.0,94.5,58.0,131.0,107.0,883.5,14.0,188.0,36.0,45.0,2632.5,54.5,72.5,162.0,352.0,87.0,96.0,22.0,111.0,483.5,503.0,2331.0,3153.0,43.0,88.0,129.0,21.5,19.0,38.0,30.0,101.5,416.5,194.0,47.5,130.5,39.0,78.0,171.0,48.0,100.0,1488.0,44.0,75.0,92.0,94.5,103.0,1566.0,103.0,48.5,17.0,52.0,38.5,31.0,104.0,22.0,34.0,39.0,68.0,31.0,34.0,6840.5,129.0,79.0,39.0,1072.0,50.5,32.0,216.0,78.0,24.0,31.5,52.0,239.0,47.0,42.0,152.0,334.0,154.5,421.5,10259.0,45.0,236.0,60.0,56.5,41.5,36.0,1373.0,45.0,58.0,34.0,21.0,113.0,83.0,54.0,61.0,73.5,413.0,444.0,621.0,138.0,55.0,61.0,125.0,198.0,33.0,59.0,153.0,112.0,666.0,57.0,40.0,34.0,31.0,34.0,34.0,691.0,38.0,133.5,37.5,34.0,42.0,21.0,61.5,43.0,2760.0,42.0,2419.5,50.0,31.0,31.0
325,173.0,658.0,221.0,494.5,144.5,1107.5,430.0,739.5,296.0,1120.5,65.5,749.0,760.0,380.5,1028.5,642.0,324.5,1387.0,256.0,60.0,973.0,217.5,207.0,570.0,821.0,360.0,1515.0,3397.0,1018.5,113.0,133.0,721.0,3071.0,486.0,414.0,702.0,440.0,9829.0,466.0,114.0,130.0,187.0,154.0,1110.0,4780.0,1620.5,308.0,870.5,282.5,916.0,1750.0,415.0,684.0,623.0,129.0,191.0,163.0,978.5,1120.0,2149.0,181.5,210.0,85.5,187.0,245.0,129.0,1273.0,93.0,2241.0,369.5,463.0,147.0,153.0,1138.5,130.5,1372.5,246.0,1500.0,449.0,264.0,1541.0,754.0,144.0,88.0,221.5,2754.0,182.0,358.0,542.0,145.5,1005.0,276.0,956.0,300.0,561.0,382.0,233.0,208.5,169.0,308.0,152.0,175.0,135.0,83.0,254.0,200.0,405.0,299.0,627.0,1070.5,1021.0,496.0,128.5,245.5,10351.0,252.5,2289.0,117.0,313.0,1458.0,538.0,1322.0,194.0,148.0,139.0,101.0,167.5,172.5,383.0,104.0,438.0,276.5,190.5,232.0,81.0,437.0,361.5,170.0,124.0,4906.5,320.0,262.0,146.0
326,248.0,817.5,368.0,639.0,180.0,1396.0,491.0,901.0,369.0,1372.0,80.0,1236.5,1139.0,543.0,1453.0,881.0,423.0,1902.0,349.0,93.0,1613.0,280.0,290.0,901.0,1208.0,428.5,1963.0,5549.5,1340.0,152.0,160.5,855.5,4005.0,585.0,533.0,1015.0,590.0,17986.0,518.0,158.5,162.0,247.5,170.5,1315.0,6776.0,2143.0,451.5,1287.0,380.0,1180.0,2259.0,549.5,1364.0,947.5,184.0,251.5,207.5,1174.0,1320.0,2793.0,199.5,282.0,98.0,245.0,274.0,168.0,1600.5,125.0,3139.0,430.0,530.0,188.0,558.0,2308.0,163.0,1789.0,311.0,2139.0,571.0,293.0,2064.0,953.5,171.0,133.5,245.0,4002.0,216.5,474.0,730.0,172.0,1289.0,312.5,1311.0,398.0,705.0,486.5,383.0,331.0,227.0,650.5,259.5,271.0,214.0,142.0,547.0,319.0,546.0,438.5,838.0,2003.0,5480.5,1032.0,200.5,327.0,20470.0,561.0,3535.0,191.5,474.0,2178.5,1578.0,2015.0,616.0,202.0,196.0,172.5,221.0,255.0,614.5,189.0,721.5,249.0,291.5,299.0,105.5,488.5,664.0,243.0,167.0,7188.0,620.0,272.0,172.0
327,103.0,202.0,1034.0,167.0,76.0,2139.5,176.0,207.0,245.5,393.0,45.0,1707.0,453.0,30.0,407.5,183.5,622.0,323.0,800.0,30.5,1799.0,119.0,421.0,22402.0,246.0,136.5,436.0,1973.0,509.0,56.0,54.0,1120.0,1054.5,6583.0,167.0,243.0,178.0,233.0,480.0,564.0,172.0,139.0,92.5,348.0,1602.5,609.0,152.0,219.0,81.0,727.0,2408.0,123.0,366.0,714.0,940.5,285.5,140.5,250.5,324.0,655.5,422.0,129.0,43.5,116.0,112.5,66.0,332.0,69.0,345.0,108.0,524.0,78.0,76.0,341.5,103.5,244.0,96.0,1543.0,140.5,80.5,1907.0,296.0,71.0,102.0,139.5,12930.0,103.0,103.0,194.5,83.0,609.0,88.5,4742.0,161.0,513.0,239.0,880.0,546.0,797.0,16055.5,1507.0,588.0,462.0,1204.0,15691.0,1108.0,1011.0,1874.0,456.5,22586.0,5538.0,35558.0,819.0,1271.0,2829.5,3383.0,2008.0,1439.0,1014.0,1585.0,11663.0,8773.0,1980.0,262.5,216.0,416.0,238.0,371.0,11306.0,445.5,1406.0,8471.0,1532.5,127.0,48.0,156.0,113.5,74.0,63.0,5210.0,242.0,116.0,155.0
328,151.0,372.0,994.0,285.0,111.0,2307.5,282.0,381.5,285.0,679.0,52.5,1568.0,692.5,40.0,657.5,357.0,864.5,658.0,1445.5,46.0,1713.5,189.0,520.5,18216.0,344.5,182.0,884.0,2260.0,771.5,81.5,82.0,1515.5,1917.0,13508.0,273.0,514.0,289.0,399.5,601.0,532.0,193.5,197.0,116.5,593.5,2960.5,1088.0,230.0,281.0,149.0,1910.0,2861.0,211.0,413.0,1078.5,1049.5,351.5,153.0,513.0,563.5,1131.5,431.5,195.0,62.0,147.5,170.5,88.0,676.0,94.0,584.0,180.5,655.0,108.0,98.0,384.0,106.0,497.0,159.5,1700.0,262.0,155.5,2023.0,492.5,109.0,128.0,186.0,12875.0,157.0,2564.5,364.0,125.5,820.0,164.5,3720.5,249.0,716.5,320.0,904.0,570.0,780.5,11273.0,1600.0,579.0,474.5,708.0,7003.5,855.0,1385.5,2027.0,565.0,10420.0,2351.5,26956.0,793.0,1077.0,1618.5,2397.0,2460.0,1080.0,1096.0,1933.0,7653.0,5855.0,1713.5,261.5,241.0,421.0,269.0,418.0,11694.0,470.0,1411.0,8537.0,1533.0,193.5,57.0,270.0,191.0,100.5,84.5,5261.0,256.0,168.0,206.0
329,48.0,196.0,176.0,811.5,40.0,181.5,137.0,121.0,143.0,4688.5,24.0,422.0,195.0,21.0,188.0,124.0,139.0,250.0,94.5,53.0,645.0,64.0,1234.5,1164.5,140.5,66.0,315.5,252.5,210.0,33.0,34.0,1636.0,1786.0,579.0,3157.5,222.0,121.5,720.0,153.5,31.0,90.0,66.0,48.0,189.5,819.0,421.0,73.0,667.0,66.0,1462.0,999.5,196.0,74.0,201.5,80.0,103.0,636.0,167.0,837.0,499.0,255.5,77.5,25.0,57.0,59.0,50.0,219.0,30.0,36.0,105.0,98.0,49.0,116.0,920.0,43.0,286.0,64.5,12711.0,91.0,61.0,1016.0,143.0,45.0,60.0,1182.0,438.0,54.0,66.0,123.5,61.0,267.0,58.0,9004.0,80.0,175.0,108.0,537.5,3780.0,178.5,13734.5,383.0,332.0,373.0,9532.5,2014.0,991.5,230.0,1135.0,971.0,5230.0,3180.5,40951.5,747.0,1947.0,601.0,8360.5,824.0,247.0,701.0,812.0,9951.0,590.0,160.0,94.0,922.0,115.0,136.0,979.5,5121.0,135.0,592.0,164.5,255.0,65.0,27.0,104.0,65.0,49.5,39.0,2953.0,146.0,51.0,72.0
330,59.5,231.5,386.5,1110.0,48.0,311.0,199.0,137.5,181.0,5223.0,58.5,790.5,321.0,28.0,217.5,149.0,201.0,296.0,110.0,57.0,1266.0,69.0,1466.5,2698.0,173.0,79.0,325.5,280.0,280.0,37.0,45.0,1724.0,2068.0,688.5,4800.5,262.0,161.0,780.0,243.0,37.5,104.0,84.5,62.0,214.0,954.0,505.5,91.0,798.0,86.0,1838.0,1561.0,252.0,100.0,308.5,173.0,117.0,761.5,191.0,1411.5,701.0,299.0,88.0,28.0,63.5,61.5,64.0,251.0,37.0,49.0,122.0,131.0,60.0,272.0,1188.0,56.0,359.5,62.0,15590.5,100.0,69.0,2021.0,170.0,51.0,78.0,1953.0,560.0,61.0,78.0,139.0,77.5,321.0,65.5,16875.0,101.0,177.5,132.0,1207.0,6615.0,256.5,20217.0,1066.0,416.5,529.0,18469.0,5631.0,1594.5,464.0,923.0,1482.0,12116.5,3908.0,52072.0,1265.0,3637.0,815.0,10827.0,2134.0,390.0,1006.0,1234.0,12038.5,1226.0,216.0,117.0,1611.0,155.0,198.0,2078.0,12163.0,180.0,952.0,200.0,503.0,74.0,32.0,110.0,96.0,68.0,50.5,5354.0,260.0,62.0,99.0
331,146.0,243.0,152.0,221.0,82.5,19768.5,219.0,258.0,204.0,374.0,77.5,285.5,406.0,76.0,295.0,545.0,317.0,534.0,169.0,846.0,812.0,125.0,201.0,723.5,2342.0,311.5,613.5,2470.5,420.0,104.0,94.0,2491.0,1352.5,607.0,2262.0,279.0,162.5,358.0,252.0,100.0,125.5,145.5,118.0,413.5,1694.0,580.0,233.5,403.0,185.0,285.0,653.0,200.5,116.0,229.5,139.5,146.0,153.5,434.0,419.0,870.0,502.5,137.0,85.0,129.5,119.0,116.0,476.0,98.0,137.0,179.5,208.0,118.0,91.0,664.5,316.0,346.0,166.0,9498.0,213.5,154.0,1358.0,313.5,112.0,104.0,118.0,957.5,124.0,176.0,228.0,2430.0,341.5,130.0,476.0,149.0,229.0,196.0,112.0,263.0,157.0,20815.0,101.5,287.0,93.5,2272.5,13718.0,146.0,3471.0,156.0,316.0,3643.5,277.5,19987.0,125.0,721.0,178.5,799.0,736.5,118.0,468.0,576.5,2171.5,338.5,157.5,128.0,105.0,84.0,103.0,136.0,206.0,95.0,652.0,181.0,265.0,108.0,125.0,203.0,213.5,149.5,90.0,1011.0,564.5,139.0,133.0
332,206.5,280.5,174.0,234.5,85.5,20987.5,236.0,284.0,209.5,410.5,87.5,327.0,403.5,82.0,399.0,503.5,465.0,594.0,162.0,933.0,986.0,135.0,212.0,893.0,2388.0,313.0,712.0,3489.0,503.5,113.0,98.0,3283.0,1730.0,808.0,2810.5,301.0,199.0,398.0,406.0,118.5,144.5,152.5,122.0,459.0,2029.0,654.0,216.0,524.0,190.0,299.0,685.5,221.0,134.0,263.0,149.0,166.0,175.5,472.0,451.5,1007.0,260.0,159.0,87.0,136.0,134.0,124.0,538.0,104.0,160.0,188.5,224.5,135.5,126.0,839.0,330.0,355.0,185.0,11299.0,227.0,164.5,960.0,342.0,121.0,130.0,130.0,934.5,131.0,182.0,257.0,5304.5,408.0,136.0,578.0,167.0,274.5,227.5,169.0,414.0,277.0,22114.5,166.0,205.0,123.0,1845.5,25909.5,252.5,3993.0,224.0,333.5,3780.0,311.5,18515.0,220.0,1734.0,280.0,2006.0,960.0,211.0,883.0,738.0,4978.0,393.0,224.0,203.5,142.0,142.0,132.0,211.5,279.5,134.0,1267.5,485.0,508.0,115.5,131.0,213.0,241.0,187.0,91.0,1601.5,624.5,144.5,140.0
333,211.5,889.0,285.0,607.0,183.0,1544.5,471.0,962.0,318.0,1642.0,156.0,1155.0,21677.5,74.0,1162.0,812.5,424.0,1912.0,320.0,62.5,1103.0,213.0,216.0,1276.0,947.0,263.5,2043.0,3355.0,1303.0,122.0,151.0,966.0,4254.0,4282.0,932.5,1104.0,484.0,905.0,467.0,95.5,112.0,207.0,675.0,1284.5,6954.0,2191.5,359.0,621.0,323.0,1273.0,2327.0,460.0,228.0,1348.0,263.5,245.0,259.0,1204.0,1443.5,2554.0,274.0,219.0,83.0,226.0,201.5,131.5,1641.0,128.0,122.0,420.0,465.0,219.5,124.0,771.0,736.0,1116.0,265.0,5115.0,565.0,335.0,2054.5,1105.0,168.0,101.5,245.5,2924.0,211.0,484.0,788.0,155.0,893.0,316.0,1089.0,369.0,760.5,409.0,332.5,284.0,7464.5,10303.5,3347.0,10606.0,198.0,563.5,3870.0,528.0,619.5,945.0,880.5,11354.0,5267.0,16769.5,1180.5,1189.0,975.0,16485.0,4125.0,488.0,458.0,3290.0,6976.0,3166.5,454.5,516.0,238.0,196.0,242.0,297.0,37237.0,352.0,843.0,589.0,498.0,294.0,86.0,504.5,390.0,306.0,141.0,3010.0,164.0,279.0,299.0
334,175.0,871.0,331.0,566.0,170.0,1508.5,434.0,945.0,311.0,1563.0,164.0,1392.0,23575.0,64.0,1109.5,776.0,403.5,1818.0,305.0,63.0,1202.0,219.0,212.5,1814.0,952.0,263.0,2104.0,3439.0,1213.0,124.0,129.0,988.5,4027.0,3586.0,1054.5,1143.0,499.5,835.0,429.0,91.0,107.0,221.0,722.0,1250.0,7076.0,2133.0,304.0,527.0,283.0,1169.0,2319.5,447.0,242.5,1403.0,326.0,221.0,241.5,1318.0,1581.5,2510.0,349.0,213.0,66.0,203.0,261.0,116.0,1598.0,98.0,120.0,441.0,451.0,170.5,92.5,651.0,722.0,1271.0,236.0,5108.0,551.0,319.0,2054.5,1002.0,155.0,102.0,253.0,3031.0,180.0,475.0,758.0,169.0,912.5,305.0,1052.5,393.0,720.0,411.0,330.0,323.0,9575.0,14384.0,3974.0,12217.0,203.5,994.0,5318.0,567.0,621.5,1175.0,890.0,18940.5,5122.0,23644.0,1263.0,1455.0,1740.0,21528.0,4023.5,481.0,521.0,2662.0,7003.0,3281.0,499.0,520.0,223.0,220.0,243.0,286.5,40250.0,327.5,755.0,888.5,521.0,282.0,71.5,499.0,410.5,294.5,133.0,3392.0,156.0,285.0,312.0
335,164.0,403.0,576.0,282.0,135.0,502.0,313.0,354.0,294.5,603.5,61.0,1139.5,411.5,73.0,1139.5,410.0,308.0,567.0,208.5,74.0,959.0,258.5,194.0,2174.0,271.0,172.0,787.5,8662.0,665.0,152.0,125.5,457.0,1638.0,314.0,210.0,43746.0,241.0,2734.5,342.0,172.5,155.0,227.0,178.0,513.5,2117.5,844.0,556.0,376.0,191.0,549.5,918.5,236.0,261.0,812.5,98.0,263.0,153.0,511.0,729.5,1026.5,7668.0,294.5,110.5,234.0,261.0,155.0,634.0,105.5,152.0,240.0,268.0,208.5,131.0,4848.5,143.5,639.5,206.5,1502.5,246.0,214.0,1113.0,458.0,151.0,178.0,173.5,1021.0,184.0,211.5,381.0,151.0,601.0,177.0,668.0,243.0,1549.0,268.0,7491.0,2936.0,416.0,21447.5,10254.5,1462.0,573.5,1442.0,44700.5,1675.0,4998.0,3313.0,682.5,43435.5,1223.0,8519.0,1623.5,1213.0,2090.0,4266.0,38950.5,1349.0,1401.0,3129.0,11267.0,20079.0,317.0,324.0,476.5,349.0,212.0,1473.0,25691.0,356.0,3424.0,5295.0,1179.0,262.0,1239.0,299.5,259.5,145.0,148.0,3097.5,306.0,132.0,165.5
336,219.5,537.5,820.0,947.0,177.0,693.0,408.0,501.0,365.5,801.0,79.0,1696.0,542.5,98.0,1586.0,488.5,443.5,807.0,264.0,96.0,1521.0,321.0,252.0,3087.0,379.0,230.0,1061.5,5695.0,911.5,187.0,174.0,609.0,2249.0,429.5,304.0,45643.5,349.5,5183.0,471.0,225.0,213.0,294.5,205.0,678.0,2948.0,1178.0,395.0,531.0,259.5,873.5,1261.0,312.0,358.0,1429.0,129.0,332.0,172.5,737.0,924.0,1272.0,8833.0,386.5,140.0,355.0,327.0,197.0,840.5,142.0,197.5,319.0,369.0,281.0,158.0,4467.0,175.5,844.5,279.0,2110.5,345.0,290.5,1372.0,601.0,197.0,243.0,230.0,1356.0,239.0,294.0,497.0,205.0,803.0,253.5,888.0,322.0,1851.0,347.0,11839.0,3282.0,664.0,24989.5,14908.5,1925.0,1090.5,2674.0,49542.0,3115.0,8906.0,6256.0,839.0,50416.0,1852.5,10895.0,3100.5,2520.5,4200.5,5984.0,46989.0,2609.0,1958.5,8024.0,20780.5,30153.0,459.0,562.0,720.0,489.0,316.5,2009.0,27094.0,544.5,6969.5,6636.5,1500.0,362.0,1243.5,386.0,363.0,178.0,176.0,5424.0,478.0,198.0,256.0
337,285.0,162.5,239.0,294.0,71.5,422.0,151.0,407.0,157.0,1215.0,47.0,568.0,964.0,30.0,240.5,143.0,346.0,898.5,261.5,82.5,1824.0,76.5,125.5,3336.0,187.0,126.5,634.0,492.5,309.0,47.0,55.0,616.0,971.0,478.0,211.0,229.0,200.0,167.0,266.0,68.0,92.5,106.0,71.0,246.0,895.0,370.0,125.5,1466.5,97.0,545.5,442.0,145.5,6354.0,610.0,89.0,373.0,150.0,214.0,228.0,663.5,234.0,82.0,34.0,565.0,59.5,148.0,234.0,42.0,83.0,89.0,102.5,84.0,93.0,886.0,365.5,234.0,81.0,408.0,110.5,74.0,510.0,196.0,53.0,107.0,91.0,523.5,65.0,85.0,192.0,52.0,279.0,89.0,787.0,116.0,203.0,192.0,1373.0,3165.5,550.0,32246.0,3362.0,6251.0,541.0,4838.5,28589.0,838.0,1053.0,971.0,2706.0,37490.0,2194.0,13204.5,1994.0,10904.0,7242.0,3673.0,6525.0,1114.5,4642.5,1941.5,19458.0,2223.0,654.5,367.0,222.5,456.0,282.0,4472.5,41825.5,600.0,1520.0,778.0,2141.0,90.0,41.0,121.5,99.5,59.0,53.0,4092.0,726.0,69.5,78.0
338,369.5,192.0,302.0,560.5,97.0,474.0,183.0,585.0,181.0,1602.0,60.0,1007.5,1580.5,35.0,246.5,179.0,474.0,1132.0,346.0,95.5,3243.0,96.0,155.0,4399.0,235.0,265.0,626.0,625.0,364.0,56.0,57.0,922.5,1176.0,484.5,245.0,273.0,247.5,197.5,364.0,105.0,121.5,122.0,81.0,346.0,1075.0,438.0,157.0,1412.0,114.0,711.0,534.5,184.0,7533.0,778.5,110.0,554.5,208.5,249.5,266.0,940.0,559.0,103.0,45.0,897.0,74.5,183.0,285.0,51.0,91.0,99.5,124.0,103.0,129.5,1253.0,447.5,253.0,103.0,487.0,128.0,91.0,747.0,220.0,56.0,161.0,124.5,642.0,85.5,100.0,223.0,80.0,354.0,107.0,862.0,140.0,271.0,230.0,4153.0,6646.5,1252.0,85445.0,25001.0,9755.5,1254.0,26542.0,91942.5,2066.5,2666.0,1894.0,5514.0,102062.5,5684.0,65366.0,5296.0,30762.5,12224.0,31901.0,57810.5,3902.0,9882.0,6018.0,74888.0,10925.0,1160.0,616.0,370.0,755.5,385.0,11882.0,96370.0,2132.5,7780.5,2078.0,8407.0,106.0,45.0,266.0,1192.0,76.0,66.0,7916.5,1295.0,89.5,178.0
339,50.0,217.0,129.0,184.0,52.0,379.0,167.0,275.0,144.0,459.0,54.0,314.5,363.0,25.0,531.5,260.0,128.0,484.0,147.0,28.0,1837.0,81.0,74.0,764.5,193.0,75.0,659.0,726.0,318.5,38.5,47.0,245.5,1502.0,377.5,304.5,275.5,121.5,255.0,155.5,176.5,66.0,61.0,50.0,334.0,1882.0,562.0,103.0,218.0,97.0,270.0,625.0,146.5,56.0,264.0,50.0,116.0,117.0,341.0,415.5,842.5,496.0,84.0,26.0,208.0,99.0,55.0,476.0,36.0,50.5,100.0,196.5,52.0,70.0,896.0,318.0,326.0,66.0,490.5,146.0,82.5,1216.0,273.0,44.0,35.0,108.0,857.5,78.0,119.0,197.0,44.0,263.0,90.0,563.0,94.0,305.0,128.0,1816.5,3871.5,7347.0,42067.0,3954.0,22804.5,4740.5,19895.0,18377.0,10136.0,5279.5,9128.0,7157.0,44367.0,13942.5,50899.0,7339.0,10174.0,6726.5,3542.0,6222.0,3274.5,4814.0,1635.5,45689.5,7629.5,4392.0,1469.0,1433.0,4737.0,1194.0,9121.5,44976.5,3107.0,8153.5,11220.0,8229.0,105.5,35.0,155.0,106.0,72.5,81.0,1004.0,1991.5,95.0,52.0
340,78.0,303.0,170.0,218.0,58.0,510.0,183.0,352.5,168.0,585.5,33.0,354.5,433.0,28.0,595.0,372.0,159.0,626.0,169.0,30.0,2389.0,95.0,80.0,740.0,240.5,90.0,781.0,950.0,441.0,38.0,50.0,331.0,1604.0,410.0,360.5,382.0,179.0,343.0,186.0,211.0,81.0,72.0,63.5,485.0,2363.0,724.0,135.0,211.0,124.0,359.5,805.0,165.5,74.0,330.0,70.5,113.0,131.0,449.0,554.0,1027.0,564.0,100.0,27.0,243.5,104.0,61.0,667.0,41.5,57.0,139.5,215.0,62.0,63.0,2138.5,340.0,411.0,87.5,590.0,188.0,112.0,1076.0,338.5,56.5,39.5,108.0,1089.0,91.0,159.0,248.0,61.0,303.0,121.0,614.0,131.0,428.0,145.0,3030.0,6635.0,12583.0,42101.5,8641.0,27577.0,6976.5,22816.0,26588.0,11623.0,9172.5,20872.5,11359.0,45160.5,15875.0,50922.0,14431.0,13724.0,22448.0,5939.0,7198.5,6880.0,7267.0,2275.0,46184.0,4811.0,7761.5,2800.0,2723.0,7193.0,2032.5,9110.0,46092.0,5996.0,9622.0,13500.0,9053.0,127.0,33.0,192.0,137.5,77.0,86.0,1247.5,2298.5,111.0,61.0
341,58.5,121.0,201.5,86.5,42.0,191.0,115.0,137.0,134.0,211.0,38.0,795.0,611.0,19.0,196.0,118.5,446.0,408.0,81.0,18.0,661.0,73.0,414.0,1843.0,86.0,51.0,396.0,241.0,252.0,33.0,29.0,181.0,834.0,323.0,131.5,156.5,80.5,141.0,179.0,147.0,61.0,84.0,46.0,214.0,923.5,433.0,82.0,157.0,62.0,192.0,400.0,80.0,79.0,169.0,24.0,247.5,181.0,211.0,293.5,534.0,229.0,84.0,24.0,65.0,93.0,41.0,270.0,26.0,78.0,69.0,100.0,39.0,52.0,224.5,347.0,194.5,57.0,480.0,85.0,64.0,445.5,3013.0,38.0,209.5,46.0,421.0,66.0,69.5,126.0,49.0,369.0,69.0,243.0,71.0,145.5,107.0,368.0,176.0,129.5,7964.0,852.0,3150.5,716.0,1860.0,6332.0,4340.5,319.0,348.0,1692.0,5321.0,2673.5,2308.0,415.0,126.0,230.0,422.0,5538.0,219.0,340.0,562.0,1880.0,2821.0,112.0,106.0,197.0,88.5,94.0,209.0,3415.0,91.5,488.0,2747.0,4307.0,71.0,24.5,98.0,69.0,41.0,31.0,1620.5,149.0,48.0,38.0
342,61.0,147.0,267.0,100.5,52.0,235.0,141.0,165.0,151.0,273.0,50.0,932.0,464.0,26.0,223.0,132.0,585.0,553.0,90.0,26.0,788.5,84.0,256.0,2365.0,109.5,66.0,466.0,278.0,314.5,41.0,39.0,231.5,917.0,452.0,161.0,218.5,108.0,161.0,226.0,148.0,74.0,97.0,55.5,241.0,1200.5,522.0,115.0,176.0,74.0,287.0,468.5,112.0,98.0,228.0,32.0,114.0,159.0,258.0,345.5,546.5,225.0,92.0,26.5,66.0,99.0,51.0,315.5,35.0,90.0,75.0,113.0,60.0,58.5,290.0,390.0,219.0,63.0,491.5,110.0,73.0,453.0,3469.0,49.0,302.0,61.0,493.5,69.5,79.5,150.0,56.0,375.0,78.0,279.0,88.5,149.0,134.0,218.0,108.5,147.0,3111.0,289.5,1561.0,218.5,817.0,2245.0,5196.0,160.0,346.0,1566.0,2223.0,2177.0,1200.0,168.5,88.0,142.0,191.0,1238.5,102.0,241.0,598.0,622.0,828.0,83.0,85.0,153.0,84.0,86.0,105.0,2129.0,88.0,344.0,482.0,292.0,85.0,34.0,117.0,77.0,45.5,43.0,2037.5,185.0,55.5,50.0
343,36.0,101.0,115.0,150.0,28.0,167.0,88.0,109.0,121.0,201.5,23.0,340.5,332.0,1597.0,164.0,93.0,175.5,198.0,71.5,16.0,1074.0,47.5,52.0,463.0,85.0,50.0,237.0,1031.0,155.0,24.0,27.0,221.0,785.5,801.5,123.0,1481.5,57.0,151.0,138.0,89.0,149.0,62.0,40.0,154.0,875.0,282.0,68.5,117.5,57.0,195.0,298.5,650.0,52.0,125.0,97.0,92.0,116.0,160.0,188.0,526.0,193.0,51.0,20.0,53.5,45.0,43.0,188.0,26.0,79.0,53.0,93.0,32.0,41.5,33016.5,779.0,168.0,44.0,381.0,71.0,47.0,523.0,137.0,29.0,51.0,53.0,959.0,63.5,60.0,137.0,35.0,148.0,574.0,188.5,63.0,135.0,86.0,2500.0,501.0,251.0,12420.5,4959.0,824.0,255.0,1741.0,13836.5,683.0,780.0,981.0,230.0,26473.0,421.0,21769.5,706.0,2990.0,700.0,2414.0,22804.5,1558.0,672.0,1065.0,28382.0,6376.0,185.0,175.0,158.0,87.0,67.0,455.5,3074.0,120.0,873.0,2642.5,3340.0,72.0,22.0,80.5,72.0,94.0,34.0,1102.0,101.0,49.0,440.0
344,39.0,99.0,93.0,100.0,30.0,181.0,101.5,121.0,124.0,229.5,21.0,300.0,255.0,44.0,215.5,99.0,153.0,208.0,80.5,17.0,952.0,46.5,62.0,562.0,92.0,68.0,254.0,632.0,163.5,24.0,26.0,226.5,824.0,743.0,133.0,1401.0,68.5,162.0,170.0,61.0,169.0,52.0,38.0,167.0,856.0,308.0,71.5,140.0,63.0,235.0,306.0,99.0,53.0,143.0,87.0,86.0,104.0,188.5,163.0,560.0,158.0,49.0,21.0,60.5,48.0,46.0,201.5,25.0,54.0,68.0,89.5,39.0,42.0,39077.0,712.0,182.0,45.0,446.0,78.0,52.0,542.0,133.5,31.5,47.0,56.0,943.0,47.0,66.0,168.5,37.0,163.0,490.0,179.0,71.0,141.0,91.0,2022.0,388.0,143.0,11035.0,5735.0,756.5,216.0,1169.0,13573.5,660.0,770.0,841.0,203.0,25645.0,503.0,14032.0,610.0,1380.0,502.5,1381.0,20953.0,1689.5,1264.0,823.0,31671.0,5930.0,156.5,156.0,121.0,73.0,64.0,446.0,1918.0,97.0,744.0,1383.5,2131.0,67.0,21.5,82.0,56.0,100.0,33.0,1062.5,93.0,43.0,564.0
345,260.0,96.0,104.5,76.0,39.0,1259.0,83.0,86.0,125.0,144.0,30.0,127.0,193.0,15.0,135.0,74.0,181.0,235.0,44.5,22.0,1049.0,102.0,72.0,465.0,149.5,43.0,249.5,1035.0,128.5,25.0,34.0,139.0,567.0,1758.0,74.0,138.0,254.0,103.0,127.5,25.0,33.0,68.0,34.0,130.0,647.0,320.5,92.5,91.5,63.0,173.0,278.0,119.5,40.0,212.0,39.0,184.0,85.0,226.0,132.0,385.0,210.0,94.0,28.0,92.0,95.5,39.0,144.0,25.0,84.0,55.0,215.0,42.5,41.0,17641.0,137.0,131.5,55.0,1694.0,152.0,42.0,245.0,115.0,45.5,37.0,39.0,341.5,88.0,50.0,97.0,34.0,290.0,54.0,2300.0,54.5,119.0,71.0,86.0,61.0,61.0,4206.0,75.0,300.5,41.0,91.0,679.0,86.5,158.0,86.0,181.5,2437.0,114.0,445.0,49.0,72.0,58.0,612.5,501.0,49.0,105.0,277.0,735.0,377.0,94.0,81.5,57.0,40.0,59.0,69.0,67.0,57.0,255.0,43.0,59.0,82.0,24.0,85.0,72.0,46.0,34.0,659.0,79.0,34.0,36.0
346,392.5,103.0,129.0,82.0,49.0,1241.0,87.0,93.0,129.5,162.5,44.0,163.0,229.0,20.0,164.5,89.0,218.0,268.0,54.0,26.0,1448.5,115.5,106.0,682.0,198.0,49.0,286.0,1276.0,141.0,31.0,40.0,153.5,604.0,2293.0,91.0,151.5,416.0,111.0,163.0,40.0,42.5,73.0,39.0,133.0,737.0,354.0,101.0,109.5,61.0,217.5,311.0,143.0,43.0,255.0,40.0,268.0,101.0,285.0,156.0,422.0,287.0,112.0,30.0,117.0,116.0,46.0,169.0,34.0,98.0,67.0,275.0,45.0,55.0,20171.0,216.0,145.0,61.0,1965.0,187.5,60.0,296.0,142.0,50.0,46.0,54.0,418.0,99.5,55.0,113.0,42.0,317.0,72.0,2444.0,67.0,136.0,76.0,98.5,78.0,87.0,4677.0,116.0,410.0,52.0,175.0,877.0,139.5,255.5,108.5,231.0,3123.0,173.0,1924.0,60.0,94.0,89.0,220.0,579.0,85.5,133.0,278.0,1584.0,463.0,132.0,99.0,68.0,51.0,72.5,86.0,97.0,73.0,739.5,70.0,82.0,96.0,39.0,90.5,87.0,52.5,38.0,849.0,166.0,36.0,43.0
347,286.0,1231.0,315.0,834.0,280.0,2198.5,714.0,1455.5,409.5,2185.0,65.0,1166.0,1833.0,111.0,1559.5,1259.5,504.5,2803.0,518.5,76.0,1094.0,254.0,646.5,1900.0,817.0,374.0,3034.0,2434.0,1946.0,281.5,246.5,1308.0,6172.0,957.0,751.0,1821.0,722.5,1475.0,642.0,100.0,163.0,230.0,222.0,1848.5,9783.0,3178.5,560.0,678.5,551.0,1570.0,3443.0,2523.5,266.5,1256.0,210.5,330.0,187.0,2017.0,2105.0,4131.0,244.5,260.0,107.0,391.0,343.5,569.0,2256.0,173.0,364.0,696.0,737.0,233.0,237.0,2185.0,161.0,1721.0,393.0,2687.5,878.5,408.0,3560.0,1608.5,220.0,117.5,360.0,4350.0,244.5,688.5,1163.5,238.5,1243.5,496.5,1092.5,483.0,2742.5,616.5,463.0,426.0,404.0,30118.5,837.0,1263.0,281.0,908.5,2807.5,1357.0,691.0,6041.0,1455.0,37191.0,905.0,28290.0,1785.0,1126.0,1536.0,1057.5,3984.0,330.0,2035.0,3747.0,55062.0,5279.0,913.0,389.5,345.5,331.0,404.0,531.0,34201.0,300.5,1041.0,731.0,470.0,423.0,172.5,737.0,544.0,245.5,236.0,671.0,190.0,516.0,259.0
348,167.0,799.0,213.5,515.0,161.0,1377.0,509.0,879.0,286.5,1708.0,31.0,724.0,1132.5,63.0,1195.5,792.0,355.0,1832.0,359.0,40.5,740.5,206.0,414.0,833.0,498.0,256.0,1871.0,1489.5,1166.0,134.0,139.0,777.5,4281.0,622.0,454.0,1099.5,450.0,957.5,396.5,77.0,92.0,143.0,128.0,1163.5,6064.0,2006.0,309.0,408.0,359.5,948.0,2094.0,1570.0,172.0,757.0,163.0,172.0,122.0,1231.5,1208.0,2571.0,151.0,183.0,57.0,226.5,230.5,249.5,1686.0,83.5,260.0,577.0,448.0,146.0,171.5,1517.0,107.0,1024.0,214.5,1591.0,522.5,263.0,1982.0,998.0,159.0,75.5,221.0,2801.0,177.0,440.0,651.0,129.0,724.0,288.0,725.0,317.5,1977.0,390.0,226.0,183.5,220.0,3192.0,256.0,507.0,149.5,276.0,1596.0,389.5,404.5,585.5,809.0,3986.0,442.0,4798.0,469.0,464.5,478.0,262.0,2062.0,146.0,803.0,2172.5,18538.0,2829.0,289.0,213.0,237.0,145.5,246.0,206.0,29693.0,138.0,513.0,253.0,250.0,263.5,86.0,473.0,357.0,141.5,158.0,366.0,134.0,285.0,168.5
349,241.0,232.0,235.0,1514.5,60.0,367.0,164.5,255.0,175.0,473.5,37.0,545.5,462.0,36.0,215.0,231.0,265.5,514.0,138.0,25.0,1523.0,123.0,2493.0,647.0,679.5,91.0,555.0,616.5,331.5,45.0,49.0,268.0,1191.0,460.0,568.0,309.5,1035.0,375.5,267.5,823.0,63.0,95.0,63.0,358.0,1836.0,651.0,123.5,230.5,2698.0,1909.0,666.5,144.0,83.0,688.0,207.0,1549.0,112.5,378.0,402.0,935.0,253.0,100.0,33.5,99.0,118.5,73.0,470.0,51.5,589.0,102.0,228.0,63.5,92.0,4980.0,144.0,329.0,89.0,1683.5,153.0,94.0,787.0,312.0,56.0,50.5,90.0,1537.5,100.0,131.5,237.0,51.0,340.0,125.0,1037.5,115.5,347.0,149.0,212.0,1252.0,273.0,7233.0,4401.0,1791.0,250.5,1068.0,3217.5,5422.0,753.0,1851.0,416.5,21746.5,4706.0,25955.5,890.0,812.0,32648.5,961.0,1915.0,338.0,491.0,704.5,4306.0,658.5,392.0,267.0,180.0,238.0,161.0,168.0,24035.0,272.5,385.0,555.0,215.0,100.0,49.0,166.0,109.0,58.0,53.5,970.0,607.5,79.0,1237.0
350,371.0,271.0,361.5,6927.0,72.0,422.0,230.0,270.0,195.0,630.0,55.0,1013.0,679.0,45.0,375.0,273.5,298.0,588.0,163.0,39.0,2319.5,142.0,2778.0,1046.0,1001.0,118.0,684.0,906.0,403.0,57.0,68.0,328.0,1458.0,680.5,706.0,474.5,1441.5,520.0,303.0,1470.0,87.0,109.0,85.0,424.0,2442.0,800.5,382.0,351.5,4804.0,2151.0,823.5,168.0,115.0,1022.0,292.5,1703.5,141.0,431.0,447.0,1169.0,382.5,105.0,41.5,109.5,118.5,83.0,540.0,58.0,946.0,127.0,316.0,78.0,139.0,5432.0,236.5,350.5,99.0,2062.0,186.5,109.0,1167.0,347.0,67.0,88.0,93.0,5608.0,96.0,141.5,296.5,55.5,400.0,118.5,1612.5,125.0,453.0,188.5,707.5,9517.0,765.0,50140.0,29877.0,11353.0,829.0,5678.0,23345.0,21896.0,10594.0,10900.0,785.0,52601.0,5812.0,56810.0,3984.0,4141.0,56373.0,20792.0,12432.0,1127.0,6268.0,1162.5,42159.0,2901.5,855.0,901.0,455.0,621.0,389.5,496.0,54717.0,852.0,1564.0,2113.0,585.5,124.0,94.0,209.0,150.0,91.5,73.5,2449.5,1163.0,107.5,1195.0
351,85.0,237.0,174.5,169.0,84.0,366.5,529.0,1032.0,163.0,1505.0,49.0,1810.5,963.0,39.0,1140.0,249.0,1315.5,514.0,113.5,92.0,623.0,158.0,107.0,8159.0,448.0,160.5,925.5,1034.0,360.0,67.0,71.0,386.5,17917.0,319.0,1300.0,2367.5,849.0,302.0,9134.0,544.5,90.0,129.0,114.0,359.5,4812.0,783.0,229.0,337.0,123.0,403.0,709.5,190.5,207.0,601.0,73.0,910.0,121.5,443.0,584.5,2151.0,180.0,446.5,62.0,201.0,171.5,74.0,446.5,57.5,89.0,153.0,193.0,92.0,315.0,2208.0,1472.0,436.0,112.0,1877.0,171.0,121.0,852.0,319.0,80.0,162.0,119.0,1143.0,135.0,188.0,382.0,119.0,415.0,154.0,666.0,119.0,914.0,313.0,2062.0,735.0,334.0,10116.5,7904.0,1620.0,238.0,1304.0,9692.0,1189.0,1322.0,650.0,973.5,32096.5,548.0,25323.0,1072.0,766.0,10249.0,42182.0,54912.5,974.5,1119.0,1404.0,37329.0,8174.0,229.0,285.5,156.0,260.0,155.0,831.0,216.0,257.0,4054.0,1161.0,1098.0,143.0,64.0,246.0,122.0,74.0,70.0,871.0,128.0,138.0,102.0
352,85.0,212.5,209.0,170.0,84.0,336.0,631.5,890.0,164.0,1501.0,64.0,1629.0,1040.0,42.0,1194.0,226.5,1451.0,474.0,111.0,113.0,710.5,155.0,107.0,7925.0,475.0,174.0,823.5,1061.5,327.0,66.0,73.0,382.0,19676.5,329.5,1336.0,2376.0,761.0,295.0,9911.5,627.0,103.5,132.0,119.0,341.0,6410.0,726.5,196.0,343.0,126.0,402.0,651.0,222.5,204.5,630.0,73.5,1007.0,129.5,414.0,567.0,2545.5,188.0,441.0,63.0,170.0,176.0,80.5,425.0,75.0,99.0,131.0,184.0,91.5,278.0,1577.0,1380.5,355.0,112.0,1763.0,157.0,117.0,840.0,306.5,80.5,189.0,121.0,1232.5,134.5,194.5,342.0,114.0,397.0,155.0,926.0,119.0,828.0,319.0,4652.0,1108.0,478.5,18952.0,9807.0,1609.0,279.5,868.0,14553.0,1339.0,1528.0,905.0,1157.0,44666.0,703.0,37145.0,1359.0,1867.0,9768.5,22586.0,56925.0,1097.5,1323.5,1994.5,48668.0,13134.5,317.0,326.0,166.5,303.0,159.0,1453.0,277.0,279.0,5971.0,2450.0,1608.5,140.0,82.0,265.5,127.5,89.0,84.5,1462.0,151.0,156.5,134.5
353,121.0,379.0,317.0,276.0,113.0,648.0,284.0,430.0,222.0,2621.0,39.0,699.0,4850.0,114.0,653.0,347.0,1406.0,781.0,176.0,2561.0,489.0,227.0,145.0,438.0,271.0,162.0,932.0,971.0,18135.5,186.0,84.0,479.0,2087.5,936.0,708.5,469.0,254.0,18411.5,285.5,76.0,111.5,157.0,97.5,656.5,2970.0,1165.0,271.0,284.0,198.0,620.5,1143.5,228.0,176.0,1008.5,72.5,273.0,120.0,641.0,709.0,1350.0,155.0,184.0,54.0,232.0,166.0,85.0,741.0,65.0,111.0,294.0,288.0,132.5,73.5,28336.0,95.0,617.0,155.0,1314.5,259.0,176.0,1188.5,587.5,108.0,835.0,151.0,1470.0,165.0,230.0,365.0,106.0,629.5,346.0,454.5,229.0,621.5,303.0,323.0,205.5,223.0,1321.5,206.0,266.5,172.5,624.5,3447.0,3506.0,6014.5,306.0,470.0,2269.0,248.0,622.5,3237.0,510.0,11898.5,474.0,1438.5,192.0,1442.0,1129.0,439.5,1335.0,214.0,201.0,340.0,179.0,337.0,196.0,231.5,203.0,561.0,475.0,281.0,185.0,56.0,324.0,267.5,154.0,113.0,10252.0,119.0,156.0,163.0
354,117.5,389.0,315.0,286.5,114.0,639.0,299.0,458.0,234.5,3091.0,45.0,853.0,6032.0,117.0,639.0,321.0,1888.0,793.0,204.0,2523.0,569.0,249.0,151.0,501.0,283.0,173.0,955.0,1051.0,20044.5,206.0,90.5,497.0,2089.0,1177.5,721.0,473.0,261.0,23276.0,285.0,84.0,106.0,184.0,99.0,622.0,3126.0,1207.0,280.0,311.0,218.0,601.0,1156.5,241.0,201.0,1444.0,76.0,333.0,130.0,680.0,713.0,1404.0,163.0,222.0,62.0,260.0,210.0,98.0,733.0,72.5,123.0,310.0,293.0,146.0,88.0,38145.5,126.0,670.0,164.0,1259.0,268.0,170.0,1080.0,590.0,105.0,843.0,162.0,1569.0,187.0,233.0,400.5,114.0,687.5,356.0,467.5,223.0,460.0,326.0,357.0,245.0,271.0,1372.0,209.5,286.5,185.0,767.0,2061.5,1949.5,8330.5,319.5,478.0,2983.5,276.0,716.0,4376.0,638.0,12633.0,462.0,1465.0,213.0,4346.0,1093.0,420.0,1662.0,277.5,227.0,428.0,212.0,407.0,228.0,277.0,227.5,557.0,679.0,311.0,205.0,60.0,336.0,268.5,193.0,140.5,10594.0,142.5,182.0,173.0
355,171.0,471.0,213.0,354.0,183.0,752.0,290.0,582.0,252.0,702.5,70.0,371.0,1233.0,81.0,573.0,495.0,210.0,1326.0,194.0,74.0,5112.0,209.0,482.0,296.5,324.0,182.0,1128.0,796.0,1181.5,131.5,138.0,455.0,2137.0,307.5,705.0,541.0,468.0,451.0,378.0,370.5,123.0,184.5,291.5,643.0,3499.0,1115.0,299.0,210.0,222.0,621.0,1134.0,353.5,262.0,764.0,82.0,365.0,154.0,854.5,782.5,1241.0,115.0,220.5,106.0,261.0,234.0,148.0,926.0,121.0,124.0,255.5,346.0,200.0,80.0,46368.0,631.0,700.0,206.0,836.0,333.5,218.0,1029.0,640.0,139.0,104.0,199.0,2996.5,159.0,284.0,444.0,158.0,499.5,221.5,456.0,254.0,532.0,264.5,1168.0,2556.0,350.0,2772.0,2115.0,586.0,301.0,885.0,6906.0,435.5,1281.5,9328.5,752.0,10742.0,1184.0,782.0,542.5,602.0,490.0,613.0,10755.5,594.0,752.0,1306.0,3328.0,3577.5,228.5,222.5,205.0,273.0,206.0,499.0,721.0,270.0,1007.0,349.0,670.0,250.0,85.0,339.0,268.0,270.0,125.0,1448.5,6085.0,171.0,123.5
356,200.0,300.0,174.0,262.0,169.5,414.5,227.0,430.0,222.5,432.0,80.0,354.0,1332.0,75.0,449.0,383.0,194.0,702.0,131.5,67.0,6033.0,180.0,464.5,293.0,249.0,155.0,727.0,471.0,971.5,124.0,120.0,303.0,1304.5,207.5,832.0,334.5,380.5,259.5,306.5,460.0,117.0,182.0,397.0,339.0,2271.0,635.0,264.0,179.0,174.5,596.0,707.0,380.5,272.0,787.0,83.0,348.5,180.5,594.5,559.0,781.5,91.0,182.5,116.0,193.5,189.0,153.0,657.5,112.0,124.0,184.0,218.0,185.0,92.0,57523.0,687.5,403.5,166.0,502.0,222.0,171.5,644.5,437.0,134.0,102.0,143.0,2051.0,132.0,223.0,324.0,161.0,234.0,149.0,321.0,196.0,331.5,201.5,1692.0,3723.0,477.0,4587.0,2525.0,702.0,387.0,1176.0,12162.0,562.0,1817.0,18607.0,603.0,33212.0,1486.0,1231.0,666.0,748.0,589.5,1363.0,16921.0,757.5,1452.0,988.0,5178.0,5045.0,319.0,251.0,226.0,372.0,208.0,572.0,1131.0,353.0,1187.0,525.0,1101.5,198.5,95.0,239.5,200.0,356.5,127.0,1730.5,6635.0,116.0,115.0
357,175.0,551.0,281.0,286.0,124.0,1043.0,351.5,559.0,229.0,947.0,45.0,599.0,765.5,68.5,760.0,375.0,389.0,956.0,250.5,61.5,728.0,205.0,171.5,7624.0,384.0,203.0,1098.5,1027.5,809.0,88.5,98.0,728.0,2674.0,562.0,287.0,724.0,353.0,575.0,1205.0,67.0,369.0,144.0,110.0,848.0,5117.5,1290.5,298.0,986.5,177.0,800.0,1278.0,264.0,137.0,705.5,63.0,161.5,133.5,719.0,809.0,1529.5,327.0,178.0,66.0,210.0,197.5,107.0,871.0,83.0,266.5,268.0,532.0,143.5,85.5,3839.5,759.5,1543.0,160.0,1234.0,322.0,206.0,1290.5,579.0,109.0,80.0,4217.5,2181.0,168.5,256.0,449.0,132.0,697.5,223.0,655.0,211.0,721.5,270.0,337.0,209.0,211.5,3656.0,566.5,283.0,226.0,4068.0,502.0,365.0,341.0,413.0,555.0,10814.0,484.0,38870.0,19849.0,328.0,1141.0,1295.5,19435.0,195.5,514.5,1636.0,9697.5,3509.0,352.0,197.0,209.5,189.5,204.0,233.0,1247.0,199.5,606.0,338.0,275.0,212.0,3570.0,323.0,223.0,96.0,89.0,1916.0,241.5,149.0,527.0
358,122.0,332.5,172.0,195.0,78.0,654.5,247.0,316.0,179.0,571.5,30.0,368.0,510.0,42.0,538.0,230.5,291.0,590.0,164.5,39.0,400.0,144.5,105.0,4244.5,243.0,122.0,691.0,725.0,469.0,67.0,71.0,435.0,1776.0,328.0,180.0,438.0,208.0,356.0,976.5,45.0,263.0,101.0,66.0,566.5,3016.0,769.0,170.0,709.5,121.0,401.5,833.5,164.5,92.5,369.0,47.0,96.0,105.0,420.0,531.5,1002.5,211.0,121.0,41.0,137.0,116.0,74.0,585.5,55.0,175.0,158.5,351.0,91.5,56.0,2123.5,445.0,965.0,106.0,973.5,201.0,141.0,679.5,350.5,74.5,54.0,2904.5,1311.0,116.5,156.0,257.0,77.5,443.0,141.0,449.0,142.5,511.0,173.0,205.5,110.0,121.0,2070.0,325.0,164.0,132.0,1362.0,220.0,170.0,191.0,246.0,346.0,4257.0,245.5,18549.5,13403.0,176.5,634.5,451.0,9874.5,113.0,289.0,973.0,5814.0,1698.0,101.0,110.0,119.0,98.0,134.0,136.0,552.0,114.0,332.0,173.0,151.0,121.0,3090.5,209.0,150.0,68.0,63.0,1290.0,108.5,111.0,376.0
359,2812.0,173.0,181.0,127.0,82.0,414.0,159.0,166.5,170.0,253.0,122.0,340.0,2791.0,43.5,250.0,187.0,229.0,285.0,101.0,55.5,480.5,120.5,108.0,376.5,130.0,90.0,358.0,352.0,279.0,69.0,69.5,232.0,1113.0,267.5,131.0,6816.0,148.5,335.0,591.0,112.0,73.5,123.0,68.0,198.5,1127.5,654.0,156.0,1748.0,103.5,419.0,463.0,128.0,98.0,484.0,80.0,160.0,109.0,258.0,284.0,689.5,259.0,137.0,54.0,135.0,108.0,69.0,308.0,56.0,177.0,99.0,147.0,96.0,83.0,3005.5,114.0,296.5,104.0,417.0,124.0,103.0,709.0,215.0,73.0,80.5,80.0,544.0,105.0,112.0,194.0,96.0,509.5,93.0,1579.0,130.0,495.5,137.0,2632.0,996.0,840.0,49887.0,6000.5,810.0,756.5,24541.0,21516.5,23632.5,3629.0,29049.0,1395.0,44620.0,3216.0,44689.0,3165.0,3892.0,6748.0,13415.0,29451.5,929.0,2737.0,1239.5,24391.5,7469.0,766.5,573.5,462.0,616.5,516.0,1375.5,43585.0,625.0,1790.0,4515.0,1948.0,142.5,57.0,161.0,129.5,73.0,70.0,569.0,99.0,70.0,184.0
360,3039.0,192.0,201.5,129.0,79.5,375.0,831.5,187.0,179.0,289.5,101.5,313.0,2470.0,45.0,285.0,197.0,235.5,297.0,99.5,60.0,351.5,128.0,107.0,333.0,135.0,96.0,403.0,354.0,338.0,65.0,71.0,262.0,1188.0,228.0,137.0,5480.0,138.0,250.0,579.0,112.0,69.0,130.0,73.0,268.0,1242.0,747.0,153.0,2055.5,101.0,385.5,483.0,135.0,95.0,518.0,80.0,146.0,124.0,272.0,273.0,742.0,161.0,145.0,56.0,132.0,108.0,71.0,346.0,58.0,174.0,115.0,142.0,97.0,58.0,3368.0,107.0,311.0,111.0,486.5,138.0,111.0,533.0,224.0,72.0,74.0,78.0,568.0,107.5,117.0,190.0,95.0,569.0,92.5,1396.5,135.0,449.5,138.0,16092.0,1792.5,784.0,38594.0,24000.5,2342.0,4209.0,10473.0,39629.0,13609.0,22103.0,14038.0,989.0,30992.5,1649.5,14862.5,6965.0,7948.0,3980.0,3736.5,51888.0,4654.0,1406.5,15175.0,19228.0,41676.0,953.5,2822.0,1013.5,439.0,515.0,3715.0,7450.0,512.0,13928.5,2926.0,1410.5,151.0,60.0,180.0,126.5,62.0,69.0,515.0,68.0,74.0,189.0
361,1729.0,506.0,438.5,412.5,139.0,662.5,617.0,605.0,334.0,907.5,65.0,1037.0,721.0,70.0,1092.0,511.0,1600.0,1327.0,214.0,1129.0,1444.0,192.0,208.0,1519.0,362.5,1020.0,1195.5,998.5,907.0,113.0,112.5,965.5,3826.0,1278.0,427.0,567.0,537.5,2528.0,461.0,1881.0,175.0,210.0,185.0,709.0,3669.0,1300.5,418.5,550.0,256.0,1457.5,1332.0,344.0,261.0,1555.0,642.5,318.5,793.0,828.0,695.5,6115.5,350.0,221.0,74.0,867.0,208.5,128.0,973.5,102.0,3954.5,237.0,472.0,167.0,184.0,2730.0,186.0,705.0,214.0,1627.0,333.0,192.0,1901.0,628.0,117.0,185.0,183.0,2290.0,193.5,303.0,474.0,146.0,840.0,249.5,2059.0,309.0,1280.0,344.0,500.0,663.0,331.0,30958.0,657.0,841.0,364.0,241.0,708.0,355.5,2404.0,675.0,1215.0,32303.5,456.0,7894.0,813.0,272.0,1850.0,685.0,2072.5,450.0,784.0,1938.0,1427.0,49346.5,967.0,259.5,237.0,267.5,318.5,312.0,20769.0,323.0,764.0,273.0,2734.0,242.5,109.0,383.5,297.0,1205.0,119.0,3497.0,736.0,191.0,205.0
362,252.0,130.0,96.0,116.0,39.0,159.0,150.0,133.0,121.0,211.0,20.0,177.0,180.0,27.0,258.0,110.0,450.0,348.0,63.0,295.0,274.0,51.0,58.5,211.0,82.0,284.0,280.0,234.0,206.0,30.0,30.0,218.0,1129.0,696.0,125.0,157.0,132.0,500.0,121.0,33.0,40.0,58.0,38.0,181.0,924.0,325.0,85.5,124.0,67.0,226.0,343.5,71.0,57.0,278.0,72.0,54.0,253.0,200.0,201.0,521.0,94.0,54.0,22.0,114.0,53.0,39.5,234.5,27.0,108.0,65.0,108.0,44.0,34.0,436.0,37.0,147.0,53.0,358.0,78.0,53.0,498.0,158.0,35.0,52.5,52.0,482.0,49.0,66.0,117.0,33.0,217.0,68.0,720.5,75.0,182.0,84.0,102.0,232.0,72.0,730.0,119.5,163.0,72.5,50.0,1418.0,80.0,812.0,133.0,326.0,4965.0,96.0,1615.0,139.0,78.0,357.0,98.0,462.5,70.5,136.0,431.5,178.0,10601.0,103.5,67.0,52.0,53.0,65.0,71.5,9534.0,59.0,187.5,54.0,461.0,62.0,21.0,84.0,61.0,504.0,34.0,1418.0,83.0,42.0,53.0
363,83.0,600.0,180.0,144.5,55.5,247.0,180.0,217.0,176.0,334.0,33.0,255.5,3254.0,34.0,270.5,667.0,2134.0,1254.0,119.0,100.0,347.0,113.0,152.0,413.0,217.0,98.0,503.0,561.0,262.0,53.0,63.5,1049.5,1104.0,1012.0,141.0,185.0,124.0,1180.0,235.5,52.0,62.5,164.5,66.5,293.0,1344.5,713.0,195.0,403.0,190.5,527.0,558.0,109.0,103.0,437.5,45.0,79.5,133.5,386.5,365.0,645.0,477.0,170.5,44.0,131.0,109.5,76.0,463.0,52.0,232.0,109.0,176.0,89.0,138.5,909.0,78.5,334.0,148.0,590.0,149.5,99.0,1007.0,225.0,89.0,416.0,84.0,1013.0,90.5,110.0,235.5,261.0,695.0,114.0,1004.0,131.0,459.0,141.0,432.5,255.0,1831.0,657.0,279.5,315.0,290.0,776.0,4033.0,320.0,7290.0,441.0,1213.0,1859.5,347.0,13880.0,270.0,673.0,7933.0,322.5,767.0,1016.5,815.0,611.0,879.5,799.5,399.0,272.0,215.0,331.0,236.0,292.0,2601.0,324.0,566.0,465.5,334.0,120.0,32.0,171.0,109.0,608.0,60.0,538.0,74.0,82.0,6096.5
364,69.0,693.5,208.0,140.0,54.0,263.0,192.0,205.0,164.0,323.0,31.0,353.5,2488.5,30.0,261.5,631.5,1452.0,1249.5,111.0,80.0,382.0,95.5,157.0,495.0,248.0,80.0,465.0,502.0,257.5,46.0,65.0,1047.5,1036.0,804.0,124.0,209.0,128.0,941.0,221.0,43.0,57.5,167.0,67.0,295.0,1373.0,776.0,147.0,403.5,221.0,406.0,577.0,139.5,87.0,347.0,40.0,90.0,117.0,304.5,350.0,672.0,434.0,166.0,38.5,109.0,98.0,81.0,397.5,50.0,268.0,105.0,164.0,79.0,169.5,679.0,73.0,283.5,140.5,570.0,156.0,105.0,1565.5,206.5,87.0,252.0,78.5,1094.0,89.0,106.0,200.0,196.0,791.0,108.0,875.5,112.0,404.5,141.0,609.0,410.0,1084.0,516.0,419.5,484.0,430.0,808.0,1778.5,550.0,5570.0,510.0,1322.5,2506.0,472.5,9412.0,392.5,311.0,8389.0,408.0,719.0,454.5,707.5,632.0,1213.0,661.0,578.0,349.0,370.0,521.0,295.0,401.5,3328.0,554.0,631.0,735.0,461.0,103.0,30.5,150.5,121.0,531.0,54.0,771.0,77.0,77.0,4843.5
365,85.0,188.5,260.0,209.0,77.5,1438.5,328.0,1357.5,209.0,500.0,119.5,549.0,484.0,44.0,373.0,2133.0,398.0,580.0,141.0,27.0,10889.0,89.0,84.0,1476.0,525.0,109.0,835.5,4209.0,342.0,386.0,65.0,574.5,1716.0,639.0,288.0,390.0,105.0,1730.5,278.0,374.5,78.5,133.0,130.0,605.0,2322.5,1260.0,184.5,514.0,158.0,996.0,935.0,164.0,239.0,121.0,192.0,205.0,529.0,649.0,782.0,1178.0,381.5,101.5,38.0,201.0,102.0,109.0,851.0,55.0,64.0,155.5,526.0,74.0,155.0,13231.0,1122.0,504.0,111.0,510.0,180.0,138.0,1175.0,370.5,69.5,216.0,165.0,3320.0,144.0,192.0,663.0,579.0,517.0,99.0,2509.0,132.0,486.0,213.0,226.5,559.0,425.0,11822.0,1665.0,588.0,129.0,6626.5,22586.0,1091.5,13257.0,1364.5,504.0,34937.0,880.0,4849.5,476.0,589.0,1019.0,740.5,7827.0,3397.0,2841.0,450.0,20700.0,1020.0,1366.5,268.0,194.0,78.0,130.5,353.5,44240.5,104.0,686.0,1040.5,686.0,112.0,55.0,285.0,128.0,77.0,82.5,1704.5,5283.0,148.5,27416.0
366,125.5,295.0,428.0,288.0,110.0,1960.0,414.0,2147.0,269.0,809.0,390.0,1075.0,805.5,64.0,484.0,2774.0,770.0,846.0,240.0,44.0,12901.0,139.0,129.5,2190.5,838.5,146.0,1198.5,5921.0,514.0,573.5,83.0,839.0,2011.0,1106.0,418.0,443.0,137.0,2458.0,509.5,647.0,117.0,215.0,196.0,899.5,3132.0,1897.0,316.0,696.0,192.0,976.0,1456.0,243.0,313.0,206.0,301.0,418.0,824.5,871.5,1030.0,1588.0,505.0,149.0,55.0,299.5,156.0,154.5,1165.5,73.0,111.0,243.0,767.0,108.5,227.0,16225.0,1791.0,698.0,171.0,741.0,255.0,187.0,1655.0,573.0,99.0,213.0,258.0,4632.0,209.0,280.5,1003.5,1081.0,728.5,145.0,4501.5,172.0,781.0,298.0,285.5,1072.0,783.0,12177.0,2593.5,1021.0,187.0,11305.0,39606.0,1869.0,15679.0,1018.0,911.5,44367.0,2979.0,8412.0,584.0,850.0,1880.0,1368.0,12864.5,2975.0,3212.0,695.0,21562.5,1315.0,1526.0,448.0,347.0,124.0,232.5,475.0,49519.0,163.0,939.0,1977.5,1487.0,149.5,81.0,406.0,200.0,115.0,153.0,2895.0,6945.5,200.0,35707.5
367,84.5,128.0,182.0,100.0,51.0,193.0,147.0,443.0,159.5,574.0,40.0,266.0,327.0,99.0,413.0,125.0,181.0,216.0,100.5,64.0,475.0,2054.0,72.0,2554.0,99.0,73.0,300.0,306.0,217.0,59.0,47.0,222.0,714.0,592.0,84.0,176.0,102.0,4285.5,231.0,1158.0,69.0,125.0,57.0,606.0,828.5,340.0,150.0,159.0,10592.0,295.0,328.5,95.5,82.0,552.0,57.0,244.5,113.0,198.0,224.0,501.0,956.0,136.0,39.5,103.0,87.0,55.0,223.0,44.0,53.0,227.0,127.5,97.0,215.0,6462.0,675.5,303.0,90.0,2816.0,93.0,91.0,446.0,165.0,68.0,90.0,102.0,518.5,74.0,79.0,141.5,518.0,220.0,81.0,2390.0,104.0,218.0,105.0,952.0,760.0,2047.0,9396.5,2869.0,4000.0,502.5,1677.5,20585.0,1153.0,1005.0,1366.0,601.0,43309.0,1200.0,6205.0,2205.0,2467.0,12380.0,8950.0,7970.0,1517.0,572.0,1167.0,28543.0,21114.0,995.5,558.0,256.5,804.0,232.0,541.0,3051.0,554.5,2185.0,1565.0,2023.0,119.0,29.0,345.5,451.0,136.0,65.0,2829.0,121.5,58.0,9002.0
368,105.0,159.0,186.0,128.0,70.0,213.0,151.0,617.0,183.0,428.5,50.5,318.0,416.0,104.0,322.0,149.0,208.5,255.0,126.0,99.0,624.0,2602.0,98.0,1257.5,132.5,100.0,354.0,387.0,237.0,78.0,69.0,311.5,760.0,622.0,94.0,201.0,121.0,4262.0,212.0,1479.5,83.0,167.0,76.0,754.0,895.0,356.0,215.5,183.0,12892.5,348.0,400.0,121.0,113.0,758.0,73.0,329.5,138.0,233.0,258.0,576.0,1066.5,199.0,59.5,161.0,122.0,74.0,274.0,60.5,75.0,148.0,182.0,151.0,245.0,7622.0,644.0,508.5,135.5,2940.0,121.0,132.5,550.5,208.0,87.0,125.0,145.0,628.0,106.0,104.0,190.0,569.5,224.0,102.0,2810.0,141.0,278.0,131.0,2006.5,1390.0,3193.0,17572.0,6072.5,6032.0,823.0,3295.0,37846.5,2299.0,1983.0,3466.5,1069.0,49266.0,2127.0,14883.0,4378.0,6017.0,15109.0,18722.0,19458.0,3330.0,957.0,1858.5,42136.0,35926.0,2295.0,1015.0,453.0,1186.0,407.0,1007.0,7497.0,913.5,4221.0,2866.5,3761.0,179.5,38.0,433.5,527.0,177.0,86.0,2569.5,149.0,67.0,11077.5
369,36.0,81.0,84.0,64.0,30.0,129.0,205.0,89.0,126.0,157.0,109.0,181.0,452.0,20.0,314.0,80.0,291.0,149.5,56.0,14.0,210.0,223.5,47.0,384.0,68.0,42.5,183.0,255.5,132.0,30.0,33.0,653.0,612.0,137.0,1815.0,170.0,68.5,101.0,5102.0,29.0,39.0,71.5,490.5,124.5,583.0,246.0,89.0,203.0,47.5,271.0,257.0,59.0,59.0,230.5,26.0,415.5,87.5,113.5,334.0,412.5,399.0,60.0,24.5,76.0,48.0,35.5,139.0,26.0,41.0,64.0,67.0,45.0,36.0,927.0,112.5,195.0,47.0,266.5,88.0,49.0,334.0,100.0,39.0,432.0,41.0,399.5,48.5,53.0,87.0,40.0,172.0,58.5,150.5,57.5,94.0,65.0,283.0,137.0,112.0,1192.0,1277.0,440.0,108.0,270.0,11194.0,217.5,124.0,263.5,159.0,11870.5,180.0,3721.5,225.0,2180.0,643.0,698.0,1771.5,244.0,496.0,323.0,1379.0,912.0,206.0,115.0,367.0,129.5,79.0,136.0,775.0,119.5,290.0,363.0,454.0,53.5,21.0,79.0,71.0,69.0,40.0,4220.5,59.5,46.0,61.0
370,45.0,93.5,89.0,63.0,35.0,154.0,192.5,92.5,124.0,185.0,134.0,229.0,600.0,24.5,876.5,79.0,365.5,156.0,63.0,16.0,277.0,273.5,56.0,579.0,70.0,47.0,178.5,304.0,144.0,38.0,41.5,931.0,606.0,188.0,2224.5,254.0,79.0,110.0,6720.0,38.0,52.0,89.0,676.0,135.0,579.0,263.0,119.0,241.0,54.0,324.5,265.0,68.0,74.0,327.0,30.0,796.5,103.0,126.0,436.0,413.5,519.0,71.0,30.0,84.0,54.5,58.0,150.0,34.0,49.5,73.0,71.0,55.0,39.0,1105.0,199.0,216.0,56.0,367.0,95.0,52.0,461.5,100.0,44.0,560.5,48.0,283.5,58.5,63.0,90.0,55.0,192.0,70.0,199.0,63.0,115.0,71.0,280.5,145.0,136.0,2605.0,1035.5,360.0,140.5,289.0,13296.0,303.0,129.5,307.0,189.0,27197.5,199.0,5080.0,227.0,5699.5,1074.0,670.0,746.0,180.0,799.0,280.5,1457.5,1225.0,416.5,135.0,472.0,152.0,93.0,142.0,931.5,158.5,288.0,197.5,577.5,63.5,29.0,89.0,98.5,69.0,48.0,5124.0,95.5,45.5,83.0
371,76.0,168.0,128.0,107.0,50.0,209.5,326.0,141.0,151.0,227.0,22.0,229.0,237.5,25.0,492.5,139.5,217.0,260.0,85.0,35.5,269.0,95.0,75.0,391.0,138.5,67.0,375.0,402.0,258.0,66.5,43.0,199.0,1001.0,267.5,121.0,205.0,136.0,35707.5,321.0,53.5,52.0,90.0,52.0,225.5,1115.0,405.0,113.0,117.0,83.0,471.0,410.0,96.0,74.5,702.0,122.0,136.5,163.5,230.0,227.0,675.0,136.0,99.0,34.0,154.0,77.0,61.0,247.0,39.0,70.0,81.0,231.0,60.0,137.5,136.5,77.0,312.0,72.0,1738.0,245.0,80.0,867.0,185.0,51.0,45.0,69.0,747.0,77.0,86.5,247.0,77.0,282.0,331.0,295.0,102.0,176.0,120.0,713.0,995.0,351.0,1913.0,2935.0,331.0,308.0,279.5,4261.0,418.5,556.5,776.0,278.0,2070.0,378.0,544.0,603.0,503.0,9880.0,433.0,5459.0,499.0,622.0,1024.0,11897.0,2963.0,571.0,197.5,154.5,277.0,128.0,469.0,471.5,293.0,1068.5,377.0,501.0,91.0,26.0,186.5,85.0,598.5,49.0,2695.0,95.0,50.0,124.0
372,46.0,121.5,84.0,81.0,34.0,150.5,234.0,98.0,124.0,160.5,17.0,191.0,182.0,20.0,348.5,97.0,148.0,187.0,58.0,26.0,167.0,69.0,55.0,235.0,91.5,51.0,273.5,264.0,184.0,44.0,33.0,138.0,787.5,170.0,84.0,134.0,98.0,30544.0,217.5,39.0,34.0,62.0,36.0,179.0,816.5,303.0,76.0,80.5,57.0,319.5,292.0,70.0,52.0,412.5,70.0,105.5,119.5,148.0,161.0,561.0,91.5,73.5,26.0,100.5,61.5,47.5,174.0,30.0,45.0,63.0,164.0,49.0,82.0,96.0,49.0,212.0,54.5,1406.0,156.0,59.0,558.0,126.0,40.0,31.0,52.0,491.0,55.0,64.0,180.5,52.0,205.0,182.5,192.5,68.5,122.0,89.5,394.0,535.5,179.0,1078.0,1570.5,190.0,172.5,168.0,2255.0,216.0,268.0,441.0,182.5,1203.5,257.0,591.0,274.0,198.0,8233.0,247.0,2460.0,250.5,337.5,587.0,4104.5,1460.0,246.5,104.0,84.0,163.0,72.0,255.0,287.5,177.0,628.0,250.5,292.0,63.0,20.0,124.0,58.0,412.0,37.0,1922.0,62.0,40.0,77.0
373,70.0,247.0,163.0,403.0,57.0,327.0,182.0,221.5,171.5,485.5,71.0,415.5,328.5,37.0,412.0,222.0,316.0,384.0,99.0,108.0,378.5,89.0,102.0,1254.0,156.5,98.0,485.0,390.0,450.0,53.0,62.0,278.0,1767.0,332.5,519.0,286.0,193.0,5587.5,247.5,55.0,68.0,197.0,101.5,341.0,1909.0,1071.0,151.0,463.0,128.0,3767.0,608.0,131.0,91.0,1266.0,49.0,93.5,111.5,309.0,328.0,824.0,6667.0,98.0,41.5,547.5,85.0,83.0,375.0,55.0,66.0,125.0,163.0,70.5,71.0,198.5,74.0,297.0,600.5,434.5,171.5,96.0,680.0,247.0,64.5,62.0,144.0,890.0,70.0,133.0,199.0,52.0,411.0,116.0,287.0,140.0,632.0,144.0,304.0,347.0,222.0,4142.0,754.5,290.0,202.0,3196.0,750.0,251.0,375.0,536.0,303.0,674.0,324.0,642.0,289.5,178.0,1106.0,527.0,1287.0,206.0,415.0,972.0,4124.5,1681.5,170.0,127.0,104.0,192.0,105.0,232.0,360.5,223.5,566.0,394.0,315.0,153.5,60.0,139.5,133.0,135.5,65.0,3038.0,76.0,102.0,76.0
374,101.5,301.0,293.0,480.0,81.5,386.0,263.5,276.0,211.0,820.0,98.0,598.0,474.0,49.0,631.0,327.0,931.0,512.0,131.5,131.0,521.5,132.0,138.0,1337.5,227.0,127.0,657.5,492.5,665.0,76.5,85.0,397.0,2027.0,449.5,666.0,403.0,256.5,5044.0,561.0,81.0,99.0,260.0,135.0,440.0,2384.0,1263.0,221.5,652.0,168.0,4473.0,808.0,180.0,133.0,2135.0,68.0,121.5,168.0,383.5,395.0,1012.0,2141.5,125.0,57.0,763.0,90.0,116.0,417.0,79.0,114.0,174.0,244.5,103.0,116.0,254.5,114.0,349.0,746.0,601.0,208.5,134.0,955.0,318.0,85.5,90.5,193.0,1262.5,118.0,163.0,290.5,70.0,575.5,166.0,412.0,208.5,672.0,187.5,570.0,532.0,405.0,12738.0,3922.5,592.5,382.0,6775.0,1760.0,457.0,885.0,1039.0,475.0,2041.0,626.5,1550.0,587.0,290.5,1680.0,1120.0,2222.5,366.0,811.0,1611.0,8798.0,3217.0,319.5,202.0,163.0,351.0,152.0,429.0,655.0,410.0,1271.0,859.0,591.0,188.0,85.0,207.0,177.5,174.0,87.5,3544.5,104.0,132.0,104.0
375,166.5,225.0,2042.0,228.0,101.0,2119.0,444.0,342.0,429.0,1177.0,108.0,4481.0,4076.0,48.0,634.5,2666.0,498.0,673.0,310.0,52.5,5478.5,125.0,132.0,72369.5,278.0,157.0,1112.0,1238.0,804.0,84.0,85.0,498.0,1586.0,7356.0,750.0,373.5,160.0,398.0,8675.5,192.0,269.0,186.0,216.0,835.5,3100.0,1170.0,231.0,624.0,230.0,1763.0,1721.5,1423.0,716.5,798.0,110.5,830.0,240.0,623.5,756.5,1509.0,664.5,262.0,58.0,689.0,136.0,138.0,1170.0,73.0,118.0,477.0,477.5,122.5,212.5,22126.0,191.0,608.0,137.0,1281.0,210.0,162.0,1322.0,482.0,106.5,316.0,261.0,2508.5,123.0,194.0,399.5,122.0,503.0,129.5,2196.0,245.5,669.5,513.0,984.0,307.0,242.5,6389.0,1594.0,258.0,300.0,1635.0,17311.0,591.0,23046.0,874.0,377.0,8520.0,321.0,19492.5,1210.0,454.0,3056.0,1664.5,1418.5,15984.5,3155.0,813.0,2153.5,3090.0,203.0,163.0,144.0,188.5,485.0,225.0,488.0,192.0,709.0,1380.0,321.0,155.0,99.0,284.5,2504.0,288.5,389.5,10556.5,796.0,206.5,12844.0
376,35.0,67.0,166.5,55.0,23.0,95.5,221.0,63.0,147.0,106.5,21.0,454.0,620.0,16.0,218.0,68.0,103.0,125.0,62.0,17.0,426.0,44.5,51.0,701.0,473.0,4116.5,154.5,125.5,663.0,23.0,24.0,519.5,6458.0,2151.5,66.0,86.0,47.0,166.0,201.0,43.5,34.0,51.0,37.0,838.0,573.5,203.0,46.0,44045.0,37.0,162.5,215.0,42.0,349.0,97.0,106.0,1229.0,733.0,90.0,114.0,352.5,70.5,45.0,18.0,76.0,39.0,35.0,105.0,20.0,47.0,46.5,47.0,527.5,110.5,71070.0,45.0,95.0,36.0,554.0,45.5,35.0,993.5,82.0,25.0,179.5,42.0,226.0,37.0,44.0,67.0,325.0,156.0,42.0,4344.0,45.0,179.0,104.5,79.0,36.0,63.0,58.0,58.5,56.0,68.5,23.5,297.0,49.5,143.0,96.5,86.0,414.0,61.0,213.0,2186.0,45.0,57.0,5165.0,231.0,37.5,59.0,226.0,108.0,166.0,126.0,33.0,32.0,32.0,31.0,43.5,443.0,34.0,88.5,31.0,42.0,53.0,22.0,5202.0,55.0,67.0,29.0,1128.0,52.0,33.5,137.5
377,128.0,104.0,4620.5,89.5,38.0,145.0,477.0,103.5,455.0,174.0,35.0,8036.0,1181.5,23.0,598.0,118.0,253.0,210.5,223.0,22.0,6105.0,79.0,80.0,14637.0,980.0,5005.0,229.0,214.0,1689.0,41.0,36.0,1453.0,8064.5,4334.0,119.5,139.0,80.5,286.0,1154.0,80.0,222.0,248.5,231.0,4294.5,1305.5,371.0,77.0,49864.0,59.0,374.5,1087.5,75.0,1571.0,184.0,184.0,2743.5,1329.0,144.5,184.5,697.0,106.0,69.0,28.0,128.5,57.0,49.0,181.0,46.0,81.0,79.0,89.0,840.5,210.5,74554.5,72.5,155.0,53.0,912.0,76.0,53.0,1286.0,125.0,39.0,698.5,88.0,377.0,48.0,69.0,128.0,657.0,265.0,66.0,10548.0,117.0,269.0,751.5,1016.0,56.5,95.5,90.0,153.0,88.0,266.0,41.0,3534.0,88.0,291.0,791.0,136.5,1513.0,92.0,1182.0,2630.5,60.5,94.0,16913.0,449.0,123.5,102.0,566.0,213.0,286.0,181.5,55.0,50.0,42.5,52.5,73.0,567.0,48.0,149.0,43.0,99.0,72.5,37.0,16937.5,156.0,163.0,42.0,28083.0,316.0,63.5,418.0
378,236.5,818.0,564.0,469.0,277.0,1289.0,477.0,759.0,338.0,1552.5,358.0,1545.0,3282.5,411.0,1608.0,831.0,395.0,1345.5,387.0,50.5,1518.0,217.0,383.0,1968.0,576.0,340.5,1349.0,1484.0,985.5,286.0,331.5,761.0,2898.0,1241.0,1745.5,980.5,976.0,1420.0,2005.5,1564.0,265.5,239.5,323.0,1055.0,5313.0,1657.0,422.0,1388.0,405.0,918.0,1577.0,479.0,547.5,412.0,279.5,783.0,395.0,931.5,1191.0,6457.5,534.0,502.0,239.0,368.0,261.0,268.0,1189.0,302.0,5031.0,417.0,562.0,286.0,316.5,29256.0,501.0,951.0,266.0,13522.0,554.0,340.5,1451.0,821.0,263.5,5143.0,470.5,2013.0,232.5,524.0,891.5,184.0,872.0,1004.0,971.0,342.5,1439.5,449.5,288.0,311.0,687.0,1441.0,183.0,284.5,150.0,324.0,1924.0,1898.0,1806.0,2451.0,692.5,3276.0,280.0,3421.0,1320.0,405.0,1002.5,283.0,1827.5,151.0,1144.0,1801.0,1026.0,842.0,205.0,178.0,211.0,142.0,219.0,251.0,795.0,271.0,572.0,2046.5,233.0,294.0,440.0,407.0,480.0,1625.5,323.0,3891.0,508.5,484.0,511.0
379,95.5,429.0,273.0,262.0,91.0,803.0,279.5,444.0,200.0,1013.0,86.0,844.0,1621.0,120.0,1149.5,435.5,216.0,848.0,194.5,28.0,816.5,123.0,139.0,1090.0,303.0,131.0,951.0,986.0,617.0,64.0,86.0,507.5,2171.5,784.0,908.0,541.5,633.0,651.0,1165.0,801.0,66.0,121.0,91.0,662.0,3824.0,1173.0,195.0,832.0,169.0,598.0,1151.0,211.0,252.0,240.0,76.0,350.0,136.0,619.0,684.0,4341.0,377.0,219.0,47.0,181.0,138.0,83.0,753.5,66.0,2801.0,198.0,291.0,95.0,92.0,17123.0,270.0,665.0,117.5,8830.0,286.0,155.0,1011.0,518.0,79.0,2997.0,167.0,1436.0,102.5,228.5,520.5,85.0,571.0,483.0,608.0,166.0,1009.0,222.0,146.0,97.0,200.0,484.0,78.5,140.0,79.0,111.0,546.0,699.0,1020.0,1122.0,399.0,1168.0,140.0,1748.0,278.0,194.5,350.0,124.0,1317.0,68.0,455.0,1123.0,448.5,545.5,88.0,108.0,109.0,81.0,129.0,123.0,161.0,176.5,281.5,740.5,95.0,167.0,62.0,256.0,241.0,704.0,77.0,2442.0,203.0,146.0,206.0
380,50.0,86.0,186.0,86.0,43.0,153.0,128.0,116.0,134.0,178.5,21.0,286.0,513.0,20.0,180.0,257.0,356.0,227.0,79.0,35.0,4204.0,52.0,90.0,923.5,95.0,53.0,315.5,289.0,154.0,36.0,27.0,230.0,1114.0,424.5,2690.0,643.5,65.0,1016.5,394.0,108.0,131.5,63.0,46.0,218.0,691.0,386.0,62.5,895.0,58.0,830.0,334.0,60.5,75.0,255.5,67.0,166.0,82.5,2530.0,228.0,453.5,190.0,67.0,24.0,83.0,51.0,47.0,245.0,27.0,114.5,58.5,148.5,52.0,44.0,839.0,53.0,179.0,56.0,310.0,72.0,51.0,393.0,136.5,32.0,54.0,66.0,841.0,54.0,72.0,130.0,73.0,182.5,61.0,385.0,64.5,122.0,89.0,166.0,198.0,295.0,283.0,120.0,223.0,142.0,405.0,693.0,596.0,1127.0,426.0,277.0,4948.0,501.0,1285.5,247.0,2221.0,1191.0,218.5,389.0,414.5,477.0,291.0,2030.0,415.0,303.0,3494.0,134.0,202.5,112.0,126.0,241.0,190.5,232.5,209.0,178.0,52.0,22.0,128.5,57.0,825.0,49.0,1890.0,139.0,55.0,80.0
381,70.0,125.0,340.0,133.0,68.0,235.0,154.0,175.0,150.0,261.0,32.0,523.0,1655.0,31.0,250.0,360.0,596.0,334.5,127.0,58.0,6010.5,79.0,121.0,1668.0,146.0,410.5,473.5,426.0,232.0,58.0,39.0,380.5,1402.0,757.5,3605.0,925.0,102.0,1489.0,642.0,178.0,240.0,91.0,64.0,334.0,981.0,574.5,118.5,1557.0,94.0,4194.0,479.0,89.0,122.0,429.0,100.0,292.5,102.0,3351.0,346.0,595.0,295.0,99.0,30.0,171.0,68.5,66.5,382.0,40.0,160.0,86.0,225.5,73.5,71.0,1266.0,85.0,281.0,85.0,426.0,105.0,78.0,611.0,198.0,51.0,96.0,92.0,1099.5,70.0,98.5,253.0,129.0,249.0,96.0,661.0,91.0,196.0,132.0,340.0,481.0,659.0,972.0,263.0,443.0,276.0,1117.0,2378.0,1450.5,1629.0,1815.0,754.0,10391.0,1013.5,3468.0,636.5,4171.0,2133.0,570.5,1340.0,646.0,1364.0,452.0,4067.0,722.0,775.0,4080.0,258.0,461.5,225.0,242.5,571.0,409.0,470.0,514.0,330.0,79.5,46.0,254.5,97.0,1353.0,68.0,3539.0,245.0,78.0,116.5
382,88.0,238.0,338.0,1053.5,74.0,408.0,204.0,278.0,188.0,426.0,62.0,1090.5,362.0,56.5,339.0,238.5,309.0,505.0,141.0,42.0,1180.5,127.0,125.0,901.5,285.5,116.0,1420.5,4246.0,440.0,67.0,66.0,376.0,1382.0,861.0,171.0,299.5,162.5,265.5,383.0,216.0,99.0,110.0,88.0,363.0,1804.5,710.0,171.5,252.5,136.0,363.0,745.5,169.0,958.5,1297.0,94.0,116.0,120.0,449.0,463.5,932.0,197.5,111.0,49.0,118.5,106.5,81.0,509.0,73.5,97.0,120.5,754.0,92.0,78.0,1485.0,100.0,464.5,121.5,537.0,165.0,125.0,877.0,372.5,78.0,110.0,127.0,1583.0,101.0,146.0,271.5,120.0,490.5,150.0,488.0,140.5,426.5,201.5,518.0,3655.0,2457.5,720.5,1193.0,681.0,564.5,727.0,2506.0,924.5,34293.0,671.0,1373.0,1678.0,20792.0,3923.0,2121.0,661.0,488.0,1788.0,969.5,522.5,574.0,888.0,3560.0,1394.0,696.0,394.0,396.0,830.0,334.0,374.0,617.0,773.0,655.0,615.0,628.5,121.0,73.0,219.0,416.0,75.0,72.0,1193.0,346.5,125.5,81.5
383,67.0,184.0,296.5,763.0,50.0,316.0,162.0,228.0,163.0,366.5,36.0,1131.5,298.5,38.0,335.0,180.0,249.5,431.5,112.0,32.0,984.0,85.5,88.0,985.0,210.0,83.0,1110.0,3094.0,373.0,45.0,45.0,395.0,1305.5,801.0,136.0,218.0,124.0,200.0,322.0,254.0,72.0,83.0,57.0,323.0,1514.0,554.0,130.0,252.0,103.0,344.0,639.0,128.5,838.0,1139.0,65.0,93.0,92.0,332.0,344.5,774.0,150.0,93.5,30.0,99.0,81.0,60.0,402.5,47.0,66.5,100.0,678.0,64.0,56.0,1196.0,82.5,379.5,93.0,468.0,138.0,87.0,752.0,295.5,54.0,72.0,99.5,1294.0,86.5,112.0,196.0,77.0,406.5,95.5,453.0,108.0,433.5,164.5,259.5,3310.5,1812.5,1158.0,1776.0,318.0,193.5,297.0,1261.0,272.0,29693.0,489.0,587.0,1718.0,17069.0,2656.0,444.0,331.5,325.0,1517.0,915.0,200.5,307.0,662.0,3959.0,1294.0,309.0,152.0,186.5,222.0,173.0,183.0,289.0,214.0,387.0,304.0,236.0,92.0,39.0,169.5,373.0,45.0,48.0,1250.5,279.0,73.0,55.0
384,106.0,275.0,221.0,152.0,67.5,824.0,186.0,322.0,169.0,330.0,109.5,531.0,1297.0,44.0,345.0,232.0,237.5,455.0,962.5,33.5,554.0,100.0,95.0,497.0,173.0,100.0,525.0,588.5,359.0,68.0,68.0,293.5,1889.5,1021.0,196.0,325.5,153.0,4315.0,187.0,53.0,62.0,78.0,315.0,419.0,2222.0,625.0,134.5,236.0,120.0,568.0,673.0,147.0,324.0,289.5,503.0,138.5,130.0,361.0,433.0,896.0,128.0,99.0,42.0,714.5,92.0,72.0,457.0,52.0,253.0,127.5,151.0,75.0,204.0,5010.0,451.5,360.0,165.5,762.0,194.0,95.0,2462.0,274.0,60.0,71.5,140.5,847.0,95.0,153.0,2471.5,368.0,357.0,134.0,795.0,112.0,285.5,191.5,182.0,204.0,1385.0,12552.0,163.5,220.0,97.0,755.0,6991.0,381.0,261.0,190.0,376.5,47426.0,334.0,2971.0,209.0,216.5,9931.0,461.0,1775.0,511.5,244.0,971.0,1535.0,7210.0,595.0,104.5,135.5,150.0,140.0,180.0,179.0,112.0,1140.0,552.0,2998.0,100.5,93.0,150.0,240.0,1407.0,84.0,1321.0,259.0,137.0,80.0
385,82.0,307.5,199.0,192.0,80.0,902.0,254.0,400.5,185.0,408.0,56.0,451.0,1192.0,38.0,512.0,266.0,176.0,617.0,570.0,33.0,479.0,97.0,95.0,448.5,209.5,102.0,682.0,673.0,457.0,48.5,60.0,358.0,2196.0,817.5,206.0,380.5,177.5,3128.5,241.0,53.0,52.0,90.0,233.0,482.0,2674.0,763.0,137.5,221.0,127.0,469.5,807.0,174.0,302.5,269.5,355.0,117.0,119.0,444.0,514.0,1066.0,98.0,91.0,35.0,642.0,91.0,61.0,531.0,47.0,223.5,156.0,167.5,75.0,112.0,3414.0,447.0,429.0,173.0,841.0,201.0,113.0,2167.0,351.5,62.0,66.0,111.0,7993.0,86.0,166.5,1423.0,246.0,385.0,135.0,823.0,126.0,296.0,211.5,135.0,105.0,194.0,4465.0,96.0,148.0,80.0,124.0,887.0,125.0,190.0,143.5,353.0,12072.0,167.0,1556.5,100.0,156.0,6916.0,168.0,1537.0,123.5,161.5,1039.0,524.0,5988.0,482.5,104.0,109.5,87.5,110.0,121.0,130.0,75.0,440.0,230.5,271.0,120.0,38.0,182.0,172.0,971.0,60.5,2248.5,125.0,97.5,67.0
386,49.0,103.0,113.0,129.0,38.0,163.0,137.0,176.5,133.0,367.0,30.5,235.5,332.0,30.0,955.5,109.0,192.0,193.0,124.5,19.0,359.0,55.0,70.0,360.0,134.0,76.0,248.0,378.0,270.0,55.0,41.0,200.0,750.5,16320.0,147.0,321.0,70.0,13314.0,262.0,1011.0,49.0,65.0,99.0,176.5,1012.0,326.0,233.0,331.5,77.5,266.0,275.0,1597.0,106.0,168.0,45.0,391.0,261.0,179.0,192.0,469.0,602.0,75.0,32.0,48.0,55.0,96.0,204.0,34.5,156.5,181.0,118.0,48.0,53.0,15818.5,91.0,150.0,53.5,1266.0,105.0,52.0,339.5,198.0,45.0,979.5,179.0,4098.0,49.0,85.0,113.0,79.5,312.5,271.5,467.0,71.0,641.0,90.0,445.5,887.0,90.0,659.0,822.0,177.5,97.5,133.0,3246.0,833.0,351.0,259.0,175.0,7828.0,225.0,814.0,215.0,229.0,12048.0,616.0,4295.0,516.0,313.0,401.0,1809.0,1406.0,102.0,88.0,85.5,78.0,92.0,332.0,978.0,86.0,716.0,168.0,433.0,95.0,30.0,76.5,66.0,50.0,46.0,4057.0,143.0,58.0,49.0
387,44.5,102.0,100.0,128.0,35.5,160.0,135.0,173.0,129.0,477.0,30.5,191.0,328.5,25.5,976.0,108.0,181.0,194.0,91.0,22.0,299.5,57.0,65.0,281.0,124.0,78.0,242.0,349.0,252.0,89.0,42.0,192.0,747.5,12637.0,139.0,358.0,80.0,11937.5,355.0,910.0,46.0,57.0,80.0,161.5,1062.0,309.0,174.0,286.5,66.0,281.0,263.0,1441.0,77.0,164.0,51.0,350.0,213.0,173.0,206.5,458.5,622.0,65.0,27.0,47.0,51.0,83.0,212.0,32.0,86.0,144.5,106.0,45.5,1192.0,16394.0,71.0,146.0,57.5,1036.0,96.0,49.0,325.0,173.0,44.0,695.0,151.0,2915.0,51.0,86.0,104.0,66.0,286.0,232.0,352.0,71.0,512.0,86.0,187.0,240.5,100.0,316.0,424.5,195.0,83.5,87.0,1427.0,566.0,233.0,230.0,149.0,870.0,171.0,503.0,167.0,152.0,10591.5,189.0,1726.0,127.0,270.0,310.5,612.0,743.0,89.0,77.0,63.0,87.0,70.0,220.0,424.0,86.5,513.0,129.0,211.5,83.0,34.0,81.0,59.0,53.5,41.0,2516.0,110.0,61.5,56.0
388,60.5,97.0,150.0,82.5,43.0,126.0,121.0,84.0,144.0,163.5,21.0,491.0,344.5,25.0,356.0,77.0,186.0,138.5,52.0,72.5,313.0,86.0,1656.5,418.5,69.0,53.0,266.0,539.5,149.0,405.0,34.0,150.5,622.5,191.0,69.0,127.0,76.0,283.0,608.0,35.0,44.0,94.0,46.0,144.0,672.0,277.5,94.5,483.0,74.0,888.0,254.0,80.0,88.0,140.0,61.0,184.0,87.5,112.0,124.0,421.0,297.0,177.0,35.0,108.5,97.0,43.0,142.5,34.0,3507.0,85.0,79.0,63.0,37.0,212.0,310.0,161.0,59.0,5790.0,92.0,58.0,394.0,132.0,54.5,58.0,59.0,266.0,109.5,55.0,112.0,40.0,275.0,43.5,394.0,70.0,127.0,79.0,116.0,65.0,69.0,96.0,95.0,109.0,93.0,80.0,835.0,80.0,61.0,98.0,100.0,411.5,2986.0,1117.0,65.0,80.0,95.0,271.0,322.0,80.0,105.0,186.0,1196.5,163.0,94.0,74.5,84.0,66.0,82.0,99.0,270.5,65.5,154.0,56.0,93.0,96.0,28.0,166.0,326.5,36.0,42.5,962.5,78.0,45.5,183.0
389,75.5,104.0,215.5,86.0,50.0,132.5,126.0,92.0,161.0,189.0,23.0,1234.0,434.0,28.0,580.5,74.5,332.5,128.5,58.0,89.0,505.0,109.0,2492.0,727.0,83.0,60.0,278.5,756.0,154.0,366.0,41.0,179.0,744.0,249.0,81.0,111.0,85.5,487.0,928.0,44.0,49.0,121.0,53.0,162.0,766.0,320.0,133.0,866.5,68.0,1827.0,274.5,88.0,136.0,211.0,84.0,265.5,93.5,127.0,146.0,453.0,330.5,186.0,39.0,143.0,95.0,54.0,154.0,35.0,5095.0,97.5,98.0,74.5,37.0,322.0,536.0,220.0,69.0,8001.0,105.0,73.0,386.5,146.0,60.0,59.5,88.0,268.5,116.0,61.0,121.5,54.0,314.0,53.0,632.0,79.5,162.5,92.0,142.0,79.0,87.0,121.0,105.0,142.0,120.5,101.0,1190.0,105.0,69.5,128.5,107.0,578.5,4693.0,1631.0,87.0,105.0,125.5,387.0,355.0,112.0,145.0,250.0,2134.0,162.0,134.0,88.0,115.0,86.5,92.0,122.0,561.0,86.0,202.0,74.0,123.0,117.0,30.0,183.0,526.0,41.0,53.5,1659.0,87.0,44.0,280.0
390,68.0,310.5,120.0,188.0,62.0,611.0,216.0,301.5,278.0,445.0,27.0,392.0,334.5,28.5,408.0,287.0,213.0,585.0,119.5,50.0,586.0,92.0,129.0,421.0,193.0,95.0,650.0,851.0,433.0,54.0,63.0,803.0,1665.0,371.0,181.0,546.0,193.0,376.0,190.0,186.0,59.0,73.5,59.0,467.0,3246.0,727.0,163.0,298.0,118.0,389.0,776.5,280.5,1064.0,201.0,974.0,88.0,89.5,432.0,576.0,1201.0,315.0,82.0,33.0,78.5,87.0,63.5,623.5,44.0,60.0,131.0,308.5,75.0,54.0,2345.0,69.5,351.0,86.0,1045.0,184.0,108.0,828.0,304.0,60.0,60.0,275.0,1131.0,75.0,168.0,256.0,81.0,718.0,107.0,297.0,132.0,300.0,147.0,144.0,845.0,124.0,16675.0,211.5,497.0,1187.0,186.0,367.0,122.0,288.0,191.5,721.0,2058.5,181.0,270.0,307.0,3139.0,1321.5,1418.5,2282.0,191.0,356.0,856.0,1350.0,522.0,1032.0,160.0,209.5,115.5,238.0,1556.0,161.0,127.0,234.0,159.0,125.0,108.0,34.0,493.0,146.0,51.5,51.5,567.0,182.0,117.5,840.0
391,94.0,370.5,144.0,221.0,71.0,782.0,239.0,335.5,323.0,492.0,38.0,462.0,381.0,34.0,417.5,288.0,458.0,632.0,146.0,72.5,701.0,128.0,146.0,454.0,215.0,106.0,721.0,1241.0,499.5,100.0,63.0,995.0,1854.0,446.5,215.0,636.0,206.0,417.5,224.0,224.0,81.0,90.0,67.0,709.0,4710.5,797.0,188.0,439.0,137.0,499.0,854.0,320.0,2804.0,239.0,2154.5,105.0,108.0,524.0,649.0,1251.5,345.0,101.0,34.0,82.5,104.0,72.0,698.0,52.0,67.0,140.0,327.0,72.0,148.0,2898.0,84.0,399.5,99.0,656.0,210.0,108.0,907.0,386.0,70.0,87.0,309.0,1104.5,97.0,181.0,287.0,85.5,1206.5,128.0,356.0,144.0,380.5,155.5,391.0,2897.5,591.5,40721.5,612.0,1462.5,2117.0,826.5,943.5,427.0,409.5,646.0,1726.0,5613.0,576.0,939.5,1021.0,11423.5,5808.0,7302.0,7922.0,449.0,1430.0,1278.5,8950.5,761.5,2819.0,807.5,860.0,527.0,893.5,4534.5,737.0,775.0,633.5,691.0,576.0,121.0,43.0,1314.0,152.0,62.0,63.0,725.0,278.0,134.0,1096.0
392,56.0,145.0,117.0,109.0,37.0,223.0,136.0,159.0,136.0,560.0,27.0,294.0,253.5,25.0,294.0,122.0,252.5,285.0,73.0,45.0,256.0,68.0,67.0,454.0,105.0,73.0,339.0,264.0,643.0,42.0,38.0,184.0,909.5,252.0,105.0,231.0,110.0,208.0,130.5,65.0,40.0,70.0,43.5,240.0,1279.0,416.0,111.5,349.0,125.0,697.0,402.0,100.5,62.0,450.5,34.0,1059.0,91.0,224.0,221.5,596.0,963.5,74.0,27.0,48.0,55.0,38.0,239.0,39.0,85.5,281.0,86.0,65.0,49.0,663.0,67.0,191.0,62.0,440.5,108.0,65.0,427.0,198.0,58.0,36.0,59.0,576.5,57.0,85.5,157.0,49.5,231.0,69.0,310.0,94.5,140.5,109.5,169.0,384.5,116.5,206.5,167.0,122.0,98.5,98.5,155.5,93.0,203.0,249.0,175.0,4019.0,150.5,889.0,119.0,93.0,396.0,215.5,752.0,102.0,199.5,494.0,548.0,656.0,98.0,72.0,62.5,100.0,56.0,112.0,217.0,104.0,298.0,181.0,160.0,64.0,35.0,100.5,79.0,44.0,62.5,656.0,71.0,60.0,55.0
393,97.5,252.5,231.0,168.0,64.0,369.0,207.0,246.0,176.0,838.0,53.0,626.0,767.0,39.0,437.0,211.0,483.0,443.5,108.0,60.5,434.0,95.5,110.0,1683.0,205.5,122.0,530.0,409.0,858.5,67.5,69.0,337.0,1421.5,421.0,184.0,355.0,195.0,329.0,206.0,94.0,74.0,105.0,78.0,423.0,2008.0,638.5,157.0,651.0,208.0,1180.5,685.0,160.0,98.0,714.0,54.0,1475.5,109.5,349.0,375.0,1064.5,1604.0,112.0,46.0,74.0,85.5,66.0,411.0,70.0,124.0,445.0,145.0,106.0,90.0,1421.0,88.0,307.0,88.5,625.0,176.0,102.0,699.5,295.0,82.0,61.5,96.5,871.0,79.0,148.5,221.0,68.5,352.0,107.0,524.0,139.0,231.0,158.5,328.5,761.0,217.0,706.0,541.5,200.0,167.5,198.0,1286.0,188.0,341.0,412.0,320.0,5699.5,272.0,3306.0,232.0,419.5,1582.0,638.0,1723.0,195.0,362.0,1003.0,4630.5,1362.0,161.0,111.0,91.5,175.0,97.0,222.5,362.0,170.0,792.5,743.0,476.0,95.0,81.0,159.0,961.0,81.0,102.0,1411.0,112.5,126.0,71.0
394,150.0,363.0,1761.5,318.0,122.0,497.0,303.5,344.0,277.0,556.0,143.0,708.0,8451.0,50.0,837.5,309.0,265.0,735.5,157.0,43.0,670.0,218.0,151.0,4171.5,220.5,164.5,753.5,2247.0,826.5,204.0,118.0,1244.0,1669.0,4687.0,1434.0,836.5,304.0,341.0,907.0,397.0,157.5,220.0,118.0,522.0,2457.0,1131.0,203.0,1893.0,168.0,647.0,1000.0,220.0,146.0,690.0,70.0,121.5,133.0,473.0,16411.0,1265.0,247.0,180.0,83.0,190.0,189.0,95.5,550.5,79.0,93.0,212.0,205.0,133.0,85.0,6817.0,80.0,708.0,164.0,1899.5,244.5,193.0,914.5,358.0,123.0,105.0,153.0,1051.5,149.5,201.0,351.5,206.5,743.0,125.0,716.0,204.0,861.0,265.0,2998.0,8467.0,4405.5,13771.0,5813.0,681.0,706.5,813.0,13011.0,2003.5,1634.0,1322.0,1027.5,21390.0,1059.5,26335.0,1271.0,4815.5,1108.0,1649.5,15688.0,2884.0,3426.0,3543.0,34799.0,9681.0,700.0,464.0,12889.0,805.5,422.0,1786.0,1044.0,771.5,7527.5,2299.0,3934.5,213.5,59.0,239.0,203.0,88.0,105.0,5490.0,118.0,123.5,109.0
395,129.5,335.0,1722.0,273.5,98.0,448.5,287.0,296.0,259.5,479.0,105.0,582.0,3042.5,45.0,680.0,317.0,317.0,618.0,136.0,39.0,619.0,187.0,129.0,4432.0,207.0,140.0,724.0,1501.5,731.0,172.0,85.0,759.0,1530.5,3506.0,1354.5,680.5,282.0,309.0,507.5,414.0,124.0,180.0,96.0,499.0,2277.0,887.5,195.0,1234.0,139.0,642.0,956.0,187.0,133.0,934.0,65.0,107.0,129.0,443.0,9538.0,1140.5,214.0,159.0,67.0,181.0,162.0,78.0,534.0,69.0,84.5,186.5,173.0,118.0,71.0,5732.5,66.0,565.0,144.0,1324.0,213.0,151.0,933.0,363.0,98.0,101.0,143.0,1060.0,123.5,165.0,326.0,135.0,539.5,131.0,533.5,181.0,668.0,242.5,2660.0,7200.0,3129.0,10896.5,4296.0,602.0,552.0,706.5,9780.0,1602.0,1414.0,1596.0,687.0,16518.0,953.0,23770.5,1044.0,901.0,1204.5,1658.0,14129.0,1370.0,2993.5,3248.0,29290.5,9190.0,539.0,313.0,7195.0,608.5,267.5,1483.0,1031.0,629.0,7717.0,2096.0,3459.5,174.0,52.0,214.0,181.0,66.0,86.0,4931.0,102.0,117.0,106.0
396,46.5,135.0,149.5,242.0,36.0,188.5,147.0,144.5,138.0,375.0,200.5,348.0,361.5,26.0,312.0,127.0,327.0,257.0,89.5,23.5,366.0,79.0,57.0,1108.0,105.0,90.0,379.5,679.5,222.0,55.0,40.5,337.5,896.0,704.0,94.0,156.0,105.0,1550.0,204.5,35.0,39.0,174.0,44.0,209.5,1014.0,419.0,315.0,618.5,92.5,310.5,376.5,95.5,79.0,238.5,56.0,303.5,108.5,437.0,261.0,559.0,368.0,70.0,29.0,101.0,67.5,51.0,251.5,33.0,41.0,72.0,151.0,69.0,59.0,233.5,722.0,195.0,78.0,425.5,88.0,64.0,468.5,153.0,43.0,43.0,87.0,539.0,74.0,78.5,160.0,235.5,243.0,240.5,424.5,89.0,498.0,96.0,2241.0,1398.5,2155.0,7187.0,6578.5,228.0,220.0,418.0,12250.5,1173.0,1149.0,668.5,404.0,9082.0,341.0,33833.0,1050.5,540.0,2517.0,715.0,19021.0,2939.0,422.0,1115.5,25783.0,5679.0,526.0,489.0,96.0,189.5,84.0,562.5,254.0,146.5,2934.5,805.0,1271.0,74.5,32.0,101.0,97.0,72.0,110.0,808.0,104.0,57.5,625.0
397,40.0,107.0,103.0,190.0,33.0,152.0,113.0,106.0,122.0,262.0,139.0,201.0,212.0,20.0,253.0,100.0,234.0,203.0,60.0,17.0,216.0,66.0,51.0,739.0,83.0,72.0,287.0,507.5,165.0,34.0,33.0,263.5,727.5,248.0,80.0,121.0,82.5,1261.0,157.0,26.0,28.0,121.5,35.0,174.0,836.0,322.0,224.0,486.5,62.0,254.5,299.0,68.0,54.0,183.0,35.0,159.0,95.0,330.0,183.0,466.0,281.0,56.0,22.0,70.5,53.0,35.0,191.0,29.0,30.0,64.0,119.0,56.0,37.0,171.5,444.0,136.5,62.0,295.0,71.0,50.0,347.5,117.0,37.0,29.0,59.0,425.0,53.0,60.5,109.5,158.0,207.0,152.0,268.0,73.0,381.0,71.0,643.5,662.0,639.5,2977.0,1571.0,110.0,92.5,161.5,4580.5,436.5,298.0,166.0,204.0,4531.5,150.0,10902.0,357.0,174.0,1451.0,206.0,4314.0,631.0,246.5,559.0,13315.0,1472.5,229.0,331.0,58.0,99.0,59.0,234.5,116.0,78.0,1387.0,236.5,596.0,62.0,21.0,74.0,60.0,55.0,86.0,392.0,66.0,45.5,498.0
398,108.5,282.5,207.0,203.5,135.0,550.0,241.0,314.0,201.5,485.5,49.0,364.5,411.0,48.0,375.0,273.5,221.0,523.5,130.5,50.0,481.0,387.0,126.5,474.0,194.5,148.0,748.0,580.0,444.0,90.0,76.0,319.5,1368.5,613.0,224.0,323.5,195.0,19757.0,218.0,80.5,88.0,127.0,110.5,445.0,1893.0,659.0,192.0,608.5,134.0,1294.0,808.0,164.5,169.5,694.0,60.0,159.0,131.0,444.0,504.0,868.5,144.5,162.0,63.5,130.0,136.5,117.0,473.0,109.0,394.5,158.5,190.5,123.0,293.0,2456.0,81.0,461.5,125.5,1297.0,196.0,143.0,718.0,322.0,85.5,102.0,125.0,905.0,123.0,176.0,262.0,95.0,394.0,935.0,609.5,178.0,286.0,186.0,861.0,295.5,370.5,9190.5,1659.0,361.5,890.0,516.0,6043.5,458.0,840.0,500.0,404.5,14467.5,349.0,8704.0,466.0,337.5,3887.5,2169.0,5802.0,778.5,542.5,1071.0,3466.0,6803.0,468.0,196.0,159.0,221.0,150.0,318.5,1144.0,222.0,1059.5,2404.0,9816.5,180.0,67.0,199.0,204.0,4025.0,107.0,1050.0,125.5,133.5,109.0
399,168.5,410.0,291.0,283.0,194.0,686.0,345.0,425.0,270.0,799.0,92.0,478.0,683.0,86.5,731.0,422.0,357.0,730.0,178.5,71.0,623.5,546.0,223.0,594.0,305.5,196.0,1246.5,874.0,659.0,138.0,142.0,501.0,1813.0,1106.5,307.5,522.0,308.5,27370.0,321.5,137.0,148.0,201.0,204.0,597.0,2580.5,863.0,297.0,940.5,218.0,1446.5,1125.0,220.0,293.0,1118.5,113.0,318.0,192.0,587.0,655.0,1157.5,211.0,221.0,116.5,221.0,194.0,203.0,654.0,171.0,796.5,250.0,283.0,198.0,435.0,4971.5,129.0,576.0,185.0,1908.0,270.0,228.0,949.0,495.0,136.0,158.0,208.0,1172.0,173.0,245.0,404.0,141.5,573.0,1220.0,1194.0,273.0,355.0,288.0,651.0,362.0,440.0,8494.5,1141.0,597.0,814.0,440.0,4090.5,527.0,1365.5,569.0,529.0,10990.0,423.0,8273.0,519.0,343.5,6852.0,2223.0,3495.0,1193.0,765.0,1191.0,2035.5,4543.0,401.0,269.5,228.0,299.5,218.5,334.5,825.0,308.0,989.0,1423.0,11005.0,310.0,150.5,259.0,301.0,3677.0,203.0,753.5,206.5,220.0,162.5
400,213.5,254.0,362.0,896.5,216.0,266.5,236.0,179.0,288.5,424.5,302.5,754.0,628.5,280.0,177.0,338.5,239.0,1098.0,176.5,34.0,730.0,138.0,304.0,57707.0,235.5,348.0,178.0,179.5,312.5,308.0,305.0,171.0,807.5,1255.5,2955.5,386.0,369.0,278.0,169.0,128.0,295.5,153.0,277.0,261.0,455.5,262.0,194.0,562.0,301.0,228.0,285.0,262.0,188.0,304.0,278.5,311.0,471.0,113.0,118.0,825.0,337.5,86.0,267.5,157.0,82.0,277.0,126.0,284.0,404.5,295.5,431.0,211.0,705.0,2871.5,241.0,131.0,161.0,20355.0,304.0,207.0,517.0,175.0,226.0,266.5,310.0,519.0,138.0,245.0,154.0,621.5,273.5,576.0,566.0,245.5,151.0,6111.0,272.0,658.5,182.0,882.0,263.0,300.0,187.0,286.0,5133.5,302.0,592.0,985.0,781.0,3050.0,688.0,16803.0,726.0,792.5,138.0,1016.0,899.5,205.0,252.0,283.5,279.0,936.5,385.0,132.0,115.0,263.5,122.5,133.0,630.5,230.0,219.0,417.5,182.0,192.5,563.5,142.0,265.0,1149.0,364.5,2190.0,311.0,370.0,7241.0
401,45.0,54.0,133.5,53.5,24.0,77.0,76.0,55.0,136.0,201.0,26.0,448.5,249.0,28.0,129.0,71.5,73.0,679.0,62.0,30.0,432.0,47.0,47.5,8117.0,67.0,65.0,136.5,142.0,133.0,73.0,28.0,124.0,470.5,174.0,2504.0,190.0,82.5,123.5,123.0,58.0,44.0,57.5,39.0,103.5,322.0,185.0,55.0,340.5,48.0,110.0,171.0,54.0,81.0,246.0,64.0,176.5,157.0,84.0,87.0,368.5,168.0,60.0,22.0,61.0,41.0,36.0,99.0,22.0,128.5,73.0,114.0,33.0,273.0,2416.5,50.5,103.5,36.0,21597.0,38.0,46.0,287.0,84.5,31.0,74.0,54.0,362.5,44.0,36.0,72.5,168.0,133.0,321.5,254.5,87.5,99.5,6376.0,112.0,60.0,60.0,109.0,88.0,76.0,82.0,69.0,601.5,64.0,402.5,196.0,319.0,1633.0,1140.0,2343.0,103.0,272.0,68.0,166.0,226.0,64.0,111.5,132.0,89.0,762.0,187.0,59.0,60.0,58.0,62.5,55.0,212.0,65.0,132.0,212.0,80.5,65.5,154.0,55.0,56.0,895.0,70.0,1155.5,99.0,41.0,4437.0
402,92.0,211.0,213.5,199.0,290.5,623.0,465.0,180.5,181.5,865.0,466.0,616.0,588.0,41.0,403.0,151.5,301.0,362.0,103.0,44.0,1307.0,121.0,107.0,2773.0,603.0,97.0,445.0,914.0,2206.0,57.5,182.0,605.0,1164.0,1578.0,406.0,463.0,166.0,523.0,1076.5,25047.0,69.0,121.5,169.0,287.0,1704.0,504.5,141.0,436.0,102.0,30164.5,555.5,133.0,370.0,416.0,53.5,163.0,119.5,248.0,262.0,769.0,299.0,174.0,48.0,116.5,103.0,67.0,291.5,51.0,179.0,130.0,155.5,95.0,119.0,1394.0,255.0,334.0,92.0,17483.0,135.0,95.0,10444.5,232.5,67.0,64.0,138.5,981.5,87.0,101.5,1275.0,81.0,414.0,88.0,643.0,139.0,297.5,131.5,19400.5,1299.5,1607.0,34730.0,25576.0,2205.0,1491.5,7577.5,50163.0,7823.0,12835.0,10092.0,2598.0,42814.5,897.5,17733.0,6257.0,2300.0,1106.5,20665.5,56074.0,5511.5,475.0,20194.0,36305.5,49772.0,408.0,702.0,344.0,239.0,259.5,2597.5,8404.0,389.0,14552.0,5907.5,5861.0,124.0,35.0,144.0,203.0,50.0,60.0,465.5,125.0,72.0,19941.0
403,114.0,260.0,198.0,178.5,431.5,781.0,641.5,235.0,175.0,1095.0,519.0,1032.0,342.0,62.0,571.0,190.5,269.5,431.5,124.0,46.0,1630.0,137.0,114.0,4395.0,633.0,104.0,550.0,1152.0,2735.0,62.0,249.0,837.0,1419.0,1797.0,337.0,577.0,184.0,601.5,1277.5,17675.5,76.0,140.0,179.0,377.0,1937.5,599.5,177.0,380.0,129.5,31303.0,641.0,159.0,598.0,453.0,60.0,214.0,136.0,297.0,404.0,879.0,295.0,182.0,50.0,140.0,115.0,72.0,381.5,63.5,276.0,178.5,192.0,106.0,134.0,1723.5,358.0,396.0,105.0,24230.5,162.5,112.0,10841.0,272.0,79.0,65.0,193.0,1018.0,95.0,124.0,1607.5,82.5,430.0,110.0,969.0,165.0,355.0,158.0,5843.0,649.0,2151.0,15546.0,8421.0,916.5,575.5,6137.5,21068.0,2209.5,2507.0,2523.0,1552.0,25162.0,515.5,13625.5,1388.0,878.0,535.0,8984.0,32729.0,1326.5,503.0,2657.0,23230.0,14446.5,237.0,346.0,248.0,201.5,221.5,1027.0,6012.0,260.0,2810.5,974.0,4602.5,137.0,39.0,160.0,272.0,61.0,70.0,471.5,146.0,94.0,20930.0
404,71.5,64.0,210.0,57.0,23.0,84.0,96.0,64.0,129.0,201.0,22.0,255.5,487.0,19.0,792.0,55.0,312.5,173.0,103.0,24.0,1232.5,45.0,41.0,2479.0,57.5,38.0,2895.5,391.5,14704.0,100.0,24.5,125.0,578.0,6932.0,70.0,371.0,50.0,122.5,165.0,48.0,34.0,56.0,74.0,132.0,1115.0,225.0,85.0,2842.0,79.0,284.0,261.5,57.0,53.0,208.5,69.5,70.0,129.0,89.0,90.5,440.0,179.0,91.0,20.0,58.0,39.5,41.0,2530.0,23.5,58.0,89.0,68.0,36.0,46.0,1865.0,1318.0,82.0,42.0,382.0,48.5,35.0,678.0,166.5,31.5,37.0,96.5,250.0,40.5,38.0,93.0,27.0,183.0,48.0,2202.0,58.0,69.0,5438.5,154.0,177.0,5191.0,230.5,241.0,497.0,104.0,15297.0,535.0,335.0,146.0,295.0,1042.0,4435.0,1874.0,4473.5,303.0,181.5,127.0,5111.0,1661.5,92.0,383.0,271.5,3693.5,391.0,193.0,108.0,73.0,112.0,1615.0,96.5,62077.0,115.0,239.5,5632.0,1114.0,52.0,79.0,106.0,212.0,49.0,37.0,873.5,79.5,35.0,35.0
405,61.5,69.0,140.0,51.0,26.0,87.5,91.0,72.0,115.0,163.0,17.0,171.5,286.0,15.0,748.0,65.0,151.0,147.0,70.0,15.0,418.0,40.0,34.0,1227.5,56.0,39.0,2114.0,345.0,9103.0,73.0,21.0,110.0,528.0,5603.5,64.0,168.0,48.0,94.0,154.0,28.0,26.0,43.0,66.0,125.0,925.0,202.0,71.5,1142.0,93.5,230.0,252.0,49.0,39.5,170.0,49.0,50.0,89.5,98.0,116.0,406.0,900.0,82.0,18.0,45.0,37.0,38.0,1653.0,21.0,41.0,78.0,57.0,33.0,30.0,1535.0,1071.0,88.0,40.0,302.0,49.0,36.0,309.0,146.0,27.0,28.0,53.5,249.0,38.0,39.5,92.0,25.0,166.0,38.0,1808.0,46.5,67.0,2958.0,151.0,268.5,734.0,157.0,210.0,324.0,70.0,7257.0,414.0,223.0,107.5,194.0,438.0,1535.0,368.0,1031.0,90.0,98.0,69.0,221.5,1499.0,67.5,183.0,288.0,1006.0,426.0,91.0,65.0,45.0,65.0,989.0,76.0,22091.5,77.0,163.0,1001.0,813.0,47.0,68.0,74.0,60.5,31.0,33.5,452.0,52.0,37.0,35.0
406,353.0,232.0,289.0,189.0,120.0,331.0,200.0,220.5,183.5,468.0,253.0,555.0,557.0,57.0,310.0,224.0,559.0,372.5,126.0,110.0,1021.0,129.0,131.0,935.0,368.0,106.0,490.5,515.0,331.0,76.0,70.0,373.0,1474.0,378.0,344.0,269.0,157.0,311.0,300.0,98.5,88.5,207.5,93.5,316.0,1843.5,589.0,164.0,2487.0,135.0,510.5,578.0,236.5,164.0,609.0,67.0,297.0,2472.0,321.0,346.0,904.5,376.0,137.0,55.0,134.0,129.5,84.0,377.0,68.0,264.0,197.5,154.0,106.0,92.0,16868.0,106.0,301.5,116.0,841.5,154.0,115.5,613.5,256.0,86.0,88.0,120.0,795.0,104.5,129.0,271.0,90.0,404.5,101.0,577.0,137.0,298.0,211.0,9851.0,9103.0,2509.0,33246.5,12334.0,901.0,590.0,2220.0,33591.5,3315.5,5915.0,2643.0,870.0,40480.0,891.5,28623.5,3087.0,8887.0,5534.0,27439.0,45862.0,3183.0,942.5,4316.0,40802.0,30084.0,792.0,391.0,218.0,328.0,185.0,2337.0,1007.5,265.0,14426.0,7322.5,6201.0,131.0,49.0,165.0,135.5,135.0,117.5,5843.0,649.5,340.5,458.0
407,316.0,204.0,259.0,312.0,106.0,299.0,203.0,210.0,175.0,317.0,195.5,598.0,535.0,62.0,255.0,208.0,486.0,330.5,103.0,105.0,1034.5,116.0,111.0,907.0,431.0,89.0,460.0,493.0,296.5,69.0,60.0,320.0,1253.5,424.5,293.5,229.0,147.0,257.0,287.0,84.0,79.5,188.5,76.5,300.0,1578.5,512.0,131.0,2285.5,131.0,402.0,551.0,260.0,146.0,426.0,61.0,232.0,2593.5,301.0,345.5,1104.5,423.0,127.0,51.0,124.5,102.5,78.0,373.0,61.0,230.0,122.0,134.5,85.5,97.0,14378.0,103.0,260.0,105.5,738.0,135.0,99.0,628.0,224.5,71.0,84.5,109.5,827.0,95.0,115.5,251.5,87.0,381.0,91.0,533.0,124.0,261.0,204.5,8417.0,5449.0,1004.0,39123.0,12114.0,455.0,367.5,3638.0,33361.5,1922.0,3382.5,1554.0,1023.0,46954.5,1360.0,57040.0,2738.0,5686.5,10506.0,49289.0,46828.0,2086.0,1108.0,2583.0,54717.0,23632.5,869.5,270.0,177.0,358.0,169.0,2088.0,1179.0,300.0,12494.0,12035.5,4144.0,130.0,42.0,148.0,174.0,121.0,97.0,5720.0,512.0,280.0,508.0
408,43.0,55.0,221.5,50.0,22.5,88.0,90.0,64.0,118.0,1816.0,19.0,305.5,2087.5,22.5,113.0,152.0,95.0,97.0,38.0,16.0,1307.0,39.0,35.0,440.5,48.0,36.0,183.0,172.0,104.0,83.0,19.5,113.0,454.5,508.0,75.0,66.0,42.0,87.5,1848.0,31.5,50.0,41.0,29.5,113.0,428.0,209.0,136.0,641.5,52.0,366.0,210.5,52.0,58.0,160.0,32.0,133.5,107.0,259.0,95.0,345.0,216.0,47.5,18.0,51.5,35.0,36.0,119.0,20.0,22.0,84.0,59.0,27.5,50.0,2785.5,6707.0,103.0,35.0,198.5,45.5,31.0,279.0,83.0,30.0,43.0,77.0,332.0,39.0,37.5,99.0,51.0,135.0,46.0,2175.0,42.5,76.0,56.5,254.0,325.5,279.0,1218.0,874.5,306.0,212.0,887.0,4941.0,481.0,1375.0,371.5,328.0,1196.0,683.5,562.0,649.0,756.0,183.0,533.0,844.0,468.0,257.0,215.0,3261.5,401.0,378.0,484.0,129.0,333.0,130.0,162.0,2941.0,279.0,704.0,507.5,995.0,50.0,215.0,77.0,85.0,40.5,32.0,1108.0,114.0,38.5,47.0
409,45.5,57.0,150.0,47.5,22.0,89.0,71.0,64.5,114.0,1756.5,15.0,247.5,2648.0,27.0,124.0,80.0,89.0,95.0,37.0,16.0,707.5,40.0,39.5,474.5,45.0,36.0,197.0,160.0,93.5,50.0,20.0,111.0,429.0,606.0,75.0,66.5,43.0,99.0,1953.0,38.0,48.0,42.0,31.0,103.5,400.0,214.0,145.0,723.0,58.0,629.0,181.0,56.5,64.0,176.0,25.0,201.0,100.0,198.0,95.0,322.0,139.0,59.0,16.5,47.5,41.0,36.0,96.0,22.0,22.0,127.5,51.0,31.0,25.0,2634.5,8553.0,100.5,32.0,283.0,45.0,34.0,225.0,83.0,31.0,41.0,87.0,304.5,36.0,38.0,102.0,62.5,156.5,50.5,1764.0,41.0,72.0,56.0,168.0,193.0,155.0,814.0,961.5,236.0,126.5,444.0,3353.0,280.0,479.0,302.0,217.0,1093.0,388.0,456.5,413.5,375.0,121.0,427.0,664.0,324.0,191.5,222.0,3746.0,350.0,200.0,333.0,81.5,175.0,79.5,108.0,2117.0,159.0,499.0,269.0,756.5,52.5,149.5,74.5,83.0,45.0,35.0,1152.0,196.0,36.0,42.0
410,200.0,812.0,899.0,604.5,193.0,1611.0,668.0,874.0,362.5,1350.0,40.0,4873.0,943.5,67.0,3875.0,998.0,431.0,1813.0,342.0,53.0,1721.0,232.0,214.0,2741.0,518.0,263.5,1961.0,2430.5,1616.5,117.0,145.0,2522.0,3727.0,705.5,474.0,1112.0,530.5,3515.0,615.0,145.0,170.0,214.5,177.0,1351.0,6975.0,2066.0,875.0,721.0,325.5,1767.0,3795.0,511.5,2165.5,712.0,324.0,2319.0,166.0,1400.0,1510.0,2587.0,258.0,226.0,78.0,545.0,223.0,132.0,1540.0,102.0,136.5,357.0,736.0,185.0,192.0,9501.0,220.0,1576.0,248.0,1867.0,494.0,279.0,2057.0,954.5,141.0,150.0,250.0,3545.5,174.5,455.5,780.0,206.0,847.5,290.0,1201.0,375.0,1064.0,449.0,731.0,966.0,865.0,2565.0,1274.0,578.5,356.0,455.0,4263.0,954.0,2260.5,2326.5,970.0,13156.0,553.0,15595.5,1231.0,933.0,3907.0,1029.0,4502.0,5223.0,1976.0,2679.5,10556.0,3041.0,972.0,385.0,262.0,384.0,259.0,497.0,694.5,733.5,1317.0,1789.0,2922.5,287.5,70.0,520.0,474.5,133.5,107.0,4334.0,309.0,275.0,685.0
411,381.5,939.5,1285.5,619.5,239.0,2004.0,665.0,987.0,452.5,1481.5,52.0,6241.0,3317.0,2452.0,3372.0,1078.0,678.5,2088.5,399.0,75.0,2534.0,276.0,276.0,4118.0,594.0,309.0,2422.0,3015.0,1956.0,124.0,152.0,3297.0,4259.0,832.0,500.0,1339.5,498.0,4379.5,850.0,263.0,194.0,270.0,214.0,1543.0,8212.5,2325.0,1147.0,862.5,10795.5,2254.0,4256.0,947.5,5366.0,737.0,434.0,1645.0,301.0,1491.0,1403.0,2763.0,395.0,295.0,80.5,338.0,222.0,170.0,1642.0,99.5,162.0,452.0,837.0,187.5,144.0,12903.0,536.5,1784.0,273.0,1867.0,615.0,326.0,2226.0,1050.0,156.0,252.0,290.5,4646.0,222.0,480.5,815.0,244.0,1085.0,304.0,1331.5,406.0,1218.0,527.0,791.0,506.0,1002.5,2100.0,1263.0,536.0,381.0,332.0,3091.0,655.5,2796.0,1817.0,1072.0,6061.0,543.0,9633.0,607.0,547.5,4809.0,1015.0,4152.0,5497.5,918.0,3137.0,8656.0,2446.0,814.0,437.0,408.0,341.0,317.0,479.0,629.0,494.5,1029.0,755.0,2607.5,329.0,83.0,575.0,563.5,149.5,126.0,6429.5,337.0,460.0,744.5
412,73.0,170.0,457.0,127.0,63.0,360.0,234.0,218.0,157.5,448.0,38.0,750.5,5473.5,27.0,1966.0,198.0,334.0,382.0,108.0,75.5,2141.0,83.0,8872.0,9331.0,170.0,124.0,450.5,553.0,1914.0,161.0,51.5,306.5,1635.5,220.0,435.0,256.5,116.0,901.0,374.5,95.0,60.0,83.0,84.0,326.5,1574.0,522.0,173.5,512.0,95.0,393.0,538.5,123.0,624.0,261.0,4848.0,135.0,127.0,356.0,404.0,1560.0,95.0,110.0,41.0,84.0,92.0,139.0,435.0,48.0,2354.5,167.0,149.0,81.0,47.5,2005.0,84.5,330.5,72.0,459.0,127.0,84.0,492.0,248.5,50.0,61.0,93.0,628.0,86.0,127.0,428.0,89.0,328.0,163.0,428.0,323.5,247.0,149.0,1040.0,181.5,117.5,2097.0,1813.5,349.0,135.0,3310.0,5426.0,842.5,693.0,365.0,265.0,11890.0,9120.0,896.5,386.0,161.0,182.5,20769.0,6916.0,364.0,193.0,792.5,1405.0,2814.0,4412.5,114.5,151.0,91.0,115.5,332.0,789.5,181.5,479.0,287.5,615.0,106.0,44.0,129.0,113.0,1448.0,58.5,3822.0,135.0,210.0,65.5
413,74.0,166.0,455.0,130.5,64.0,342.0,209.5,218.5,164.5,432.5,43.0,659.0,6383.5,36.0,2209.0,196.5,305.0,401.0,105.0,67.0,2349.0,92.5,8540.0,9889.0,156.0,128.0,424.0,518.0,1944.5,136.0,63.0,282.0,1524.0,242.0,437.5,239.0,108.5,892.0,352.0,92.0,62.0,78.0,85.0,321.0,1551.5,506.5,162.0,480.0,97.0,378.0,522.0,130.0,599.0,253.0,4562.5,130.5,128.0,327.5,356.0,1504.0,98.0,98.0,45.0,81.0,116.0,156.0,396.0,56.0,2125.0,162.0,151.5,82.5,59.0,2036.0,88.0,312.0,75.0,463.0,144.0,85.5,496.0,243.5,58.0,59.0,87.0,602.0,87.0,125.5,398.0,80.0,296.5,165.0,402.5,278.0,220.0,156.0,1411.5,210.5,122.0,3934.0,3244.5,534.0,167.0,4167.5,7636.0,902.0,962.0,493.0,299.0,20930.0,10130.0,1012.5,537.5,216.0,190.0,15021.5,11692.0,549.0,201.0,1055.5,1693.0,4497.0,4108.0,120.0,184.0,101.0,120.0,469.0,975.0,210.0,691.0,302.0,608.0,105.0,61.0,136.0,112.0,1745.0,65.0,4065.5,143.0,191.0,66.0
414,44.0,80.0,102.0,85.0,39.0,103.0,120.5,81.0,125.0,221.5,49.0,480.0,413.0,19.0,1043.0,84.5,791.0,134.0,92.0,29.0,1653.0,73.0,52.0,2717.0,343.5,61.5,186.5,217.0,143.0,38.0,35.0,259.5,684.0,624.0,127.0,99.0,46.0,863.0,2492.0,63.0,34.0,60.5,61.0,124.0,653.5,234.0,83.0,869.0,63.0,127.0,254.0,76.0,85.0,245.0,58.0,80.0,113.5,128.0,792.0,570.0,790.0,74.0,26.5,88.5,52.0,47.0,137.0,29.0,73.5,66.0,114.0,58.5,149.0,11854.5,137.0,131.0,50.0,2231.5,58.0,46.0,914.0,120.0,40.0,69.0,330.0,476.5,51.0,2059.5,106.0,62.0,182.5,48.5,1757.0,55.5,122.5,109.0,648.0,1804.0,1196.0,12633.5,17012.0,2110.0,1019.5,3810.0,23862.5,1641.0,15251.5,1163.0,1311.0,14222.0,1270.0,6540.0,22701.0,14640.0,2930.5,4354.0,4621.5,4782.0,3042.0,515.0,53544.0,1532.0,1734.0,1147.0,1584.0,1501.0,428.5,645.5,7240.0,1265.0,1319.0,9478.0,773.5,101.5,31.0,91.0,79.0,66.5,47.0,852.0,196.0,118.0,230.0
415,57.0,86.0,154.0,118.0,44.0,115.0,118.0,92.0,138.0,259.5,44.0,609.0,766.0,23.5,1184.0,99.0,1886.0,158.0,90.0,32.0,2016.0,81.0,57.0,2517.0,417.5,65.0,221.5,278.0,170.0,40.0,35.0,277.0,853.0,841.0,151.0,113.5,59.0,933.0,3630.0,77.5,39.5,67.0,69.0,146.0,753.0,272.0,93.0,938.0,81.0,234.5,346.5,636.0,100.0,355.0,53.0,94.0,124.0,147.0,1011.5,583.0,931.0,80.0,29.0,97.5,68.0,47.0,164.0,34.5,83.0,64.0,152.0,65.0,152.0,15134.5,132.5,159.0,55.0,2535.5,71.0,53.0,1049.0,130.0,43.0,67.0,371.0,615.0,61.0,3080.5,108.0,69.0,208.0,53.0,716.0,61.0,176.0,189.0,1654.0,5519.0,3503.0,32982.0,34971.5,6167.5,2572.5,14354.0,50853.0,6007.0,41388.5,4388.0,3708.0,60858.0,3871.0,15251.0,46299.0,42941.0,7029.0,14438.0,20550.5,15209.0,8430.0,1026.0,67022.0,3039.0,5941.0,3026.0,2673.0,4586.0,966.0,1846.5,28681.0,3880.5,2771.0,29612.5,2131.0,115.5,57.5,100.0,73.0,77.0,49.0,1452.0,209.5,99.0,351.0
416,50.5,163.0,136.0,124.0,48.0,293.0,143.0,172.0,144.0,640.0,130.0,581.0,265.0,29.0,1606.0,212.0,228.0,2034.0,1405.0,31.0,704.0,106.0,86.0,833.0,210.5,380.5,376.0,470.0,294.0,118.0,40.0,510.0,980.5,1504.0,241.5,224.0,113.0,3450.0,23253.0,689.0,58.0,81.0,55.0,286.0,1558.5,449.0,204.0,18722.0,90.0,218.0,453.0,116.0,115.0,843.5,47.0,86.5,100.0,237.0,246.5,652.0,512.0,100.0,36.0,105.5,79.5,99.0,242.0,40.0,48.0,117.5,104.0,59.0,150.5,5906.0,6449.0,213.0,73.0,332.0,118.5,76.0,446.0,194.0,53.0,5222.0,83.0,1451.0,80.0,91.0,140.0,3314.5,296.0,75.0,1392.0,91.0,186.5,128.5,666.0,1744.0,1028.0,3012.0,375.5,898.0,842.0,3341.0,2572.0,2223.0,678.0,4724.0,3071.0,2251.0,6190.0,1647.0,3578.0,1619.0,19665.0,1767.5,1204.0,3653.5,1101.0,460.5,24840.0,662.5,2218.5,589.0,425.5,1663.0,440.0,646.0,3179.0,1302.5,866.0,2679.0,760.0,86.0,41.0,409.0,124.0,54.0,57.5,1217.5,599.0,62.0,60.0
417,73.0,249.0,160.5,173.0,60.0,459.0,219.5,246.0,187.5,894.0,208.0,695.5,347.5,40.0,1231.0,275.0,278.0,2622.0,1388.5,36.0,989.0,135.0,106.5,2095.0,309.5,446.0,532.0,605.0,407.0,178.0,59.0,765.0,1324.5,1970.5,332.0,303.0,164.0,4761.0,25438.0,970.0,73.0,99.0,74.0,430.0,2050.0,635.0,176.5,21079.5,140.0,324.0,642.5,158.5,160.5,1166.5,66.5,110.0,114.0,345.0,352.0,861.0,458.0,110.0,46.0,169.0,90.5,117.0,428.0,55.0,62.0,163.0,170.0,72.0,239.5,6183.0,7183.5,302.0,102.0,515.5,160.5,104.0,675.5,267.5,72.5,5236.0,135.0,2395.0,96.5,148.5,246.0,3199.0,407.0,112.5,3014.5,124.0,327.0,162.0,539.0,1067.0,677.5,2968.0,333.0,633.5,598.5,2775.0,2439.0,2089.0,618.0,2575.0,3120.5,2291.5,5162.0,1359.0,2129.0,1320.5,23345.0,1098.0,1362.5,3783.0,724.0,835.0,16083.5,817.0,1275.0,427.0,322.0,1020.0,361.0,509.0,3910.5,794.0,802.0,1648.5,528.5,109.0,53.5,863.0,157.5,72.0,72.0,1823.0,755.0,105.0,72.0
418,46.0,70.5,110.0,66.0,33.0,462.0,102.5,79.0,123.0,260.0,138.0,172.5,196.0,23.0,144.0,59.5,233.0,110.0,57.0,3845.0,251.5,60.5,58.0,1707.0,179.0,163.0,254.0,383.0,114.0,33.0,29.0,331.0,543.5,7365.0,100.0,93.0,66.0,371.0,1229.0,198.0,43.0,88.0,51.0,182.5,431.0,245.5,65.0,576.0,63.0,882.0,208.0,76.0,66.5,174.0,33.0,74.0,94.5,128.0,112.5,476.5,165.0,61.0,26.0,216.5,47.0,48.0,122.0,30.5,59.0,134.5,258.5,40.0,53.0,8508.0,3674.5,150.0,49.5,303.0,59.0,49.0,364.5,97.0,38.5,38.0,54.0,256.0,58.0,51.0,86.0,210.0,192.5,44.0,14964.5,59.0,529.0,71.0,147.0,207.0,1123.0,2114.0,409.0,7392.0,664.0,190.5,3478.0,2284.0,1079.5,7504.0,163.0,6565.0,924.5,1247.0,283.0,527.0,37145.0,318.0,649.0,154.0,521.0,205.0,1163.0,307.0,165.0,359.0,993.0,176.5,809.0,127.0,47242.0,220.0,454.5,339.0,201.0,52.0,25.0,80.0,310.0,85.0,55.0,1329.0,73.0,49.0,44.0
419,61.0,90.0,151.5,80.0,45.0,545.0,138.5,86.0,142.0,185.0,111.0,192.0,304.5,29.0,152.5,71.5,275.0,136.5,89.0,5453.0,340.0,66.5,73.0,2388.5,227.0,225.0,322.0,460.5,145.0,36.0,36.0,453.0,654.0,14347.0,142.0,111.0,84.0,447.0,2856.0,237.0,43.0,99.5,55.0,258.0,511.0,283.0,73.0,832.0,63.0,1331.0,248.0,85.0,86.0,136.0,41.0,84.0,100.0,174.0,168.0,528.5,195.0,69.5,32.0,273.0,59.0,52.0,155.0,35.5,63.0,73.0,406.0,50.0,68.5,12653.0,4819.5,179.5,59.0,352.0,65.0,63.0,484.5,120.0,43.0,42.0,79.0,274.0,68.5,61.5,99.0,214.5,217.0,57.0,21620.0,69.0,623.0,83.0,249.5,347.0,1050.5,3185.5,731.0,11131.0,888.0,373.0,12035.0,2486.5,1979.0,7850.0,268.0,10976.0,1234.0,1992.0,549.0,1061.0,43654.0,512.0,1178.5,299.0,716.0,234.0,1831.5,539.0,320.0,517.0,1573.5,320.0,1225.0,199.0,52256.0,408.5,720.0,491.0,310.0,67.0,35.0,107.0,1053.0,111.5,56.0,1964.5,104.0,60.0,56.0
420,34.0,78.0,238.0,60.0,24.0,107.0,96.5,80.0,130.0,215.5,19.0,716.0,1010.0,18.0,12179.0,73.0,987.5,162.0,52.0,23.0,474.5,53.0,46.0,5579.0,66.0,39.0,216.5,342.5,178.0,23.0,25.0,207.0,628.5,1620.0,7532.0,94.5,50.0,102.0,2983.0,260.0,29.0,52.5,40.0,173.0,578.0,271.5,63.0,418.0,47.0,191.5,243.5,63.0,273.5,265.0,25.0,641.0,105.0,126.0,162.0,826.0,250.0,57.0,20.0,38.0,46.0,41.0,170.0,19.5,53.0,55.0,258.0,32.0,307.0,18952.0,2490.5,116.0,41.0,33925.0,55.0,35.0,455.0,92.0,30.0,433.0,32.0,477.0,45.0,47.0,82.0,47.0,200.0,50.0,698.0,54.0,164.5,67.5,170.0,74.0,75.0,2160.0,422.0,82.5,73.0,131.0,2339.0,2052.0,769.5,229.5,157.0,2961.0,1184.0,4357.0,667.0,222.0,104.0,277.5,431.0,408.0,146.0,258.0,6776.0,315.0,117.5,66.0,102.0,63.0,105.0,86.0,6088.0,66.0,208.0,121.0,90.0,49.0,19.0,84.0,47.5,46.0,28.0,4074.0,102.0,56.0,4837.5
421,32.5,74.0,241.0,58.0,25.5,101.0,105.0,82.0,114.0,248.0,20.0,701.0,1093.0,20.0,10336.5,66.5,1150.0,154.5,51.0,29.5,492.0,55.0,47.0,4984.0,64.0,37.0,199.5,362.0,166.0,25.5,24.0,241.0,782.0,1631.0,7967.0,86.0,54.5,99.5,3760.5,297.0,28.0,56.0,40.0,138.0,530.0,285.0,59.0,469.0,43.0,198.0,235.0,59.0,354.0,303.0,27.0,496.0,91.0,120.5,207.0,672.0,245.5,61.0,21.0,43.0,48.0,44.5,180.0,27.0,55.0,60.0,295.0,35.0,318.0,19918.0,2294.0,118.0,41.0,30199.0,54.5,35.0,385.0,96.5,30.0,361.0,33.0,522.0,43.0,47.0,86.5,58.5,206.0,53.0,609.0,62.5,195.0,68.0,167.0,74.5,76.5,513.0,196.5,84.0,74.0,71.0,1197.0,1887.0,422.0,259.0,155.0,2457.0,341.5,1901.0,300.5,263.0,103.5,162.0,456.0,604.0,148.5,209.0,1672.0,291.0,98.0,68.0,108.0,66.0,128.0,96.5,3929.5,70.5,209.0,125.0,116.0,57.0,22.0,89.0,43.0,40.0,28.0,4261.5,110.5,50.0,6631.0
422,1950.0,282.0,16251.5,270.0,95.0,667.0,3471.0,331.0,7494.0,807.0,235.0,48840.5,792.5,103.0,2707.0,720.0,217.0,517.0,2614.0,28.0,48231.0,212.0,371.0,47863.0,305.0,192.0,622.5,825.0,11774.0,157.5,136.5,5016.0,7926.0,507.0,274.5,326.0,345.0,1263.0,31912.5,148.0,2486.0,3982.0,2560.0,4653.0,6718.0,1436.5,194.0,6991.0,204.5,4823.0,18411.5,342.0,11247.0,761.0,563.0,6242.0,399.0,426.0,1071.0,1140.0,258.0,211.0,100.5,349.0,113.0,251.0,833.5,286.0,1558.0,279.0,412.0,111.5,194.0,69966.0,1101.0,390.5,141.0,882.5,2131.5,194.0,1137.0,340.0,127.0,4506.0,155.0,1663.0,124.0,238.0,783.5,97.5,1167.0,230.0,18193.0,1081.5,335.5,16896.0,15846.5,714.5,411.0,12227.5,5388.5,6588.0,6062.0,2924.0,46402.5,1530.5,7001.0,18446.0,781.0,34511.5,1028.5,33580.0,994.0,8855.0,841.0,5926.0,20688.5,6077.0,1581.0,15462.5,20723.0,4697.0,526.5,322.0,802.5,414.0,667.0,1137.0,1998.0,435.0,2283.0,418.0,3304.0,108.0,260.0,223.0,783.0,1039.0,140.0,59984.0,9372.0,252.5,1529.0
423,2045.0,218.0,16377.0,250.0,64.0,611.0,3195.0,310.0,8986.0,766.0,180.0,49013.0,848.5,78.0,3512.0,499.0,218.5,485.0,3369.5,31.0,48173.5,227.5,372.0,47380.0,290.0,172.0,627.0,797.5,12227.0,113.0,81.0,5751.5,8014.0,536.0,226.0,338.0,317.0,1421.0,31188.0,153.0,2361.5,4301.0,2710.0,6412.5,7675.5,1564.0,180.0,6619.5,150.0,5271.0,19308.5,290.0,11722.5,712.0,617.0,6896.0,349.5,402.0,1036.0,1109.0,1265.5,241.0,70.5,391.5,102.0,208.5,680.0,269.0,1618.0,268.0,397.0,92.0,164.5,67574.0,912.0,372.5,127.5,844.0,1863.0,148.0,1147.0,318.0,84.0,4426.0,143.0,1685.0,103.0,201.0,797.5,87.0,1290.0,171.0,19262.5,1159.0,292.0,17641.0,15796.0,499.0,257.0,7431.5,5134.5,3489.0,6602.0,3065.0,44413.0,1018.0,3495.0,17986.0,493.0,30774.0,810.0,32269.0,660.5,4091.0,537.5,4045.5,12697.0,4902.0,1250.0,15916.0,14432.0,2258.0,395.0,200.5,613.5,255.0,394.0,557.5,999.0,289.0,1560.5,274.0,2536.0,95.0,131.0,216.0,604.0,928.5,84.0,57316.0,8834.0,172.0,1465.0
424,212.0,759.0,238.5,566.0,204.5,1430.5,765.0,1183.0,313.5,1408.0,5332.0,1790.5,962.0,59.0,2105.0,861.0,1672.5,2114.0,332.0,123.0,990.0,252.0,238.0,1000.0,641.0,270.0,2236.0,2302.5,1142.5,142.0,120.0,1160.0,17710.0,1039.0,1661.0,1062.0,493.5,1190.0,418.0,79.5,91.0,183.0,151.0,1440.0,8667.0,2196.0,511.0,2064.0,347.5,1125.0,2292.5,575.0,208.5,920.0,53.0,297.5,219.0,1841.0,1908.5,3836.0,300.0,244.0,798.0,261.0,383.0,139.0,2315.0,99.0,423.0,447.0,440.5,261.0,69.0,4724.0,120.0,1387.0,241.0,2240.5,524.0,343.0,2309.0,1068.0,134.5,94.5,267.0,3210.0,161.0,559.0,883.0,167.0,794.0,340.0,1331.0,333.0,1216.5,489.5,6746.0,606.0,1012.0,20953.0,11586.5,1007.5,679.0,9378.5,31763.0,2766.0,4822.5,1941.5,1319.0,27013.5,1760.5,3200.5,2108.0,1536.0,788.5,37904.0,40422.5,1913.0,559.0,4170.0,9385.0,24989.5,223.5,479.0,300.0,653.0,316.0,1448.0,1719.0,2199.0,2729.5,1931.0,904.0,331.0,78.0,520.0,357.0,167.0,150.0,950.0,192.0,309.5,187.5
425,149.0,522.0,197.0,396.5,151.0,955.0,593.0,780.0,247.0,906.0,2851.0,1767.0,749.5,48.5,1344.0,673.0,1596.0,1377.0,249.5,130.0,774.5,199.5,166.0,952.0,450.5,202.0,1542.0,1983.5,772.5,119.0,108.5,919.0,17356.0,1001.0,1593.0,660.0,298.0,924.0,386.5,65.0,84.0,129.0,111.5,951.5,6168.0,1592.0,364.0,1892.0,219.0,773.5,1557.5,367.0,188.0,903.5,55.0,299.0,215.5,1340.0,1303.0,2812.0,285.0,197.0,750.0,168.0,308.0,108.5,1523.0,74.5,571.0,297.0,350.0,197.0,67.0,6009.5,114.0,1068.0,187.0,1760.5,348.5,249.0,1605.0,790.5,106.0,84.0,200.0,2238.0,152.0,352.0,576.0,142.0,557.0,242.0,1205.0,235.0,849.0,360.5,8012.0,907.0,1011.0,20723.0,12330.5,1422.0,1159.0,7011.0,30452.0,4244.0,7016.0,3359.0,1086.0,23506.0,1940.0,10008.0,3478.0,2600.0,1597.0,33798.5,41469.0,2248.5,619.0,5321.0,13494.0,26128.0,349.0,787.0,367.0,673.0,258.0,1597.5,4303.0,1770.0,4642.0,1650.0,1481.0,239.0,64.0,375.0,326.0,122.0,109.0,650.5,155.0,203.5,157.0
426,30.0,53.5,250.5,56.0,34.0,86.0,88.0,64.0,129.0,258.5,14.0,617.5,156.0,74.0,7228.0,85.0,70.0,112.0,42.0,10.0,488.0,37.0,53.0,4766.0,185.0,34.5,146.0,150.0,99.0,19.0,25.0,104.0,484.0,662.0,47.0,66.0,36.5,67.0,166.0,26.0,28.0,42.0,33.0,125.0,414.5,173.0,61.0,1922.5,40.5,1175.0,242.5,45.0,55.0,1360.0,42.0,40.0,75.0,136.0,376.0,318.0,101.0,42.0,16.0,103.5,39.0,29.5,119.0,17.5,46.0,33.0,80.5,49.0,34.0,773.0,167.0,95.0,33.0,5868.0,39.0,32.0,449.5,67.0,24.0,35.0,60.5,263.0,38.0,40.0,67.0,57.0,117.0,60.5,126.0,1238.0,150.0,74.0,1425.0,463.0,75.0,16713.0,3424.0,256.0,167.0,1131.0,7049.5,1251.0,1540.5,795.0,133.0,7749.5,420.0,6663.0,459.5,165.0,4285.5,297.0,12935.0,577.0,191.0,944.0,5673.5,6569.0,92.0,175.0,335.5,52.0,64.0,302.0,3197.0,52.0,717.0,554.0,3151.0,34.0,74.0,56.0,38.0,29.0,23.0,2071.0,63.0,25.0,49.5
427,561.5,613.5,949.0,894.0,1207.5,831.0,750.0,617.0,506.0,415.0,783.0,843.5,1547.5,425.0,4648.0,1861.0,467.0,704.0,490.0,60.0,2283.0,284.0,5696.0,1570.5,550.0,690.0,526.0,385.0,830.0,686.0,692.0,312.0,828.0,395.0,781.0,883.0,755.5,705.0,334.0,255.0,946.0,306.0,750.0,647.0,1123.0,438.0,382.5,611.5,780.0,314.5,709.0,876.5,369.0,726.5,851.5,1075.0,728.0,311.5,372.0,1731.5,966.0,284.0,570.0,269.0,209.0,680.0,575.0,785.0,837.5,731.5,679.5,572.0,1097.0,672.0,666.0,367.0,460.0,1239.0,666.0,568.0,915.0,512.0,466.0,486.0,471.5,1309.0,295.0,817.0,414.0,297.0,495.0,1334.5,2688.0,556.0,385.5,1675.0,1577.0,658.0,1362.0,30360.0,8564.0,7580.0,242.0,3838.0,14620.0,2276.0,8081.0,957.0,1080.5,44528.0,11235.0,23471.5,1316.0,495.5,2462.0,11873.0,28290.0,470.0,1231.0,621.0,28658.0,7609.0,407.0,198.0,225.0,245.0,441.0,722.0,44068.0,461.5,835.5,3555.5,1763.5,510.0,1360.0,322.5,629.0,1187.0,1280.0,3330.0,979.0,1047.5,631.0
428,55.0,72.0,226.5,289.5,33.0,135.0,92.0,61.0,139.0,117.0,58.0,722.5,433.0,25.0,295.0,61.0,207.0,81.5,109.0,19.0,644.0,53.0,448.0,3377.0,60.5,62.5,221.0,139.0,116.0,29.0,31.0,175.0,410.5,120.0,116.0,70.0,117.5,8222.0,113.0,330.0,59.0,1515.0,42.0,106.0,332.5,464.0,56.0,1611.0,44.0,380.0,200.0,347.0,652.5,158.0,110.0,4083.0,121.0,78.0,77.0,577.5,199.5,1868.0,122.0,426.0,121.0,43.0,90.0,29.0,1048.0,46.0,55.0,35.0,50.0,678.0,758.0,92.0,49.5,8285.0,107.0,85.5,1094.0,71.0,58.0,74.0,48.0,630.0,43.0,42.0,454.0,27.0,271.0,89.0,704.0,60.0,137.5,77.0,153.0,328.0,220.0,1354.5,188.0,5472.0,411.5,133.0,2313.0,2586.0,5100.0,6724.0,103.0,3836.0,644.0,1845.0,197.0,185.0,33350.0,176.0,687.0,288.0,500.5,1077.0,3837.5,590.0,77.0,113.0,1400.0,164.0,1074.0,76.0,29923.0,435.0,456.5,287.0,135.0,39.5,23.0,144.5,326.5,33.0,32.0,1596.0,91.0,37.0,172.5
429,154.5,126.0,498.5,1514.5,76.0,300.0,165.5,158.0,255.0,238.5,145.0,2787.5,2059.0,47.5,513.5,121.0,317.0,152.0,493.0,31.0,2366.5,102.0,1643.0,7611.0,151.0,209.5,472.5,333.5,245.0,71.0,71.0,282.5,647.0,378.5,293.0,110.5,286.0,14179.0,362.0,949.0,161.5,3559.5,108.0,227.0,510.0,616.0,157.0,2459.0,86.0,1368.0,356.0,1208.5,2049.0,409.5,289.0,13126.0,172.5,144.0,154.0,1035.0,521.0,8571.0,637.5,1466.5,774.0,96.0,170.0,81.0,2045.5,111.5,149.0,84.0,186.0,1156.5,1455.5,194.5,131.0,24127.0,147.0,396.0,5078.5,130.0,261.0,282.0,137.0,1425.5,96.0,94.0,1959.5,70.0,361.0,166.0,2955.0,143.0,636.0,216.0,406.5,1664.0,548.0,1588.0,532.0,9098.0,1595.0,512.0,7212.0,5105.5,12060.0,15068.0,266.0,5913.0,1682.0,2399.0,758.5,758.0,47564.0,587.0,3711.5,824.0,1448.5,470.0,10201.5,833.0,282.0,429.5,2972.0,752.5,2632.0,195.0,44884.5,1450.0,1038.0,1045.0,372.0,85.0,68.0,804.0,1245.0,83.5,74.5,4610.5,342.5,85.0,481.0
430,59.0,73.0,132.0,83.0,34.5,152.5,122.0,138.0,142.5,236.0,34.0,302.0,831.0,41.0,395.0,136.0,245.0,201.0,77.0,35.0,7384.5,54.0,56.0,2823.5,99.0,59.0,349.0,927.0,320.0,39.0,33.0,213.0,600.0,226.0,164.5,72.5,47.0,187.0,280.5,739.0,40.0,71.0,56.0,268.0,665.0,307.0,70.0,1449.5,71.0,237.0,1328.0,132.0,134.0,190.0,60.0,125.0,132.0,236.0,260.5,469.5,258.0,111.0,90.0,132.5,61.5,49.0,334.0,31.0,92.0,88.5,513.0,54.0,83.5,18331.0,73.0,217.0,68.5,1929.0,79.5,68.0,473.5,142.5,43.0,74.0,131.0,465.0,75.0,87.0,168.5,58.0,181.0,46.0,1307.0,294.0,141.0,247.0,230.0,201.0,500.0,1137.5,344.0,152.0,142.0,245.0,3962.0,231.0,990.0,222.0,276.0,15960.0,196.0,15649.5,216.5,220.0,254.5,204.5,995.0,162.0,359.0,244.0,13125.0,865.5,175.0,119.0,114.0,250.0,124.0,156.5,266.5,162.5,934.0,151.0,375.0,57.0,38.0,163.0,119.0,45.0,45.0,12069.0,922.0,50.5,220.0
431,64.5,86.0,196.5,96.0,41.0,182.0,112.5,167.0,152.0,248.0,46.0,330.0,1007.0,45.0,402.5,175.0,419.0,268.5,121.0,42.0,1921.5,60.0,66.5,4672.5,115.5,69.0,435.5,1195.0,301.0,48.0,46.0,226.0,635.0,310.0,178.0,105.0,59.0,219.0,374.0,1408.0,51.0,83.0,66.0,252.0,733.0,369.0,73.5,2331.0,90.0,289.0,1593.0,142.0,96.0,242.0,86.0,206.0,198.0,301.5,306.0,515.5,241.5,152.5,136.5,181.0,70.0,59.0,344.0,37.0,130.0,126.5,793.5,58.0,106.0,13974.0,90.0,249.0,88.0,4703.0,93.0,73.0,567.0,173.0,51.0,102.0,176.5,702.0,68.0,101.0,174.0,72.0,230.0,58.0,1216.5,335.0,236.5,319.0,457.0,583.0,1509.5,2004.5,513.0,183.0,185.5,253.0,2790.5,388.0,1317.0,328.0,251.5,10508.0,271.0,11110.5,270.5,214.0,281.5,224.0,2420.0,282.0,864.0,358.0,6080.0,928.0,263.0,132.0,105.0,376.5,110.5,286.0,297.0,229.5,1529.0,218.0,438.0,57.0,52.0,214.0,116.0,54.0,52.0,3795.5,375.0,63.0,825.0
432,49.0,83.5,155.0,74.0,40.0,512.0,88.0,133.0,132.0,254.5,31.0,534.0,584.0,20.0,113.0,107.5,125.5,225.0,55.0,37.0,653.5,56.0,76.0,868.5,81.0,49.0,694.0,170.5,188.0,36.0,29.0,199.0,695.0,4690.0,91.5,96.0,93.0,135.0,115.5,492.0,47.0,76.0,59.0,144.0,634.5,286.0,98.5,132.0,48.0,191.0,267.0,119.0,143.0,202.5,31.0,304.0,181.0,229.0,237.0,562.0,147.0,73.0,34.0,49.0,75.0,47.0,238.0,31.0,71.0,64.0,85.0,52.0,77.0,16870.0,102.5,166.5,66.0,226.0,58.5,47.0,459.0,181.0,38.0,61.0,43.5,684.0,41.0,84.0,121.0,39.0,164.0,133.0,294.0,67.5,146.5,116.0,4848.0,2065.5,338.0,22149.0,9743.5,6028.0,573.0,2666.0,27565.5,2206.0,3423.0,1257.0,589.0,25783.0,778.0,20113.5,3652.0,2565.0,12252.0,10521.0,41055.0,1344.0,554.0,3329.5,26668.5,25346.0,470.0,250.0,186.0,152.5,109.0,1007.0,816.0,130.0,4372.0,5207.0,994.5,61.0,34.5,103.0,60.0,43.0,40.0,3462.5,121.0,46.0,1553.5
433,77.0,203.0,321.0,128.0,68.5,295.0,157.0,266.0,172.0,333.0,32.5,2100.0,342.0,39.0,235.5,212.5,230.0,482.0,95.0,37.0,1285.0,114.0,78.0,1879.0,149.0,149.5,518.0,1007.0,410.5,53.0,47.0,326.0,1386.5,156.5,412.0,205.0,151.5,228.0,239.0,72.0,62.5,134.0,61.0,323.5,1743.5,523.0,186.5,233.5,91.0,646.0,668.5,126.0,93.0,600.0,139.0,77.5,151.0,390.5,402.5,864.0,243.0,115.0,34.0,86.0,96.5,66.5,432.0,66.0,67.0,99.0,286.0,108.0,133.0,154.0,754.0,354.5,94.5,398.0,129.0,95.0,601.0,267.5,58.5,78.0,67.0,785.0,82.0,158.0,233.5,62.0,454.0,82.0,274.0,131.0,287.0,506.0,598.0,176.5,368.0,2720.0,1754.0,209.0,191.5,321.5,7633.0,268.5,542.0,409.0,413.5,2160.0,235.0,1627.5,397.0,673.0,1069.0,323.5,14573.5,275.0,384.5,794.5,8172.5,2148.0,1022.0,139.5,117.0,170.5,109.0,316.0,331.0,195.0,837.0,172.0,2290.0,92.0,31.0,171.5,151.0,45.0,57.0,2599.5,358.0,79.0,129.5
434,40.0,96.5,111.0,62.0,30.5,137.0,80.5,118.0,119.5,146.0,14.0,576.5,181.0,17.0,126.0,99.0,88.0,227.0,44.0,16.0,376.0,57.0,44.0,439.0,67.0,46.5,241.0,485.0,193.0,26.0,24.0,154.0,724.0,71.0,204.0,92.0,78.0,105.0,108.0,28.0,29.0,56.0,27.0,150.0,863.0,253.5,85.5,83.0,45.0,286.0,281.0,61.5,38.0,245.0,58.0,43.0,94.0,173.0,170.0,541.5,193.0,63.0,20.0,40.5,54.0,34.0,207.5,35.5,33.0,55.0,168.0,42.0,55.5,61.0,247.0,162.0,46.0,201.0,64.0,46.0,264.0,120.0,30.0,30.0,35.0,325.0,54.0,70.0,109.0,29.0,200.0,39.0,122.0,61.0,140.0,108.0,214.5,71.0,145.0,404.0,598.0,92.0,80.0,80.0,1840.0,130.0,789.5,140.0,180.5,600.0,93.0,528.5,114.0,111.0,179.0,115.5,5165.0,101.5,164.0,346.0,1279.0,737.0,161.0,62.0,53.0,77.0,57.0,140.0,126.0,81.0,395.0,85.5,172.0,51.0,17.0,87.0,72.0,25.0,31.0,207.5,86.0,35.0,72.0
435,23.0,39.0,101.0,37.0,15.0,93.0,47.0,35.0,116.5,76.0,24.0,242.0,635.0,12.0,88.0,48.0,100.0,69.0,74.0,18.0,889.5,26.0,354.0,422.0,73.0,57.0,77.0,60.0,1072.0,15.0,15.0,106.0,294.0,89.0,39.5,35.5,35.0,693.0,115.0,70.0,19.5,86.0,31.0,67.0,247.0,172.0,51.0,473.0,68.0,81.0,172.0,62.0,70.5,83.0,42.0,75.5,107.0,77.0,56.0,211.0,19389.0,34.0,14.0,27.0,25.0,30.0,54.5,17.0,49.5,134.0,106.0,22.0,23.0,24495.0,65.0,207.0,32.0,743.0,45.0,25.0,180.5,52.0,21.0,28.0,247.0,815.0,30.0,27.0,69.0,257.0,123.0,30.0,142.0,32.5,111.0,186.0,60.0,44.0,28.0,142.0,33.0,31.0,41.0,61.0,83.0,136.0,203.5,66.0,100.5,5519.0,649.5,1319.5,40.5,25.0,139.0,38.0,145.0,39.0,67.0,128.0,57.0,111.0,57.5,59.0,29.0,28.0,27.0,74.0,36.0,26.0,111.0,29.0,32.0,27.0,20.0,89.0,21.0,16.0,21.0,5324.0,80.0,18.0,694.0
436,21.0,38.0,104.0,37.0,14.0,94.0,50.0,33.0,105.0,72.0,25.0,261.0,218.0,14.0,75.0,39.5,81.0,49.0,54.0,18.0,741.0,28.0,220.5,390.0,86.5,48.0,70.0,61.0,1083.0,17.0,17.0,104.5,300.0,91.0,35.0,30.0,27.0,325.0,125.0,63.5,19.0,90.0,30.0,53.0,218.0,183.0,51.0,444.5,56.5,78.0,160.0,59.5,52.5,81.0,40.0,91.0,102.0,49.5,46.5,203.0,18446.0,31.0,14.0,25.0,23.5,30.0,52.0,15.0,42.0,102.5,95.0,20.5,21.0,22195.0,57.0,188.5,30.0,499.0,49.0,22.5,169.0,51.5,17.0,26.0,173.0,679.0,26.0,26.0,62.0,226.5,126.0,30.5,143.0,30.0,98.0,178.0,57.0,42.0,26.0,143.5,28.0,28.0,38.5,50.5,97.0,129.0,136.0,64.0,43.0,4411.0,424.0,572.0,38.0,25.0,131.5,36.0,118.0,37.5,65.5,101.5,62.0,110.0,54.0,27.0,30.0,30.0,24.0,72.5,34.0,24.0,118.5,30.0,33.0,22.0,17.0,97.0,18.0,15.0,19.0,4657.0,61.0,15.0,135.0
437,44.0,36.0,616.0,37.0,43.0,173.5,121.0,52.5,234.5,175.5,28.0,2143.0,94.0,12.0,253.5,54.0,185.5,82.5,53.0,30.0,1363.0,68.0,24.0,1672.5,53.0,33.5,114.0,460.0,140.5,90.5,29.5,187.0,2251.0,70.5,161.0,37.0,29.0,139.0,5046.0,6048.0,53.0,70.0,62.0,106.0,619.0,183.0,75.0,869.5,31.0,1670.0,427.5,50.0,205.5,62.0,105.0,66.0,89.0,81.0,85.0,339.0,7611.0,38.0,16.0,71.0,32.5,42.0,88.0,20.0,51.0,41.0,38.0,25.0,82.0,1002.0,187.5,106.0,37.0,377.0,67.0,26.0,276.0,60.0,18.0,75.0,62.5,729.5,29.0,33.0,61.0,17.0,92.0,108.5,452.0,57.0,120.0,141.0,213.0,26.0,123.0,267.0,211.0,30.0,103.0,29.0,1538.0,47.0,163.5,209.0,63.5,662.0,29.0,480.0,32.0,32.0,85.0,42.0,386.0,45.0,38.5,175.5,838.0,166.0,96.0,35.0,29.0,22.0,27.0,41.5,33.5,26.0,58.0,47.0,41.0,28.0,25.5,104.0,49.0,29.0,22.0,5261.0,200.5,20.5,308.0
438,43.0,38.0,657.5,38.0,34.0,174.0,117.0,53.0,232.0,157.5,33.0,2254.0,93.0,11.0,313.0,59.0,192.0,92.0,50.0,21.0,1568.0,74.0,25.0,1761.5,55.0,31.0,125.0,499.0,155.0,90.5,26.0,192.0,1439.0,73.0,154.0,40.5,25.5,140.0,5523.0,5364.0,60.0,71.0,68.0,99.0,666.5,179.0,71.0,1087.0,33.0,1230.0,457.0,50.5,212.0,62.5,98.0,67.0,92.0,84.0,88.5,343.5,4813.0,34.5,14.0,58.0,40.0,38.5,100.5,19.0,56.0,44.0,35.0,25.0,84.5,1148.0,174.0,97.0,35.0,382.0,66.0,28.0,264.0,70.0,19.0,72.5,39.5,833.0,31.0,37.0,64.0,18.0,105.0,117.0,471.0,57.5,95.0,133.0,248.0,25.5,98.0,270.0,199.5,32.0,106.5,26.0,1515.0,41.0,133.0,212.0,68.0,652.0,30.0,557.5,32.5,34.0,80.0,41.5,393.0,49.0,36.0,168.0,722.0,168.5,85.0,38.0,32.0,23.0,28.0,37.0,28.0,25.0,60.0,48.5,45.5,32.0,24.0,105.5,52.0,24.0,21.5,5411.5,313.5,21.0,157.5
439,29.0,47.5,55.0,39.0,20.0,56.5,64.0,48.0,106.0,75.0,13.0,138.0,151.0,13.0,64.0,43.0,917.0,75.0,25.0,13.0,199.5,42.0,27.0,186.0,43.0,35.0,97.0,119.0,65.0,19.0,20.0,80.0,481.5,114.5,33.0,77.0,39.0,63.5,270.5,25.0,26.0,41.0,23.5,77.0,524.5,128.0,47.0,47.0,29.0,650.0,126.0,33.0,71.0,112.0,128.0,373.0,71.0,63.0,69.0,441.0,149.0,50.0,19.0,72.5,37.0,36.0,72.0,20.0,21.0,33.0,42.0,32.5,31.0,52.0,27.0,86.0,32.0,126.0,34.0,30.5,280.0,59.0,23.0,23.0,57.0,251.0,38.0,33.0,43.0,208.0,103.0,32.0,175.5,37.0,79.0,45.0,82.0,105.0,65.0,3312.5,149.5,42.0,43.0,38.5,895.0,70.0,99.0,54.0,73.5,1778.0,46.0,611.0,66.0,55.0,156.0,74.0,1307.5,54.5,90.0,123.0,3500.0,203.0,173.5,38.0,35.0,38.0,39.0,94.5,69.5,39.5,255.0,91.0,111.0,39.0,18.0,43.0,120.0,20.5,27.0,932.5,66.0,24.0,140.0
440,30.0,47.0,51.0,38.0,22.0,56.0,55.0,44.0,101.0,74.0,14.0,100.0,122.5,16.0,57.0,41.0,982.5,74.0,29.0,12.0,208.0,44.5,31.0,209.0,46.0,29.0,94.0,134.0,67.0,21.0,22.0,78.0,362.0,156.5,32.0,88.0,37.0,62.0,205.5,25.0,26.0,40.0,25.0,63.0,561.0,120.0,45.5,47.0,29.0,275.0,113.5,36.0,77.0,115.0,163.5,435.5,73.0,63.0,74.0,348.0,132.5,52.0,21.0,76.0,35.0,37.5,76.0,21.0,22.0,34.0,45.5,35.0,26.0,56.0,27.5,83.0,33.0,115.0,34.0,31.0,215.5,58.0,25.0,23.0,64.5,176.0,34.0,32.0,49.0,259.0,99.5,33.0,252.5,34.0,92.0,41.0,192.0,281.0,162.5,4711.0,479.0,62.0,53.0,79.0,3332.0,118.0,127.5,92.0,104.0,1686.0,55.0,1666.0,107.5,106.0,171.5,193.0,5117.0,136.5,127.0,130.0,3657.0,411.0,196.0,48.0,44.0,46.0,40.0,170.0,50.0,44.5,565.0,1204.0,161.5,39.0,19.0,44.0,31.5,24.0,29.0,211.0,64.5,27.0,157.0
441,115.0,146.0,360.0,287.0,102.0,228.5,181.0,154.0,234.0,235.0,103.0,911.0,3669.0,95.0,2733.0,148.5,229.0,186.0,110.0,43.0,1093.0,126.0,183.0,19389.0,153.0,128.5,230.5,210.0,297.0,127.0,112.0,193.5,649.0,152.0,120.0,904.5,151.0,215.0,255.0,85.0,137.0,149.5,123.0,237.0,643.0,255.5,189.0,150.0,120.0,474.0,343.5,147.5,189.0,754.0,111.0,49266.0,162.0,162.0,200.5,623.0,234.0,11360.0,319.0,658.0,117.0,144.0,179.0,113.0,235.0,155.5,148.0,127.0,461.5,112.0,197.0,200.0,161.0,46253.0,156.0,192.0,8246.5,154.0,120.0,135.0,422.5,304.0,101.5,123.0,2402.5,170.0,283.5,114.0,368.0,161.0,287.0,163.0,20217.0,1520.0,409.0,53544.0,27623.0,1602.5,1679.0,2085.5,50186.0,7776.0,15161.0,9026.0,1406.0,61766.5,1045.0,6806.5,6510.0,2443.0,1154.5,37950.0,63618.0,8896.0,564.0,22954.0,24621.5,51060.0,405.0,870.5,364.0,364.0,216.0,3807.0,2017.5,974.0,14531.5,2824.5,7645.5,128.5,134.5,147.0,153.5,135.5,124.0,1212.0,668.0,134.0,126.0
442,80.0,130.0,232.5,168.0,71.0,190.5,165.0,142.0,190.0,244.0,51.0,337.0,2657.0,47.0,362.5,143.0,217.0,183.0,82.0,46.0,347.0,121.0,148.0,16433.0,105.0,93.0,261.0,191.0,251.5,72.0,69.0,186.0,693.0,116.0,100.0,647.0,123.0,146.0,185.0,74.0,77.0,127.0,74.0,229.0,698.5,269.0,150.0,112.5,81.0,508.5,327.0,108.0,128.0,669.0,68.0,42469.5,121.5,178.0,191.0,563.0,174.0,9928.0,275.5,594.0,111.0,94.5,205.0,65.0,151.5,126.0,124.0,90.5,342.5,66.0,90.0,196.0,140.5,33534.0,109.5,151.0,7190.5,158.0,88.0,83.0,326.5,329.5,94.0,107.0,1947.0,92.0,292.0,76.0,253.0,136.5,240.5,125.0,11490.5,1007.0,369.0,41745.0,15913.5,999.0,754.0,1835.0,33948.0,3862.5,6144.0,3817.5,784.0,46805.0,619.0,2236.0,3346.0,1346.0,824.0,22701.0,50048.0,5147.0,492.5,9442.0,17572.0,34546.0,352.0,431.0,211.0,331.0,148.0,2080.0,1071.0,753.5,5047.0,2646.0,3460.0,114.0,58.0,131.5,108.0,89.0,71.0,319.0,251.0,67.0,85.0
443,18.0,26.0,49.5,25.0,12.0,100.0,41.0,24.0,96.0,70.5,32.0,254.0,73.5,14.0,55.5,20.0,58.0,31.0,26.0,9.0,87.0,21.0,25.0,203.0,28.5,25.0,63.0,61.0,36.0,14.0,12.0,56.0,235.0,991.0,45.0,23.5,30.0,36.0,9757.5,248.0,26.0,27.5,17.0,1613.0,125.0,150.0,26.0,83.0,20.0,366.5,82.5,26.0,47.0,43.0,35.0,30.0,137.0,30.5,40.0,206.0,191.5,53.0,13.0,29.0,21.0,22.0,36.5,14.0,37.5,18.0,20.0,15.0,28.0,142.0,21.0,31.0,21.0,186.0,19.5,17.0,140.0,26.0,16.0,15.0,16.0,815.0,24.0,17.0,26.0,18.0,56.0,18.0,111.0,25.0,85.0,31.0,1008.0,329.0,31.0,7261.5,2179.0,2307.5,127.0,504.0,8402.0,437.5,813.0,411.5,66.0,8345.5,86.0,644.0,388.0,3217.5,186.0,5396.5,10652.0,373.0,105.0,737.0,2716.0,3962.0,43.0,77.0,52.0,30.0,38.0,287.0,270.0,27.0,512.5,205.0,133.5,28.0,18.5,26.0,258.0,18.5,18.0,2518.5,33.0,18.0,18.0
444,28.0,36.0,70.0,38.0,18.0,175.0,57.0,37.0,110.5,147.5,57.0,558.0,217.0,20.0,115.0,27.0,99.0,47.5,21.5,13.0,139.0,26.0,32.0,426.5,46.0,31.5,100.5,113.0,52.0,16.0,18.0,85.0,318.5,2176.0,93.0,36.0,47.5,57.0,13630.5,342.0,51.0,35.5,25.0,3368.0,196.0,273.0,34.0,148.0,37.0,934.5,119.0,35.0,75.5,82.0,53.0,42.0,236.0,47.0,56.5,287.5,338.0,69.0,17.0,57.0,26.0,31.0,58.0,18.0,88.0,24.0,31.0,21.0,49.0,312.0,30.0,52.0,30.0,322.0,26.0,24.0,917.5,39.0,19.0,27.0,31.0,964.5,30.0,23.0,34.0,42.0,76.0,22.5,189.5,31.0,149.5,65.0,4041.0,1136.0,77.0,17278.0,7067.0,6663.0,424.5,1999.0,21827.0,1490.0,3031.0,1569.5,177.0,22793.0,294.0,2218.0,1518.0,7580.0,670.0,12756.0,33097.0,1235.0,317.0,3131.0,9838.0,15928.0,109.0,233.0,121.0,63.5,90.5,869.0,845.0,57.5,2202.0,563.5,404.0,35.0,31.0,31.5,362.0,30.0,24.0,4910.5,63.0,21.0,25.0
445,40.0,77.5,226.0,59.0,31.0,148.0,361.5,114.0,132.0,370.5,51.0,699.0,410.0,34.0,228.0,159.5,2283.0,202.0,68.5,6427.0,765.0,63.5,44.0,351.5,98.0,47.5,322.0,876.0,268.0,31.0,33.0,523.0,1070.5,1135.0,994.0,175.5,69.0,549.0,5199.0,36.0,191.0,51.0,116.0,191.0,3198.0,615.0,118.0,98.5,97.0,565.5,358.0,65.0,49.0,247.0,23.0,480.0,123.0,205.0,198.5,4215.0,575.0,54.0,19.5,59.0,48.0,36.0,239.0,24.0,30.0,45.5,102.0,43.0,63.5,47564.0,46.0,307.0,42.0,578.0,51.0,44.0,569.0,121.0,28.0,200.5,42.5,624.0,46.0,66.0,94.0,31.0,326.0,44.0,434.5,48.0,123.0,89.0,531.0,601.0,762.0,32602.5,1461.0,499.5,475.0,2430.0,12804.0,797.0,1386.0,2929.0,765.0,20240.0,3133.0,6780.0,593.5,1027.0,4299.0,1918.0,3621.5,366.0,594.0,320.0,4670.0,1356.0,603.0,508.0,202.0,563.0,195.5,337.0,27623.0,477.0,600.0,491.0,627.0,55.0,21.0,76.5,52.0,409.0,30.0,835.0,459.0,38.0,42.0
446,46.0,109.0,297.0,78.0,38.0,164.0,441.5,134.0,157.0,621.0,45.0,879.0,535.0,42.0,190.0,136.5,2701.0,233.0,74.0,9608.0,962.0,74.5,54.0,576.0,99.0,56.0,326.0,1089.0,278.0,33.0,34.0,448.5,998.5,1214.0,1038.0,143.0,69.5,563.0,5818.0,51.5,323.0,68.0,127.0,210.5,2113.0,685.0,172.0,134.0,118.0,565.0,374.0,86.0,63.0,220.0,28.0,411.0,142.0,224.0,208.5,3521.0,523.5,67.0,24.0,90.0,73.0,50.0,244.0,27.0,45.0,63.0,142.5,52.0,94.5,63963.0,74.0,421.0,53.0,646.5,59.0,54.0,776.0,150.0,34.0,270.0,44.0,644.5,53.5,78.5,123.0,42.0,345.0,54.0,388.0,62.0,163.0,104.0,507.0,836.0,502.0,50324.0,2293.0,674.0,534.0,6427.0,36420.5,1289.0,2933.0,6530.0,1174.5,50232.0,3892.0,29164.0,722.0,1475.0,6906.5,3574.0,2376.5,419.0,777.5,520.0,13546.0,1395.0,664.0,965.5,226.5,747.0,217.0,553.0,51405.0,585.0,747.0,595.0,797.0,65.0,26.0,91.0,75.0,602.0,40.5,1550.0,435.5,46.0,56.5
447,359.0,125.0,141.0,111.5,153.0,248.0,178.0,361.0,168.5,239.5,92.0,228.0,211.0,35.0,262.0,2247.0,387.0,3743.0,117.0,60.0,399.0,92.0,79.0,290.0,180.0,74.5,415.5,580.0,237.0,61.5,48.0,249.0,978.0,397.0,113.0,119.0,115.0,161.0,171.0,5765.5,57.0,107.0,3659.0,287.0,1306.5,455.0,116.0,254.0,77.0,593.0,492.0,99.0,95.0,3161.0,51.0,2598.0,93.5,306.0,334.0,593.0,129.0,125.0,46.0,92.5,87.5,53.0,471.0,46.5,182.0,90.0,143.0,83.0,263.0,2066.0,1113.0,340.5,101.5,418.0,102.0,97.0,485.5,190.0,64.0,62.0,704.0,930.0,78.0,115.0,179.5,67.0,255.5,74.0,261.0,121.0,218.0,127.0,288.5,192.0,866.5,368.5,247.0,2636.0,202.5,173.5,167.0,162.5,18975.0,407.5,2674.0,492.0,245.0,863.0,214.0,116.5,161.0,238.0,634.5,192.0,287.0,424.0,1320.5,3269.0,164.5,135.0,119.5,199.0,122.0,183.0,399.0,252.0,388.0,201.0,302.0,98.5,38.0,132.0,103.0,140.0,61.0,2686.0,94.0,90.5,202.0
448,547.0,163.5,190.5,130.0,243.0,293.0,189.0,716.0,191.0,273.5,130.0,285.0,267.0,43.0,324.0,1933.0,536.0,4689.0,125.0,109.0,488.0,120.0,105.0,418.0,243.5,86.0,475.0,791.0,307.5,72.0,64.0,288.0,1106.0,516.5,138.0,155.0,158.0,188.0,223.0,8540.5,74.0,140.0,4839.5,317.0,1358.0,505.5,150.0,355.0,85.0,940.5,541.0,123.5,121.0,4599.0,65.0,4413.0,116.0,361.0,430.0,655.5,152.0,160.0,56.0,120.5,99.0,71.0,550.5,65.0,295.0,107.5,160.0,112.5,283.0,2402.0,1839.5,373.5,131.0,619.5,121.5,115.0,572.0,220.0,72.5,107.0,1262.0,1004.5,99.5,130.0,207.0,89.0,333.0,92.0,357.0,141.0,302.0,152.5,406.0,251.5,1738.5,536.0,343.5,5114.5,284.0,253.0,294.0,231.0,18825.5,567.5,3383.0,651.0,329.0,1340.5,279.0,151.5,224.0,338.5,904.5,280.0,397.0,647.5,2072.0,4783.5,233.0,182.0,156.5,280.0,168.0,260.0,560.0,362.0,517.0,277.0,421.5,115.0,47.0,168.0,124.5,153.0,74.0,3812.0,140.0,92.0,236.0
449,65.0,154.0,97.0,104.0,57.0,219.5,137.0,204.5,138.5,338.5,26.0,293.5,586.0,33.0,1353.0,234.5,130.0,3795.0,71.5,36.0,708.0,92.0,67.0,368.0,108.0,88.0,1171.0,851.0,219.0,48.0,44.0,236.0,906.5,168.0,1277.0,127.0,115.0,300.5,112.0,56.0,58.5,83.0,571.0,216.0,1090.0,350.0,204.0,1478.0,70.0,372.0,364.0,112.5,72.0,381.0,38.0,82.0,98.0,304.0,336.0,494.0,105.0,98.5,39.0,91.0,95.0,63.0,336.0,43.0,66.0,88.5,102.5,79.5,524.0,1533.0,69.0,338.0,79.5,1686.0,96.0,77.0,809.0,1170.5,56.0,44.0,65.0,519.0,73.0,130.5,218.5,59.5,214.0,59.0,181.5,96.5,293.0,111.5,6830.5,5448.0,1369.0,16343.0,8050.0,2229.5,782.0,1293.0,22724.0,4070.0,9586.0,3041.0,4678.5,29313.5,1336.0,5423.0,5462.0,3694.0,16774.0,12594.0,36363.0,3820.0,3504.0,6694.5,13609.0,23931.5,819.0,512.0,261.0,634.0,238.0,1263.0,721.0,480.0,7604.0,12030.0,12312.0,101.5,36.0,129.0,85.0,54.5,54.0,1019.0,105.0,69.5,113.0
450,62.0,169.0,92.0,108.0,59.0,230.0,138.0,218.0,145.0,340.0,26.0,280.0,649.5,33.5,1226.0,263.0,128.0,3961.5,81.0,36.0,772.0,94.0,60.0,360.0,117.0,95.5,1179.0,957.0,244.5,49.0,44.0,241.0,947.0,183.0,894.0,139.0,108.0,259.0,113.0,77.0,64.0,84.0,584.0,230.0,1280.0,356.0,293.0,1190.0,72.0,392.0,401.5,103.5,75.5,371.0,38.0,77.5,97.0,325.5,376.0,503.0,125.0,103.0,34.0,93.5,90.0,57.0,393.0,45.0,66.0,95.0,126.0,77.5,515.0,2085.0,65.0,321.0,72.0,1493.0,92.0,76.0,777.0,1395.0,50.5,45.0,61.0,535.0,79.0,123.0,233.5,56.0,212.0,65.0,183.0,90.0,238.5,110.5,5955.0,3259.0,810.0,12709.0,6516.0,1915.0,614.0,754.0,18791.0,2987.0,9414.5,2210.0,4096.0,26162.5,751.0,3479.0,3131.5,2247.5,12901.0,10122.0,32062.0,2246.5,2235.0,4534.0,4843.0,18411.5,517.5,390.0,217.0,418.0,191.0,1225.0,459.0,347.5,5815.0,7986.5,7519.0,96.0,39.0,127.5,85.0,63.5,57.0,784.5,123.0,68.0,158.0
451,111.0,78.0,331.5,125.0,37.0,181.0,125.0,116.0,173.0,180.0,66.0,1124.5,4152.0,23.0,221.5,84.0,254.0,223.0,117.5,29.0,1006.0,56.0,70.0,5019.0,127.0,336.0,2779.0,272.0,211.0,152.5,30.0,201.0,9979.0,1599.5,652.0,75.0,60.0,9043.0,233.0,40.0,48.0,89.0,636.5,167.0,640.0,256.0,462.0,704.0,48.0,219.0,369.0,148.0,132.0,263.0,486.0,93.0,89.0,189.0,183.0,458.0,227.5,81.5,24.0,298.5,48.0,73.5,218.0,32.0,64.5,60.0,71.0,44.0,48.0,504.0,2313.0,2131.0,47.0,414.5,61.0,50.0,499.5,127.0,43.0,181.5,34.0,443.0,58.5,72.0,95.5,49.0,185.0,73.0,412.0,96.0,165.0,126.0,1654.5,959.5,594.5,34592.0,4663.5,1328.0,515.0,8184.0,12067.0,1079.0,1288.5,1758.0,630.0,40986.0,687.5,56131.5,1806.0,1146.5,6853.5,5264.5,21332.5,1235.0,1013.0,1184.0,15352.0,7802.5,1049.0,405.0,258.0,488.5,229.0,729.0,51244.0,489.0,1689.0,5256.0,2222.5,49.0,156.0,79.0,64.0,678.0,39.0,5159.5,190.0,50.0,82.5
452,133.0,91.0,387.0,114.0,40.0,150.5,141.0,132.5,205.0,196.0,86.0,1459.5,4798.0,26.0,270.0,95.0,306.0,229.5,142.0,41.0,1251.5,69.0,74.0,6595.5,133.0,401.5,3138.0,351.0,250.0,806.0,35.0,216.0,11829.5,1577.0,1029.5,80.5,70.0,10285.0,252.5,48.0,59.5,96.0,835.0,182.5,748.0,280.0,572.0,894.0,55.0,273.0,425.0,158.0,156.0,353.0,644.0,152.0,115.0,186.0,189.0,607.0,281.0,93.5,27.0,408.0,54.0,89.0,203.0,36.0,74.0,65.0,82.0,49.0,59.0,664.0,1749.0,4179.0,58.0,496.0,71.0,54.0,604.5,133.5,47.0,227.0,44.0,534.0,85.5,73.5,110.0,43.0,223.0,96.5,516.0,106.0,156.0,142.0,1792.5,1309.5,1080.0,26795.0,5893.0,1346.0,792.0,5484.0,16046.0,1430.5,1720.0,2806.0,894.0,54004.0,1067.0,70069.5,1959.0,2060.0,8200.0,8410.0,28485.5,1607.5,1673.0,1310.0,24978.0,11972.5,1533.5,769.0,543.0,820.0,500.0,1163.0,61732.0,905.0,1940.0,8863.0,2280.0,59.0,181.5,95.0,316.0,1174.5,55.0,6349.0,231.0,59.0,93.0
453,24.0,56.0,55.0,48.0,25.0,81.0,54.0,74.0,110.0,278.0,30.0,159.0,242.0,17.0,128.0,46.0,98.5,106.5,32.0,15.0,229.0,41.5,35.0,198.0,119.5,55.0,140.5,467.0,112.5,19.0,17.0,114.0,611.5,9829.5,40.0,48.5,41.0,175.0,76.0,65.0,24.5,44.0,23.0,73.0,427.0,193.0,58.5,386.0,39.0,1074.5,170.0,41.0,55.0,213.0,17.0,50.0,85.0,92.0,95.0,273.0,579.0,45.0,18.0,51.0,35.0,30.0,481.0,18.5,63.0,60.0,95.5,28.0,69.0,2043.0,110.5,304.0,37.0,306.0,47.0,31.0,191.0,76.0,27.0,26.0,565.0,192.0,36.0,37.0,3227.0,34.0,181.0,40.5,104.0,41.0,122.0,51.0,82.0,57.0,59.0,95.0,71.0,63.0,55.5,45.0,100.0,58.5,103.0,179.0,93.0,151.0,75.0,141.5,174.5,86.0,103.0,88.0,348.0,68.5,118.0,220.5,636.0,569.5,46.0,53.0,45.0,50.0,121.0,54.0,94.5,57.0,143.0,65.0,85.0,46.0,16.0,50.0,57.0,55.0,29.0,466.0,107.5,28.0,32.5
454,29.0,75.5,72.0,66.0,34.0,108.5,66.0,102.0,112.0,368.0,37.0,202.5,358.5,22.0,157.0,59.0,147.0,150.5,35.0,17.0,321.5,59.5,39.0,252.5,173.5,83.0,178.0,619.0,159.0,22.0,23.0,141.0,818.0,10111.0,49.0,73.0,52.0,227.5,103.0,79.0,30.0,54.0,30.0,99.0,535.5,267.0,71.0,458.0,46.0,1203.0,216.5,54.0,98.0,317.0,23.0,70.5,88.0,127.0,127.5,314.0,780.0,54.0,19.0,79.0,43.0,34.0,527.0,22.0,76.0,78.0,118.0,36.0,114.0,342.0,128.5,326.0,46.0,445.0,54.0,36.0,295.5,91.5,30.0,27.5,1265.5,273.0,38.0,50.0,3473.0,42.0,222.5,49.0,148.0,51.0,140.0,62.0,96.5,74.0,79.0,135.0,88.0,82.0,69.0,59.5,136.0,79.0,144.0,264.0,122.5,176.5,100.0,198.5,270.0,90.0,125.0,131.0,511.0,92.5,147.0,289.0,1179.0,867.0,53.5,73.0,51.0,63.0,149.5,70.0,113.5,72.5,213.5,86.0,119.5,56.5,18.0,66.0,83.0,70.0,32.5,593.5,164.0,30.0,32.0
455,37.0,54.5,82.5,61.0,50.0,91.0,59.5,76.0,110.0,130.5,146.0,195.0,991.5,17.0,668.0,68.0,226.0,129.0,45.0,13.0,273.0,41.0,33.5,238.0,68.5,33.5,131.5,233.0,112.0,19.0,21.0,178.0,436.5,15384.0,57.5,63.0,46.0,110.0,85.5,66.0,24.0,42.5,32.0,108.0,415.0,259.0,153.5,143.0,32.0,148.0,174.0,44.5,149.5,107.0,28.0,731.0,195.0,107.0,128.5,282.0,154.0,46.0,19.0,72.0,39.0,32.0,126.0,19.0,144.0,42.0,554.5,29.0,102.0,4316.0,48.0,89.5,34.0,192.0,37.0,46.0,225.0,75.0,25.0,70.0,34.0,201.5,39.0,47.0,65.0,30.0,118.5,61.5,535.0,38.0,86.0,85.0,652.5,100.5,125.5,2935.5,1636.0,618.5,131.0,350.5,4838.0,452.0,1146.0,397.5,112.0,3009.0,163.0,840.0,319.5,181.5,595.0,539.0,6024.0,348.0,245.0,421.0,1671.0,2865.0,55.0,88.5,70.0,49.0,42.5,173.0,220.0,94.0,431.0,447.0,192.0,36.0,15.5,61.0,37.0,357.0,26.5,2355.0,130.5,26.0,876.0
456,48.0,62.5,111.5,66.0,48.5,96.0,71.0,90.0,125.0,148.5,240.0,304.5,1147.0,22.0,796.0,66.0,251.0,155.0,55.0,15.0,323.0,45.0,32.5,324.0,76.0,40.0,153.0,228.0,136.0,22.5,24.0,191.5,521.0,14191.0,60.0,69.0,57.0,138.0,102.0,90.0,30.0,49.0,43.0,119.0,500.0,291.5,798.0,170.0,35.0,183.0,198.0,50.0,286.0,148.0,29.5,693.0,209.5,116.5,131.0,391.5,200.5,56.5,21.0,95.5,52.5,38.0,139.0,25.5,160.0,49.0,557.0,35.0,121.0,4628.0,57.0,108.0,38.0,195.0,42.0,54.0,343.5,86.0,29.0,100.0,35.0,216.0,38.0,50.0,69.0,36.5,123.0,87.0,612.0,45.0,86.5,97.0,1822.0,349.0,204.0,8150.5,4635.5,1087.0,340.0,1467.0,12153.0,1231.0,2543.0,1074.0,234.5,6821.0,572.0,3414.0,1264.0,713.5,1652.0,2248.0,15414.0,841.0,527.0,1478.0,3191.0,7720.5,211.0,251.0,139.0,150.0,92.0,437.5,2793.0,219.0,1402.5,690.0,795.5,43.0,19.0,74.0,49.0,612.0,31.5,4146.0,127.0,29.0,927.0
457,584.5,270.0,8719.0,178.0,116.0,317.0,938.0,258.0,2306.0,394.0,469.5,25426.5,7040.0,75.0,1371.0,257.0,504.0,390.0,909.5,63.0,21574.0,256.0,302.0,32269.0,640.0,414.0,447.5,758.0,3430.0,128.0,99.0,867.0,1695.5,271.0,367.0,306.0,249.0,396.0,6740.0,119.5,746.5,777.0,922.0,1484.0,2759.0,615.5,257.0,1307.5,130.0,1516.5,6659.0,163.5,2833.0,1843.5,165.5,1677.0,216.0,306.0,344.5,684.0,482.0,501.0,99.0,305.0,156.0,126.0,352.0,136.0,202.0,179.5,250.0,217.0,122.5,3392.5,135.0,570.0,161.0,813.0,525.0,197.0,852.5,270.0,115.5,1304.0,135.0,1098.0,150.0,162.0,318.0,118.5,738.0,139.0,5123.5,454.0,1057.0,2934.0,5615.0,572.0,1665.0,4473.0,928.0,658.0,1841.0,1059.0,21551.0,883.0,948.0,5670.0,568.0,5451.0,977.5,21079.5,916.5,7757.0,1007.0,13582.5,2642.5,962.0,1754.0,5168.5,5069.5,8580.0,634.5,305.0,288.0,775.0,233.5,506.5,1989.0,894.0,3502.0,768.5,927.0,216.5,143.0,205.0,348.0,423.0,118.0,62951.0,2736.0,149.0,358.0
458,406.0,170.0,6218.5,118.0,76.0,192.0,641.0,161.5,1692.0,227.0,257.0,18561.0,4973.0,46.0,1202.0,157.0,152.5,224.0,574.5,34.0,16833.5,170.0,205.0,16479.0,321.0,236.0,272.5,383.5,2581.0,91.0,71.0,531.0,934.0,166.5,214.0,179.0,143.5,253.0,4905.0,82.0,587.0,457.0,716.0,1025.0,1644.0,361.0,192.0,546.0,84.5,435.0,5166.0,107.0,2123.0,1053.0,105.0,1097.0,170.0,183.5,186.5,423.5,310.0,244.0,71.0,216.0,107.0,82.0,209.0,99.0,133.0,130.0,162.0,140.0,79.0,2406.0,82.0,378.0,112.0,275.0,314.0,124.0,443.0,170.5,81.5,918.0,86.5,315.0,100.0,113.0,194.5,80.0,465.0,96.5,4168.0,316.5,591.0,2193.0,4586.5,323.0,819.0,2319.0,487.0,339.5,1186.0,533.0,15045.0,445.0,462.0,3963.5,298.5,3378.0,593.0,13994.5,487.0,2999.0,249.0,2233.0,1372.0,662.0,2200.0,2446.0,2262.5,3218.0,337.0,189.0,179.0,375.0,139.0,292.5,864.0,391.0,1676.5,404.0,518.0,143.0,98.5,123.0,148.5,229.5,79.0,36386.0,2164.0,97.5,322.0
459,114.5,227.0,193.0,152.0,87.0,266.0,306.0,258.5,193.0,361.0,54.0,653.0,291.0,50.0,11182.0,251.5,490.5,424.0,135.0,70.0,276.0,167.0,296.0,2982.0,170.0,112.0,555.5,361.0,464.0,84.0,74.0,359.0,1642.5,269.0,326.5,820.5,226.0,12906.0,243.5,687.5,97.0,163.0,98.0,352.0,1751.0,541.5,202.5,984.0,112.0,928.0,592.0,158.0,138.0,967.0,147.0,116.0,132.5,367.0,566.5,638.0,378.0,142.0,52.0,136.5,125.5,75.0,419.0,71.0,91.0,177.0,297.0,104.5,2414.0,714.0,8430.0,336.0,118.5,467.5,147.0,104.0,439.5,274.0,75.0,83.0,90.0,619.0,108.0,146.0,251.5,138.0,493.5,123.0,934.0,293.0,257.0,180.5,980.0,361.5,381.0,1278.0,1783.5,380.5,382.0,378.0,3321.0,4408.5,1927.0,2082.5,429.0,3245.0,800.5,1148.0,518.0,265.0,16193.0,619.5,5180.5,941.0,636.5,1357.0,1660.0,3028.0,427.0,242.5,537.0,281.5,221.5,404.5,1787.0,341.0,1008.0,352.0,824.5,155.0,67.0,175.0,168.5,459.0,84.0,589.0,85.0,97.5,114.0
460,129.0,261.0,219.0,175.0,98.0,312.0,316.0,327.0,195.0,419.0,61.0,891.0,340.0,56.0,14897.0,330.0,597.5,506.0,174.0,80.0,342.0,189.0,449.0,4598.5,187.0,125.5,654.0,418.0,525.0,120.0,72.5,420.0,2130.0,313.0,365.0,869.0,219.0,13400.0,306.0,1054.0,111.5,178.0,99.0,396.5,2056.5,654.0,243.0,1263.0,117.0,1008.0,650.0,193.0,164.0,1053.5,171.0,137.0,142.0,483.0,710.5,711.5,542.0,160.5,62.0,141.0,133.0,85.0,570.5,73.0,104.0,226.0,367.0,117.5,1515.0,1141.0,12659.0,463.0,133.0,609.5,171.0,130.0,494.5,334.0,86.0,96.5,120.0,732.0,135.5,166.0,301.0,176.0,574.5,151.0,1075.0,319.5,308.0,201.0,1550.5,440.0,396.0,1834.5,3521.5,507.0,487.0,514.0,6129.0,6060.5,3966.0,3295.5,535.0,5682.0,1090.5,1150.5,850.0,403.5,17251.0,773.0,10398.5,1241.0,678.0,1719.0,2526.0,4882.0,468.5,343.0,630.0,301.0,273.5,525.0,4781.0,375.0,1471.0,478.5,999.0,164.5,70.0,188.0,210.5,624.0,98.0,732.0,130.5,117.0,147.0
461,39.5,83.0,165.0,170.5,35.0,137.0,116.0,129.0,134.5,163.0,110.0,300.0,3462.0,22.0,331.0,905.5,168.0,384.5,61.0,27.0,380.0,76.0,50.0,611.0,87.0,53.0,272.0,219.0,231.0,31.0,30.0,156.5,1007.0,1192.5,69.0,145.5,83.0,104.5,328.0,49.0,43.0,71.0,49.0,170.0,785.0,312.0,82.0,352.0,50.0,314.0,332.0,53.0,75.5,378.5,31.0,61.0,104.0,181.5,238.0,450.5,566.0,79.0,27.0,59.0,54.0,47.0,207.5,29.0,48.0,61.5,148.0,53.0,30.0,141.0,118.5,191.0,63.5,214.0,66.0,60.0,293.0,135.5,38.5,57.0,62.0,563.0,63.0,63.5,115.0,83.5,272.0,39.0,1696.0,775.0,3732.0,86.0,206.0,221.0,146.0,224.0,186.0,437.5,178.0,250.5,4070.0,190.0,7261.5,286.0,668.5,742.0,194.5,523.5,159.0,107.0,145.0,229.5,485.0,153.0,293.0,353.0,387.0,580.0,114.0,89.0,99.5,135.0,78.0,160.0,993.0,157.0,335.0,1690.0,683.0,63.0,54.0,97.5,64.0,40.0,35.0,1482.0,80.0,45.0,45.5
462,46.5,95.0,187.0,247.0,38.0,166.0,131.0,150.0,143.0,170.0,129.0,704.0,3835.0,21.0,315.0,1164.0,225.0,489.0,58.5,28.0,496.5,77.0,56.0,724.0,102.0,60.0,303.0,263.0,274.5,37.0,33.0,168.5,1143.0,2877.5,74.0,168.0,91.0,105.0,344.0,56.0,46.0,74.0,58.0,176.0,962.0,352.5,110.0,382.0,61.0,355.5,370.0,77.0,94.0,451.5,37.0,79.0,111.0,211.5,278.0,511.0,690.5,78.0,30.0,65.0,65.0,52.0,279.0,38.5,59.0,70.0,224.0,60.5,37.0,181.0,138.5,195.0,71.0,279.0,80.5,68.0,417.0,158.0,43.0,67.0,73.0,674.5,62.0,76.0,119.0,84.0,299.0,46.0,1885.0,983.5,4676.0,94.0,242.0,268.0,186.0,288.5,238.0,607.0,211.0,269.0,5985.0,228.0,8944.0,359.5,860.0,876.0,257.0,782.0,204.0,194.0,154.0,298.0,626.0,186.0,369.5,372.0,482.5,759.0,141.0,107.0,125.0,151.5,92.0,200.0,1507.0,187.0,399.0,2102.0,858.5,70.5,65.0,115.0,89.0,47.0,39.0,1853.5,106.0,46.0,57.0
463,56.5,112.5,154.0,144.0,176.0,158.0,109.5,102.5,185.5,2545.0,5587.5,463.0,319.0,40.0,335.0,98.0,151.0,130.0,72.0,36.0,1022.5,79.5,157.0,491.0,99.5,100.5,178.0,171.0,706.0,57.0,60.5,170.0,798.0,902.0,5758.5,131.5,76.0,132.0,2772.0,396.0,66.0,86.0,99.0,164.5,499.5,375.0,174.0,1568.5,162.0,488.0,220.0,430.0,138.0,171.0,256.0,20056.0,360.0,146.0,133.0,406.5,249.0,5972.0,287.0,869.0,279.0,87.0,123.5,51.0,393.5,180.0,123.0,298.0,105.5,489.0,205.5,152.5,133.0,22494.0,128.0,315.0,7025.0,162.0,187.0,75.0,2873.0,1410.0,63.0,90.0,1730.0,122.0,317.0,196.0,20044.5,98.5,819.0,108.0,14154.0,4065.0,4018.5,33718.0,22229.5,7778.0,5542.0,11874.0,39767.0,15214.0,25185.0,12513.0,3103.0,44666.0,5605.0,30590.0,12281.0,14760.0,18975.0,29072.0,46414.0,11953.0,2247.0,18308.0,27669.0,39801.5,1973.0,4194.0,1383.5,577.0,498.0,3934.5,18584.0,1132.0,17756.0,15659.0,8938.0,88.0,62.0,862.0,113.0,58.0,63.0,1767.0,165.0,66.0,55.0
464,50.5,99.0,134.0,115.0,105.0,122.0,95.0,84.0,157.0,1778.0,5407.5,284.0,351.0,35.0,220.0,97.0,125.0,112.5,61.5,49.0,1158.0,76.0,123.0,405.0,93.0,73.5,149.0,154.0,425.0,47.5,45.0,130.0,634.0,451.5,4607.0,94.0,65.0,102.0,1991.0,281.0,55.0,67.0,80.0,147.0,400.0,309.0,146.0,1283.0,105.0,259.0,189.0,281.0,113.5,144.0,221.0,18124.0,311.0,154.0,110.5,375.0,170.0,4864.5,225.0,826.0,219.0,76.0,119.5,40.0,260.5,148.0,96.5,245.0,83.0,377.0,176.0,123.0,105.0,18676.0,103.0,226.0,5036.0,126.5,147.0,61.0,2384.0,1397.0,49.0,71.0,1434.0,165.0,225.0,161.0,17733.0,157.0,634.0,90.0,8558.0,2010.0,1691.0,23943.0,15764.0,3567.0,2487.0,6578.0,33350.0,8608.0,12144.5,6177.0,1609.0,34661.0,2953.0,18032.0,7583.5,7996.5,10262.0,21079.5,39468.0,5563.0,864.0,9979.0,23345.0,30061.0,931.0,1560.0,502.0,354.5,205.0,2516.0,12561.0,797.5,9759.0,7660.0,4774.0,72.0,50.0,680.5,106.0,47.0,50.0,1061.0,404.0,56.5,44.5
465,83.0,139.0,166.5,141.0,80.0,184.0,137.0,212.0,167.0,408.0,50.0,297.5,219.0,47.0,244.0,159.0,423.0,315.0,89.0,79.0,346.5,113.0,84.0,1381.0,119.5,93.0,342.5,278.0,248.5,80.0,67.0,321.0,856.0,8833.5,113.0,162.0,123.0,249.0,546.0,2628.5,72.0,119.0,92.0,237.5,1075.0,352.0,170.0,2677.5,111.0,1864.0,349.0,108.0,106.0,658.0,59.0,11088.0,104.0,304.0,330.0,508.5,106.0,141.0,58.0,202.0,123.5,75.0,368.5,66.0,286.0,189.0,583.0,125.0,165.0,3976.0,90.0,343.0,97.5,428.0,108.0,103.5,337.0,217.5,73.5,123.0,230.0,414.0,95.0,124.0,185.0,128.0,300.5,97.5,3734.5,143.0,211.0,249.0,748.0,1234.0,197.0,1515.5,1927.0,200.5,202.5,152.0,5508.5,344.0,501.0,4177.5,292.0,3398.5,689.5,835.0,361.0,406.0,6706.5,689.0,12445.0,225.0,329.0,506.0,19251.0,1979.0,161.0,155.0,154.5,177.0,144.0,410.5,274.0,442.0,628.5,1160.0,1408.0,18216.0,52.0,135.0,121.0,68.0,83.0,372.0,149.0,76.0,92.0
466,81.5,147.0,172.5,144.0,75.0,197.0,132.0,208.0,173.0,491.0,49.0,286.5,215.0,46.0,202.0,158.5,376.0,295.5,89.5,70.5,356.0,111.0,88.0,1138.0,130.0,90.0,336.0,274.0,242.5,78.0,65.0,282.0,957.5,9040.0,116.0,147.5,117.0,250.0,438.5,3097.0,72.0,113.0,85.0,241.0,1108.0,367.0,183.0,3096.0,115.0,1839.5,366.0,106.0,115.0,582.0,54.5,13770.5,107.5,296.0,330.5,618.0,128.0,141.5,52.0,252.0,103.0,73.0,342.0,66.0,317.0,217.0,583.0,122.5,148.5,1983.0,88.0,322.0,99.0,373.0,114.5,111.0,338.5,212.5,78.0,116.0,212.0,430.0,91.5,124.0,188.0,127.5,267.0,99.0,4357.5,140.0,203.0,231.0,4668.5,1631.0,222.0,9466.0,5904.0,204.0,232.0,162.0,17572.0,789.0,1340.0,6458.0,303.5,14952.5,1132.0,997.0,659.0,503.5,11344.0,3406.0,36708.0,464.5,363.5,2091.0,33994.0,10677.0,183.0,152.0,167.0,173.0,143.0,945.0,267.0,590.0,1312.0,2079.0,1390.5,24334.0,55.0,137.0,133.0,70.0,89.0,503.0,179.0,73.5,87.0
467,249.5,63.0,79.0,76.0,29.0,130.0,60.0,67.0,106.0,141.0,37.0,133.5,472.0,19.0,219.0,76.0,204.0,108.0,51.5,17.0,1013.0,44.0,4434.5,278.0,73.0,43.0,123.0,2858.0,98.0,26.0,30.0,460.0,562.5,337.0,45.0,45.0,58.5,266.5,146.0,44.0,38.0,46.0,1220.0,90.0,394.5,221.0,62.0,298.5,54.5,811.5,140.0,312.0,46.0,195.0,176.0,94.0,107.0,88.0,100.0,324.0,9163.0,48.5,23.0,62.0,43.0,44.0,100.0,31.0,308.0,61.5,51.0,31.0,111.5,684.0,129.5,99.0,44.0,262.0,56.0,121.0,187.5,272.0,30.0,33.0,42.0,180.0,45.5,48.0,67.0,52.5,200.5,51.0,170.0,51.0,1007.5,67.0,69.0,91.0,52.5,165.0,61.0,51.0,54.0,38.0,56.5,167.0,175.0,222.5,98.5,102.0,6243.5,206.0,58.0,41.0,67.5,87.0,281.0,47.0,97.5,207.0,566.0,301.0,165.0,50.0,41.0,44.0,44.0,71.0,64.0,46.0,168.0,591.0,67.5,48.0,48.0,52.0,52.0,94.0,35.0,5856.0,538.5,47.0,84.0
468,394.5,82.0,104.5,101.0,37.5,173.5,72.0,81.0,108.0,176.0,57.0,190.5,742.0,29.0,204.0,104.0,306.5,140.5,65.0,23.0,1068.0,50.0,5011.0,357.0,101.0,55.0,156.0,4141.0,132.5,40.0,42.0,642.0,661.0,499.0,65.0,64.0,79.0,396.0,176.0,64.0,48.0,60.0,1477.5,124.0,479.0,297.0,81.5,418.5,69.5,1161.0,170.0,497.0,63.0,265.5,246.5,111.5,119.0,121.0,131.0,406.0,3645.5,55.5,32.0,82.5,49.0,55.5,127.0,44.0,431.0,82.5,70.0,45.5,128.0,2073.5,164.0,114.0,54.5,303.0,73.0,175.0,214.5,422.0,42.0,41.0,60.5,219.0,58.0,65.0,87.0,78.0,204.0,68.0,202.0,69.5,1289.0,93.0,90.0,139.0,67.0,241.0,91.0,73.0,68.0,48.0,78.0,206.0,224.0,304.0,121.0,118.0,6839.0,294.0,79.5,126.0,101.0,110.0,347.0,51.0,128.0,256.0,1183.5,414.0,226.0,60.0,55.0,59.0,52.0,92.5,88.0,65.0,231.0,778.0,96.5,54.0,78.5,68.0,76.0,124.5,51.0,7786.0,579.0,65.0,121.5
469,44.5,92.0,143.0,74.5,46.0,155.0,98.0,154.0,138.0,250.0,71.0,525.0,360.5,33.0,336.5,105.0,240.5,284.0,52.5,24.0,398.0,50.0,48.0,7613.0,103.5,59.0,236.0,379.0,134.0,37.0,28.0,193.0,770.0,158.0,133.0,3800.0,52.0,180.0,99.5,80.0,100.0,55.0,35.0,156.0,682.5,247.0,258.0,2744.0,49.0,215.0,249.0,77.0,51.0,161.0,580.0,52.0,85.0,225.0,249.0,456.0,1397.5,67.5,26.0,73.0,83.5,35.0,289.5,27.5,31.5,83.0,382.0,57.0,49.0,3080.5,43.0,227.0,136.0,1698.0,59.0,46.0,468.5,158.0,32.0,34.0,57.0,326.0,54.0,81.0,162.0,277.0,155.5,1019.0,252.0,58.5,1127.0,100.0,1624.5,272.0,609.0,40135.0,3207.0,527.0,240.0,2413.5,11152.5,862.0,1040.0,750.0,1267.0,40779.0,707.0,23126.5,1159.0,7030.5,23839.5,49312.0,21344.0,352.0,461.0,1745.0,22344.5,15120.0,928.0,191.0,204.0,143.0,160.0,509.0,176.5,152.0,1567.5,13757.5,962.0,63.5,73.0,93.0,147.5,1962.0,52.0,7329.0,199.0,44.5,44.0
470,142.0,228.0,315.0,208.0,446.0,343.0,172.0,263.0,205.0,341.0,60.0,1167.0,3349.5,53.0,332.0,282.0,360.0,801.0,136.0,45.0,4796.0,115.5,125.0,2534.0,816.0,354.0,1370.0,1136.5,1052.0,77.5,74.0,360.0,1237.0,2308.0,4239.0,350.0,171.0,837.0,2738.0,157.0,88.0,327.5,94.0,323.0,1746.0,566.0,180.0,357.5,99.0,732.5,614.0,163.0,3606.5,831.0,122.0,828.0,169.5,403.0,355.0,909.5,488.0,146.0,54.0,184.0,120.0,142.0,452.5,75.0,135.0,138.0,139.0,123.0,102.0,717.0,342.0,627.0,156.0,1169.0,154.0,115.0,662.5,272.0,70.0,271.5,3554.0,787.5,108.0,175.0,224.0,125.0,363.0,507.0,411.0,205.0,322.0,216.0,4341.0,3386.0,2471.0,9725.0,12058.0,4709.0,1449.0,4106.5,30751.0,5556.5,4869.5,6043.0,1883.0,58213.0,2169.0,59696.5,4539.0,5545.5,15665.0,2157.0,41032.0,2429.0,18722.0,3236.5,27381.5,16677.0,3437.0,1173.0,9247.0,1749.0,7355.0,1397.0,26783.5,1935.5,3545.0,4519.0,7614.0,144.0,69.0,195.0,382.0,383.0,121.0,19711.0,3562.5,256.0,6359.0
471,99.0,156.0,192.5,142.0,205.0,226.0,122.5,184.0,157.5,232.0,38.0,621.0,2393.0,36.0,206.5,153.0,203.0,513.0,92.5,31.0,2477.0,78.0,84.0,1634.5,429.0,94.0,927.0,735.0,706.0,53.5,53.0,237.0,896.0,1409.5,2668.0,178.0,117.0,526.0,2309.5,87.0,56.0,116.0,64.0,205.5,1130.0,362.0,124.0,210.0,67.0,454.0,384.5,101.0,2620.0,660.5,85.0,525.0,133.0,261.0,339.0,610.0,316.0,97.0,35.5,124.0,80.0,88.0,355.0,47.5,82.5,100.0,98.0,78.0,73.0,314.0,198.0,427.5,106.0,861.0,107.0,74.5,410.5,186.0,52.0,219.0,3108.5,521.0,73.5,107.5,150.0,87.0,241.0,336.0,257.0,129.0,236.0,147.0,1433.0,1786.0,1225.0,4249.5,4145.0,2173.0,727.0,1736.5,8551.0,2779.0,1659.0,3027.0,1004.0,21781.0,1212.5,35995.0,2384.5,2793.5,6625.5,1085.0,12680.0,1112.0,10090.0,1369.5,9336.0,4989.0,1537.0,616.0,5657.0,1088.5,4832.5,815.0,6542.5,976.0,1386.5,2327.0,2152.0,96.0,37.0,117.5,328.0,275.0,74.0,13526.0,1842.0,134.0,5482.0
472,197.0,200.5,180.0,109.0,51.5,174.0,153.5,128.0,169.0,284.0,33.0,290.0,578.0,32.0,213.0,110.0,788.5,196.0,101.0,42.0,548.0,92.0,105.0,5565.0,112.5,94.5,363.5,383.0,474.5,51.0,46.0,267.5,1395.0,288.0,2346.0,149.0,234.0,412.0,266.0,1003.0,74.5,137.0,75.0,191.0,1002.0,397.0,125.0,513.0,58.5,459.5,363.0,128.5,333.0,1084.5,430.0,102.5,112.0,205.0,428.0,465.0,7751.5,97.5,36.0,419.0,63.0,76.0,349.0,52.0,103.0,93.0,626.5,61.0,131.5,707.0,135.0,175.0,111.0,527.0,117.5,78.0,607.0,149.0,53.0,196.0,82.0,340.0,69.0,80.5,546.0,71.0,479.5,77.0,1077.5,193.5,134.0,127.0,3922.0,1332.5,2052.5,13028.0,7112.5,7765.0,878.0,1261.0,18020.5,2299.5,2916.0,3002.5,1082.5,24679.0,1886.5,9662.0,2249.0,3250.0,6239.5,4709.0,26726.0,1711.0,1579.0,3303.0,26576.5,12113.0,2469.5,378.0,475.0,627.0,403.0,1234.0,1661.0,698.5,3739.0,10539.0,4440.0,67.0,34.0,143.0,102.0,140.5,47.0,1092.0,105.0,44.0,94.5
473,119.0,179.5,138.0,84.0,37.0,132.0,108.0,91.0,137.5,198.5,24.0,180.0,426.0,28.0,162.0,86.0,470.0,147.0,71.0,30.0,324.0,69.0,81.5,3221.0,83.0,70.0,260.0,279.0,353.0,40.0,33.5,191.0,1094.0,10910.5,1091.0,121.0,160.0,266.5,196.0,281.0,54.0,103.0,53.0,136.0,741.0,325.0,96.0,301.0,45.5,296.0,273.0,84.0,220.5,771.0,204.0,77.0,93.0,153.0,157.5,342.5,5996.5,73.0,27.0,317.0,43.0,59.0,160.0,40.0,76.5,68.0,453.0,45.0,88.0,491.0,94.0,133.5,87.5,358.0,93.0,60.0,297.0,112.0,41.0,128.0,62.0,256.0,57.0,66.0,348.0,49.0,379.0,58.0,670.5,147.0,106.5,105.0,1312.5,559.0,807.5,3047.0,2413.0,2545.0,461.0,507.0,6496.0,879.0,905.5,1505.0,401.5,6129.0,802.0,3198.0,880.0,491.0,1808.0,1181.5,7339.5,649.0,1058.5,1155.0,8618.0,4208.0,1219.0,204.0,155.0,402.0,136.0,586.0,990.0,467.0,1559.0,4544.0,1241.0,55.0,26.0,109.0,78.0,76.5,39.0,584.0,63.0,39.0,60.0
474,48.5,132.0,91.5,67.0,40.0,134.0,84.0,122.0,121.0,177.0,32.0,174.0,174.0,25.0,156.0,87.0,177.0,207.0,58.0,54.0,335.0,70.0,54.0,210.5,73.0,69.0,264.0,208.0,214.0,30.0,29.0,193.0,670.0,161.0,415.5,2948.5,104.0,2295.0,280.0,195.0,73.0,97.0,42.0,631.0,871.0,336.0,88.0,182.0,71.5,323.5,252.0,90.0,53.0,317.0,63.0,145.0,94.0,178.0,949.0,402.0,120.0,71.0,26.0,60.0,63.0,58.0,195.0,29.0,35.0,57.0,61.0,46.5,464.0,439.5,158.0,156.0,81.0,948.5,71.5,51.5,246.5,137.5,34.0,31.0,39.0,2140.0,54.5,74.5,282.0,57.0,282.0,57.0,214.0,87.0,130.0,113.0,442.0,592.5,1696.0,5621.0,667.0,627.0,353.5,1302.5,2235.0,720.0,1250.0,1197.0,532.5,8555.5,874.0,4356.0,943.0,1784.0,629.5,1615.0,1793.0,740.0,1190.5,641.0,12022.0,1631.0,657.0,280.0,817.0,486.0,180.5,389.0,1437.0,493.0,1044.0,794.0,967.5,59.0,52.0,88.0,405.0,49.0,53.0,272.5,53.0,42.0,69.5
475,66.0,134.5,109.5,91.0,50.0,132.0,99.0,145.0,128.0,195.0,56.0,215.0,218.0,40.5,155.0,106.0,187.0,222.0,65.5,53.0,423.5,69.0,71.0,281.5,90.0,66.0,256.0,205.0,251.0,41.0,50.5,237.0,805.0,204.0,468.0,2786.0,117.0,2006.0,266.5,243.5,105.0,66.0,57.5,567.0,872.0,327.5,105.0,342.0,121.0,280.0,263.5,165.0,58.0,307.0,93.0,153.0,146.0,175.5,948.0,483.0,132.5,75.0,38.0,104.0,70.5,70.0,225.0,49.0,51.0,65.0,85.0,59.0,264.5,540.0,181.0,169.0,90.0,748.0,90.0,61.0,270.0,128.0,45.0,45.5,62.0,3254.5,63.0,92.0,470.5,73.0,282.0,75.0,269.0,95.0,136.0,139.5,1636.0,2557.0,4398.0,21953.5,2065.0,2043.0,1354.0,4776.5,4095.0,3603.0,4106.0,3283.0,2148.0,3920.5,4171.0,4127.0,3432.0,7001.0,1518.0,4198.0,3521.0,2752.0,4622.0,1013.0,26323.5,5975.5,2889.5,1014.0,1437.0,2435.0,682.0,1197.0,9360.5,2193.5,6070.0,4781.0,5144.5,62.0,104.0,95.0,483.0,88.0,75.0,721.0,85.0,95.0,87.0
476,56.0,84.0,212.0,75.0,40.0,340.0,173.0,106.0,158.0,222.5,55.0,1384.0,424.0,29.0,258.5,112.5,2253.0,166.0,92.0,74.0,729.0,85.5,62.5,627.0,241.0,64.5,237.0,405.0,211.0,245.0,30.0,302.0,684.0,268.0,261.0,6392.5,76.0,284.0,225.0,62.0,54.0,76532.5,66.0,187.0,1354.0,417.0,94.0,510.0,100.0,388.0,415.0,75.0,110.0,320.0,67.0,501.5,179.5,160.0,154.5,714.5,287.0,85.0,33.0,73.5,62.0,89.5,183.0,36.0,60.0,55.0,115.5,58.5,82.5,102718.0,196.0,177.0,112.0,283.0,67.0,55.0,427.0,114.0,42.0,63.0,93.0,453.0,68.0,71.0,105.0,57.5,217.5,143.0,766.5,86.0,252.0,113.5,252.5,209.0,232.0,1944.5,533.0,300.0,173.0,301.0,2201.0,248.0,243.5,255.0,231.0,1206.0,395.0,107709.0,387.5,248.0,743.0,12248.0,1655.5,627.0,431.0,372.0,718.0,969.5,238.0,136.5,128.0,183.0,121.0,144.0,913.0,183.5,562.0,516.0,340.0,64.0,159.0,104.0,288.5,1239.0,48.0,1004.5,188.0,49.0,58.0
477,22.0,36.0,64.5,38.0,21.0,87.5,70.0,38.0,100.0,71.0,23.0,265.0,79.0,71.0,85.0,40.0,153.0,54.0,27.0,28.0,134.0,38.0,31.0,110.5,68.0,32.0,79.0,141.0,63.0,586.0,19.5,101.0,328.0,118.0,83.0,2110.0,34.0,92.0,57.0,27.0,30.0,20056.0,27.0,56.5,470.0,140.0,44.0,312.5,39.0,2328.0,138.0,38.0,39.5,101.0,35.5,182.0,88.0,55.0,53.0,265.5,85.0,66.0,21.5,28.0,28.0,33.0,64.0,20.0,26.0,29.0,39.0,25.0,38.0,36593.0,287.0,57.0,45.0,220.0,31.0,29.0,114.0,53.0,23.0,22.0,100.5,128.0,31.0,30.0,44.0,24.0,94.5,61.0,198.0,35.0,86.0,45.0,67.0,35.5,41.0,155.5,221.5,40.0,41.0,28.0,150.5,76.0,57.0,59.0,51.0,137.0,46.0,1663.0,41.0,30.0,44.0,67.0,339.0,37.5,65.0,96.0,1402.0,176.0,48.0,37.0,33.0,36.0,33.0,43.0,89.0,38.0,133.0,51.5,45.0,29.0,36.0,40.0,41.0,793.0,27.0,153.0,45.0,24.0,27.5
478,52.0,172.0,706.0,305.0,56.0,1333.0,205.0,193.0,160.5,2222.0,21.0,2034.0,581.0,30.0,431.5,201.5,125.5,361.0,96.0,55.0,2191.0,60.0,67.0,2340.5,128.5,62.0,396.0,276.0,326.0,54.5,39.0,237.0,1166.5,194.0,170.0,157.0,94.0,327.0,290.0,46.0,63.0,79.0,58.0,239.0,3759.0,411.0,94.0,181.5,76.0,395.0,524.0,263.5,101.0,1542.0,854.0,1345.0,112.5,965.5,285.0,781.0,177.0,73.5,24.0,63.5,69.0,62.0,342.5,31.0,42.0,85.0,197.5,51.5,74.0,6068.5,50.0,270.0,59.0,1721.0,94.0,60.5,515.0,210.0,42.0,68.0,55.0,529.0,56.0,108.5,187.0,164.0,223.0,58.0,279.5,89.0,264.0,172.5,542.0,790.0,1862.0,7370.5,1550.0,936.0,454.0,2112.0,24000.5,774.0,2679.5,18607.0,749.0,41285.0,1020.0,21735.0,1870.0,2100.0,2524.0,4402.0,12960.0,1003.0,3796.5,923.5,20309.0,2572.0,1375.0,1267.5,353.0,708.0,326.0,342.0,35029.0,638.0,738.0,1414.0,1092.5,80.0,36.0,119.0,151.0,70.5,45.0,3459.0,191.0,74.5,116.0
479,34.0,117.5,436.5,209.0,33.0,472.0,101.0,127.0,129.5,1340.0,18.0,1293.0,278.0,19.0,291.5,119.5,75.0,267.0,56.5,28.0,1314.5,48.5,44.0,1302.0,86.0,43.0,264.0,183.0,193.0,28.0,24.0,144.0,714.0,98.0,113.0,105.5,63.0,196.0,177.5,31.0,36.0,52.5,37.0,146.0,1551.0,276.0,61.0,104.0,45.5,255.0,326.5,85.0,62.0,1865.0,404.0,699.5,80.0,543.0,194.5,483.0,154.0,56.0,19.0,42.0,51.5,42.0,230.0,21.0,27.0,52.0,116.0,40.0,43.0,3860.0,33.0,166.0,44.0,761.0,63.0,46.0,335.0,119.0,29.0,42.0,34.0,336.0,42.0,81.0,114.0,86.5,149.5,43.5,170.0,61.0,202.0,100.0,355.0,546.0,1129.0,3654.5,588.0,636.0,310.0,1216.5,11683.0,435.0,1452.5,10021.0,535.0,24886.0,665.5,8676.0,1044.0,1414.5,1481.0,1908.0,5676.0,641.5,1857.0,600.0,7292.0,2150.5,853.0,815.5,253.0,511.5,240.0,230.0,18377.0,495.0,435.0,961.0,735.0,51.0,19.0,70.0,81.0,40.0,31.0,1877.0,149.5,44.0,58.5
480,248.0,102.0,88.5,121.0,32.0,714.0,112.0,119.0,120.0,197.0,193.5,266.0,293.0,23.5,2051.0,73.5,116.0,3421.0,56.0,16.0,1430.0,54.0,49.5,407.0,96.0,64.0,1406.5,304.0,164.0,31.0,28.0,158.0,923.0,237.0,350.0,98.0,52.0,223.0,769.0,56.0,26.0,53.0,44.5,148.0,952.0,331.0,90.5,10464.5,49.0,872.0,256.0,98.0,81.0,106.0,24.0,246.0,104.0,229.0,208.0,598.0,333.0,84.0,21.5,180.0,71.0,48.0,205.5,24.0,539.0,486.0,80.0,56.0,166.0,15366.0,315.5,207.0,58.0,3175.0,65.0,54.0,498.0,127.0,32.0,31.0,73.0,447.0,52.0,253.0,218.5,139.0,166.5,82.0,2670.0,62.0,142.0,89.0,86.0,128.0,1028.0,3321.5,130.0,77.0,49.0,797.0,33189.0,201.0,111.0,138.0,881.0,14889.0,167.0,3419.0,68.0,383.0,240.0,2048.0,453.0,75.0,329.0,452.0,1497.0,364.5,45.0,132.0,83.0,54.5,64.0,331.0,1204.0,48.0,571.5,79.0,63.5,70.0,52.0,82.0,63.5,155.0,42.0,1362.0,70.0,55.0,170.0
481,115.0,91.0,61.0,92.0,27.5,442.0,86.0,104.0,112.0,145.5,155.5,176.0,211.0,18.0,2205.0,61.5,74.0,2530.0,44.0,11.0,1013.0,45.0,34.0,207.0,78.0,51.5,694.0,280.0,392.5,27.0,24.0,131.0,714.0,178.5,253.0,86.0,52.5,170.0,668.0,40.5,24.0,47.0,41.0,136.0,777.0,264.0,85.0,4794.0,40.0,456.0,216.0,61.0,57.0,75.0,20.0,149.5,96.0,177.0,210.5,489.0,368.0,70.0,19.0,135.0,57.0,38.0,184.5,20.0,198.0,419.0,62.0,44.0,163.0,11908.0,208.5,157.0,48.0,2344.0,61.0,42.0,372.0,112.5,28.0,47.0,69.0,359.0,51.0,185.5,165.0,112.5,146.0,46.0,1508.0,45.0,115.0,67.0,57.0,94.5,994.0,550.0,60.0,61.5,39.0,372.5,12340.0,223.0,80.0,79.0,546.0,1304.0,92.0,952.0,50.0,639.0,117.0,196.0,300.0,42.0,171.0,241.0,585.0,194.0,31.0,102.0,87.0,38.0,63.0,150.0,254.0,35.0,335.5,46.0,50.0,55.5,52.0,66.0,53.5,101.5,34.0,5846.0,56.0,41.0,148.0
482,24.0,44.0,67.0,65.0,29.5,131.0,75.0,39.5,110.0,87.0,36.0,1243.0,588.5,16.0,218.5,37.0,179.0,73.0,29.0,474.0,651.0,32.0,51.0,220.0,44.0,29.0,205.5,229.0,68.0,17.0,18.0,132.0,993.5,2857.0,66.0,38.0,41.0,95.0,2538.0,3695.0,22.0,39.0,44.0,68.0,276.0,177.0,118.0,498.0,28.0,198.0,155.5,41.0,45.0,99.0,38.0,6359.0,79.0,56.5,60.0,330.0,1036.0,36.0,16.0,288.0,27.0,40.0,101.0,47.0,39.5,38.0,109.0,22.0,55.0,1114.5,147.0,62.5,29.0,415.0,35.0,28.0,244.0,70.0,21.0,56.0,67.5,149.0,34.0,31.0,51.0,109.0,99.0,45.0,167.0,33.0,64.0,51.0,779.0,297.0,112.5,3961.0,1638.5,210.5,137.0,328.0,5330.0,354.0,450.0,453.0,133.5,14448.0,318.5,1080.0,274.0,219.0,185.0,159.0,5725.0,292.0,174.5,495.0,1000.0,2237.0,104.0,92.0,68.0,80.5,90.0,242.5,5400.0,117.0,709.0,110.0,1004.0,29.0,24.0,69.0,143.0,25.0,35.0,1357.0,138.0,25.0,21.0
483,29.0,50.0,85.0,80.0,42.0,161.0,97.0,48.0,113.0,122.0,43.0,599.0,1000.5,39.0,465.0,41.0,270.0,92.0,43.5,675.0,332.0,36.0,70.0,344.0,50.0,35.0,281.0,147.0,84.5,21.0,21.0,158.0,1978.0,2069.5,85.0,41.5,45.0,115.0,3978.0,4134.0,27.0,45.0,48.0,72.0,369.0,213.5,146.0,699.0,39.0,303.0,186.0,99.0,49.0,145.0,45.0,8726.0,83.0,72.0,72.0,461.0,1360.0,41.0,17.0,343.0,32.0,43.0,119.0,61.0,63.0,36.0,106.5,27.0,50.0,1866.5,318.0,83.0,38.0,754.0,37.0,30.5,298.0,99.5,24.0,47.0,66.0,199.0,48.0,34.0,58.0,61.5,122.0,44.0,210.0,43.0,76.0,64.5,499.0,423.0,329.0,10231.0,2818.0,1057.0,222.0,1623.0,5518.0,718.5,265.5,480.5,383.0,19895.0,722.0,3951.0,547.0,605.5,5008.5,429.0,4495.0,3715.0,417.5,361.0,1809.5,1622.0,398.0,257.0,224.0,374.0,254.0,454.0,30176.0,538.0,8845.0,412.0,3583.0,70.0,28.0,67.0,138.0,27.0,42.0,1900.0,75.0,30.0,25.0
484,37.0,165.0,53.5,46.0,23.0,77.0,67.0,74.0,96.5,139.0,16.0,109.5,182.0,16.5,75.0,54.0,120.0,130.0,34.0,19.0,133.0,31.0,47.0,240.5,45.0,35.5,121.0,89.0,82.0,21.5,21.5,174.0,463.5,74.0,1504.5,54.0,40.0,98.5,139.0,19.0,24.0,44.0,27.0,93.0,406.0,1623.0,59.0,124.0,36.0,148.0,140.0,49.0,27.0,140.0,36.5,364.0,100.0,113.5,148.0,367.0,62.0,107.0,18.5,136.0,42.0,55.0,138.0,22.0,51.0,52.0,38.0,31.0,169.0,1687.0,27.5,147.5,43.0,517.5,83.0,36.0,208.0,95.0,28.0,22.5,26.5,160.0,31.0,45.0,70.0,34.0,202.5,42.0,496.0,37.0,98.0,104.0,159.0,511.5,149.0,12611.0,133.0,143.0,280.0,4468.0,6054.0,420.5,119.0,175.0,155.0,18584.0,267.0,34477.0,183.0,546.0,262.5,6221.0,436.0,179.0,340.0,184.5,963.0,2726.0,116.5,88.0,72.0,99.0,65.0,175.0,3980.0,1684.0,466.0,430.0,291.0,33.0,21.0,51.0,37.0,33.0,47.0,296.0,64.0,33.0,107.0
485,291.0,685.0,414.0,306.0,341.0,615.0,292.0,341.0,295.0,355.0,333.0,199.0,1572.5,207.0,209.0,552.5,283.0,467.0,142.0,36.0,456.0,118.5,539.0,1205.0,333.0,414.0,259.5,158.0,453.0,466.5,569.0,296.0,676.0,149.5,6481.0,476.0,378.0,349.0,297.5,74.5,402.0,145.0,467.5,393.0,739.5,3484.5,322.0,222.5,457.0,302.0,327.0,419.0,117.0,293.0,430.0,1225.0,297.0,258.0,307.0,1486.0,129.0,216.0,390.5,370.5,149.0,443.0,281.0,451.0,301.0,401.0,337.0,367.5,978.0,4045.0,214.5,283.0,271.0,905.0,610.0,325.0,609.0,338.0,380.0,200.0,275.5,306.0,159.5,383.0,196.0,92.5,465.5,427.0,3302.5,333.5,235.0,413.0,280.0,388.0,587.0,29474.5,290.5,396.5,617.0,7176.0,23483.0,1145.5,213.5,496.5,378.0,28658.0,733.0,46391.0,592.0,1988.0,682.0,17167.0,1265.5,609.0,948.0,2042.0,3582.0,18710.5,290.0,270.0,140.5,244.0,154.5,417.0,3760.0,4014.5,1260.0,1429.5,1610.0,144.0,863.0,164.0,436.5,600.0,545.0,806.0,651.0,656.0,355.5
486,20.0,38.0,51.0,50.0,15.0,131.5,49.5,39.5,97.0,254.0,13.0,87.0,108.5,13.0,62.0,218.0,37.0,63.0,29.0,9.0,267.0,33.0,32.5,127.5,51.5,37.0,148.0,93.0,57.0,17.0,18.0,162.0,312.0,169.0,205.0,30.0,27.5,51.0,47.5,115.5,20.0,37.5,22.0,65.0,838.5,119.0,30.0,47.0,24.0,22241.0,108.0,31.0,260.0,56.0,308.0,71.0,123.0,67.0,71.0,266.0,98.0,39.0,16.0,49.0,32.0,25.0,73.0,16.0,24.0,29.0,43.0,23.0,41.0,113.0,169.0,75.0,32.0,536.0,32.0,32.0,165.0,47.5,22.0,20.0,23.5,289.0,28.0,29.0,42.0,29.0,79.0,44.0,75.0,77.0,81.0,42.5,42.0,72.0,29.0,327.5,36.0,32.0,33.0,638.0,511.0,25.0,3824.0,40.5,44.0,183.5,36.0,277.0,70.0,47.0,60.0,39.0,1539.0,37.0,44.0,55.0,7389.0,81.0,185.0,31.0,23.0,32.0,25.0,103.0,28.0,29.0,45.0,30.0,56.0,26.0,16.0,43.0,29.0,25.5,19.0,208.5,64.0,23.0,25.0
487,37.0,59.0,66.0,94.5,23.0,353.5,70.0,67.0,112.0,422.0,34.0,134.5,203.5,18.0,107.0,331.0,63.0,124.0,37.0,14.0,1126.0,52.0,45.0,245.5,140.0,44.0,166.0,148.0,85.0,31.0,24.0,617.0,467.0,467.0,70.0,53.5,42.0,78.5,69.5,146.0,36.0,55.0,33.0,155.0,5231.0,202.0,50.0,76.0,40.0,37041.5,170.0,51.0,394.0,111.0,930.0,168.0,89.0,143.0,117.0,381.0,330.0,63.0,27.0,154.0,41.0,41.0,138.0,25.0,43.0,58.5,71.0,35.0,61.0,299.0,106.0,124.0,44.0,611.0,49.0,45.0,346.0,79.0,32.0,30.0,45.0,286.5,45.0,49.0,72.0,37.0,133.0,80.0,108.0,67.0,366.0,67.0,104.5,249.0,92.5,1477.0,115.0,120.0,121.0,5072.5,3805.5,94.0,12268.5,117.0,125.0,1072.0,125.0,4359.5,168.0,198.0,85.0,132.5,9778.0,156.5,219.0,165.0,20125.0,237.0,586.0,109.0,55.0,146.0,60.0,280.0,128.0,125.5,118.0,112.5,116.0,44.0,26.0,68.0,48.5,26.0,31.0,480.0,105.5,36.0,27.0
488,42.0,48.0,797.0,37.0,26.0,73.5,111.0,66.0,194.5,121.0,27.0,2313.0,101.0,14.0,121.5,52.0,100.0,97.5,53.0,28.0,1873.0,44.0,34.0,2185.0,78.0,30.5,156.0,143.0,207.5,26.0,17.0,136.0,374.5,65.0,97.0,50.5,221.0,130.5,325.0,216.0,47.0,69.0,50.0,100.0,631.0,190.0,52.0,75.0,42.0,119.0,345.0,42.0,193.0,136.0,41.0,37.0,77.0,99.0,107.0,270.0,78.0,42.0,17.0,125.0,44.0,34.0,121.0,21.0,31.5,49.0,35.0,29.0,28.0,1479.0,32.0,97.0,33.0,145.0,39.0,31.0,170.0,67.0,24.0,89.0,24.0,312.0,50.0,38.5,57.0,25.0,142.0,32.0,324.0,52.0,94.0,76.0,292.5,33.0,54.0,68.0,148.0,83.0,115.0,30.0,1010.5,42.0,81.5,257.0,80.5,322.5,75.0,331.0,41.0,40.0,40.0,71.0,462.0,58.5,60.0,193.0,100.0,217.5,80.0,39.0,45.0,33.0,48.5,43.0,42.5,37.0,97.0,32.5,55.0,34.0,21.0,49.0,32.0,24.0,26.0,8213.0,133.0,26.0,1070.0
489,45.0,63.0,620.0,46.0,34.0,101.0,109.0,99.0,194.0,162.5,22.0,1924.0,110.5,15.0,128.0,68.0,116.0,164.0,55.0,37.0,1510.5,52.0,38.0,1888.0,123.0,36.0,209.0,168.5,196.0,91.0,24.0,158.5,533.0,93.0,107.0,63.0,87.0,162.0,384.0,350.0,44.0,63.0,54.0,153.0,762.0,219.0,69.0,86.5,143.0,123.0,341.0,49.0,184.0,163.0,64.0,42.0,74.0,153.5,171.5,321.0,126.5,51.5,15.5,208.0,71.0,37.0,194.0,19.0,35.0,60.0,44.0,35.0,31.0,1571.0,32.0,157.0,36.0,176.0,47.0,34.0,225.5,98.0,29.0,78.0,32.0,433.5,58.0,58.0,74.0,33.0,140.5,40.0,338.0,54.0,132.0,95.0,249.0,38.0,52.0,67.0,140.0,111.5,96.5,33.0,789.0,42.0,101.0,228.0,131.5,267.5,107.0,291.0,43.0,67.0,47.0,79.0,465.0,56.0,69.0,216.5,114.0,249.0,112.0,49.0,51.0,31.0,55.0,46.0,49.0,39.0,96.0,39.0,59.0,48.5,27.0,64.0,38.0,28.0,31.0,6346.0,108.0,28.0,800.0
490,28.0,44.0,201.0,61.0,20.0,99.5,51.0,66.0,133.0,149.0,59.0,575.0,401.0,15.5,127.0,51.0,84.0,96.0,76.0,12.0,1107.5,35.0,192.0,734.0,74.0,34.0,535.0,1112.0,117.0,20.0,19.0,141.0,435.0,211.0,42.0,3553.0,31.0,6428.0,106.0,418.5,41.0,42.0,63.0,88.0,308.0,181.0,79.0,225.5,34.0,70.0,210.5,68.0,123.0,1250.0,31.0,68.5,422.0,84.0,193.0,340.0,354.0,71.0,18.0,79.0,38.0,63.0,107.0,19.0,33.0,57.0,52.0,29.0,321.0,4371.0,268.5,71.0,29.0,208.5,51.0,36.0,326.5,83.0,21.5,44.0,48.5,137.0,33.0,42.0,60.0,41.0,149.0,45.0,5885.0,39.0,92.5,205.5,154.0,98.0,36.0,12086.5,40.0,102.0,74.0,577.0,423.0,2323.5,253.0,100.5,149.0,1364.0,413.0,1593.0,196.0,69.0,13380.0,67.0,178.0,66.0,159.5,148.0,951.0,540.0,32.0,63.0,93.0,32.5,66.0,97.0,1014.0,33.0,294.0,1002.5,45.0,38.0,82.0,42.0,35.5,22.0,25.0,2358.5,173.0,25.0,135.0
491,35.0,57.0,227.0,76.0,27.5,128.0,64.0,96.0,136.5,200.0,71.5,734.0,542.5,17.0,181.0,57.0,118.5,115.0,73.5,16.0,1991.0,36.0,219.0,1366.0,150.5,42.0,685.0,1343.0,142.0,27.0,20.5,153.0,498.0,346.0,54.0,4437.0,44.5,7739.0,111.0,496.0,50.5,56.0,84.5,83.0,370.0,232.0,93.0,275.0,44.0,93.0,256.0,81.0,161.0,1202.0,38.0,84.0,486.5,102.0,238.0,436.0,556.0,75.5,20.0,128.0,40.0,91.0,114.0,23.0,39.0,67.5,63.0,33.0,343.0,5521.0,501.0,77.0,37.0,218.0,53.0,41.0,441.0,102.0,24.0,57.0,66.0,193.0,41.0,45.0,74.0,59.0,197.0,52.0,6234.0,46.0,115.0,246.0,303.0,161.0,53.0,23874.0,65.0,165.0,99.0,1474.0,730.0,3459.0,395.0,157.5,245.5,2369.0,761.0,3007.5,304.0,126.0,15318.0,136.5,311.5,124.0,252.0,213.0,3712.0,544.5,49.5,98.5,137.0,59.0,106.0,126.5,8718.0,71.0,438.0,1829.0,86.0,47.0,108.0,50.0,48.0,28.0,28.0,2565.0,219.0,31.5,134.0
492,29.5,58.0,54.0,39.0,24.0,81.0,50.0,59.5,103.0,177.5,62.0,107.0,129.0,49.0,72.0,64.0,41.0,110.5,24.5,9.5,132.0,28.0,36.0,341.0,46.5,41.0,125.0,172.5,71.0,30.5,35.0,83.0,447.0,1603.0,50.0,52.0,43.5,80.0,53.0,55.0,28.0,32.0,37.0,64.0,329.0,120.0,51.5,71.0,62.5,1049.0,112.0,42.0,31.0,85.0,32.0,298.5,124.0,81.0,78.0,396.0,236.0,32.0,23.0,39.5,29.0,41.0,91.0,33.0,29.0,97.5,83.0,25.0,58.0,1178.0,33.0,60.0,33.0,2071.5,47.0,30.0,215.0,52.5,29.0,24.0,32.0,202.0,36.0,42.0,47.0,356.0,85.0,40.5,88.0,36.0,85.0,47.0,581.0,899.5,547.0,1034.0,178.5,550.0,373.0,2442.0,2162.5,593.0,103.0,577.5,513.0,1518.0,793.0,4703.5,1776.5,900.0,233.0,696.0,235.0,245.0,2286.5,188.0,3869.0,195.0,1107.5,262.0,201.0,860.0,196.0,512.0,17595.0,616.0,252.0,1840.0,364.0,36.0,78.0,42.0,76.0,99.5,51.0,248.0,70.0,70.0,35.0
493,26.0,49.0,47.0,33.0,16.0,82.5,54.0,55.0,99.0,185.5,19.5,99.5,114.0,44.0,69.0,50.0,37.0,111.0,23.0,9.0,138.0,30.0,24.0,357.5,41.0,34.0,131.0,196.5,68.0,16.0,17.0,92.5,447.0,1105.0,41.0,46.0,34.5,71.0,53.0,65.0,17.0,33.0,23.0,75.0,337.5,130.0,47.5,85.0,43.0,1108.0,123.0,35.0,32.0,94.0,17.5,191.0,92.0,82.0,76.0,331.0,145.5,33.0,13.0,37.0,31.5,28.0,91.0,19.0,23.0,94.0,76.0,25.0,40.0,1311.5,34.0,63.0,27.0,1880.5,35.0,26.0,141.0,59.0,19.0,18.0,25.0,238.5,29.0,35.0,47.0,208.5,79.0,24.0,71.0,31.5,74.0,44.0,444.0,464.0,287.0,590.0,136.5,313.0,215.5,1192.5,2064.0,430.0,100.0,319.0,327.0,761.5,424.5,2732.0,970.0,539.5,147.5,405.0,200.5,198.0,1363.0,170.0,2423.0,168.0,542.5,166.5,142.5,426.0,120.0,196.0,10345.0,352.0,170.0,981.0,211.0,36.0,27.0,38.5,69.0,55.0,30.5,191.5,58.0,28.5,25.0
494,465.0,368.0,357.0,285.5,370.0,517.5,277.5,271.0,275.0,258.0,497.0,293.0,489.0,396.5,131.0,482.0,7671.0,297.0,215.0,23.0,820.0,88.0,643.0,594.0,381.0,399.0,217.0,153.0,427.0,427.0,482.0,108.0,1587.0,706.0,508.0,347.0,473.0,2301.5,450.0,235.0,470.0,115.0,414.0,377.0,382.0,307.0,192.5,2756.0,434.0,1581.0,232.0,352.5,170.0,6749.5,548.0,3500.0,2963.5,113.5,124.0,701.5,364.0,191.0,371.0,129.0,71.0,404.0,118.0,460.0,1145.0,296.0,643.0,234.0,605.0,41871.5,729.0,295.0,215.0,1527.0,442.0,286.0,662.0,193.0,340.0,288.0,473.5,3412.5,167.5,353.5,156.0,105.0,207.0,489.0,481.0,270.0,90.0,383.0,802.5,641.0,664.5,13849.0,1976.0,820.0,87.5,4361.0,7113.0,806.0,596.0,546.0,183.0,18791.0,1203.0,9725.5,710.0,533.0,15681.0,12617.5,11990.5,586.5,163.0,743.0,17348.5,6352.0,295.0,85.0,72.0,83.5,66.0,254.5,4614.0,135.5,902.0,5572.0,1900.0,140.0,728.5,375.0,317.0,959.0,500.5,574.0,641.0,615.0,371.0
495,340.5,49.0,118.0,55.0,75.5,284.5,89.5,56.5,107.0,170.0,21.0,294.0,247.0,17.0,95.0,44.0,7194.0,97.5,68.0,27.0,1068.0,37.0,211.5,627.0,115.0,79.0,211.0,145.0,140.0,27.0,21.0,106.5,1387.0,644.0,174.0,56.0,196.0,2108.5,409.0,147.5,63.0,58.5,26.0,167.0,386.5,317.5,47.5,2148.5,44.0,1523.0,178.0,47.0,63.0,7056.0,140.0,3140.5,2800.0,102.0,122.0,371.0,183.0,185.0,27.0,58.5,40.0,78.0,119.0,21.0,815.0,32.5,390.0,31.5,202.0,48909.5,627.0,236.5,38.0,1437.0,47.5,33.0,720.5,104.0,26.0,28.0,150.0,3486.0,78.0,45.0,92.0,40.0,148.5,103.5,217.5,43.0,78.0,222.0,1147.0,1026.5,815.0,13283.0,2775.0,911.0,111.0,5237.0,8786.0,692.0,728.0,827.0,225.0,24311.0,1148.0,14357.5,899.0,809.0,21321.0,16093.5,18308.0,857.5,197.0,868.0,17062.5,10432.5,299.0,98.0,69.0,98.5,65.0,334.0,7646.0,159.0,1128.0,5638.5,2170.0,39.0,26.0,251.5,39.0,414.0,38.0,657.0,480.0,24.0,100.0
496,53.5,70.0,422.0,65.0,25.0,89.0,89.0,55.0,212.0,95.0,47.0,823.0,198.5,16.0,1248.0,47.0,77.0,87.0,47.0,42.0,639.0,48.5,36.0,1070.0,51.0,63.5,121.0,164.5,161.0,28.0,25.0,106.0,988.0,289.0,276.5,45.0,45.0,102.0,222.0,41.0,74.0,76.5,56.0,113.0,31556.0,204.0,77.0,145.0,36.0,1766.0,326.5,107.0,155.5,171.0,194.0,1492.0,149.0,80.0,78.0,346.0,221.0,61.0,84.0,844.0,45.5,57.0,79.5,27.0,39.5,42.0,73.0,38.0,435.0,4408.0,529.5,87.0,1162.0,286.5,42.0,33.0,219.5,74.0,30.0,141.0,35.0,2717.0,47.0,37.0,90.0,41.0,151.0,161.5,11001.0,64.0,77.0,166.0,2480.0,868.5,409.5,16483.0,6716.0,372.0,345.5,5576.0,14659.0,1091.0,1645.0,1364.0,1410.5,15643.0,658.0,5231.5,1370.0,837.5,38203.0,1806.0,45793.0,597.0,241.0,1656.5,25771.5,11073.0,295.0,206.0,89.5,168.0,71.0,761.0,3745.5,213.0,1966.0,599.0,3197.5,47.0,108.0,73.0,65.0,496.0,34.0,2723.0,64.0,28.0,55.0
497,101.5,143.0,650.0,200.0,42.0,193.0,149.0,87.0,309.0,156.5,73.0,1589.0,439.0,24.0,2160.0,73.5,203.5,143.0,90.0,169.0,1283.0,87.0,63.0,2816.0,85.0,105.5,269.5,343.0,302.0,45.0,36.0,229.0,12946.5,559.0,641.0,67.0,87.0,202.0,408.5,90.5,123.0,133.0,105.0,195.0,50623.0,387.5,138.0,352.5,57.0,3527.0,523.0,206.0,272.0,444.0,617.0,3398.5,333.0,128.0,128.0,601.0,534.0,104.5,133.0,1383.0,61.0,90.0,148.0,46.0,85.0,68.0,159.0,58.0,964.5,7639.0,1050.0,151.5,1758.0,545.0,61.0,64.0,1177.0,116.0,45.0,223.0,65.0,4388.0,81.0,58.0,165.0,73.0,259.5,394.5,14555.0,111.0,164.5,327.0,14688.5,1621.0,1063.0,38295.0,22712.5,935.0,1045.0,27082.5,48714.0,3302.0,6876.0,4811.5,657.0,56269.5,2005.5,16613.0,4087.5,2242.0,27554.0,5214.0,69494.5,2580.0,561.0,11686.0,39341.5,43010.0,891.5,430.0,204.0,399.0,166.0,3017.0,12302.0,490.0,9415.0,1315.0,2474.0,82.0,137.0,108.0,201.0,2491.0,53.0,6761.0,143.0,44.0,97.0
498,51.0,84.0,309.0,83.0,47.0,167.0,133.0,156.0,165.5,311.0,35.0,2711.0,400.0,29.0,333.0,86.5,2060.0,288.0,117.0,20.0,11644.0,48.0,64.0,5876.0,555.0,56.0,1627.0,331.0,209.0,68.0,37.0,280.5,16136.0,571.0,143.5,89.0,61.0,426.0,416.0,32.0,46.0,93.0,95.0,274.0,766.0,330.0,148.0,564.5,102.5,4348.5,287.0,116.5,91.0,177.0,105.5,332.5,91.5,248.0,224.0,805.5,1940.0,59.0,38.0,78.0,82.5,79.0,310.0,42.0,40.0,140.0,80.5,63.0,175.0,348.5,55.0,151.0,56.0,473.0,106.0,55.0,4559.0,299.0,48.5,108.0,55.0,327.5,103.5,95.0,139.0,11265.5,188.5,70.5,195.0,80.5,205.0,201.0,424.0,276.0,414.0,11697.0,221.5,227.5,176.0,6129.0,39353.0,224.0,215.5,7066.0,313.0,14898.0,231.5,4934.5,653.0,711.0,210.5,366.0,636.0,1397.0,3202.5,357.0,26346.5,312.5,254.0,150.0,111.5,170.0,107.0,235.5,15654.0,175.0,1726.0,224.0,2457.0,62.0,39.5,167.0,165.0,58.0,59.0,2467.0,2687.0,88.0,97.0
499,30.5,58.0,223.0,58.0,26.0,104.0,67.0,94.0,139.0,187.0,21.0,419.0,203.0,21.0,224.0,55.0,1612.0,173.0,40.0,15.0,6298.0,37.5,50.0,2132.0,466.0,40.0,13913.0,229.0,130.0,45.0,24.0,137.0,12622.0,232.5,91.0,49.0,43.0,292.0,103.0,26.5,28.0,68.0,49.0,138.0,513.0,224.0,85.5,277.0,67.0,1341.0,187.0,75.0,65.5,117.0,27.0,209.0,135.0,143.0,143.0,585.5,769.0,45.0,22.0,61.5,59.0,63.0,184.0,30.0,29.0,75.0,50.0,37.0,142.0,186.0,46.5,151.0,43.0,282.0,69.0,36.0,2402.0,240.0,31.0,79.0,38.0,239.0,72.0,57.0,99.0,5000.0,135.0,39.0,122.0,58.0,130.0,84.0,413.0,94.5,183.0,4175.0,114.0,123.5,98.0,3417.0,21022.0,149.0,150.5,2145.0,176.0,5231.0,133.5,1481.5,294.0,251.5,110.5,131.5,341.0,645.0,1138.0,199.0,8957.0,195.0,94.0,82.0,61.0,83.0,61.5,194.0,16646.0,82.0,350.0,95.0,1446.5,42.0,21.5,103.0,105.0,33.0,36.0,950.5,1521.0,59.0,36.0
