1066836537c_CPSF6,1043143555c_APOE,0104743520c_EIF4H,0104745245c_TNC,1043171268c_HNRNPA1,1047909961c_MCM2,0104745679c_SPP1,0104745733c_VIM,1043171373c_FGB,1043138774c_MBP,0105507292c_NONO,1066863255c_IGFBP6,1047911146c_PDIA6,1043143555_APOE,0105483201c_NPM1,0105510087c_SFPQ,1047912089_BTBD7,1066838183_CHD4,1047887413c_LMNB1,0104745249c_IGF1,1043142674_FBXO44,ZNF574_1066529052_ZNF574,0104742995c_ACTB,0105511133c_DNAJB1,0105483601c_CLU,0104743232c_PTBP1,0105482048c_ENO1,1086925497c_PADI4,1043143849_DCAF6,1043140754_CHD3,1086926269_PLVAP,0104743420c_FEN1,1066858084_SSX2,1066838606_NRBF2,0105507919c_DDX5,1043144332_AQP4,1066862864c_RBM39,105482048_ENO1,KDM6B_0172047444_KDM6B,1066866615_FAF1,1047887570c_SRSF7,1047887771c_TUBB,105510087_SFPQ,1086924247_BMP7,105510131_SNRPN,1047911620c_HSPD1,1066566039c_BGN,1066859121c_CALR,1066858266c_FGA,105507292_NONO
5.568344503761097,7.6128310304073565,9.253974408996244,7.798933310041217,5.942799375126701,10.658999017292624,5.905361848054571,9.273831469757381,9.717970896845632,7.049254841255837,8.818630229100354,5.655991810819852,7.8680628962730665,7.113956109566034,7.44716835960004,10.73491732089608,5.093750200806762,7.057036981697891,6.1903154058531475,5.541263545158426,6.148468295917647,4.6443908991413725,7.044905117129371,5.940171252720432,6.129050210060545,6.336825731146441,6.467698726104354,7.685703061234547,5.805134968916488,6.013715156042802,4.5217885770490405,6.633318433280377,7.779048644925556,10.079141094113716,5.69035945432406,4.283586561860629,8.027150106832774,6.737559901986023,4.6443908991413725,6.377576926700331,5.972536537222463,7.957702395668965,7.8168199657645525,4.882801922586371,5.424950017481403,6.124683390894205,6.371611847231857,5.231108616854587,5.998936561946683,7.0762314289540384
11.137198754625853,8.63488733423288,11.379576912772233,10.814765742586738,10.509523351106111,7.656337166430183,8.967822851478775,11.049762385722545,11.5259996244575,9.160782413127839,11.39185327597476,7.322510433997394,11.372191049896736,5.147494476813453,9.947887139832812,9.842409703027538,6.450470422144176,7.836369760545124,9.727644961839882,10.63106031411106,4.553876891600541,4.477336814478207,10.364639622058545,9.104312967330653,9.510519035757246,9.16408698745872,9.440340364086879,8.209580483475577,4.901564199041894,7.770012122363807,4.143134726391533,8.537779825024625,5.680172609017068,10.305647203635566,8.01648290139134,4.189654742026425,10.373303664201542,5.0072963928307415,3.8066624897703196,7.843064016692054,7.271703706887368,10.79019498186861,7.590346945602565,4.290459441148391,4.6443908991413725,7.7886260656250315,8.579980179515003,6.170656210893009,7.251699530442051,6.995308175989998
7.154615356913663,6.0764947962925575,7.44716835960004,5.697093486505405,7.857093864902493,6.945051063725834,6.663132695990803,9.044757931186505,7.377446359389572,8.64259160081057,8.91918561004543,5.572154032177765,7.413970290190444,6.1903154058531475,6.030685260261263,8.926251835034533,5.455321115357702,6.054439346269371,7.037905963447182,5.869296913133774,6.318968113746434,4.948759890378168,6.375024819828097,6.311734809152915,6.428912701069197,6.6637710617960755,6.3638898011379466,6.60934924316738,6.175867270105761,5.942799375126701,4.795790545596741,5.933570568689079,6.717199917261079,6.706862336602747,7.920083199053234,5.8664680569332965,6.835184586147301,6.471573198211912,4.770684624465665,6.502790045915623,6.988413181999592,7.348587530927593,6.436150368369428,5.206750173022546,5.190175207928333,7.819033469032748,6.154858094016418,5.640132447579745,7.024649030453636,6.376726947898627
10.122100857763806,7.614805364711073,9.042040056544483,7.408530566894626,8.413608875159667,10.385450631617017,7.442199768346762,9.8497175093263,8.286395421165167,6.410174881966167,10.226440239069829,6.129050210060545,7.44600149832412,9.796125034207629,6.280395838960195,10.391469228876826,4.762173934797756,8.089329088364593,6.238324625039508,7.550924089735841,5.560681631015528,4.927253685157205,6.570182436916891,6.559615237493242,7.846589975291186,5.902633333401366,6.249009525139524,7.328108999584052,6.783891291759751,5.811140992976701,4.060443010546419,6.319868609079685,7.468513271496337,4.442651256490317,6.643138479461352,4.343805421853684,8.291797105048733,6.09807428216624,4.579852378003801,6.748759547491679,7.490808536745009,6.79794041297493,7.9314644076235625,5.204006687076795,6.878841268817495,5.8805329864007,6.045005314036012,5.869296913133774,6.1779441140506,7.759187438507795
9.011462512866512,8.269628865560346,8.952346543226227,8.35267225924779,8.153925132007862,10.286229773537025,7.817424134547405,9.481321252704552,9.918302270674141,7.690286020676768,10.320156331151617,7.690057370852975,8.934257435367753,4.912654885736052,7.099201743553092,9.982483558762626,4.791649752930709,7.956827122090111,7.0825485693553,6.069582326371934,5.749392985908253,5.527442989539794,7.630703950778872,6.625392368007956,7.703007682479236,6.825460036255307,6.860663671448287,8.57828829077605,9.98142034359255,7.926422077473158,3.828641396489095,5.6240175061873385,6.2766434893416445,5.91350300563827,7.918446686277776,5.075173815233827,7.759400817362761,5.003946305945459,5.680172609017068,8.660254034256889,5.5909869805108565,6.980075940561763,6.7357800142423265,3.9512437185814275,4.110873864173311,6.163314804034641,6.326149473155099,5.1149953094204985,6.988874330266929,6.903747257584598
6.789534647594706,5.953243334287785,9.738200088297953,6.841615476477592,6.037870919922137,6.297109319933935,7.682482446534506,5.817111159963204,7.981049759665957,5.351858133476067,8.118356069598294,5.14166355650266,7.170504084888706,5.988961416889864,5.752572638825633,8.781171537168783,5.625820933186489,7.147559271189454,5.030437921392435,7.768533300926033,10.681963445198846,5.0106352940962555,5.541263545158426,5.803627809625917,5.928258471204189,5.049856007249537,7.430114138561801,5.4510384535657,5.680172609017068,8.465794628330237,4.908971640319756,5.31566600488265,6.61338421837956,4.990432586778736,5.517452896464707,4.465908118654584,5.993961427306569,5.929589143389895,4.505349850705881,6.7086943981838845,5.817111159963204,6.842149521884143,5.860786223465865,4.852030263919617,4.700480365792417,5.241747015059643,5.117993812416755,5.059425458265688,5.472270673671475,6.246106765481563
4.990432586778736,8.91038326864879,7.43543801981455,6.560323202124582,8.46653127661401,9.17133963462645,4.663439094112067,7.554858521040676,8.11701408773731,6.464588303689961,8.927181388251986,5.855071922202427,7.168579897264035,6.32704352775198,5.973809611869261,8.459987717645458,4.59511985013459,7.803230871142372,4.882801922586371,5.572154032177765,5.484796933490655,7.57353126274595,6.173786103901937,5.71042701737487,5.705447753975262,4.852030263919617,5.356586274672012,7.144407180321139,5.847882818629958,7.899153483343097,3.871201010907891,5.236441962829949,6.143112096717122,3.9889840465642745,5.598421958998375,8.637018584484586,6.161207321695077,6.249009525139524,5.846438775057725,6.063785208687608,5.501258210544727,6.384350873009287,6.377576926700331,4.04305126783455,4.248495242049359,5.017279836814924,6.118097198041348,4.436751534363128,4.787491742782046,6.779921907472252
6.2015228588735365,6.056784013228625,5.7899601708972535,6.184148890937483,6.16541785423142,5.700443573390687,5.820082930352362,6.408528791059498,7.216709486709457,5.529429087511423,8.375744827831863,6.342121418721152,6.802394763324311,6.777646593635117,6.6059742821508545,8.607033895416027,5.217649463480582,9.009691898489343,6.441743671005939,6.380969635637417,6.610696044717759,5.288267030694535,6.669498089857879,5.924255797414532,6.396095974467569,9.767954157240933,7.902117546276448,6.3638898011379466,7.038783541388542,8.171599480345463,5.6222108209623896,6.409352175214703,9.464750005164392,6.692083742506628,6.083359811812238,4.787491742782046,6.756350824822904,8.86848366507813,6.558906771292869,6.71295620067707,6.391917113392602,7.639642287858013,8.622273667866745,5.607638614103299,5.908082938168931,6.261491684321042,6.376726947898627,6.159095388491933,6.396929655216146,8.729235349659273
6.410174881966167,7.742835955430749,6.2766434893416445,6.262445427836352,5.84354441703136,6.52649485957079,5.782285536144145,6.595780513961311,7.696212639346407,5.285738584341177,7.340835554123275,5.455321115357702,7.206377291472252,9.427385364828522,6.305362461690656,8.166358303959187,6.23342985266278,9.588502797556337,5.60947179518496,5.741399338227508,7.978310969867722,6.666956792429207,6.124683390894205,5.66988092298052,6.056784013228625,5.41610040220442,5.5053315359323625,5.926926025970411,8.0040315078527,6.517671272912275,4.6443908991413725,5.638354669333745,8.728183186557876,5.583496308781699,5.814130531825066,4.886582645426277,6.22455842927536,7.32052696227274,6.290642784698189,8.351846738828245,6.22455842927536,7.210079628170788,6.875232087276577,5.043425116919247,4.812184355372417,5.499215308914927,5.638354669333745,5.5909869805108565,5.731721843345443,6.645740953278934
7.392955355109155,8.981430225767635,7.80710329012598,7.04882071926074,7.32052696227274,6.612041034833092,7.300472814267799,6.976348070447749,7.690743163541872,7.284820912568604,7.529406457837013,7.285506548522785,7.195937226475569,9.074291527512907,5.713732805509369,7.408833551293248,4.908971640319756,9.417923485172336,7.469654172932128,9.041685005946043,5.389071729816501,6.92461239604856,7.345687577227803,7.160845906664299,7.087573705557973,7.409136443920128,6.967909201801884,7.463649866115706,5.093750200806762,5.327876168789581,4.48863636973214,7.25063551189868,6.156978985585555,4.757891273005756,7.640123172695364,5.4510384535657,7.079184394609668,8.580543506917,5.049856007249537,5.607638614103299,7.324160327128636,7.29641326877392,7.303843225277705,5.153291594497779,4.709530201312334,7.288927694521257,7.2196420401307355,7.689142248391491,7.567604174140568,5.945420608606575
10.152591205519869,8.98619632032839,11.244732245102295,10.117469262057952,10.652495082592695,11.700151641097639,7.88363480226795,10.274395721835582,11.001849809949029,8.470730317005897,11.684388278429306,9.802506322682014,9.705189041219032,7.31455283232408,10.071393197595722,11.146034226241627,7.843848638152472,8.290794347381356,7.51425465281641,8.599510233905452,5.955837369464831,5.541263545158426,8.005033344637111,8.23880116587155,7.142827401161621,7.271703706887368,7.731930721948486,7.121252453244542,9.18024192415215,7.652308247601982,6.928537818164665,7.413970290190444,7.908019444632471,5.272999558563747,9.433083843269053,5.41610040220442,7.8050670442584895,7.5740450053721995,4.824305715904762,6.3784261836515865,8.891511570527564,8.045428011550841,7.699162828709602,6.950814768442584,4.584967478670572,8.01862546504575,7.54300848112318,7.286191714702382,7.340835554123275,7.143617602704121
5.527442989539794,5.659482215759621,8.177375364543927,7.359467638255621,5.905361848054571,9.109414453386222,6.406879986069314,8.408939605975984,8.37804606000608,5.176149732573829,9.044521887281242,6.040254711277414,7.786136437783072,6.285998094508865,6.340359303727752,6.820562067279759,5.220355825078324,8.134467570277563,5.717027701406222,5.631211781821365,5.681877639268151,4.948759890378168,6.608675161577986,6.218600119691729,6.163314804034641,6.84587987526405,5.869296913133774,5.8916442118257715,6.800726706223614,6.769641976852503,4.204692619390966,5.455321115357702,6.269096283706261,9.352143707550546,6.401917196727186,7.966239776559467,6.633318433280377,6.236369590203704,4.204692619390966,6.164366881985445,5.805134968916488,6.79346613258001,6.302618975744905,4.574710978503383,4.471638793363569,4.832305758571839,5.44673737166631,4.9344739331306915,5.1328529268205045,6.519884479274924
6.100318952020064,4.871373226762748,6.738152494595957,6.139884552226255,4.61512051684126,6.78105762593618,5.1647859739235145,8.015162115331742,6.795705775173514,4.7535901911063645,7.927143968859859,4.90527477843843,6.278521424165844,6.184148890937483,5.1328529268205045,9.654769750102489,4.442651256490317,5.940171252720432,6.408528791059498,4.709530201312334,6.18517928773138,9.28785681440401,4.7535901911063645,4.189654742026425,6.424869023905388,5.3471075307174685,4.532599493153256,4.30406509320417,7.377133712833954,5.811140992976701,4.051784947803305,4.248495242049359,7.641084249174914,4.700480365792417,4.56954300834494,4.04305126783455,5.963579343618446,5.945420608606575,6.096950054953959,7.19668657083435,5.43372200355424,6.690842277418564,9.444858981311897,4.31748811353631,4.477336814478207,4.844187086458591,4.574710978503383,4.060443010546419,4.189654742026425,6.375024819828097
6.52649485957079,5.503296947234575,6.385194398997726,7.749753406274437,6.511745329644728,7.955425088912672,4.848116364598481,9.022443300849043,7.228388451573604,5.4359030295006,8.707978826622321,4.927253685157205,6.354370040797351,6.633976111699347,6.210600077024653,9.586033321750676,6.670766320845874,8.54373774663835,5.32544603393629,5.062595033026967,6.645740953278934,7.6475474673651265,7.230201031370209,5.195730777772936,6.5771657055190795,5.017279836814924,4.948759890378168,5.170483995038151,8.983063289380366,6.0063531596017325,5.1298987149230735,5.030437921392435,7.2868764117507,6.548219102762372,8.812099108957337,7.1569563646156364,5.666426688112432,6.602587892189336,5.075173815233827,7.234177179749849,6.042632833682381,7.558516743045645,10.333336282412485,5.363636832668679,7.5256399750415355,4.941642422609304,4.736198448394496,4.983606621708336,5.262690188904886,8.798982938163181
5.4116460518550396,8.284251797621916,7.613324979540639,4.9344739331306915,5.220355825078324,6.240275845170769,4.442651256490317,5.501258210544727,7.251344983372214,4.356708826689592,7.423568444259167,4.966335035199676,8.066835314417336,9.019058793810718,5.409411414053624,7.226936018493289,5.368309738368072,7.792968055285431,4.543294782270004,4.8283137373023015,5.62040086571715,7.738488122494646,5.3706380281276624,4.795790545596741,5.856503561673865,5.981414211254481,5.262690188904886,5.030437921392435,5.53338948872752,9.457200449907708,4.143134726391533,4.816241156068032,5.950642552587727,5.465948207931988,6.159095388491933,4.430816798843313,6.659293919683638,6.173786103901937,6.280395838960195,5.886104031450156,5.641907070938114,6.07993319509559,6.359573868672378,4.6443908991413725,4.736198448394496,5.5134287461649825,5.170483995038151,4.700480365792417,4.68213122712422,6.7086943981838845
10.011803696019587,10.688279111142762,10.610858099732317,8.400209835930418,10.228519599014785,10.857748215661912,9.548454117726651,9.629379600111465,7.8385404570067445,9.884304733119354,10.044292429127148,9.004668301573977,8.220672170297252,10.80570978553141,10.092081066090932,10.483466034990435,9.499833303831926,9.000051346098175,9.440340364086879,9.442443664661864,9.682840881420505,5.017279836814924,8.164367970632252,9.59791302724276,8.410943391573527,8.871785969150645,8.556798446008598,8.773926245724002,7.970913086665845,8.27563105457801,9.217713126305595,8.684401110400144,9.511925349596956,5.631211781821365,8.638702608813434,7.053585727193677,8.59452453435256,7.842278779117352,5.220355825078324,7.91644286012226,9.970725551801806,9.883131772279054,7.3427791893318455,9.112782668381378,5.375278407684165,8.859363449152088,8.35149273563852,8.951958168569265,9.140775908590273,7.192182058713246
5.953243334287785,5.631211781821365,6.829793737512425,5.627621113690637,5.903998521326706,8.223224734321748,5.356586274672012,7.045776576879511,7.129297548929373,5.327876168789581,6.461468176353717,5.198497031265826,7.049254841255837,5.981414211254481,6.740519359606223,7.200424892944957,4.852030263919617,7.533693709848633,5.497168225293202,5.384495062789089,7.259116128097101,4.68213122712422,6.031886461606898,5.66988092298052,6.023447592961033,8.641179171197228,5.697093486505405,5.932245187448011,6.285998094508865,5.950642552587727,4.182050142641207,8.52674740422105,9.650239112402236,4.770684624465665,5.68697535633982,4.135166556742356,7.170119543449628,5.881928660039675,4.363098624788363,5.942799375126701,5.945420608606575,6.910252159180724,6.719616836866618,4.663439094112067,5.1029105702054265,5.461710913456472,5.86220971125072,5.375278407684165,5.58724865840025,7.661997558901893
8.182559264068665,9.002577922700276,7.643003635560718,6.063785208687608,6.198478716492308,8.21716859576607,6.376726947898627,8.385146410495905,8.047029549369137,6.576469569048224,9.155197572478974,5.75890177387728,7.081708586105575,7.01301578963963,8.363109176033522,9.100525505968976,4.836281906951478,8.272187393244893,5.831882477283517,7.327123292259293,4.90527477843843,5.3230099791384085,6.025865973825314,7.57198844937744,6.962243464266207,6.253828811575473,6.354370040797351,7.331714969726466,6.7464121285733745,6.09807428216624,4.330733340286331,6.6052979209482015,6.881411303642535,5.8971538676367405,6.171700597410915,4.897839799950911,6.842683282238422,6.437751649736401,7.2294763936573405,6.603266088213975,6.5757729476337765,7.353081920515432,6.147399348728742,4.51085950651685,4.59511985013459,5.886104031450156,5.476463551931511,5.754158681981268,6.121395716700013,6.270988431858299
10.381893285046008,7.751475318021456,10.808737559293304,8.517593111437565,9.53870842969938,10.47862510927053,8.32736351913196,10.41000390471402,9.199683791787654,7.857867559331803,11.08794873721905,7.292337176173877,9.841186526338749,6.119197913617533,8.729235349659273,11.173697434635217,8.583542571957771,9.301733800405394,7.416979621381154,8.304494897963567,5.7899601708972535,7.038783541388542,8.977525200965243,8.14177220465645,9.291182759820284,7.350516171833998,7.853993087224244,7.617267813628347,7.6362696033793735,7.1681946150400435,6.5337888379333435,7.843848638152472,7.353081920515432,5.488937726156687,7.696894225195808,6.917705609835305,8.200837258379849,8.343553835005117,7.603897968521881,10.258799067427756,8.22121009392507,8.146129510025405,9.444067716830038,7.099201743553092,7.1731917424865985,7.382746449738912,7.266128779556451,8.059908334578276,7.557733964140704,8.555066843844319
5.241747015059643,5.602118820879701,6.169610732491456,4.795790545596741,5.739792912179234,5.780743515792329,3.9889840465642745,7.113956109566034,6.618071203859683,4.941642422609304,6.054439346269371,4.189654742026425,6.008813185442595,9.504799428706987,5.225746673713202,6.283200889887803,9.108030753151613,8.547334348328224,4.290459441148391,4.709530201312334,5.676753802268282,5.375278407684165,5.543222409643759,5.241747015059643,5.1328529268205045,6.077642243349034,4.406719247264253,4.543294782270004,5.940171252720432,6.74993119378857,8.922258219503062,7.780512008832564,9.619399015594476,4.532599493153256,4.6913478822291435,4.330733340286331,5.293304824724492,5.6577385361547945,5.117993812416755,5.966146739123692,4.890349128221754,6.182084906716632,7.32052696227274,8.814479000010714,5.427150238391005,5.916202062607435,5.087596335232384,5.963579343618446,5.0689042022202315,6.925595197110468
10.385450631617017,7.403670290012373,8.316177992175028,6.10367653771491,8.830177446730236,7.45298232946546,5.68697535633982,8.164510268747042,7.542478539404365,6.289715570908998,9.052691915387113,6.129050210060545,6.943122422819428,7.221835825288449,6.62472901806655,9.556020089348308,4.787491742782046,9.647142635393386,6.056784013228625,6.295266001439646,6.831414045725414,4.418840607796598,5.568344503761097,6.706862336602747,5.62040086571715,5.673323267171493,6.833570380792761,6.031886461606898,5.8185981490847825,6.142037405587356,5.0238805208462765,5.786897381366708,6.648984550024776,4.852030263919617,5.945420608606575,4.394449154672439,6.660575149839686,6.173786103901937,4.695924549256556,8.155792814470173,6.183117431330821,6.716594773520978,6.906754778648554,5.25227342804663,4.848116364598481,6.977281341630747,5.545177444479562,5.501258210544727,5.7477993600729755,6.54965074223381
7.1098794630722715,10.104385494903019,10.211762381226457,8.263590432617319,10.073820870018016,9.931807723913415,7.407924322559599,9.391619719191693,9.688188155244967,8.39366870513074,10.780434363667258,10.191706980586526,10.314835323802448,5.545177444479562,8.099857910737585,10.216398679033684,5.91350300563827,7.878344784263671,6.675823221634848,7.234537865055833,5.187385805840755,4.867534450455582,6.884998291859521,7.9684926152213205,6.582717419986587,8.082093278178382,7.310550158534422,7.627544390488503,5.940171252720432,5.978885764901122,4.189654742026425,6.659293919683638,6.448889394146858,4.890349128221754,7.221105098182496,4.5217885770490405,8.762646029650282,5.634789603169249,6.254789888055024,5.872117789475416,6.995308175989998,8.127109185346375,9.654384962051822,4.382026634673881,5.033700567027251,7.425953657077541,7.598148671345461,6.682108597449809,7.490808536745009,8.122371243406553
9.467150780760877,10.207952993022255,6.810142450115136,7.330405211844402,5.10594547390058,6.731018100482083,5.003946305945459,7.216709486709457,7.431003422746685,6.548219102762372,8.767796255626598,4.700480365792417,6.595780513961311,6.3569753397091135,6.343880434126331,7.00669522683704,4.505349850705881,5.683579767338681,4.553876891600541,6.2766434893416445,5.688668836846153,4.07753744390572,5.69035945432406,5.19295685089021,8.268988209506656,4.6913478822291435,6.363028103540465,4.430816798843313,6.054439346269371,6.697651341175731,3.7612001156935624,4.879006851617819,6.811794887836226,5.318119993844216,6.608000625296087,3.960813169597578,7.255591274253665,5.596568390349052,3.912023005428146,6.173786103901937,6.822197390620491,6.440946540632921,6.199494460612144,5.062595033026967,4.060443010546419,4.442651256490317,5.062595033026967,4.127134385045092,5.777652323222656,6.069582326371934
6.345636360828596,6.421622267806518,8.096512917501594,6.88653164253051,6.450470422144176,10.40095434309913,5.062595033026967,7.365496531655673,8.231642179973411,7.036148493750536,8.571491964823617,5.356586274672012,7.4570320891223805,7.440146680662688,6.249975242259483,7.881748720984581,5.6937321388027,7.931823603029724,5.472270673671475,6.440946540632921,7.362645270417825,5.384495062789089,6.2766434893416445,5.529429087511423,6.42080892900609,7.2115567333138015,5.5053315359323625,6.083359811812238,6.785587645007929,7.371174780350858,4.74493212836325,5.685279003091641,7.591357046698551,5.187385805840755,6.045005314036012,4.394449154672439,6.51025834052315,7.484368643286131,5.7430031878094825,7.364547014255642,6.6240652277998935,7.887208585813932,7.554334823725748,5.713732805509369,6.335054251498059,5.111987788356544,5.575949103146316,6.037870919922137,5.556828061699537,7.633369649679584
6.456769655572163,6.26530121273771,6.3216671707156,6.949376953672957,6.20455776256869,8.227909837597483,6.385194398997726,7.707062655370473,7.485491608030754,6.950814768442584,7.554334823725748,6.1903154058531475,7.126890808898808,8.146419323098003,6.7580945044277305,6.9167150203536085,6.288787496596443,8.67317077287059,5.857933154483459,6.1092475827643655,6.743470084674281,6.13880638500591,6.073044534100405,6.39024066706535,6.77078942390898,6.275703197782002,6.1070228877422545,5.910796644040527,6.2166061010848646,6.756932389247553,5.0238805208462765,6.3473892096560105,7.377446359389572,7.344719054149673,6.5841005460715385,5.093750200806762,6.159095388491933,7.229113877793302,4.962844630259907,6.894670039433482,7.73718007783463,7.236339342754344,8.051340933292979,5.448890225027411,5.493061443340548,6.1779441140506,5.5053315359323625,5.849324779946859,6.148468295917647,7.688913336864796
5.973809611869261,7.931823603029724,9.518560095645512,6.771362654076582,6.996681488176539,9.723403490682365,6.486160788944089,10.998585339237541,7.890020999779825,5.996452088619021,10.875960110432432,6.679599185844383,7.031299465073592,6.905252148764019,6.873163834212518,9.798682438170001,6.318968113746434,7.403365736941647,6.3707567809121235,6.071891796220597,6.172743894323493,4.948759890378168,6.0579542883768145,7.201170883281678,5.942799375126701,5.783825182329737,5.730099782973574,5.8944028342648505,8.843470781627381,6.095824562432225,4.574710978503383,6.676453539966464,7.762170607138205,4.6913478822291435,9.163091519375572,4.30406509320417,6.397762641520038,6.152732694704104,5.337538079701318,6.003887067106539,6.248042874508429,7.180069874302796,6.922151159265869,4.969813299576001,4.886582645426277,8.289037098278483,5.3981627015177525,5.0106352940962555,5.424950017481403,8.738334740059774
10.51515349122819,7.403061091090091,9.99620346103587,7.449207096289888,7.1308988302963465,9.42294862137501,9.069122370060645,9.968033886143182,9.64930472862475,7.953318346560431,10.270818024162836,6.80128303447162,8.643208911999098,9.256460307589736,5.780743515792329,10.063094747044966,5.295814236329918,6.003887067106539,7.53955882930103,7.67786350067821,5.0401940963378005,4.400603020246817,6.771935555839602,6.987028459876645,6.7650389767805414,6.84587987526405,8.332308352219117,7.911324018963353,9.642122788401721,10.291314688790106,4.127134385045092,6.428105272684596,7.721791776817535,6.680227129350103,7.6128310304073565,4.007333185232471,7.38770923908104,9.619863900211849,4.532599493153256,5.962293169807702,6.846411648741085,6.42648845745769,7.198931240688173,4.31748811353631,4.110873864173311,6.71174039505618,6.556067876554444,6.3784261836515865,6.906754778648554,7.240649694255466
10.424110030031741,9.081938657171658,9.652298116443372,9.348187438668308,8.521981708148035,11.024594919031609,9.167067459742716,8.28349412616251,7.528600547786677,10.128549263006242,10.747110812698974,8.89604050162011,6.921164965892054,6.48768401848461,6.961296045910167,10.311399664287345,6.236369590203704,7.8724551500639794,8.95828281049733,9.056256356593467,5.5134287461649825,4.867534450455582,7.613818684808629,9.40804303080844,8.397846433783672,8.643032576255385,8.920255414908091,7.9441374911141125,5.863631175598097,7.220373836723949,3.970291913552122,8.407601514786142,9.808847148382007,4.605170185988092,8.774931387494947,5.056245805348308,8.11552088154677,7.756623334538858,5.5254529391317835,7.172424577124845,8.319473692442186,7.181591944611865,8.200288260287554,4.406719247264253,5.090678001769792,8.953769294549454,7.423568444259167,8.517793011488205,8.92764584103544,6.828712071641684
6.621405651764134,9.589290374428591,6.522092798170152,6.814542897259958,5.717027701406222,9.080459451121662,6.219595639933231,9.477692177954713,7.275172319452771,7.0453409419347,7.624130585661289,5.0238805208462765,6.507277712385012,10.326956285083867,7.650644551436897,7.748028524432376,9.322999190115121,8.233768709217097,5.247024072160486,5.402677381872279,6.434546518787453,6.3894013887953545,6.961296045910167,5.363636832668679,6.18826412308259,5.056245805348308,5.697093486505405,5.056245805348308,7.733902461003326,10.35589985775146,8.510772623613315,6.019809020117124,9.533148246403337,6.022236205774735,5.377590547442544,5.003946305945459,5.717027701406222,7.160845906664299,5.860786223465865,6.680854678790215,6.765615511821014,7.217443431696533,7.58629630715272,8.303876200919763,6.637258031284457,4.844187086458591,5.241747015059643,5.924255797414532,5.126935749792416,8.457018468380168
8.314097335405807,10.943428518789158,9.450459027496354,8.372860820526318,8.943832534755808,10.95835691825632,7.642044402873258,8.73681053295389,8.963160242833732,8.851663425366777,9.953372355465126,7.2991214627108,7.803435056952168,10.924759728229457,6.2176036074019905,8.798530176308178,5.335131339670753,8.53168763756669,7.2305631534092925,7.208600337960199,5.298317366548036,6.559615237493242,6.992555880674602,8.125483048540408,7.8009820712577405,7.233455418621439,8.365556016753278,8.539248182197069,5.552959584921617,6.80128303447162,6.125776884715576,7.024649030453636,7.607629780291509,4.584967478670572,7.597396320212795,4.204692619390966,7.188412736496954,9.719684899460376,8.318376332093086,6.219595639933231,6.907255153940455,6.878326468291325,8.948066103458935,5.407171771460119,4.584967478670572,7.458186157340487,6.842683282238422,7.292337176173877,7.244941546337007,6.728628613084702
6.154858094016418,7.799753318287247,5.803627809625917,5.0369526024136295,5.662960480135946,7.784889295655098,8.979290649090876,6.570882962339584,7.51425465281641,5.6577385361547945,7.874358824729881,4.6913478822291435,6.406879986069314,4.969813299576001,5.003946305945459,7.705262474866325,6.1675164908883415,7.452402451223638,4.787491742782046,5.030437921392435,5.0238805208462765,5.440250862436703,5.681877639268151,6.498282149476434,5.552959584921617,4.718498871295094,5.190175207928333,5.10594547390058,9.167745974343763,7.047517221357296,4.3694478524670215,7.955249696471636,8.159374736775426,6.668863370699788,6.806829360392176,3.912023005428146,6.0473721790462776,5.805134968916488,3.960813169597578,6.2285110035911835,5.827473946998751,6.184148890937483,7.085901464365611,4.579852378003801,5.395897694886901,4.5217885770490405,4.6913478822291435,4.620058798481842,4.629862798578463,8.300280189852664
10.454062595819401,6.5337888379333435,7.67786350067821,6.448889394146858,6.827629234502852,10.29714994852514,6.763884908562435,9.235032984566555,7.701652362642226,7.08799132928507,11.243528529138556,5.739792912179234,7.1372784372603855,6.520621127558696,6.421622267806518,12.110687212894426,6.0787883752796565,8.517793011488205,7.124478262493424,5.771441123130016,6.541751239754887,5.209486152841421,5.921578419643816,5.808142489980444,6.618738983517219,5.934894195619588,7.57198844937744,6.595780513961311,6.040254711277414,7.402146596284703,5.375278407684165,7.32052696227274,7.215975002651466,5.749392985908253,6.338594078203183,4.5217885770490405,6.566672429803241,9.228131172984732,5.545177444479562,6.984716320118266,6.741700694652055,7.618005367441745,6.970730078143525,5.3612921657094255,5.4510384535657,6.799055862058796,5.3230099791384085,5.327876168789581,5.631211781821365,7.128094902963612
8.590350712033963,7.603648685210108,8.410387187098427,8.106816038947052,7.171656822768514,8.911664758049536,6.147399348728742,10.194289752324153,7.728195685199458,8.561592778712923,11.630859600321589,6.419180264150966,10.289752851616665,5.951943788945699,6.866933284461882,9.644068945357207,6.9865664594064265,8.474494436883122,7.158513997329321,6.39024066706535,6.129050210060545,4.9344739331306915,6.6140551342047935,6.364750756851911,6.912742820493176,6.184148890937483,6.954638864880987,6.695798917058491,8.10711747075039,6.720220155135295,5.030437921392435,5.902633333401366,7.036148493750536,5.986452005284438,6.484635235635252,4.48863636973214,7.098375638590786,7.506042178518122,6.280395838960195,6.483107351457199,9.288134399416203,6.983789965258135,8.321299954592188,5.313205979041787,5.126935749792416,7.1204443723924875,6.142037405587356,6.220590170099739,6.169610732491456,6.9363427358340495
10.927861091268705,8.43750042250699,10.725610451878788,6.626717749249025,6.98100574072173,8.991811158212718,7.919719760924575,9.009569671513699,7.01301578963963,7.340835554123275,10.685126264117057,7.433666540166168,7.016609683894219,8.197263371414335,6.406879986069314,10.751060375117763,5.75890177387728,7.034387929915503,6.137727054086234,6.54534966033442,5.806639860095909,7.725771441587952,8.008199222479217,7.266827347520591,7.182352111885263,6.6059742821508545,7.9157131993821155,6.212606095751519,6.822741904655181,9.074635189810808,5.0466457316192885,6.413458957167357,6.519147287940395,5.962293169807702,8.530800194822454,7.203033428055546,6.55250788703459,6.206575926724928,7.134093721192866,7.32052696227274,6.476972362889683,7.062191632286556,10.035765034342964,4.859812404361672,7.80363920107863,6.839476438228843,5.840641657373398,6.421622267806518,6.7906595071058895,9.530392824458414
4.400603020246817,7.8961806086154915,4.48863636973214,4.1666652238017265,5.351858133476067,4.406719247264253,3.367295829986474,4.2626798770413155,5.855071922202427,4.653960350157523,5.521460917862246,4.8283137373023015,5.377590547442544,8.042860204009273,9.372459221452617,5.313205979041787,5.484796933490655,5.5154428455366835,3.9318256327243257,6.008813185442595,10.026656060468849,5.288267030694535,4.677490847567717,4.174387269895637,4.634728988229636,4.74493212836325,4.007333185232471,4.418840607796598,5.030437921392435,5.908082938168931,4.1588830833596715,5.003946305945459,7.069874128458572,4.33729074083249,4.6913478822291435,4.31748811353631,4.955827057601261,5.402677381872279,5.998936561946683,7.260171166000486,5.730099782973574,5.389071729816501,6.2373475853916815,5.0106352940962555,4.740574822994295,7.114769448366463,4.460144413937834,4.04305126783455,4.350277936359301,5.942799375126701
6.005120873555468,9.313979406735669,9.569970943740548,8.708391896147795,7.030857476116121,8.870522545103873,7.1308988302963465,10.146747407435162,10.457372665762566,8.04125196950375,9.695848187757884,6.502790045915623,9.377802065863113,7.429520842786462,7.278628942320682,9.477845246989146,6.606650186198215,8.338664432860979,6.536691597591305,6.838405200847344,5.958424693029782,5.043425116919247,8.512984346642183,7.362010551259734,6.967909201801884,7.174724309836376,8.268218880067506,7.108244139731541,7.563719668414366,6.432940092739179,5.3471075307174685,7.70796153183549,8.700930412351354,6.638567789166521,6.220590170099739,5.220355825078324,8.906190106817094,6.292494637079263,5.2832037287379885,6.319868609079685,6.508769136971682,7.502738210754851,7.026426808699636,5.58724865840025,5.455321115357702,5.933570568689079,7.574815124778764,5.176149732573829,7.22402480828583,6.958923565556536
4.980176086611547,4.672828834461906,5.4359030295006,5.645446897643238,5.0271645960474665,8.817149624743406,4.127134385045092,5.087596335232384,8.588862478106597,5.220355825078324,7.086737934510577,4.430816798843313,6.9865664594064265,6.054439346269371,6.645740953278934,6.473890696352274,5.607638614103299,5.497168225293202,4.48863636973214,4.875197323201151,7.753623546559746,5.220355825078324,5.19295685089021,4.804021044733257,5.404927101606295,4.61015772749913,5.099866427824199,4.820281565605037,8.528133131454572,6.957497370876951,7.848153086199526,4.859812404361672,8.670772279344538,6.240275845170769,5.272999558563747,3.960813169597578,5.634789603169249,6.473890696352274,5.285738584341177,6.805168690207036,5.267858159063328,6.775366090936392,7.700747794511798,7.580699752224563,6.411818267709897,5.087596335232384,4.812184355372417,4.762173934797756,4.663439094112067,7.813591552952433
7.121252453244542,9.671996759734089,7.932721027481948,7.494708263135679,6.501289670540389,7.7226775164680035,5.634789603169249,8.894807371368625,8.817742129574842,5.2832037287379885,8.794521851788527,4.736198448394496,8.212025804623437,9.737078714202223,6.380969635637417,8.007533554290216,4.605170185988092,8.460199469896118,7.124880757970784,7.199678345691172,6.1070228877422545,4.700480365792417,6.950814768442584,5.181783550292085,5.7698822763607245,5.262690188904886,5.556828061699537,5.1647859739235145,9.493788493895902,5.890262041598819,3.9318256327243257,5.123963979403259,7.149524294419511,5.293304824724492,4.9344739331306915,7.3938782901077555,6.063785208687608,6.267200548541362,5.087596335232384,6.387720716130836,5.8522024797744745,6.626717749249025,8.050065422915965,4.465908118654584,6.828712071641684,4.852030263919617,5.5093883366279774,4.127134385045092,4.727387818712341,6.182084906716632
7.582738488914411,8.45531778769815,9.462265724715845,8.738815586358509,8.302017809751204,10.100143381013234,6.62870253322841,10.026656060468849,9.627404615927698,7.596894438144544,10.615382883057766,6.20455776256869,9.419466131522189,5.096812990337308,7.183111701743281,8.835064935031076,6.61136876590021,9.400547423044127,6.448889394146858,7.815207062189088,5.153291594497779,5.2652775124698366,7.789454566086673,7.965198290612176,6.890609120147166,7.448625024096504,7.529406457837013,6.306275286948016,5.313205979041787,9.160519676992227,5.017279836814924,6.144185634125646,5.556828061699537,4.59511985013459,5.815621956411737,4.840242308167575,8.086410275323782,5.14166355650266,6.2015228588735365,5.661222860237405,6.371611847231857,6.915723448631314,6.660575149839686,4.859812404361672,5.209486152841421,5.998936561946683,6.639222025369117,4.997212273764115,5.717027701406222,6.672032945461067
6.593044534142437,5.631211781821365,8.233768709217097,8.521782643750045,6.073044534100405,8.399422655681729,5.313205979041787,9.249561085129464,9.408986291689992,6.1301389417957415,9.09459276343187,5.384495062789089,8.708804795117285,6.0112671744041615,7.984121958702927,7.403670290012373,4.61512051684126,6.741700694652055,6.282266746896006,5.683579767338681,5.270432163058501,4.7140245909001735,7.4318919168078,6.5638555265321274,6.583409222158765,7.613324979540639,6.786152457222888,5.438079308923196,5.517452896464707,5.700443573390687,4.04305126783455,4.812184355372417,6.915227293820838,4.634728988229636,4.966335035199676,6.368187186350492,7.3938782901077555,6.275703197782002,4.375757021660286,5.8888779583328805,5.631211781821365,7.338563194762097,5.992713766508414,4.406719247264253,4.248495242049359,4.844187086458591,6.203547151062767,4.430816798843313,4.990432586778736,6.927557906278317
10.516400340385468,10.203277280607065,7.664815785285735,8.701928499434127,5.096812990337308,8.532180321224486,6.385194398997726,8.89877535906107,8.469682208745185,6.1092475827643655,9.315735887021523,6.225548038460526,8.778017809698136,6.430525604644662,6.677712985976771,8.97449144816442,5.0689042022202315,8.079772912066522,5.267858159063328,8.720378903389502,5.442417710521793,4.875197323201151,5.971261839790462,5.648974238161206,9.222664121665014,5.159055299214529,7.772963220626976,5.049856007249537,7.355001921105257,5.700443573390687,3.970291913552122,6.674561391814426,5.976350909297934,4.276666119016055,5.564520407322694,3.970291913552122,7.280697195384741,7.700747794511798,4.901564199041894,7.382124365737512,8.247743887225516,6.338594078203183,6.243195555274104,4.324132656254979,4.442651256490317,4.997212273764115,5.594711379601839,4.948759890378168,6.799055862058796,6.602587892189336
10.47506014357522,10.654125036299098,9.427747501438455,8.026170194946426,8.790116892892472,10.205405315014563,6.042632833682381,10.817074632835968,9.666973766658746,7.33400292627283,10.917694157354788,7.025982660346787,9.609854474590907,10.128549263006242,7.138866999945524,9.005527777346696,5.075173815233827,7.050989447068045,6.236369590203704,7.768110378525988,6.124683390894205,4.927253685157205,7.136483208590247,8.305607588935757,7.428333194190806,9.185022563991893,7.5595594960077,9.010119575294397,8.86827250899781,6.075346031088684,4.564348191467836,9.181066029272188,7.783224016336037,4.343805421853684,9.015662792972645,4.418840607796598,7.237059026124737,6.363028103540465,5.860786223465865,7.906915488678587,6.956545443151569,7.16703787691222,7.475339236566737,4.966335035199676,5.003946305945459,7.600652428286873,7.503013958722957,5.676753802268282,7.4127640174265625,7.252762418053187
4.774912960575186,6.901737206656574,7.720683497861139,5.181783550292085,5.303304908059076,8.610865667278873,4.762173934797756,7.094234845924755,6.682108597449809,5.049856007249537,7.550135342488429,7.186144304522325,6.091309882077698,6.396095974467569,6.535241271013659,6.0844994130751715,5.844992643207725,6.432940092739179,5.384495062789089,4.762173934797756,5.247024072160486,4.406719247264253,5.217649463480582,5.123963979403259,4.882801922586371,5.914853444736141,5.3706380281276624,7.380879035564116,8.860924729719041,7.206377291472252,4.1666652238017265,5.14166355650266,7.281729719998931,4.276666119016055,4.983606621708336,5.043425116919247,6.851184927493743,5.4785534168509695,4.400603020246817,9.532133974056732,6.244166900663736,6.164366881985445,6.07073772800249,4.499809670330265,4.59511985013459,6.323462503334274,5.356586274672012,4.548599834499697,5.303304908059076,5.962293169807702
5.342334251964811,5.356586274672012,7.0630481633881725,7.486613313139955,5.3471075307174685,7.716015266642587,5.017279836814924,8.227909837597483,8.27346420649292,4.848116364598481,7.206006302783152,5.020585624949423,7.8868329989550565,6.5638555265321274,7.327123292259293,5.914853444736141,5.951943788945699,8.954286157204713,5.568344503761097,5.365976015021851,6.3690444517266105,4.7535901911063645,6.541751239754887,6.04381977744191,6.0112671744041615,4.7318028369214575,6.9280479822498995,5.144583266605995,6.438551329906966,6.627379781712794,4.532599493153256,7.4205789054108005,8.345336684470047,5.8289456176102075,5.062595033026967,4.5217885770490405,6.198478716492308,8.883778861463485,5.575949103146316,7.655390644826152,5.262690188904886,6.84534781885352,7.672292455628756,4.863680881139593,5.19295685089021,4.816241156068032,4.867534450455582,4.727387818712341,4.882801922586371,7.642044402873258
6.80903930604298,5.453182077108952,7.428927194802272,6.996223926969745,6.04381977744191,6.9191896566078,5.963579343618446,8.258422462458876,8.437283808187935,7.64826303090192,7.9067313774749,5.768320995793772,7.498869733976931,4.927253685157205,6.506531165131227,7.110696122978827,4.579852378003801,6.437751649736401,9.496195777086555,5.725217755376266,5.1647859739235145,4.430816798843313,6.407704728384105,6.075346031088684,6.2015228588735365,6.169610732491456,6.380122536899765,7.998839301229455,4.859812404361672,4.718498871295094,3.7495040759303713,5.521460917862246,5.898526551448713,4.382026634673881,6.016157159698354,5.393627546352362,6.305362461690656,7.780720886117918,4.127134385045092,6.133398042996649,5.857933154483459,6.5722825426940075,5.627621113690637,3.9512437185814275,3.8918202981106265,5.8998973535824915,5.541263545158426,5.8664680569332965,5.849324779946859,5.8377304471659395
10.609439895926906,6.811794887836226,10.461330341065175,7.53689712956617,7.424165281042028,10.088264425905146,8.225235324101668,8.45638105201948,8.473241303887054,6.8308742346461795,9.191667106710561,8.396831834745054,7.909856667269403,5.702114417555504,7.257707677160043,9.417354541360508,6.040254711277414,5.19295685089021,6.893656354602635,9.917168539591993,5.442417710521793,4.653960350157523,7.0707241072602764,7.010311867307229,8.675563527387679,6.9874902470009905,7.989560449333865,7.182731978936364,6.785587645007929,5.697093486505405,4.356708826689592,6.926577033222725,7.695985340788774,6.429719478039138,8.114922974204593,5.030437921392435,7.810758116529357,6.156978985585555,5.065754593317335,8.478244441277663,7.645397699428633,7.601901959875166,6.694562058521095,4.9344739331306915,4.879006851617819,7.20934025660291,7.2633296174768365,6.905753276311464,7.057036981697891,6.0330862217988015
5.796057750765372,7.747812704856703,10.223939286317336,8.646289764750648,7.810758116529357,10.529399245077244,6.053264948013429,9.835048099313607,10.33371031177002,5.703782474656201,10.144942423621591,8.210532152366653,8.782015969721936,5.58724865840025,6.519884479274924,8.556029215201436,5.87493073085203,7.649692623711514,6.648984550024776,6.3707567809121235,5.733341276897746,5.741399338227508,8.21107555680877,6.651571873589727,6.949856455000773,6.361302477572996,6.573680166960646,6.692083742506628,6.7661917146603505,7.368024179130975,5.503296947234575,6.323462503334274,5.2574953720277815,5.1029105702054265,6.395261598115449,5.01396308418893,8.290292591224315,5.552959584921617,6.61136876590021,6.709304340258298,5.872117789475416,7.461640392208575,8.777324194780729,5.517452896464707,6.906754778648554,8.2987883944492,6.608000625296087,5.1647859739235145,6.3894013887953545,7.790902792263038
9.289197762053677,6.652863029353347,8.695590391318035,9.178643285232928,7.591861714889934,9.01602720232985,7.644919344958857,9.920565884070879,9.201501423308978,6.483107351457199,9.962628721639298,7.284134806195205,8.32154320441095,6.368187186350492,7.63651088700945,8.844192126244968,7.2643802216708275,7.410649532421847,6.907255153940455,6.402746040537586,7.0587581525186645,5.342334251964811,7.302496423727326,7.878155336503324,7.045776576879511,8.417704292915495,7.069023426578259,6.843749949006225,7.7702232041587855,7.67786350067821,7.82064021772146,9.436638940983693,8.271804031154709,7.195187320178709,9.091613140707382,7.735870319952567,7.222566018822171,6.439350371100098,5.087596335232384,6.544631011363498,7.3632795869630385,6.910750787961936,7.943605245913932,7.457609289715606,5.643678550586496,8.22282213081366,6.345636360828596,6.3741726680935304,6.434546518787453,7.266827347520591
10.013350417391372,10.078658605301241,6.982862751468942,5.4785534168509695,6.3578422665081,7.21340005180809,5.062595033026967,6.608000625296087,7.121252453244542,5.135798437050262,8.011355109161286,5.551019720103791,6.71901315438526,9.782590297729172,6.037870919922137,10.375099263125717,4.844187086458591,7.500805843003797,5.198497031265826,5.87493073085203,5.726847747587197,10.279146161061627,5.932245187448011,5.217649463480582,5.996452088619021,4.983606621708336,5.176149732573829,5.570251082031678,5.491001710377538,6.329720905522696,4.23410650459726,5.2832037287379885,6.309008773843676,4.382026634673881,5.823045895483019,4.653960350157523,5.7698822763607245,6.403574197934815,4.6491870714048655,5.950642552587727,6.186208623900494,6.879355804460439,6.432940092739179,5.247024072160486,4.959341999708705,5.123963979403259,5.2390980068880655,5.181783550292085,5.41610040220442,7.243155512642015
11.474049492387088,8.451480648050856,11.939075164271225,11.654893667414967,11.422026541253405,10.747358117880204,9.106534203250593,12.568661567376834,11.665612216634493,11.163148106471985,12.106757707375195,8.926783114101351,11.310772560467667,7.348587530927593,7.4413203897176174,11.884995789525776,6.748759547491679,6.905753276311464,7.8399193600125825,7.267525427828172,7.941295570906532,5.356586274672012,11.373646156108776,7.380879035564116,10.015922981865916,7.271703706887368,7.572502985020384,6.990256500493881,6.641834698311869,11.359535329189347,6.2324480165505225,10.109077944602749,7.452692432376896,8.658519127506672,7.904703913873747,5.198497031265826,10.318259219964592,7.124075604948222,8.643208911999098,7.282073658093465,7.5953872788539725,8.105005537547246,10.804776315491935,6.525029657843462,5.908082938168931,7.664346632098617,9.326165937481774,7.639161171659173,7.057897937411856,10.791851948969441
10.959357601414792,7.6004023345004,10.397451819226706,10.610858099732317,8.793308627496552,11.38259465928433,8.83134678107381,11.129297677471042,9.22876950744455,8.946505025998682,10.76840077595051,8.383433201236713,8.178919332848396,5.717027701406222,9.53665404177891,9.714685039642484,6.129050210060545,6.620073206530356,10.476357965673646,7.752550009151222,5.356586274672012,7.447751280047908,7.379320188794825,8.523374050491318,9.488085738481976,7.813187267521416,7.7122201956740355,8.0507033814703,10.166390133623686,9.130539301772627,4.382026634673881,7.503289630675082,7.5595594960077,4.709530201312334,7.752335163302292,5.523458920524919,9.066181276276577,8.263590432617319,7.333676395657684,7.763446388727362,8.898911905794401,6.93828448401696,8.902047345620277,4.605170185988092,6.52795791762255,7.88344635413774,7.159680631721799,7.687080155783135,7.60339933974067,8.27614021955846
9.134970064951407,7.99799931797973,9.971800192718215,8.452761331256848,10.473110246810576,9.031931152002144,8.256737105218049,10.01540899814565,10.0462883511678,7.7501841622578365,9.95227771670556,10.051260796825561,9.49243184611472,5.8664680569332965,7.0427231393926215,8.324093761450404,8.162658811976616,6.173786103901937,6.3784261836515865,5.942799375126701,5.955837369464831,8.343315881404946,7.821242083523558,7.037905963447182,6.568077911411976,7.138073034044347,7.350837250661608,7.085901464365611,6.025865973825314,6.675823221634848,4.330733340286331,5.662960480135946,6.51471269087253,4.31748811353631,6.633318433280377,3.970291913552122,7.21118766152515,6.20455776256869,4.330733340286331,6.576469569048224,6.0473721790462776,7.577121930876679,7.00669522683704,4.740574822994295,4.454347296253507,5.10594547390058,6.424869023905388,5.318119993844216,5.54907608489522,6.692083742506628
6.0063531596017325,9.788413344690662,9.847895558279017,9.73139351589761,7.615791072035833,9.828871759155339,6.7464121285733745,10.743393876988973,10.963151091065663,8.740336742730447,10.300248220014145,8.602269363771356,10.672681004105709,10.14854913915127,9.001222992395064,8.637195983810933,6.99117688712121,5.375278407684165,8.74321260347591,6.566672429803241,5.69035945432406,4.23410650459726,9.393411647660683,8.39615486303918,8.312626025674962,8.536407410340042,8.363109176033522,9.306831672164943,6.021023349349527,6.116995269555192,5.372960909543803,5.147494476813453,6.660575149839686,4.406719247264253,6.551080335043404,4.04305126783455,8.76280248744611,5.493061443340548,4.736198448394496,5.955837369464831,7.408530566894626,9.109525066737367,7.260171166000486,5.493061443340548,4.61512051684126,5.739792912179234,7.656337166430183,5.075173815233827,6.137727054086234,6.1675164908883415
10.467891857203348,8.899389672585048,10.33744293104392,10.264025027289158,10.325449175172755,10.54737883548966,8.857301666046395,10.753275168052005,10.856862100640145,9.219597393238859,10.425816755685535,8.92172453036431,10.778518694158981,8.047189562170502,10.126251031632043,9.54180006677385,7.67786350067821,8.959954084268098,8.913953858894255,9.581559041355757,7.8336002236611035,3.6375861597263857,9.803777708387116,9.275800343447969,9.422382530219219,9.838735675306431,9.626646503262222,9.304377013902565,8.234697645651757,5.25227342804663,3.449987545831587,6.439350371100098,8.193676665955241,8.417814747435958,7.831617276352611,5.817111159963204,9.824525510732833,7.631431664576906,3.58351893845611,5.375278407684165,7.969011781106478,10.01695015744693,7.905072849498666,3.7612001156935624,5.327876168789581,7.422971251049421,8.182419511430606,6.543192162194399,7.265429723253953,6.879355804460439
10.253950743422566,9.878426121940757,9.114379980830272,6.925595197110468,6.920671504248683,11.090232811195438,8.190493051943728,10.126711100650509,8.300776960851454,7.627057417018934,9.02725852623582,6.530877627725885,10.743145589362678,6.137727054086234,6.07073772800249,7.870547844507712,4.983606621708336,10.959357601414792,8.78760193519756,8.078998258685154,6.163314804034641,4.705015520957808,6.126869184114185,7.712667422872903,7.937196108788948,6.401917196727186,6.721425700790643,7.0431599159883405,5.75890177387728,8.02010609376076,4.189654742026425,8.130500768631357,7.00850518208228,4.919980925828125,7.822244388909664,5.58724865840025,6.8501261661455,6.428105272684596,6.870053411798126,9.400795428666859,7.028201432058005,7.349230824613334,6.796823718274855,4.871373226762748,5.1647859739235145,6.484635235635252,7.819636302367592,6.285998094508865,7.07707602359884,6.74993119378857
10.622692267415363,7.31455283232408,10.148099010465579,9.98142034359255,9.147613542067878,10.6732137568284,7.721570219267056,9.632465920977454,9.411524571935965,7.889084407035514,10.60403230347651,7.82943148313263,9.472358422672448,5.313205979041787,5.873525249243295,10.50133455324175,7.7771640249561615,5.860786223465865,7.187657164114956,9.231955081948591,4.477336814478207,4.553876891600541,6.635946555686647,7.214872264072525,6.577861357721047,6.90975328164481,7.409136443920128,8.212704000648076,6.4692503167957724,6.413458957167357,4.23410650459726,6.075346031088684,8.498214224818435,4.1588830833596715,8.098338846189057,3.713572066704308,9.081711229379001,8.25608813381491,5.049856007249537,7.255591274253665,7.455298485683291,7.130498750275007,7.101264025166656,4.212127597878484,5.688668836846153,6.035481432524756,8.185907481482324,6.340359303727752,6.588926477533519,6.79346613258001
9.102755161296246,10.323562088028291,10.392527584230196,9.915465529295535,10.08539235583374,10.634388023957865,9.045524689311893,10.616510887100864,10.879433024278535,9.09963224999176,10.590239326007213,8.800942540840305,10.653853561777675,10.008703057680439,9.774773111179993,9.730442832522382,6.049733455231958,7.872264583126767,8.70946507906336,8.694669696546992,5.096812990337308,4.516338972281476,9.671744632408455,9.10625681843286,9.042276686928927,10.162403570938466,9.225179722172822,9.12331081300308,5.908082938168931,6.461468176353717,4.852030263919617,6.903747257584598,8.236420527265391,4.709530201312334,7.869974942744692,4.51085950651685,9.721545923560459,6.8966943316227125,5.184588601219693,7.123672785204607,8.331345424845724,9.712901942323711,6.175867270105761,5.655991810819852,4.820281565605037,7.526717561352706,8.020434824861683,6.406054562993147,7.577121930876679,8.495663072865874
4.52720864451838,7.665050279365834,6.62472901806655,6.7551866803375304,5.991464547107982,9.676273226851437,4.875197323201151,7.840312983320164,8.751474487140904,5.293304824724492,6.893656354602635,5.6937321388027,6.154858094016418,5.111987788356544,5.493061443340548,7.153833801578843,7.296074228255331,8.123261319121745,7.299797366758161,7.776954403322442,5.062595033026967,5.556828061699537,6.1903154058531475,5.883322388488279,5.123963979403259,5.574053367981417,5.308267697401205,5.964863865310803,8.03073492409854,5.511410582008745,4.653960350157523,5.181783550292085,10.959157544876406,7.90857096592598,4.762173934797756,5.356586274672012,6.6234009966230305,6.748173209157672,5.260096153727839,9.029178142902074,5.7430031878094825,5.579729825986222,7.078341579557671,4.7535901911063645,4.852030263919617,5.545177444479562,4.653960350157523,4.890349128221754,4.77912349311153,5.797576353942562
4.42484663185681,4.343805421853684,6.29156913955832,4.060443010546419,4.1588830833596715,4.579852378003801,3.597312260588446,4.22683374526818,5.5134287461649825,3.912023005428146,4.350277936359301,3.8918202981106265,5.087596335232384,7.742835955430749,4.204692619390966,5.0238805208462765,4.02535169073515,6.0014148779611505,3.9318256327243257,4.051784947803305,4.9344739331306915,3.9318256327243257,4.30406509320417,3.9318256327243257,4.836281906951478,3.960813169597578,3.9512437185814275,4.060443010546419,4.477336814478207,4.574710978503383,3.624340932976365,3.9889840465642745,5.402677381872279,4.516338972281476,7.233455418621439,3.4965075614664802,5.0106352940962555,4.927253685157205,6.54534966033442,5.153291594497779,5.161924741642482,5.420534999272286,7.2813856635702825,3.8501476017100584,3.6888794541139363,3.6888794541139363,3.912023005428146,3.828641396489095,4.007333185232471,5.375278407684165
6.075346031088684,5.703782474656201,8.644530439877432,8.51589234568319,9.79932076854151,8.837971491357209,5.8971538676367405,9.765546451422905,10.375457996333441,5.869296913133774,10.654396437142108,7.563719668414366,9.137447046455858,6.159095388491933,8.594061635672814,7.674617497364363,5.877735781779639,7.080447286800249,7.367708572374371,6.029482614295503,6.275703197782002,5.932245187448011,8.719317375506371,6.361302477572996,7.5595594960077,6.498282149476434,6.450470422144176,6.275703197782002,7.32052696227274,5.640132447579745,5.472270673671475,6.20050917404269,6.519147287940395,5.937536205082426,6.628041376179533,5.181783550292085,7.016609683894219,6.391917113392602,6.417548942418882,7.348587530927593,6.208590026096629,8.166642314185465,9.221478116386638,5.755742213586912,7.7855130611395085,5.749392985908253,6.618071203859683,5.840641657373398,6.042632833682381,8.697345730925353
10.185220715260497,7.580954821732386,9.455362825008834,7.735870319952567,9.888982866333246,9.269363712425644,7.531552381407289,8.850159288708163,9.853351483042331,6.714170529909472,10.534307099477882,8.531293315795018,8.381717051853787,5.1298987149230735,6.774223886357614,11.038737091885153,8.866017398810255,7.910957382845589,6.1675164908883415,6.093569770045136,5.212214667494625,4.564348191467836,7.029530335908058,8.453401058328458,6.376726947898627,6.22455842927536,6.62472901806655,8.331586243630754,5.8289456176102075,5.869296913133774,7.765569081097317,7.01301578963963,8.378275892229569,6.483871585349955,7.998839301229455,8.299037181613066,6.714777141999654,7.520776415062797,6.236369590203704,5.777652323222656,8.216088098632316,6.836259277277067,7.83399634170946,7.590852123688581,5.0466457316192885,6.198478716492308,6.031886461606898,5.659482215759621,5.849324779946859,7.289951760150947
5.782285536144145,8.014335737299424,9.335209354022052,8.491362431381717,6.84587987526405,10.590817847774508,6.495265555937008,9.478533767844102,10.016436701542625,6.937314081223682,9.508257388240366,9.33600338997184,8.617581365447506,7.318539548567902,6.78332520060396,9.318791107980987,4.859812404361672,5.739792912179234,6.8966943316227125,6.6052979209482015,6.728030348035448,4.770684624465665,7.4798641311650265,6.583409222158765,7.462214939768189,6.659293919683638,6.889591308354466,7.914983005848394,5.545177444479562,6.862757913051401,4.2626798770413155,8.890685920281129,6.68586094706836,6.1224928095143865,5.749392985908253,6.131226489483141,8.013012110368916,6.0579542883768145,4.859812404361672,5.950642552587727,7.8567067930958405,7.110696122978827,6.2422232654551655,4.77912349311153,4.564348191467836,6.460686621018898,7.761106211082418,5.634789603169249,6.0330862217988015,6.154858094016418
8.773771518816684,8.112227958349724,6.636602508481567,5.003946305945459,8.057377488557991,7.1731917424865985,5.8971538676367405,8.260622113989509,6.52795791762255,5.849324779946859,8.917444732471514,4.624972813284271,6.010040932680917,6.016157159698354,4.844187086458591,7.180069874302796,4.727387818712341,6.18826412308259,5.0271645960474665,6.278521424165844,6.434546518787453,4.6913478822291435,5.71042701737487,5.267858159063328,5.337538079701318,4.812184355372417,4.6913478822291435,6.2869287600018176,5.760477818332746,5.87493073085203,3.828641396489095,6.040254711277414,6.448889394146858,4.927253685157205,6.023447592961033,4.499809670330265,5.7430031878094825,5.802118375377063,3.8066624897703196,5.783825182329737,6.031886461606898,6.184148890937483,7.178164022763461,4.543294782270004,5.335131339670753,4.465908118654584,6.0112671744041615,4.700480365792417,4.990432586778736,6.870053411798126
4.5217885770490405,4.672828834461906,7.161622002939187,5.43372200355424,7.494430215031565,5.814130531825066,3.871201010907891,8.236685322712457,6.899723107284872,4.705015520957808,10.328085128793463,7.223295679562314,6.26625133157403,5.60947179518496,5.062595033026967,7.057036981697891,5.8522024797744745,8.248790733696413,5.310739886546594,4.6443908991413725,8.441067801026746,4.804021044733257,6.816735880594968,4.620058798481842,6.626055278207904,5.017279836814924,7.585281078639126,5.020585624949423,6.934397209928558,6.794586580876499,4.0163830207523885,4.30406509320417,6.729824070489475,5.247024072160486,5.926926025970411,4.119037174812473,5.552959584921617,9.042217534582042,5.0369526024136295,10.786159451386606,6.121395716700013,6.789534647594706,8.47751637426334,4.189654742026425,7.227662498728654,4.219507705176107,4.499809670330265,4.248495242049359,4.22683374526818,8.187994438761523
10.298312925539948,7.860185057472165,9.6542566664586,9.394701514067908,8.552174160311482,9.61323551388171,8.296795865770052,10.342645301610762,10.664655465542284,9.126415137038421,10.351501163890248,6.159095388491933,10.13586830920282,8.284504227258497,9.27284557732758,8.442469645220301,9.600590314277866,8.53650550244861,8.141189793457691,6.713563549617695,6.513230110912307,4.718498871295094,8.954673628956414,7.982416346827733,8.130059039992796,7.179307969504034,8.523274661732106,7.304852137419785,6.456769655572163,6.489964521183336,9.071825152119438,5.60396213937399,9.339436945310593,5.574053367981417,6.844282856026563,6.2285110035911835,8.415603335654604,9.348274558065496,5.700443573390687,6.593729231190754,6.904750769961838,8.597666575566114,6.550365794105536,8.727697199183984,4.927253685157205,5.877735781779639,7.255591274253665,6.34651316930213,6.513230110912307,6.873163834212518
8.159946655578548,8.224967478914584,7.99345117571702,8.460517014222681,6.056784013228625,8.315199398824761,8.903407519932264,6.8736812986483855,7.108653221349027,5.605802066295998,8.085024700473523,5.19295685089021,9.495970340301833,5.641907070938114,5.448890225027411,8.317399888710243,9.074348812764834,7.923348211930154,5.0238805208462765,6.646390514847729,7.889459149404524,4.23410650459726,5.648974238161206,6.182084906716632,7.377133712833954,5.017279836814924,8.197263371414335,6.241250029368613,5.308267697401205,5.344723739362192,4.388257184424518,6.063785208687608,6.208590026096629,6.520621127558696,7.691200097522863,4.143134726391533,6.401917196727186,9.04304534919885,7.098375638590786,5.886104031450156,6.234410725718371,6.633318433280377,6.85593553025234,4.477336814478207,4.875197323201151,4.948759890378168,5.123963979403259,4.90527477843843,5.225746673713202,6.497528853772263
6.608000625296087,6.054439346269371,7.775695749915245,5.70877001616724,6.07993319509559,8.774699521357956,5.991464547107982,6.7074733968111895,7.069448867980125,6.4337436283388625,6.985641817639208,5.723585101952381,9.270917933861787,6.292494637079263,6.529418838262226,7.093404625868766,5.936216072877503,8.779249716229046,5.6507332535663855,5.811140992976701,6.744059186311348,5.736572297479192,5.908082938168931,5.82600010738045,6.0579542883768145,5.786897381366708,6.2314652154886145,5.572154032177765,6.2324480165505225,6.511002111475994,5.0106352940962555,5.776103136235827,6.706862336602747,5.144583266605995,5.763622475012218,4.543294782270004,6.444131256700441,6.642486801367256,5.444579873526289,6.903245123504251,6.405228458030842,7.093819822054926,6.876264611890766,5.225746673713202,5.948034989180646,5.666426688112432,5.638354669333745,5.685279003091641,5.786897381366708,7.026870759872299
9.729193687429403,7.8551570058813445,10.400254819051078,10.32431735027153,10.329212699651652,10.290534075120274,9.095826985187422,10.860401859246654,11.110042021496275,8.480944058741116,11.102269407164982,10.274395721835582,10.882245912728758,8.19946419761216,9.506697209617798,9.32892308780313,4.852030263919617,7.301485130871881,9.043695294567236,7.249925536717988,5.765191102784844,6.091309882077698,10.010771217755803,9.014325488050225,9.593321260531358,7.57788968523301,9.345482965918476,9.832582139020353,6.271933165041461,7.83399634170946,4.219507705176107,6.54534966033442,6.410996912427582,5.087596335232384,9.243581705755984,6.4425401664681985,9.368582669706695,6.799055862058796,4.30406509320417,7.4676567403947205,7.011664742372648,9.82140944150052,8.825265953515752,4.290459441148391,5.135798437050262,7.059617628291383,8.40290404501411,7.3031700512368,6.9191896566078,6.09807428216624
11.018579961618187,10.352969546061066,9.569901147893372,9.555489144076292,8.40827078419205,10.290143539657238,8.200288260287554,9.413526083949446,8.919386285653983,8.523075854574392,10.04977165755328,8.023552392404348,9.994104920119742,8.442577398035448,8.591743922680534,9.647627092407303,5.4116460518550396,8.253227645581772,7.725771441587952,9.390409393716844,7.699389406256737,6.408528791059498,7.111512116496157,8.088715308999,8.164794804244766,7.478169694159785,8.855805992536562,7.716906135298388,7.473637108496206,8.11102783819368,5.214935757608986,7.67786350067821,6.698884386954646,6.386879319362645,7.9483852851118995,4.30406509320417,8.83331693749932,8.670343370909912,4.695924549256556,7.372118028337787,8.183955717304954,7.482681828154651,7.031299465073592,5.318119993844216,4.997212273764115,7.5256399750415355,7.292677485858972,7.489970898834801,7.627544390488503,7.340835554123275
9.589050742775527,9.050171619823361,8.3670677328386,7.009408932708637,7.356918242356021,6.810693566139006,7.920446505142607,8.745921121024347,8.790421306897867,5.135798437050262,7.635786861395585,4.879006851617819,7.242797922793756,7.242797922793756,6.874198495453294,9.071135774255634,4.959341999708705,5.932245187448011,6.114787763139981,5.659482215759621,5.60396213937399,5.214935757608986,6.246106765481563,7.10002716662926,5.480638923341991,5.159055299214529,5.616771097666572,5.872117789475416,5.43372200355424,6.066108090103747,4.867534450455582,5.090678001769792,7.472500744737558,5.030437921392435,5.117993812416755,4.836281906951478,6.019809020117124,6.501289670540389,4.9344739331306915,6.6814818346589995,5.54907608489522,6.239300711012564,7.165107001626084,4.8283137373023015,4.959341999708705,4.7664383335842135,5.3981627015177525,4.653960350157523,4.941642422609304,6.728628613084702
10.182179333149776,9.453286550586572,9.020087444855948,5.8916442118257715,8.851663425366777,10.363914218718266,6.866933284461882,8.953510763007166,7.404279118037268,6.977747650802172,9.838735675306431,6.285998094508865,6.385194398997726,9.032170186304704,5.459585514144159,9.087890212219618,5.087596335232384,6.322565239927284,6.464588303689961,6.431331081933479,5.422744944923089,4.736198448394496,6.249975242259483,7.348587530927593,6.819470364114565,5.937536205082426,6.417548942418882,7.001700891824665,5.967427969279741,6.236369590203704,3.7954891891721947,5.86220971125072,7.028644596257591,6.448889394146858,6.553220899542516,3.7376696182833684,6.7464121285733745,6.115892125483034,4.343805421853684,7.405495663199472,6.292494637079263,6.53813982376767,7.138866999945524,4.248495242049359,5.730099782973574,7.158903026705945,5.313205979041787,5.847882818629958,6.137727054086234,7.0909098220799835
10.645948569648995,8.384118837190895,7.889084407035514,7.147952584862174,6.318968113746434,7.9976631270201,8.513787398281405,8.365556016753278,8.966994113344454,6.035481432524756,10.769610671994451,8.59378379357795,7.8892717957739995,7.260171166000486,6.502040139618764,8.134467570277563,5.241747015059643,5.75890177387728,5.575949103146316,5.803627809625917,6.71901315438526,4.93806460126142,6.55250788703459,7.336936913707618,6.581332378213926,5.497168225293202,8.792017961865463,6.657368991274053,6.802394763324311,6.447305862541213,4.418840607796598,5.5093883366279774,8.420462002456466,4.812184355372417,6.089044875446846,5.831882477283517,6.782192056006791,6.992096427415888,5.652489180268651,10.184786798018687,6.288787496596443,8.019283792916793,7.045776576879511,5.1647859739235145,5.201255653704905,5.099866427824199,6.003887067106539,5.1328529268205045,6.324358962381311,6.970730078143525
8.014996894348302,6.089044875446846,7.926241523170962,7.903596289614301,7.363913501405819,8.714567550836485,8.541007369515492,8.499843553081124,9.077380244719953,5.455321115357702,8.611593866837723,4.930870325627393,7.4377951216719325,5.231108616854587,6.626717749249025,8.419359831067474,4.48863636973214,5.86220971125072,5.883322388488279,5.090678001769792,9.618003063627834,8.567125560164447,6.436150368369428,5.459585514144159,5.916202062607435,5.2574953720277815,5.54907608489522,5.484796933490655,6.380122536899765,5.815621956411737,4.574710978503383,4.6913478822291435,8.0519780789023,4.189654742026425,5.081404364984463,6.402746040537586,5.786897381366708,5.726847747587197,4.102643365036796,6.945051063725834,5.147494476813453,6.634633357861686,7.97349996402463,4.59511985013459,4.0943445622221,4.867534450455582,5.640132447579745,4.460144413937834,4.68213122712422,5.981414211254481
5.840641657373398,4.68213122712422,5.231108616854587,5.497168225293202,5.198497031265826,9.040026434306505,4.68213122712422,6.26530121273771,6.694562058521095,4.543294782270004,6.089044875446846,5.313205979041787,6.405228458030842,5.225746673713202,5.087596335232384,8.21878715560148,4.30406509320417,6.354370040797351,4.848116364598481,4.894101477840304,4.987025428457122,5.241747015059643,5.225746673713202,4.901564199041894,5.541263545158426,4.727387818712341,6.508769136971682,5.170483995038151,5.3612921657094255,5.762051382780177,4.0943445622221,4.871373226762748,6.872128101338986,5.272999558563747,5.07829394257007,6.811244378601294,5.676753802268282,8.527539483470381,3.9512437185814275,5.8289456176102075,5.372960909543803,6.12029741895095,9.209940291954844,4.330733340286331,4.248495242049359,4.912654885736052,4.952299717083292,4.852030263919617,4.976733742420574,5.840641657373398
10.712126256353349,10.688279111142762,10.264425895260818,10.334457951052654,9.447741795037093,10.45007599474564,9.110961927995904,10.842576420686262,10.941597607731378,9.135724578595394,10.922479266642203,9.138951775888529,10.669478513639065,9.769670404801788,8.928110078202646,10.869634546761713,4.867534450455582,7.1592919047975645,9.329722128996263,9.166597449028265,5.648974238161206,5.173320876373351,9.666910423401616,9.129021850798594,9.923388214242465,8.748701659062075,9.440538977764069,8.656955133791396,9.031094081699155,7.798933310041217,4.356708826689592,8.149601735736155,6.794586580876499,4.804021044733257,8.550241045462437,4.23410650459726,9.165290703422459,6.035481432524756,6.270988431858299,7.6532576898760105,8.422882511944996,9.49942146534167,9.37644785490711,4.736198448394496,7.588829878307813,8.68050180902826,8.19863945529737,8.026496938945412,8.464635940677562,9.29771001811309
10.45007599474564,8.66707764095353,8.089329088364593,6.478509642208569,7.215975002651466,8.98343977178426,7.716015266642587,9.755712339494757,8.369157112588834,6.78105762593618,8.62299361030245,6.345636360828596,7.592870287844818,8.312135107648412,6.645090969505644,8.882877429512558,9.260082463870997,7.602900462204755,6.315358001522335,6.152732694704104,6.093569770045136,6.220590170099739,6.156978985585555,6.468474822379242,6.602587892189336,6.127960291696519,6.943122422819428,7.320857814219512,6.068425588244111,7.8407064517494,8.647694999480395,6.364750756851911,9.245321340871428,7.3727463664043285,6.672032945461067,5.267858159063328,8.852950887099581,7.506866467615488,5.811140992976701,6.719616836866618,7.880804344674901,6.7493455422344955,6.2766434893416445,8.58466490653125,4.686750172980514,6.9957661563048505,5.863631175598097,6.679599185844383,6.248042874508429,6.936828526467844
6.837332814685591,5.857933154483459,6.608000625296087,6.326149473155099,6.879355804460439,7.079184394609668,6.0579542883768145,7.068172000388042,7.549609165154532,5.611301621862036,7.002155954403621,5.929589143389895,7.501082124259871,5.62040086571715,7.1785454837637,9.778037701818713,5.298317366548036,9.085853666853179,6.077642243349034,6.030685260261263,6.617402977974478,6.0014148779611505,6.314453433391908,6.059123195581797,6.662493922414308,6.016157159698354,5.890262041598819,6.320768294250582,5.982676041074902,6.343880434126331,6.500538637835167,6.061456918928017,7.783640596221253,8.660773919893762,6.262445427836352,4.912654885736052,6.795705775173514,5.910796644040527,6.496020557860377,5.879135362134062,6.3784261836515865,6.811244378601294,7.078341579557671,6.2176036074019905,5.093750200806762,5.857933154483459,5.916202062607435,6.028278520230698,6.118097198041348,6.97166860472579
11.002233165649471,10.31901849637767,11.39496366333616,11.069844155790538,11.416849492021168,11.135858291382576,9.76226955062059,11.414187416732226,11.549556288792015,10.25839593702714,11.616032443319185,10.764519242092259,11.387951637428262,5.962293169807702,10.961555585888657,11.451315983338537,5.5093883366279774,9.47573849118723,10.132215482144238,9.945684601235916,9.661989075499939,6.607325633707854,10.915815472607225,10.360643376049648,10.430240657851492,9.29509503784099,10.365364499570234,9.589290374428591,6.214608098422191,9.163458386076051,5.2390980068880655,7.978996370854115,6.581332378213926,5.627621113690637,9.88078171500049,6.251903883165888,10.857748215661912,5.459585514144159,6.727431724850855,6.401917196727186,8.172023239091828,11.049396827646396,8.8110561229431,5.298317366548036,6.570882962339584,7.673455652223791,9.097955241381392,7.014814351275545,8.289539484624141,7.697121317282625
5.675040005790547,4.894101477840304,5.472270673671475,5.393627546352362,5.3706380281276624,5.940171252720432,5.093750200806762,5.771441123130016,6.486160788944089,4.574710978503383,5.598421958998375,4.941642422609304,6.408528791059498,5.049856007249537,5.4638318050256105,6.211603589401893,5.5254529391317835,7.226209010100671,5.056245805348308,5.093750200806762,4.68213122712422,3.9219733362813143,5.4116460518550396,5.126935749792416,5.673323267171493,4.983606621708336,4.962844630259907,5.327876168789581,4.875197323201151,9.568189626142685,3.6888794541139363,5.4116460518550396,5.305789381386738,3.6375861597263857,5.288267030694535,5.808142489980444,5.688668836846153,5.081404364984463,3.6375861597263857,5.796057750765372,5.66988092298052,6.010040932680917,5.661222860237405,4.110873864173311,4.174387269895637,5.941486177301741,5.003946305945459,5.087596335232384,5.150397236471415,5.335131339670753
8.765146421639022,7.165107001626084,9.139703292376742,7.504391559161238,7.874548993029399,8.77909581088053,7.573017256052546,9.963712094331223,8.739376281635323,8.295798110636145,8.192847134592865,6.309008773843676,7.737616282857904,4.48863636973214,6.1224928095143865,8.216088098632316,5.10594547390058,9.225228984469933,8.282735880201754,8.063850003063608,4.59511985013459,3.970291913552122,6.39024066706535,6.697034247666484,6.811244378601294,6.23342985266278,6.752270376141742,7.049254841255837,5.0106352940962555,4.564348191467836,5.5093883366279774,6.218600119691729,6.368187186350492,8.733755131364893,8.066364541556544,5.883322388488279,6.983326465829211,7.321188556739478,4.197201947661808,5.0238805208462765,6.351757936569426,7.167423604978719,8.640825751861513,5.07829394257007,3.8918202981106265,6.577861357721047,6.229496710915942,6.028278520230698,6.396929655216146,7.329093736246592
5.834810737062605,5.225746673713202,5.678464666671911,5.780743515792329,5.718671087149952,6.254789888055024,5.123963979403259,5.700443573390687,6.859614903654202,5.2284312390838705,6.546785410760524,5.206750173022546,6.794586580876499,5.187385805840755,5.698769932832657,6.920671504248683,4.30406509320417,5.993961427306569,5.272999558563747,5.4116460518550396,5.043425116919247,4.04305126783455,5.948034989180646,5.327876168789581,6.20455776256869,5.579729825986222,5.37989735354046,5.683579767338681,7.214504414151143,5.10594547390058,4.07753744390572,5.442417710521793,6.0330862217988015,4.770684624465665,5.648974238161206,4.987025428457122,6.144185634125646,5.384495062789089,4.718498871295094,11.119630993288766,6.021023349349527,6.4559844179974615,6.932935577512436,5.049856007249537,4.875197323201151,5.225746673713202,5.337538079701318,5.337538079701318,5.3471075307174685,6.858565034791365
6.525029657843462,8.042056410058754,9.570668634412817,7.3031700512368,8.387995252944556,6.1366465569524795,4.269697449699962,10.529706692663193,7.5608614100048985,4.356708826689592,9.659630959624376,4.5217885770490405,5.847882818629958,5.928258471204189,5.746203190540153,9.85214162518454,5.065754593317335,9.0953783535065,7.637957367493094,5.099866427824199,4.51085950651685,8.07558263667172,9.369393301830783,4.718498871295094,9.501964663660587,4.61512051684126,6.017375928892483,6.631342798788587,10.07285050816569,8.720134035412928,4.584967478670572,4.686750172980514,6.073044534100405,7.322510433997394,4.919980925828125,5.017279836814924,6.016157159698354,8.710784340468424,6.135564891081739,9.742555598420644,6.5868610723242424,9.581006974541651,10.931158644392102,4.820281565605037,10.240905770147629,5.607638614103299,4.722953221644475,4.394449154672439,4.624972813284271,10.824198500843774
6.135564891081739,5.099866427824199,5.69204721843778,5.914853444736141,6.263398262591624,6.133398042996649,4.990432586778736,7.62608275807238,6.773080375655535,4.848116364598481,6.5359666972333565,5.220355825078324,7.2115567333138015,5.484796933490655,6.7770769553400205,7.8119734296220225,4.983606621708336,5.890262041598819,5.147494476813453,5.342334251964811,10.310251816375912,6.0014148779611505,5.488937726156687,5.298317366548036,6.835184586147301,5.147494476813453,5.545177444479562,5.641907070938114,6.9874902470009905,5.288267030694535,7.001700891824665,5.247024072160486,9.019179866515024,4.3694478524670215,5.60947179518496,6.452048954437226,6.301702805273125,7.331387691045751,8.204945165019208,5.930918047239948,6.064947323867785,6.371611847231857,6.899723107284872,5.777652323222656,4.59511985013459,6.52795791762255,5.285738584341177,5.418320158942733,5.3612921657094255,6.327936783729195
6.651571873589727,5.849324779946859,5.938854596835685,5.645446897643238,5.236441962829949,5.703782474656201,4.553876891600541,8.24354550792826,7.311218384419629,5.2284312390838705,6.680854678790215,4.283586561860629,5.700443573390687,5.442417710521793,5.017279836814924,7.005789019253503,5.330300412401088,7.328437352895162,4.844187086458591,5.726847747587197,10.828539790078857,4.983606621708336,5.236441962829949,4.33729074083249,4.836281906951478,4.795790545596741,4.330733340286331,4.343805421853684,6.6052979209482015,7.444248649496705,5.391352232515226,4.127134385045092,6.218600119691729,4.882801922586371,4.248495242049359,5.7745515455444085,4.882801922586371,5.438079308923196,6.040254711277414,8.422003004412488,4.736198448394496,5.393627546352362,7.394800374082724,5.043425116919247,5.5909869805108565,4.948759890378168,6.1092475827643655,3.828641396489095,3.8918202981106265,7.173958319756794
7.346655163176539,7.401231264413015,9.78518250565559,9.519000850813155,9.442840018214417,9.393744675721376,8.11312710422178,10.41656563760541,10.791378809888585,7.62608275807238,10.840776275405888,9.659886159319521,10.378680817298394,5.3471075307174685,8.917176635955164,9.248887781588422,5.332718793265369,10.049274784602108,8.037866234709618,7.29641326877392,5.206750173022546,5.332718793265369,9.373733918884618,8.220133957151859,8.545391845774915,7.466799475018602,8.267448958304849,8.363109176033522,5.783825182329737,6.030685260261263,4.9344739331306915,5.846438775057725,7.062191632286556,4.7535901911063645,6.395261598115449,4.875197323201151,8.788440957404594,7.5766097669730375,4.3694478524670215,5.58724865840025,6.282266746896006,9.514879561494386,6.0390635259072605,5.043425116919247,4.897839799950911,6.320768294250582,7.552237287560802,6.6052979209482015,6.540308238061494,6.767343125265392
10.05225232580124,9.864174835150587,10.095883194901557,10.228104072780972,8.743372131273969,10.117469262057952,8.875566691990551,10.72231979864831,10.792324864295571,9.336091577281744,10.184786798018687,8.337228854195962,10.656023297190167,5.7745515455444085,9.953919225834815,9.47262771040802,5.087596335232384,5.424950017481403,8.836373930927389,9.371693622333941,4.962844630259907,4.574710978503383,9.768526567102011,9.213634938925614,9.755915188068993,8.021584533455107,9.557328550325371,7.471363088187097,6.285998094508865,4.804021044733257,4.663439094112067,7.687997166393016,7.301822342137932,4.219507705176107,7.740446986979978,4.069026754237811,9.89131375160442,6.261491684321042,4.465908118654584,5.62040086571715,7.83002808253384,10.074305698071653,6.12029741895095,4.42484663185681,4.663439094112067,7.531552381407289,8.581294116822761,6.35088571671474,7.572502985020384,5.8664680569332965
5.585374243605899,5.60947179518496,5.482720089545816,5.262690188904886,5.570251082031678,6.049733455231958,4.736198448394496,5.54907608489522,6.667592722498332,4.90527477843843,5.54907608489522,4.948759890378168,6.698884386954646,6.118097198041348,5.655991810819852,6.969320634640292,4.962844630259907,7.160845906664299,5.003946305945459,5.247024072160486,5.442417710521793,4.51085950651685,5.501258210544727,5.017279836814924,5.720311776607412,5.278114659230517,6.174827228410347,5.3471075307174685,5.402677381872279,7.52456122628536,5.003946305945459,5.214935757608986,7.017506142941256,4.574710978503383,5.493061443340548,5.351858133476067,6.240275845170769,6.059123195581797,4.695924549256556,5.44673737166631,5.8944028342648505,6.5722825426940075,6.142037405587356,5.206750173022546,4.605170185988092,4.812184355372417,5.531411248715415,5.0401940963378005,5.096812990337308,6.586171654854675
9.54506107555859,8.051022208190679,10.084433163150152,7.535563618233742,9.240384493324559,6.659293919683638,8.980172205725008,7.679713639966372,7.693253720606268,9.41954725755152,11.399868742677931,9.1821466376054,7.036148493750536,6.6140551342047935,6.2766434893416445,11.176277212859198,4.812184355372417,5.7120812774708964,8.2987883944492,8.410164618657713,7.074540096626962,4.7140245909001735,8.095293776844649,10.077692928727824,8.378965072132795,9.45430563898269,10.490523936047543,8.725832056527565,5.25227342804663,6.014936903293124,4.060443010546419,8.739696537843024,6.987028459876645,5.247024072160486,9.167537249650874,5.003946305945459,7.918264686095274,5.37989735354046,4.248495242049359,5.750984076140496,10.912047481473621,7.3783837129967145,7.1846291527173145,4.454347296253507,4.204692619390966,9.133027268873512,8.303752415563412,8.937875265329263,9.10642325855641,6.379274719977426
8.954286157204713,6.535241271013659,8.53728989311536,8.17103418920548,6.980075940561763,10.169920451948736,7.569927655242652,9.813891018724371,9.652458797732383,7.170888478512505,9.181632207839439,6.635946555686647,8.533263371593732,7.8252452914317745,7.7057128238944275,8.97979449089521,4.276666119016055,8.824677891164198,8.82827435729625,6.516193076042964,5.8971538676367405,4.174387269895637,8.235625719964311,7.382746449738912,6.984716320118266,6.72202792905335,7.425953657077541,8.333510708982942,8.215817791832453,5.673323267171493,3.784189633918261,6.367329185439855,5.905361848054571,4.174387269895637,6.663132695990803,4.330733340286331,7.129297548929373,5.572154032177765,3.6375861597263857,6.819470364114565,7.85979918056211,7.1098794630722715,5.741399338227508,4.1588830833596715,4.007333185232471,6.633318433280377,6.511745329644728,6.3473892096560105,6.742290839254605,5.472270673671475
6.192362489474872,7.187657164114956,8.837681215593197,7.160069207596127,8.546557800046141,6.988413181999592,5.934894195619588,8.708639655987193,9.085683767376628,7.257002707092073,10.301793763445813,8.580261882883221,8.130059039992796,5.697093486505405,5.545177444479562,9.314339961994667,4.605170185988092,9.40137386937216,6.922643891475888,7.010763029056366,4.31748811353631,3.6109179126442243,5.614951260949585,7.646831391430482,4.7535901911063645,8.058010800802085,6.220590170099739,7.027758071376834,4.672828834461906,6.631342798788587,3.784189633918261,4.04305126783455,5.823045895483019,3.817712325956905,7.1308988302963465,6.32704352775198,6.073044534100405,7.885329239273191,5.41610040220442,6.335054251498059,5.159055299214529,6.448097941790546,5.916202062607435,3.6635616461296463,3.4965075614664802,5.278114659230517,5.099866427824199,3.912023005428146,4.836281906951478,5.69035945432406
7.2762105614564,8.675734219544788,6.2314652154886145,5.8805329864007,6.322565239927284,6.588238483010338,7.290292882446597,8.105005537547246,7.531552381407289,5.605802066295998,7.866338923046544,5.6240175061873385,6.939253946041508,9.53191649607552,5.950642552587727,8.999434138326452,5.37989735354046,7.685013802160735,6.862757913051401,6.489964521183336,5.117993812416755,4.189654742026425,5.725217755376266,5.8650506222523235,5.53338948872752,5.1328529268205045,6.875232087276577,7.290292882446597,6.910750787961936,5.176149732573829,4.110873864173311,7.078341579557671,6.186208623900494,4.007333185232471,5.990213765206329,4.875197323201151,5.973809611869261,5.7120812774708964,5.065754593317335,6.700115914203892,5.685279003091641,6.408528791059498,6.081076705797669,4.548599834499697,4.197201947661808,5.631211781821365,5.3612921657094255,5.318119993844216,5.648974238161206,6.408528791059498
8.510873262671417,8.085794701281568,9.70771594801777,9.968033886143182,7.559038255443384,9.725436862592819,9.960458448795753,10.520752110257845,10.724346097163354,8.37816098272068,10.212606944857608,7.3796321526095525,10.297925416795092,6.0063531596017325,9.633874579545225,9.122546871025515,4.31748811353631,5.730099782973574,8.065893546964274,7.140453043101158,4.8283137373023015,4.477336814478207,9.325542301664866,8.339023005744759,8.95040315983296,7.149131598557407,8.716044050161402,7.455876687491824,5.427150238391005,5.793013608384144,4.394449154672439,6.438551329906966,7.301147805856032,4.110873864173311,6.690842277418564,4.3694478524670215,9.208839245849916,5.543222409643759,4.102643365036796,5.429345628954441,6.665683717782408,9.51148146411212,7.233455418621439,4.465908118654584,5.017279836814924,6.29156913955832,8.103343026773633,5.800606659291741,6.885509670034818,6.705639094860003
9.345745008982385,6.748759547491679,8.212297138229768,7.153442794731241,6.800726706223614,9.043340831280013,6.96460809057492,8.25582842728183,8.239065331769268,6.2878585601617845,9.413444467952665,6.878841268817495,7.425953657077541,5.293304824724492,6.51471269087253,8.786838576381866,4.923623917106626,5.290789100127245,6.332391134078575,6.137727054086234,5.840641657373398,8.230577217146454,6.411818267709897,6.481577129276431,6.967909201801884,7.644919344958857,6.573680166960646,8.332789468417959,5.568344503761097,7.050989447068045,4.477336814478207,6.292494637079263,8.411499286857174,6.455198563340122,7.658227526161352,6.226536669287466,7.407924322559599,5.654242029096065,5.777652323222656,5.697093486505405,6.892641641172089,6.97914527506881,6.824917000673133,4.969813299576001,4.700480365792417,6.225548038460526,6.148468295917647,6.1779441140506,6.558197802812269,6.100318952020064
5.583496308781699,10.11094877644823,6.376726947898627,5.327876168789581,5.368309738368072,6.09807428216624,4.897839799950911,6.125776884715576,6.513230110912307,4.634728988229636,6.759255270663693,4.795790545596741,6.759255270663693,10.504492031531843,5.849324779946859,5.91350300563827,5.176149732573829,7.784057002639929,5.0106352940962555,6.35350009728881,9.916601191681512,4.983606621708336,5.566434283504978,5.0689042022202315,5.783825182329737,6.419994928147142,4.919980925828125,5.375278407684165,5.438079308923196,7.950502434808851,4.248495242049359,4.993828175779875,8.08886878916199,4.069026754237811,5.484796933490655,4.007333185232471,6.091309882077698,6.0867747269123065,4.110873864173311,7.415476087794649,5.602118820879701,6.229496710915942,7.843848638152472,4.532599493153256,5.209486152841421,4.795790545596741,4.890349128221754,4.948759890378168,5.0689042022202315,6.569481420414296
7.4109518755836366,7.59312227222312,6.243195555274104,5.313205979041787,6.434546518787453,5.766757273817589,5.3706380281276624,6.669498089857879,6.016157159698354,4.718498871295094,7.082128665926917,5.030437921392435,6.2878585601617845,5.003946305945459,5.736572297479192,8.053092107823115,4.553876891600541,7.301822342137932,5.19295685089021,5.332718793265369,5.409411414053624,4.219507705176107,5.44673737166631,5.0369526024136295,5.560681631015528,4.894101477840304,4.700480365792417,5.278114659230517,5.771441123130016,6.988413181999592,4.255612709818223,5.062595033026967,5.786897381366708,9.012011377036412,5.217649463480582,3.979681653901961,5.673323267171493,5.049856007249537,4.600157644164547,7.827240901752812,5.521460917862246,6.017375928892483,6.668863370699788,4.897839799950911,5.363636832668679,6.55250788703459,4.990432586778736,5.093750200806762,5.123963979403259,10.260007484461118
6.6293632534374485,5.953243334287785,8.483636407887394,6.511745329644728,7.509609201095691,7.752550009151222,5.844992643207725,6.452837287154442,7.562681246721884,5.58724865840025,6.9782137426306985,5.996452088619021,7.4798641311650265,6.304448802421981,6.678342114654332,7.202661196523238,9.016998311898762,8.818482267274236,6.307187279715285,6.1675164908883415,6.7226297948554485,5.849324779946859,6.664409020350408,6.169610732491456,6.844815479208263,6.35088571671474,6.1452580202873985,6.467698726104354,7.9293065215137855,8.736328721332908,5.527442989539794,6.052089168924417,8.629449873761905,5.501258210544727,6.419994928147142,6.137727054086234,6.8658910748834385,6.51471269087253,6.810142450115136,9.665579287302423,6.690220966432438,7.32052696227274,7.872836175025724,5.953243334287785,6.0473721790462776,6.192362489474872,6.147399348728742,6.124683390894205,6.875232087276577,6.962716837056111
5.2284312390838705,6.658011045870748,8.988570876215118,8.007034012193408,5.772997543677674,7.993282328101591,5.517452896464707,9.060447282401565,9.353834471614912,6.042632833682381,8.681181041521688,5.493061443340548,8.30979995019326,6.203547151062767,6.742880635791903,7.108244139731541,4.248495242049359,7.348265728833102,6.238324625039508,7.1049654482698426,4.23410650459726,3.676300671907076,6.760414691083428,6.386037214049723,6.253828811575473,7.48324441607385,6.335054251498059,5.741399338227508,5.190175207928333,5.356586274672012,3.367295829986474,7.646831391430482,5.087596335232384,8.780787468338929,7.537430036586509,7.504942068396171,6.6039438246004725,6.4692503167957724,6.173786103901937,4.718498871295094,4.919980925828125,6.930005887916956,7.798933310041217,3.5263605246161616,3.970291913552122,4.31748811353631,5.855071922202427,4.102643365036796,4.61512051684126,5.099866427824199
9.820160289946374,6.626717749249025,7.315551002428584,7.748028524432376,8.157800271410457,8.313607139317558,6.9975959829819265,10.657917961512972,7.808729306744399,6.970730078143525,10.359550713407383,7.064331586024234,7.97728198675515,7.238496840894365,6.890609120147166,10.347083036005559,7.763446388727362,7.979510113480364,7.252053951852814,6.732806476517595,7.106606137727303,7.424165281042028,8.947350912114773,7.008957159491104,9.206834232646894,6.913240209212707,6.8128949979581765,7.144407180321139,9.363576347875041,6.025865973825314,6.2878585601617845,6.960347729101308,10.403049984023408,5.521460917862246,8.066835314417336,5.41610040220442,7.080867896690782,7.791522819150732,7.64084406663503,9.15302900526307,6.970730078143525,8.75573753930647,10.54888777459834,6.3784261836515865,9.530683226667511,7.537430036586509,7.310215878070003,6.8839747503167334,6.9440872082295275,10.345605978292328
4.060443010546419,4.990432586778736,4.948759890378168,4.897839799950911,5.303304908059076,11.070918253029543,3.912023005428146,7.394493107219038,5.883322388488279,5.1647859739235145,6.904750769961838,5.491001710377538,5.19295685089021,5.272999558563747,5.568344503761097,6.362165662779806,9.658290091690503,6.282266746896006,4.736198448394496,5.14166355650266,7.3901814282264295,4.663439094112067,5.5134287461649825,4.143134726391533,5.953243334287785,6.75343791859778,4.553876891600541,6.528688644728503,7.789868559054706,8.441607204459642,3.9889840465642745,5.187385805840755,6.172743894323493,4.119037174812473,5.950642552587727,6.840546529288687,5.75890177387728,5.863631175598097,6.47543271670409,8.310046013186627,4.658710952916121,5.768320995793772,7.339862318036722,4.07753744390572,6.3035343076165935,5.37989735354046,4.2626798770413155,4.02535169073515,5.075173815233827,7.931284761525891
7.384610383176974,7.8636512654486515,10.23720600096072,9.733973626761147,7.75833346749091,10.151245664614256,8.765458531504226,10.421030564049643,10.798922302530906,8.633196867172543,10.86216705090207,9.09279480812114,10.451406628439226,4.795790545596741,9.297022528111906,9.101362209406437,5.313205979041787,6.6059742821508545,9.02304647355567,7.428333194190806,4.477336814478207,4.127134385045092,9.232493176617316,8.540323608805092,8.54110501146255,7.782807262839695,8.937349848267392,8.781094735202615,5.3230099791384085,8.595819511871428,4.174387269895637,6.493753839851686,5.529429087511423,5.926926025970411,6.823286122355687,4.174387269895637,9.0585286213868,9.455245415071905,3.9889840465642745,7.628760787670479,6.2373475853916815,9.272187775302262,6.813444599510896,4.143134726391533,5.049856007249537,7.534228326274089,7.7488913372555315,5.147494476813453,6.32704352775198,6.933910236458988
4.350277936359301,4.269697449699962,4.61015772749913,4.7318028369214575,4.248495242049359,4.51085950651685,3.5553480614894135,6.013715156042802,5.673323267171493,3.970291913552122,5.198497031265826,4.007333185232471,5.173320876373351,5.033700567027251,4.418840607796598,4.804021044733257,6.066108090103747,8.108623268354595,3.9415818076696905,4.189654742026425,4.56954300834494,5.726847747587197,4.727387818712341,3.912023005428146,4.42484663185681,4.07753744390572,5.844992643207725,4.127134385045092,8.192570471152173,5.607638614103299,4.07753744390572,4.197201947661808,5.910796644040527,4.553876891600541,4.394449154672439,3.9318256327243257,5.072043922224899,8.726967774991493,3.8501476017100584,7.952966790923131,4.532599493153256,5.60947179518496,6.913737350659685,4.290459441148391,4.553876891600541,3.9318256327243257,4.2626798770413155,3.9512437185814275,4.051784947803305,5.937536205082426
9.1834829178063,8.937940923055558,9.979823398278338,9.630628408975985,10.312546196154422,9.760944245750586,7.977968093128549,10.502598741169479,10.8073412643066,8.1084727905874,10.933214106835043,9.097955241381392,10.392880120579578,8.08487062913819,9.010486009889922,9.074749717669835,5.820082930352362,6.150602768446279,9.007550766542364,7.724446645633537,5.54907608489522,5.1298987149230735,9.46923709299621,8.134174272137903,8.664146604372402,7.101675971619444,8.442900586834382,8.263074835802596,5.872117789475416,6.751686093332248,5.703782474656201,6.792344427470809,6.0473721790462776,5.444579873526289,6.92951677076365,5.030437921392435,8.907883013942248,8.543445562560303,9.564301637217232,6.272877006546167,7.523481312573497,9.393078508655353,8.289037098278483,5.249652194566756,5.916202062607435,6.16541785423142,7.594129575254653,6.3252546185092555,6.530877627725885,7.787796878181171
9.99305399589517,5.438079308923196,7.459338895220296,8.729882284826589,5.363636832668679,5.236441962829949,5.318119993844216,9.892477160016076,5.1298987149230735,5.5073619934827445,7.257002707092073,5.43372200355424,4.66814498514948,5.503296947234575,5.54907608489522,7.63433723562832,3.9889840465642745,6.528688644728503,4.852030263919617,5.225746673713202,3.9318256327243257,3.5263605246161616,4.820281565605037,5.537334267018537,7.416979621381154,5.308267697401205,5.0689042022202315,4.897839799950911,4.394449154672439,6.946975992135418,3.784189633918261,4.553876891600541,5.308267697401205,4.0943445622221,5.220355825078324,3.7376696182833684,4.820281565605037,6.665683717782408,5.305789381386738,6.53813982376767,4.855928904335275,4.930870325627393,5.912150740388256,4.143134726391533,4.330733340286331,5.262690188904886,4.672828834461906,5.030437921392435,5.225746673713202,5.678464666671911
10.655210198000303,8.118951928397392,10.146747407435162,9.926202601279343,10.073820870018016,10.733163192525701,10.011803696019587,10.330714152425806,8.789812386190972,10.279935711573799,10.547680805518146,10.387578981099482,6.4853983032037545,5.093750200806762,9.191514267726134,10.756220615413271,7.3310603052186325,6.8690144506657065,10.243364700148927,9.406934588056856,9.483416292038601,6.0473721790462776,8.01911925157541,10.04828029743767,8.942853006809921,9.306332137629909,9.21602418844448,9.546812608597396,4.93806460126142,5.793013608384144,4.61512051684126,9.4898642567265,6.212606095751519,4.705015520957808,9.919434717865576,7.039660349862076,7.998503392593445,5.075173815233827,5.090678001769792,5.442417710521793,10.319397918505832,6.829793737512425,6.49299712396238,4.919980925828125,4.844187086458591,9.619133270177022,7.973327713572046,9.228916757549118,9.589393056132515,5.713732805509369
10.235557255067516,4.783316371371566,5.598421958998375,4.795790545596741,6.956545443151569,5.602118820879701,5.955837369464831,7.2229309157428405,6.035481432524756,6.345636360828596,7.43277962214794,9.95664910065036,5.932245187448011,4.867534450455582,5.5073619934827445,9.029178142902074,4.59511985013459,7.298445101508147,5.075173815233827,5.501258210544727,4.51085950651685,5.332718793265369,5.087596335232384,6.550365794105536,5.43372200355424,5.648974238161206,7.580954821732386,5.8971538676367405,5.484796933490655,5.916202062607435,5.298317366548036,6.104793232414985,5.973809611869261,4.31748811353631,7.07326971745971,6.010040932680917,5.476463551931511,5.4510384535657,4.219507705176107,6.283200889887803,5.914853444736141,5.375278407684165,9.065198986306513,4.007333185232471,4.219507705176107,5.351858133476067,6.045005314036012,5.236441962829949,5.365976015021851,9.678780279245736
5.3867860145356445,4.820281565605037,5.062595033026967,4.859812404361672,4.867534450455582,8.011686729127847,4.356708826689592,4.204692619390966,5.303304908059076,4.61512051684126,5.648974238161206,4.762173934797756,5.575949103146316,5.017279836814924,4.579852378003801,6.594413459749778,9.311451873344595,6.582025138892826,4.436751534363128,4.962844630259907,5.0238805208462765,4.658710952916121,4.836281906951478,5.0466457316192885,4.886582645426277,4.74493212836325,5.0369526024136295,4.74493212836325,5.049856007249537,5.424950017481403,8.976767625171433,4.791649752930709,9.78647609413744,4.3694478524670215,4.804021044733257,4.77912349311153,5.3612921657094255,5.358941988364472,4.852030263919617,5.339939041238856,5.272999558563747,5.176149732573829,7.1049654482698426,9.12423767292277,4.42484663185681,4.51085950651685,4.871373226762748,6.561030665896573,6.222576268071369,6.261491684321042
10.335951554811068,10.554301180079994,8.166074213048187,6.6039438246004725,6.882437470997847,7.914983005848394,8.758098072309089,8.092239406724211,7.4360278163518485,6.142037405587356,8.921991410536698,6.255750041753367,7.9269635448629785,10.576546815108374,6.3035343076165935,10.644853305366548,9.3867696030653,8.491054533806542,5.811140992976701,5.94672865326659,4.8283137373023015,4.677490847567717,6.928537818164665,7.071573364211532,6.79346613258001,6.108135853911675,7.681099001536359,5.955837369464831,6.031886461606898,5.877735781779639,8.380456667842767,7.797291273547472,9.178230318057949,6.186208623900494,6.949856455000773,4.840242308167575,6.61338421837956,5.598421958998375,5.480638923341991,6.255750041753367,6.873163834212518,6.091309882077698,8.796338932845732,8.263590432617319,6.074195944705447,6.095824562432225,6.0844994130751715,8.705828110266784,6.484635235635252,7.553286605600419
6.440946540632921,6.920671504248683,10.599455750282775,5.5909869805108565,7.018401799069201,10.079141094113716,8.48166963534719,7.432483807917119,6.644440562978651,8.012515298236481,10.03223250842669,6.5771657055190795,6.509514015963292,6.97354301952014,6.633318433280377,9.302463660851988,4.867534450455582,5.84354441703136,5.860786223465865,6.3818160174060985,5.7899601708972535,4.442651256490317,5.72194977861165,7.958402063355371,6.322565239927284,8.29254851397576,6.913737350659685,5.869296913133774,6.159095388491933,5.267858159063328,4.174387269895637,6.0844994130751715,6.222576268071369,3.828641396489095,6.3638898011379466,4.174387269895637,6.074195944705447,5.300814246746624,4.997212273764115,5.2574953720277815,6.834108738813838,7.38025578842646,8.701180027529253,4.454347296253507,4.430816798843313,6.790097235513905,6.890609120147166,6.318968113746434,6.886020786836131,5.351858133476067
5.820082930352362,5.963579343618446,9.51473205799091,7.174724309836376,5.902633333401366,9.099967314494812,6.035481432524756,8.421122722665503,9.028458718410613,5.43372200355424,9.248599084093273,8.624072553043334,7.903226808730733,7.405799568383395,7.122059881629142,7.8252452914317745,5.278114659230517,8.137688184977605,6.019809020117124,5.840641657373398,5.966146739123692,5.204006687076795,6.617402977974478,6.173786103901937,6.464588303689961,6.8885724595653635,6.440148774336123,8.705165419719007,5.572154032177765,5.920237037819614,4.269697449699962,5.53338948872752,6.901737206656574,6.154858094016418,6.008813185442595,7.107015889833015,7.319202458767849,8.132118772955806,5.8971538676367405,6.17690623123818,6.395261598115449,7.533158807455563,7.184250005793341,4.783316371371566,5.6131281063880705,5.551019720103791,6.066108090103747,5.209486152841421,5.780743515792329,6.756350824822904
10.718000232946705,6.966967138613983,10.344126735651946,8.708474489581665,10.102502332271744,9.566019820573812,9.760857751783487,10.47506014357522,7.973844375944687,9.600387227355967,10.235144643499568,7.807916628926408,9.81011050303083,5.298317366548036,8.92485588306789,10.355168084441255,5.330300412401088,5.539300835990577,7.503840746698951,8.516793111394898,4.672828834461906,7.549082710812286,7.426549072397305,7.9714309977693505,7.5569505720129,7.702330252172196,10.093983937518093,8.906528917594517,6.391917113392602,5.552959584921617,3.9219733362813143,7.280352783464685,8.44193070691569,4.189654742026425,9.847287502847928,4.189654742026425,8.349011198176003,5.25227342804663,6.113682179832232,6.716594773520978,7.242082359256962,6.79346613258001,8.918248591035702,4.189654742026425,6.8690144506657065,7.980707820869669,7.123672785204607,7.235979306746854,7.805474625270857,8.660254034256889
10.700532930086931,8.42222295382501,10.816151716354584,9.929569443534628,8.767017621311778,8.680671660408713,9.606361021256347,9.644328147017548,9.34674887175573,9.105313134108476,10.801970665760319,8.911529941736559,8.4252971767117,5.111987788356544,8.732868927882926,10.888062905146873,5.5254529391317835,7.504942068396171,8.847503625923641,9.357293784932345,5.043425116919247,4.66814498514948,8.337109129562474,9.14569517848265,9.204422898212146,8.94389780251682,9.488918630178492,8.20631072579402,8.596835819068435,5.545177444479562,4.290459441148391,8.431744229583755,6.045005314036012,4.23410650459726,9.02653771890043,4.543294782270004,8.339978571990427,5.98770749823027,8.841881989497114,6.253828811575473,9.367515046348181,8.036735104266644,7.501082124259871,4.600157644164547,5.298317366548036,8.836737237016763,7.960672608388117,8.657129031713755,8.892886141190731,6.410996912427582
9.491073355339758,5.2574953720277815,7.7691673493463025,6.872646101868569,6.525029657843462,7.731930721948486,5.973809611869261,10.135412434857678,7.763871287820222,8.475328987317539,8.417593826193484,5.68697535633982,6.9782137426306985,5.777652323222656,5.853638230200579,9.700759185964511,4.31748811353631,7.1143628616562475,5.5053315359323625,5.602118820879701,5.198497031265826,4.465908118654584,5.969985515430857,5.951943788945699,8.375860015299594,5.577841251298354,5.929589143389895,5.552959584921617,4.757891273005756,5.25227342804663,3.784189633918261,5.695414224985685,6.648336671803215,4.836281906951478,6.736373662226517,3.7376696182833684,5.921578419643816,7.909673096823729,4.085976312551584,6.52649485957079,5.707110264748875,5.831882477283517,7.719129840906732,4.375757021660286,3.9318256327243257,6.246106765481563,5.554895693948484,5.726847747587197,6.066108090103747,6.278521424165844
4.324132656254979,3.9889840465642745,5.31566600488265,4.6443908991413725,5.198497031265826,4.5217885770490405,7.161622002939187,6.961296045910167,5.594711379601839,3.970291913552122,7.554334823725748,4.1588830833596715,5.484796933490655,4.30406509320417,4.59511985013459,6.93537044601511,4.219507705176107,8.881419551507804,8.69676096001357,5.303304908059076,8.305113212458007,6.45833828334479,5.0401940963378005,3.828641396489095,4.867534450455582,3.970291913552122,4.330733340286331,4.820281565605037,6.903747257584598,5.153291594497779,3.4657359027997265,8.209444456814142,9.898273985483241,3.713572066704308,5.087596335232384,9.96749468251042,5.099866427824199,4.795790545596741,4.248495242049359,6.1092475827643655,4.436751534363128,5.2832037287379885,6.7464121285733745,3.8501476017100584,5.2574953720277815,5.537334267018537,3.9512437185814275,3.5553480614894135,3.6888794541139363,7.186901020411631
6.173786103901937,5.457455587886334,6.326149473155099,5.72194977861165,5.945420608606575,6.525029657843462,5.54907608489522,8.362292230198275,6.812345094177479,5.497168225293202,7.324489979348532,5.5909869805108565,6.930983405101344,6.110358077048392,7.898411092811599,9.831346874758445,7.204520970166961,7.9229859587111955,5.60947179518496,5.662960480135946,6.0330862217988015,5.455321115357702,5.655991810819852,5.4680601411351315,6.150602768446279,5.527442989539794,5.2832037287379885,5.746203190540153,6.002651736498547,9.463935530746221,7.164333606382584,5.579729825986222,8.77940359789435,5.407171771460119,5.718671087149952,4.477336814478207,6.492239835020471,6.013715156042802,6.779921907472252,6.507277712385012,6.270988431858299,6.53813982376767,6.467698726104354,7.400315093941235,5.389071729816501,5.384495062789089,5.60947179518496,5.783825182329737,6.453624998892692,6.393590753950631
6.9411900550683745,7.053585727193677,9.850930301797453,8.803799685641085,7.473069088032197,9.241839039035554,8.572627898304338,9.799958691707271,10.706732759009729,6.4457198193855785,9.491979220880678,7.691656822810547,9.770384639529674,6.51025834052315,7.895808377083183,8.402455513945814,5.575949103146316,8.574140471857987,7.147952584862174,6.505784060128229,5.455321115357702,4.962844630259907,8.667335849845957,7.384299968771254,7.821843587301092,7.746300662231439,7.357556200910353,6.61338421837956,6.384350873009287,9.691685690419666,7.199304862960407,9.413036288021287,9.502562124469996,5.598421958998375,6.405228458030842,4.394449154672439,8.398860004454372,5.537334267018537,4.471638793363569,6.618738983517219,8.39773375137891,8.274739391567527,8.576781982827894,7.05444965813294,6.597145701886651,6.236369590203704,7.269964878419344,6.280395838960195,6.418364935936212,7.982928335916484
9.243630069840824,7.8068998520213215,10.35589985775146,10.952533125596771,10.061132121617643,12.05394949221452,8.159946655578548,10.150796748349117,11.129297677471042,8.919854372191667,9.662243674190131,7.500529485395295,9.019300924562506,7.3987862754199485,7.393263094763838,9.5078490052457,5.594711379601839,7.9617188159813645,7.9748769005588755,8.302389764377029,6.559615237493242,5.5154428455366835,7.501082124259871,8.263848131368906,7.765569081097317,7.410347097821024,7.87644868964934,7.451241684987676,6.525029657843462,6.468474822379242,5.081404364984463,7.615298339825815,8.53660358493606,5.5134287461649825,7.524291357170242,5.176149732573829,8.41847721847708,7.48605261786314,6.341240749355558,6.70073110954781,7.525909480500652,7.825644732219989,7.6511201757027,5.726847747587197,5.666426688112432,7.709083992386611,7.240649694255466,7.272398392570047,7.617267813628347,7.93648144018608
7.503289630675082,5.272999558563747,6.704414354964107,5.497168225293202,5.963579343618446,5.772997543677674,5.480638923341991,6.70196036600254,6.413458957167357,4.912654885736052,6.909254155105873,5.249652194566756,7.221105098182496,6.214608098422191,5.937536205082426,7.4109518755836366,5.728475087246572,6.8839747503167334,6.452048954437226,6.480044561926653,5.017279836814924,5.31566600488265,6.0112671744041615,5.420534999272286,6.054439346269371,5.389071729816501,5.204006687076795,5.8998973535824915,5.870708345972182,6.135564891081739,4.867534450455582,5.600272098286537,5.499215308914927,5.568344503761097,5.661222860237405,5.017279836814924,6.234410725718371,5.313205979041787,4.762173934797756,6.09807428216624,5.739792912179234,6.297109319933935,7.410044571725841,5.0689042022202315,5.560681631015528,5.356586274672012,5.472270673671475,5.247024072160486,5.4638318050256105,7.324489979348532
5.217649463480582,5.407171771460119,7.952263308657046,7.772752716468742,5.654242029096065,7.290292882446597,6.068425588244111,8.495356496807062,9.645429005150419,7.207118856207756,7.254177846456518,5.153291594497779,7.477321397770728,5.313205979041787,6.192362489474872,7.121252453244542,5.111987788356544,7.62657020629066,5.560681631015528,4.808111029984782,4.663439094112067,9.733232896960311,6.300785794663244,5.720311776607412,5.453182077108952,7.703007682479236,6.3080984415095305,5.840641657373398,7.996317231796746,5.455321115357702,4.867534450455582,5.0106352940962555,7.445417556701687,5.641907070938114,5.676753802268282,5.093750200806762,7.142827401161621,5.5154428455366835,4.330733340286331,8.62515033292133,5.695414224985685,6.343880434126331,6.937314081223682,4.836281906951478,4.430816798843313,5.3230099791384085,5.800606659291741,4.74493212836325,5.173320876373351,6.631342798788587
7.622663951323595,7.824445930877619,10.200290403937228,5.680172609017068,6.771935555839602,10.151245664614256,9.907479573805665,9.744198694852747,7.022422353960263,9.457903327831136,8.439772044447652,6.125776884715576,6.679599185844383,6.637913124658687,8.634264863002075,10.947485247931015,4.709530201312334,7.71333788887187,8.352790135124629,5.720311776607412,4.882801922586371,5.303304908059076,6.059123195581797,6.523562306149512,6.873163834212518,6.990256500493881,7.183111701743281,6.945532643316167,5.908082938168931,6.0844994130751715,5.568344503761097,6.641182169740591,8.32639581614124,5.768320995793772,5.556828061699537,4.770684624465665,6.335054251498059,5.147494476813453,7.036588150825105,5.831882477283517,7.37650812632622,6.263398262591624,7.643482907077201,7.237778191923443,6.035481432524756,5.144583266605995,5.519458915191573,8.220806678334311,6.322565239927284,7.457897765125078
6.9363427358340495,5.986452005284438,7.366445148327599,6.988413181999592,6.662493922414308,8.361708288575842,6.094697801749634,6.147399348728742,7.8628820346414905,5.267858159063328,7.3796321526095525,6.0473721790462776,8.215276958936633,5.517452896464707,6.548219102762372,7.184250005793341,5.25227342804663,10.465600220670138,6.150602768446279,6.283200889887803,8.310169021981912,5.2548878086207,6.51471269087253,6.661854740545311,7.325807502595773,6.401917196727186,6.152732694704104,6.795146334599483,9.980355996792705,7.892452043520352,4.31748811353631,6.476972362889683,6.774223886357614,5.293304824724492,6.676453539966464,5.990213765206329,7.138866999945524,6.326149473155099,5.3230099791384085,6.054439346269371,7.016609683894219,7.486613313139955,6.4967749901858625,4.844187086458591,4.770684624465665,6.386879319362645,6.1224928095143865,6.333279628139691,6.310826956162734,6.9930151229329605
7.67275789664251,8.713417653379183,9.356084386028888,4.736198448394496,7.093404625868766,6.4692503167957724,6.285998094508865,6.324358962381311,8.672314828283538,5.099866427824199,6.641182169740591,5.147494476813453,5.204006687076795,8.263976955845735,4.997212273764115,7.119635638017636,8.273846932784508,8.323608442343572,4.382026634673881,5.159055299214529,9.199986959896691,4.448516375942715,4.787491742782046,4.890349128221754,4.976733742420574,5.262690188904886,6.066108090103747,6.137727054086234,5.683579767338681,9.126251991593897,5.159055299214529,4.7535901911063645,6.246106765481563,5.056245805348308,5.075173815233827,5.308267697401205,5.981414211254481,5.8126368795682835,4.204692619390966,6.063785208687608,6.16541785423142,5.043425116919247,7.140453043101158,4.927253685157205,4.901564199041894,4.634728988229636,5.32544603393629,5.285738584341177,5.220355825078324,6.532334292222349
5.971261839790462,5.3867860145356445,7.967973179662935,5.204006687076795,5.823045895483019,6.444131256700441,5.924255797414532,10.638256407786892,6.270988431858299,7.857093864902493,9.387314322443542,5.683579767338681,6.054439346269371,5.187385805840755,5.738183901373533,11.469255669310835,4.442651256490317,8.659733878198347,5.173320876373351,6.6039438246004725,4.727387818712341,5.351858133476067,5.318119993844216,6.013715156042802,6.0330862217988015,5.948034989180646,6.040254711277414,5.391352232515226,4.804021044733257,4.952299717083292,3.8066624897703196,6.651571873589727,6.596463340891223,5.910796644040527,5.741399338227508,3.6635616461296463,6.22455842927536,8.300280189852664,6.180016653652572,5.41610040220442,10.408269952754834,6.206575926724928,6.424058322604399,4.060443010546419,3.970291913552122,5.8944028342648505,5.123963979403259,5.53338948872752,5.849324779946859,5.579729825986222
7.796057974316123,7.604645445820917,7.773804794419545,6.502790045915623,6.993932975223189,7.8068998520213215,7.821442624986177,8.622723692625701,8.054522609537294,7.564757012905729,9.04793908261736,7.5480289699350145,7.035268599281097,5.438079308923196,5.521460917862246,8.5956346177228,7.337587743538596,8.222285073872717,6.967909201801884,6.3252546185092555,4.875197323201151,5.37989735354046,5.805134968916488,6.288787496596443,6.448097941790546,6.71295620067707,8.906122330884303,8.279443487712665,8.350666240520924,8.089789175789319,4.90527477843843,5.805134968916488,9.642642134037906,4.68213122712422,8.268218880067506,8.480321716640333,6.626055278207904,5.846438775057725,4.959341999708705,8.25712628599743,7.783432327970995,6.361302477572996,6.906754778648554,4.499809670330265,4.700480365792417,6.16541785423142,5.547128664610824,5.808142489980444,6.090178020044014,7.179307969504034
10.329963707833757,9.090260951645641,9.28887424963029,6.4692503167957724,7.895808377083183,6.9598732332442435,7.641084249174914,8.297917151628518,6.508769136971682,7.1731917424865985,10.522611372747287,6.603266088213975,7.201170883281678,5.572154032177765,8.87024156729927,10.68380963838089,4.584967478670572,6.511002111475994,5.741399338227508,7.4413203897176174,5.438079308923196,4.867534450455582,6.102558594613569,6.993932975223189,9.448214887890387,6.911747300251674,8.45531778769815,6.289715570908998,5.123963979403259,5.422744944923089,4.143134726391533,7.1774006639477665,6.380122536899765,7.564757012905729,6.598509028614515,7.8961806086154915,6.852770970649377,5.429345628954441,5.645446897643238,6.06262174142431,9.152287440527566,6.048553514092109,5.981414211254481,4.477336814478207,4.363098624788363,6.380122536899765,5.964863865310803,6.829253050827179,6.8885724595653635,5.474369310328396
9.946786476931276,8.32069157104845,9.942371670586095,8.581669210600602,8.290292591224315,9.76471387166966,9.579141495712756,9.504277838590472,10.269622608180354,5.811140992976701,9.446163200447465,8.101374671228582,9.284751869489993,8.193676665955241,7.480992162869525,8.3133619511344,7.83241092718792,9.574879313471701,6.094697801749634,5.955837369464831,4.983606621708336,4.695924549256556,7.478169694159785,7.210449109054355,6.606650186198215,6.85751406254539,6.837869151517971,7.8119734296220225,6.52795791762255,7.582993038998515,7.118826249062078,4.983606621708336,10.858190978896696,4.634728988229636,5.895779296973574,7.236339342754344,7.368970402194793,8.302761580704049,4.197201947661808,6.410996912427582,5.332718793265369,7.805882040228621,8.204398418149381,7.012565643334482,5.519458915191573,4.969813299576001,6.362165662779806,5.267858159063328,5.3471075307174685,6.705639094860003
5.377590547442544,6.6052979209482015,7.192182058713246,6.440946540632921,6.709304340258298,10.751799184597422,6.203547151062767,8.566554620953962,7.865187954187467,6.535241271013659,9.850930301797453,6.144185634125646,6.215607598755275,5.662960480135946,7.297091005160418,9.355003328216744,8.551884431206167,9.120962560824966,6.658011045870748,5.484796933490655,4.430816798843313,4.871373226762748,6.9172104377528925,6.3080984415095305,6.7464121285733745,5.808142489980444,6.626717749249025,8.062905418610505,7.941829046512676,8.483739815157017,7.477604243197589,5.365976015021851,8.39502555744203,5.377590547442544,6.638567789166521,6.189290290437902,7.354682176897896,6.874198495453294,5.58724865840025,7.217076526537399,5.75890177387728,6.693323668269949,9.529811766917371,7.385851078125209,7.251699530442051,6.218600119691729,5.488937726156687,5.8377304471659395,5.963579343618446,8.558143177745192
9.524566999650077,5.44673737166631,7.167423604978719,6.940222469119639,6.054439346269371,9.400878083541478,7.450951282778578,8.215006432761575,7.170119543449628,5.249652194566756,7.830624326216415,6.548219102762372,7.299797366758161,7.078763075875818,7.8050670442584895,7.866338923046544,9.690974793577944,9.245031611766112,5.539300835990577,5.551019720103791,6.133398042996649,5.0689042022202315,6.131226489483141,7.22802554102707,6.022236205774735,8.214735833382303,5.725217755376266,5.817111159963204,6.96460809057492,9.768097290426606,8.80500025605617,5.4680601411351315,9.901736019497323,5.25227342804663,6.1463292576688975,7.183870715062453,6.661854740545311,5.763622475012218,5.480638923341991,7.846198815497425,6.246106765481563,6.292494637079263,7.124478262493424,8.901025999397287,5.351858133476067,5.780743515792329,6.0330862217988015,6.866933284461882,6.0014148779611505,7.618742377670413
9.954465797300758,5.566434283504978,8.65834547117212,5.966146739123692,7.599901959208498,7.749753406274437,6.169610732491456,9.016148642611741,7.379320188794825,5.484796933490655,7.627300933396613,5.68697535633982,7.510430556378006,4.454347296253507,5.594711379601839,9.771497828073176,4.406719247264253,6.448889394146858,6.450470422144176,6.413458957167357,4.30406509320417,5.249652194566756,5.6577385361547945,5.8126368795682835,6.194405391104672,7.354362330421477,6.066108090103747,5.948034989180646,4.969813299576001,6.090178020044014,3.871201010907891,5.484796933490655,6.748759547491679,4.537961436294641,5.723585101952381,4.897839799950911,6.675823221634848,6.149536101678477,3.8066624897703196,6.860139425040474,6.499787040655854,6.171700597410915,5.685279003091641,4.23410650459726,3.871201010907891,5.631211781821365,5.365976015021851,5.948034989180646,5.600272098286537,5.093750200806762
9.049995547985597,8.355497452415939,8.616857514529183,6.558197802812269,8.612139668725192,8.853093836138493,5.8522024797744745,8.06211758275474,6.270988431858299,7.076653815443951,7.362010551259734,9.516463851566566,7.042286171939743,6.333279628139691,5.556828061699537,9.091387902798889,7.583756300707112,8.40827078419205,4.672828834461906,5.0238805208462765,5.940171252720432,6.3910792415379705,6.371611847231857,7.201916317531627,5.905361848054571,5.648974238161206,7.644919344958857,5.652489180268651,8.765926513729443,6.278521424165844,7.148345743900068,6.617402977974478,8.323244298381303,5.049856007249537,7.254177846456518,5.375278407684165,6.635946555686647,5.976350909297934,5.043425116919247,5.921578419643816,6.983789965258135,5.6131281063880705,6.662493922414308,7.463363045520021,4.77912349311153,5.391352232515226,5.695414224985685,5.393627546352362,5.422744944923089,6.285998094508865
4.848116364598481,4.2626798770413155,5.351858133476067,4.624972813284271,4.736198448394496,5.22305488204749,4.110873864173311,5.723585101952381,5.556828061699537,4.07753744390572,6.751686093332248,4.135166556742356,5.499215308914927,5.831882477283517,5.176149732573829,6.904750769961838,6.363028103540465,7.905072849498666,4.3694478524670215,4.812184355372417,6.030685260261263,5.8916442118257715,5.318119993844216,4.6443908991413725,5.393627546352362,4.394449154672439,6.823286122355687,4.553876891600541,6.129050210060545,4.499809670330265,5.823045895483019,4.442651256490317,6.556067876554444,6.269096283706261,4.634728988229636,4.605170185988092,5.1328529268205045,7.681099001536359,7.040536390215956,6.525029657843462,4.927253685157205,5.930918047239948,7.886457270977689,5.905361848054571,6.333279628139691,4.23410650459726,4.356708826689592,4.31748811353631,4.574710978503383,6.53813982376767
7.309546981723993,9.32250766884693,10.926621700028281,8.924656302187074,10.133129940590168,9.45136313337763,8.181440695719374,9.954465797300758,10.48507448318503,8.153349757998892,8.92665032079394,8.543055850941965,9.156992336474259,4.564348191467836,7.429520842786462,8.707978826622321,4.927253685157205,6.218600119691729,7.215239978730097,6.315358001522335,4.127134385045092,3.8394523125933104,7.708410667257367,7.701652362642226,7.071573364211532,10.249078798603865,7.2991214627108,9.203164688227087,5.303304908059076,5.936216072877503,3.6375861597263857,5.7745515455444085,6.075346031088684,6.467698726104354,6.2878585601617845,4.060443010546419,8.25712628599743,7.00669522683704,3.58351893845611,5.654242029096065,7.502186486602924,7.1049654482698426,6.018593214496234,3.9512437185814275,5.25227342804663,6.676453539966464,7.1785454837637,5.723585101952381,6.982862751468942,6.054439346269371
5.8664680569332965,6.166467723094256,9.63717550582054,9.094480485881647,9.65637144183101,9.14350588378896,8.411832675758411,9.961001458736735,10.473110246810576,6.662493922414308,10.581521095286025,8.345692873253865,9.832582139020353,4.990432586778736,8.422882511944996,8.039318667789933,4.677490847567717,7.181972100480348,8.432506383249043,6.214608098422191,5.209486152841421,4.23410650459726,8.614864218589684,7.629489916393995,8.11522197256233,6.89213389807918,7.510704191623933,7.011213987350367,7.2748259991029895,7.283448228756631,3.9219733362813143,5.356586274672012,5.7745515455444085,4.532599493153256,5.84354441703136,4.442651256490317,8.168061156648234,5.267858159063328,3.9889840465642745,5.41610040220442,5.659482215759621,8.841520548064763,6.359573868672378,4.343805421853684,4.30406509320417,5.41610040220442,7.170888478512505,5.389071729816501,5.951943788945699,5.700443573390687
9.473973062420438,4.653960350157523,10.1899814193511,6.359573868672378,5.099866427824199,9.522227133124781,4.2626798770413155,5.945420608606575,6.403574197934815,4.3694478524670215,6.331501849893691,4.663439094112067,7.1929342212158,4.990432586778736,5.453182077108952,6.953206541886054,4.212127597878484,6.22455842927536,4.412798293340635,8.436416881388949,4.460144413937834,8.43305042330381,5.075173815233827,5.033700567027251,5.4510384535657,4.584967478670572,4.997212273764115,4.762173934797756,5.754158681981268,7.400315093941235,3.828641396489095,4.548599834499697,6.496020557860377,6.23539063760472,7.580189417944541,5.941486177301741,5.831882477283517,5.0106352940962555,4.983606621708336,7.857093864902493,5.3981627015177525,5.71042701737487,6.066108090103747,4.02535169073515,4.590056548178043,4.6443908991413725,4.653960350157523,4.695924549256556,4.553876891600541,8.472195825485501
6.17690623123818,6.410996912427582,6.169610732491456,6.334167333479831,6.042632833682381,6.280395838960195,5.702114417555504,5.3471075307174685,6.974478911025045,5.1029105702054265,5.869296913133774,5.648974238161206,6.944569252104853,7.824445930877619,5.958424693029782,7.143617602704121,4.955827057601261,8.094073148069352,5.914853444736141,5.707110264748875,5.5928509139489195,4.579852378003801,6.0473721790462776,5.752572638825633,6.313548046277095,5.7120812774708964,6.285998094508865,5.945420608606575,5.54907608489522,6.104793232414985,5.308267697401205,5.69035945432406,6.620073206530356,6.551794365777062,5.941486177301741,4.61512051684126,6.558197802812269,6.2422232654551655,6.121395716700013,9.30546871706776,6.380969635637417,6.692083742506628,6.413458957167357,4.962844630259907,4.795790545596741,5.453182077108952,6.444131256700441,5.768320995793772,5.736572297479192,6.5841005460715385
6.9975959829819265,6.029482614295503,6.938769332511306,7.203777475708919,6.366470447731438,8.363342466597977,5.811140992976701,7.155396301896734,7.798523053625206,5.625820933186489,10.801033697192244,5.726847747587197,7.584264818389059,6.375876246018314,7.168579897264035,7.152268856032539,5.749392985908253,6.806829360392176,5.849324779946859,6.132312855695361,5.971261839790462,7.484368643286131,6.473890696352274,5.958424693029782,6.740519359606223,5.817111159963204,5.8650506222523235,6.2166061010848646,6.335940383589716,9.8497175093263,5.096812990337308,5.932245187448011,7.612336837167746,5.313205979041787,7.681560362559537,6.270042805310292,6.804060042643372,6.246106765481563,6.657368991274053,6.391917113392602,6.727431724850855,6.93828448401696,7.890582534656536,5.60947179518496,5.501258210544727,5.6131281063880705,5.906723318652891,5.84354441703136,5.901266279189834,10.93157007501371
10.628278738430534,8.692238339239417,9.65531461317906,8.734157691653731,9.399472020698687,10.350766163457703,9.069928218259438,9.980355996792705,10.326956285083867,8.241834868653289,10.095883194901557,7.979681302387741,9.52558897214577,4.820281565605037,7.929846429742503,9.461721464701633,5.14166355650266,6.1301389417957415,7.1770187659099,7.428333194190806,4.394449154672439,5.4680601411351315,8.146129510025405,8.292798858200374,9.693260226488464,8.598220030058611,7.964850887447313,9.100078977718645,5.0401940963378005,5.572154032177765,4.204692619390966,8.492900498847193,7.091742115095153,5.000584958242754,8.508455125472953,6.8736812986483855,7.949973567454083,5.802118375377063,4.363098624788363,6.988413181999592,6.927557906278317,7.884199933676039,6.717804695023691,4.204692619390966,4.330733340286331,6.52649485957079,6.895176496775277,7.366761154018331,6.847474348097207,6.408528791059498
6.721425700790643,6.844815479208263,9.82265703462158,8.705248280057953,7.550661243105336,9.908052119033707,6.39024066706535,9.811372263628323,10.305647203635566,7.228388451573604,9.894799924138562,8.55468163582723,9.32259705432185,5.43153621033426,7.775905635528357,9.203265403304218,4.8283137373023015,6.543911845564792,7.664111972939967,6.874198495453294,4.875197323201151,5.596568390349052,8.003028666384733,7.363913501405819,7.175872195939078,8.250489525349648,7.267525427828172,7.725771441587952,7.938445551164788,7.5822291942764615,4.248495242049359,6.738152494595957,6.732210706467206,6.61338421837956,6.114787763139981,4.3694478524670215,8.187855443695623,6.930005887916956,4.5217885770490405,6.263398262591624,6.8736812986483855,7.611347717403621,6.792344427470809,4.574710978503383,4.976733742420574,5.8888779583328805,6.773080375655535,5.541263545158426,6.532334292222349,6.804614520062624
5.697093486505405,6.826545223556594,7.8050670442584895,6.904750769961838,5.358941988364472,8.951375323621896,5.4638318050256105,8.299534570332597,8.396041989852087,5.209486152841421,8.498214224818435,6.255750041753367,7.068172000388042,4.7664383335842135,6.699500340161678,8.733110697638708,5.313205979041787,6.731018100482083,5.429345628954441,5.150397236471415,4.454347296253507,3.970291913552122,6.059123195581797,5.6131281063880705,5.713732805509369,7.281041488726066,5.303304908059076,6.842683282238422,4.980176086611547,4.997212273764115,5.065754593317335,5.043425116919247,7.832014180505469,4.204692619390966,6.168564159920785,4.110873864173311,6.3035343076165935,4.894101477840304,4.23410650459726,5.212214667494625,6.212606095751519,5.966146739123692,8.846281087926636,4.574710978503383,4.204692619390966,5.1149953094204985,5.519458915191573,5.117993812416755,5.153291594497779,9.946786476931276
9.515211364848644,8.131236549696116,7.651595573857601,6.0014148779611505,6.64703965476017,8.697262213156899,7.781764618599686,8.424090573153913,6.253828811575473,7.52294091807237,8.607399459302387,7.1098794630722715,5.793013608384144,9.716886853257284,8.06777619577889,8.522379718103538,6.571582997369922,5.75890177387728,6.413458957167357,6.364750756851911,4.5217885770490405,4.709530201312334,6.633318433280377,7.333676395657684,6.490723534502507,6.659293919683638,6.311734809152915,6.62870253322841,5.099866427824199,6.194405391104672,4.499809670330265,6.693323668269949,6.230481447578482,5.551019720103791,7.519692404116539,4.174387269895637,6.150602768446279,4.952299717083292,7.124478262493424,6.47543271670409,7.59337419312129,5.87493073085203,6.840546529288687,4.02535169073515,4.930870325627393,6.984716320118266,5.924255797414532,6.735186013630861,6.872128101338986,7.681560362559537
6.455198563340122,5.948034989180646,7.507964463882813,6.4224349456245085,6.2869287600018176,10.626606071592057,5.777652323222656,8.083174275890013,7.627300933396613,9.12238309321704,7.506591780070841,5.910796644040527,7.126087273299125,6.678970847777841,6.279459070741808,9.290444616217844,6.568077911411976,6.082218910376446,6.386037214049723,6.3835066348840055,5.488937726156687,4.812184355372417,6.163314804034641,5.918893854273146,6.359573868672378,5.942799375126701,7.142827401161621,6.135564891081739,5.780743515792329,5.955837369464831,4.605170185988092,6.505784060128229,7.8547691834991324,5.270432163058501,5.82452409235233,4.77912349311153,7.757051142032013,8.130942302231878,6.520621127558696,6.3835066348840055,6.331501849893691,6.831953565565855,7.947325027016463,5.049856007249537,5.384495062789089,5.805134968916488,6.061456918928017,5.598421958998375,5.872117789475416,6.682108597449809
7.1774006639477665,8.824236617346639,10.394640940504598,9.351058378915061,10.368981026303977,9.567595147779924,7.594632846528487,10.01283510937141,10.353702929382365,7.4555876283772236,9.79740455372797,8.51197962436335,9.859979662559194,4.727387818712341,8.093156697722637,8.320326363180246,6.74993119378857,8.866863661202087,7.31455283232408,9.987782744031522,4.499809670330265,5.339939041238856,8.683639399051902,7.52131798019924,7.22983877815125,6.666956792429207,7.639161171659173,6.149536101678477,5.19295685089021,6.371611847231857,4.727387818712341,5.187385805840755,7.903226808730733,4.77912349311153,6.930494765951626,8.219864741912652,8.360773272144936,4.532599493153256,5.583496308781699,5.551019720103791,5.495116942522644,9.042868018032435,7.807916628926408,4.574710978503383,4.6443908991413725,5.60947179518496,6.974011074759202,4.5217885770490405,5.280662431309316,6.994849985833071
6.19644412779452,4.5217885770490405,4.499809670330265,4.8283137373023015,5.25227342804663,9.552368574168076,3.2771447329921766,7.569669757110984,5.5626028611934215,3.7612001156935624,7.216709486709457,4.8283137373023015,5.474369310328396,5.393627546352362,5.320567975482857,7.413970290190444,4.02535169073515,6.258624983838966,4.605170185988092,3.6888794541139363,5.413875707182309,8.420902531097951,5.69035945432406,3.6109179126442243,6.183117431330821,3.960813169597578,7.174341388139183,4.465908118654584,6.670132406403093,6.639875833826536,3.58351893845611,3.58351893845611,4.836281906951478,3.4965075614664802,7.409741954080923,3.367295829986474,4.356708826689592,9.819535128539243,3.8918202981106265,6.284134161070802,4.248495242049359,5.625820933186489,7.920446505142607,4.0943445622221,6.62273632394984,3.6888794541139363,3.9889840465642745,3.4657359027997265,3.4965075614664802,7.6532576898760105
6.35350009728881,4.812184355372417,6.955592608396297,6.386879319362645,6.401917196727186,5.945420608606575,5.384495062789089,7.496652438168283,6.530877627725885,5.707110264748875,6.920671504248683,5.150397236471415,7.0909098220799835,5.209486152841421,8.446126742982377,7.497484500343593,4.930870325627393,7.757692510306271,5.62040086571715,7.260522598089852,5.6131281063880705,5.823045895483019,5.065754593317335,5.676753802268282,5.161924741642482,5.0466457316192885,4.927253685157205,4.808111029984782,7.696439886251146,8.525062149794932,6.404401670054847,5.225746673713202,7.595638629866984,5.290789100127245,5.926926025970411,5.886104031450156,5.2574953720277815,5.1298987149230735,4.343805421853684,7.876638460975463,4.890349128221754,5.241747015059643,7.462502089806056,4.343805421853684,4.740574822994295,6.178980920779041,4.770684624465665,4.90527477843843,5.310739886546594,6.440946540632921
5.54907608489522,6.104793232414985,9.18993356219852,6.16541785423142,6.205567353770043,8.570165076182343,5.497168225293202,8.282483003730562,7.803843303538772,4.923623917106626,7.311886164077165,5.762051382780177,7.014814351275545,6.8690144506657065,7.989221408815276,7.83399634170946,5.31566600488265,8.53346016388011,5.545177444479562,5.293304824724492,8.980927207648378,8.824236617346639,6.380969635637417,6.050912005751402,6.81783057145415,7.743269700829004,5.7899601708972535,6.7912214627261855,6.90875477931522,6.794026513653794,4.4942386252808095,5.418320158942733,6.725633702190849,4.6913478822291435,5.337538079701318,5.241747015059643,6.966967138613983,6.569481420414296,5.556828061699537,6.3252546185092555,5.788429948716486,6.342121418721152,7.620214770574455,4.930870325627393,6.023447592961033,4.718498871295094,5.427150238391005,5.062595033026967,5.517452896464707,7.132497551660044
8.019941687677365,4.30406509320417,5.768320995793772,4.02535169073515,7.091742115095153,7.80016307039296,5.53338948872752,7.307202314764738,6.304448802421981,5.0466457316192885,7.820840879907344,4.663439094112067,4.212127597878484,4.30406509320417,4.110873864173311,8.10349427838097,4.143134726391533,7.165107001626084,6.873163834212518,5.308267697401205,3.6375861597263857,4.151039905898646,4.653960350157523,5.249652194566756,5.1029105702054265,4.5217885770490405,4.969813299576001,4.983606621708336,4.855928904335275,6.037870919922137,4.060443010546419,4.07753744390572,5.2574953720277815,4.430816798843313,4.297285406218791,3.5263605246161616,4.871373226762748,4.290459441148391,3.597312260588446,5.1298987149230735,5.41610040220442,4.060443010546419,5.881928660039675,3.713572066704308,3.7376696182833684,4.5591262474866845,4.465908118654584,4.212127597878484,4.686750172980514,7.762596048540069
10.759890266234763,8.210668031162976,7.190676034332207,6.171700597410915,6.415096959171596,7.3559605407664606,5.705447753975262,8.533066540572527,6.7650389767805414,6.169610732491456,9.418492105471156,6.101439400316553,6.9440872082295275,9.211839248099919,4.736198448394496,9.423595190540022,8.133587417660966,7.948208653476715,5.853638230200579,5.32544603393629,5.5093883366279774,4.42484663185681,6.851713888098512,6.592359367962841,6.599189995613932,6.113682179832232,7.525370396929645,5.529429087511423,8.017637159908478,8.632484235750972,3.828641396489095,5.501258210544727,9.722265391185474,6.858039686736205,6.181051314893349,4.624972813284271,5.389071729816501,5.986452005284438,4.59511985013459,9.865370230423,6.105908681498851,6.35088571671474,9.560010841762033,3.979681653901961,6.902240098294027,6.150602768446279,4.948759890378168,5.278114659230517,5.659482215759621,8.922458279521734
10.403747556197336,9.108307646411031,7.130098510125578,7.1978095355789735,6.773652294458657,9.657331226912845,6.2314652154886145,8.32457884513685,8.507546814364431,5.556828061699537,8.683724062303869,5.723585101952381,7.4801462584062826,7.345687577227803,6.018593214496234,9.01627006814768,5.697093486505405,6.025865973825314,6.306275286948016,5.69035945432406,5.488937726156687,5.1298987149230735,6.863280788880307,5.8664680569332965,6.804614520062624,5.627621113690637,5.881928660039675,6.61136876590021,8.645058562414134,5.167639042905921,4.983606621708336,5.988961416889864,6.678342114654332,5.198497031265826,6.093569770045136,4.624972813284271,6.994391585641684,5.731721843345443,5.351858133476067,6.4792773965649,6.805722553416985,7.04359650189355,9.766062876624456,5.1298987149230735,6.396095974467569,5.5093883366279774,6.02707297457535,5.60947179518496,5.877735781779639,10.275981710307592
10.455387938873837,6.502040139618764,9.443711443445828,9.324026136379999,7.195187320178709,10.20880077869385,7.81762544305337,10.017976279020827,10.644031069195458,7.952439225624691,9.752257603219848,8.669141447688295,9.784535083358834,5.60396213937399,10.833089298469956,8.328330286578861,9.135724578595394,8.546363568716018,7.201916317531627,6.490723534502507,7.335633981927201,6.234410725718371,8.465268118551318,7.746300662231439,7.866722285136729,7.061763091461485,7.842671474979457,7.599401333415815,4.976733742420574,7.277938572945661,4.143134726391533,8.449556542700426,6.423246963533519,5.280662431309316,7.273786317844895,4.477336814478207,8.153061946801051,7.638679823876112,3.912023005428146,7.876258882303226,5.991464547107982,8.38662882139512,6.7580945044277305,4.5217885770490405,4.060443010546419,5.5909869805108565,6.934397209928558,5.178970608915471,7.018401799069201,6.870053411798126
9.003439196207838,9.16408698745872,8.553139318189707,8.412721169819527,9.21064032698518,10.030208305315284,7.855544677915663,9.356948391612272,9.844851577051172,7.278628942320682,10.1899814193511,6.823830044044376,8.431417414394833,5.195730777772936,7.018849326487724,8.339739766019143,6.903245123504251,10.295208642852034,6.417548942418882,7.188412736496954,4.007333185232471,3.3141860046725258,7.153833801578843,6.402746040537586,6.949856455000773,7.324160327128636,6.556778356158042,7.003065458786462,5.575949103146316,7.098375638590786,3.9415818076696905,7.010763029056366,6.484635235635252,4.727387818712341,6.559615237493242,4.7535901911063645,7.068172000388042,5.958424693029782,3.828641396489095,5.768320995793772,5.579729825986222,6.946495107298068,6.1675164908883415,3.713572066704308,3.828641396489095,5.308267697401205,6.073044534100405,5.0106352940962555,5.407171771460119,5.881928660039675
8.421342865759403,8.155362120328135,5.820082930352362,5.937536205082426,5.976350909297934,6.798498293045188,5.342334251964811,6.851184927493743,7.007600613951853,5.144583266605995,6.375024819828097,5.37989735354046,6.821107472256465,8.64541048921699,5.600272098286537,6.628041376179533,5.1298987149230735,7.414874040816802,5.493061443340548,6.263398262591624,5.662960480135946,4.436751534363128,5.733341276897746,5.697093486505405,6.831953565565855,5.429345628954441,6.2373475853916815,6.1675164908883415,5.53338948872752,5.262690188904886,4.102643365036796,5.541263545158426,6.028278520230698,5.720311776607412,5.976350909297934,4.394449154672439,6.55250788703459,7.877965852845723,4.276666119016055,6.049733455231958,6.406879986069314,6.4224349456245085,6.045005314036012,4.605170185988092,4.653960350157523,5.220355825078324,5.413875707182309,5.5254529391317835,5.638354669333745,6.037870919922137
10.36100733177766,5.903998521326706,9.66007751636045,6.608000625296087,9.165918154423435,9.7916337790118,6.634633357861686,8.69751274553952,6.825460036255307,7.241366283322318,10.841901745897905,6.267200548541362,7.5352967024440884,5.877735781779639,5.285738584341177,10.791851948969441,6.650279048587422,7.32052696227274,6.327936783729195,6.70073110954781,6.261491684321042,8.29853954537488,5.568344503761097,6.416732282512326,6.2878585601617845,6.980540948707785,5.7430031878094825,5.641907070938114,6.023447592961033,5.780743515792329,3.5263605246161616,5.823045895483019,7.01301578963963,5.86220971125072,6.766767585681159,3.713572066704308,7.705262474866325,5.313205979041787,3.8918202981106265,6.871609832345784,6.093569770045136,5.6240175061873385,6.7770769553400205,3.6109179126442243,5.308267697401205,6.056784013228625,6.077642243349034,5.68697535633982,6.5638555265321274,6.525029657843462
6.045005314036012,7.828834527588089,9.00091479749017,8.162658811976616,7.645875825184813,10.4744106003507,6.19644412779452,8.835501457409778,9.705889908189658,5.929589143389895,10.57095788630609,7.495264127519086,8.546169299652755,6.4425401664681985,6.546785410760524,9.604407435131979,4.912654885736052,6.553933404025811,7.112327444710911,6.218600119691729,6.269096283706261,4.7535901911063645,7.080447286800249,7.161622002939187,7.144407180321139,7.96311205897929,6.910750787961936,8.359252003347661,5.4638318050256105,6.415096959171596,4.454347296253507,6.885509670034818,7.971085753505607,4.6443908991413725,6.434546518787453,4.394449154672439,8.260234291607297,6.197461939587221,5.147494476813453,5.8971538676367405,7.1853870155804165,7.295735072749282,5.941486177301741,4.962844630259907,4.812184355372417,6.771935555839602,6.621405651764134,5.6507332535663855,6.419994928147142,6.1092475827643655
10.48475300044798,8.062275199588543,10.207104488000214,10.459683212782558,8.629092283913646,10.295208642852034,8.157943507105037,10.350030622402139,10.64895437560815,9.04964331127889,11.081065045502532,9.12913031655064,9.815148021212604,5.564520407322694,6.952250518868688,7.684324067681155,8.757233190390178,8.978029932837156,9.570180302058072,9.247057954911346,7.292337176173877,4.68213122712422,7.9357662604667,8.457018468380168,7.838737559599282,7.599401333415815,6.511745329644728,6.218600119691729,5.869296913133774,8.005367067316664,5.206750173022546,7.615544736278952,8.219864741912652,6.066108090103747,7.330405211844402,5.527442989539794,8.308691916838898,6.071891796220597,5.225746673713202,5.998936561946683,7.885329239273191,10.222268502839897,6.55250788703459,5.327876168789581,5.491001710377538,6.672032945461067,7.947678571301568,5.602118820879701,5.893024474294729,7.76004068088038
7.596392304064196,9.890148988096948,9.186764635447478,7.106606137727303,9.737137765251871,10.295597205597135,7.885329239273191,8.507142855562735,8.366602832783736,8.041734711487537,8.188411308079031,7.372118028337787,7.273439517078457,7.001700891824665,5.641907070938114,8.659213451436667,4.709530201312334,6.166467723094256,7.280008252884188,7.6838639802564295,8.89322948883359,8.482601746646619,6.831953565565855,7.642524134232902,6.952728644624869,7.113142108707088,7.345041999413257,6.960347729101308,6.226536669287466,8.767017621311778,6.075346031088684,7.074116816197362,8.20631072579402,4.584967478670572,7.183111701743281,5.043425116919247,6.638567789166521,6.692703897565264,5.2390980068880655,5.94672865326659,6.53813982376767,6.3784261836515865,7.484368643286131,5.030437921392435,8.522578663692576,7.336936913707618,6.340359303727752,6.956545443151569,7.330732812174933,7.2485040723706105
7.69484807238461,7.074963197966044,9.47004726259744,9.284426915328881,8.03689677268507,9.63433278469823,8.386172928977834,10.058180942212608,10.490523936047543,7.058328137461511,9.744169377507136,6.860663671448287,9.738819255979491,5.898526551448713,8.53660358493606,7.88570539124302,4.110873864173311,7.208600337960199,7.306531398939505,8.433159195806228,5.087596335232384,3.8066624897703196,8.78216942633238,7.513709247839705,8.151909872940905,6.037870919922137,7.572502985020384,6.542471960506805,6.823286122355687,7.88344635413774,3.828641396489095,5.10594547390058,9.121126571431352,6.881924518947615,5.932245187448011,3.9889840465642745,8.281977058867758,5.575949103146316,3.828641396489095,6.984253249954862,5.66988092298052,7.98139158158007,6.782192056006791,4.276666119016055,4.110873864173311,5.303304908059076,7.0967213784947605,4.7535901911063645,5.906723318652891,6.042632833682381
9.188094763028863,9.383158581338327,9.436838291102966,9.285447844462988,9.13075589263334,9.09873819539488,7.1834912804155175,10.407228136578889,10.581521095286025,6.872128101338986,9.954465797300758,6.336825731146441,9.865967392622204,5.54907608489522,8.4767877767812,8.66552698592193,4.5217885770490405,6.625392368007956,7.796057974316123,6.931959967678955,6.0342845442909105,4.276666119016055,8.583729715216482,7.441906728051625,7.396335293800808,7.13966033596492,7.6787889981991535,6.5722825426940075,6.452048954437226,10.344496751502499,3.912023005428146,5.501258210544727,6.267200548541362,5.308267697401205,7.940227765145702,5.147494476813453,7.985654526052705,5.762051382780177,3.912023005428146,5.7477993600729755,6.639875833826536,7.898225409030544,7.500529485395295,4.51085950651685,4.454347296253507,5.831882477283517,7.019743780930185,5.288267030694535,5.6577385361547945,5.94672865326659
5.8185981490847825,6.3784261836515865,5.955837369464831,5.726847747587197,5.834810737062605,7.509335266016592,5.320567975482857,6.484635235635252,7.188035021667156,6.056784013228625,8.305731144875866,6.1903154058531475,6.97914527506881,6.1224928095143865,5.986452005284438,8.349957272040324,9.027918810181895,6.9985096422506015,5.69035945432406,5.424950017481403,6.261491684321042,5.5254529391317835,7.273786317844895,5.8805329864007,6.340359303727752,5.402677381872279,7.466513556503431,5.577841251298354,6.524296251136588,7.41728005701508,4.8283137373023015,6.2285110035911835,8.30671904320269,4.9344739331306915,5.675040005790547,4.418840607796598,6.059123195581797,7.205635176410364,4.653960350157523,6.518409552753856,6.566672429803241,7.013915474810528,9.250522161609014,5.204006687076795,6.756932389247553,6.35088571671474,5.1647859739235145,5.31566600488265,5.537334267018537,8.014831646062376
7.440733707389261,8.231642179973411,9.215626376405421,7.491645473605133,9.177507214880942,10.473760634945538,6.335054251498059,9.013960457931187,9.556409270127691,6.100318952020064,9.2690337183154,6.740519359606223,10.088264425905146,6.373319789577012,8.80963889971704,8.851448687167606,7.905441649060286,8.839349151728095,6.735186013630861,6.1872369016260595,6.400257445308821,5.375278407684165,6.559615237493242,7.71289096149013,7.316548177182976,6.349138991379798,7.9294865233142895,7.063903961472068,7.142827401161621,6.974478911025045,6.496020557860377,6.51025834052315,7.149131598557407,6.2075834834852275,6.669498089857879,5.648974238161206,7.846589975291186,7.491924296972337,5.111987788356544,6.953206541886054,6.3784261836515865,7.3613754289773485,7.843848638152472,6.295266001439646,7.258412150595307,6.363028103540465,6.437751649736401,5.288267030694535,7.362645270417825,8.321786395073627
5.821565510312585,7.812175838285805,8.369157112588834,7.540887027132095,7.077498053569231,10.283087694449238,6.173786103901937,8.448057452581375,9.164872183929036,5.821565510312585,9.677464860471074,6.557488331338735,7.523481312573497,6.194405391104672,7.794411205726601,9.725675811220002,5.225746673713202,9.864174835150587,6.408528791059498,5.495116942522644,7.622174594817622,4.219507705176107,6.508769136971682,6.80128303447162,5.643678550586496,8.145549631783584,6.983789965258135,7.769800996003896,5.58724865840025,6.921164965892054,4.07753744390572,8.146419323098003,7.369915730766847,4.442651256490317,7.010311867307229,3.970291913552122,8.33110454805304,6.5337888379333435,4.2626798770413155,6.987028459876645,7.5717310822418025,7.078341579557671,6.650279048587422,4.7535901911063645,4.4942386252808095,6.002651736498547,6.520621127558696,5.703782474656201,6.589613999045648,6.728628613084702
9.584039577320695,8.625868208041894,9.676367354834186,8.361474616416817,8.54461378699223,8.580731212220226,9.02262429086492,9.222861652529854,9.63971730013066,7.449498005382849,10.168156850678836,7.130098510125578,8.508152446764088,7.305860032684009,6.976348070447749,8.075738145574919,6.07073772800249,8.7157161275482,7.524021415206125,6.856461984594587,7.331387691045751,6.160151912626133,7.509883061154913,7.212663132098986,6.847474348097207,8.33110454805304,8.148445666243235,8.197538739721184,7.280008252884188,6.984716320118266,5.655991810819852,6.322565239927284,7.6236419465115715,7.05617528410041,7.511797984459261,5.225746673713202,7.485772152288451,6.267200548541362,6.295266001439646,6.335054251498059,7.3108843272927535,7.406103381237015,7.665284718471351,5.763622475012218,5.707110264748875,6.427297191832543,6.543911845564792,6.437751649736401,7.2254814727822945,7.207118856207756
8.272442886347969,7.9215356321335495,9.300043955057962,8.610683534503575,9.327945614050446,9.269834943761822,7.243155512642015,9.489448291207825,10.138599199626192,7.0317412587631285,9.390576422279116,7.373374309910049,8.880029117468442,7.108244139731541,7.355001921105257,8.181020909804023,5.330300412401088,7.061763091461485,7.409741954080923,7.60339933974067,8.215412194584955,4.7318028369214575,7.640123172695364,6.826545223556594,6.742290839254605,7.406103381237015,6.754021179040095,7.7226775164680035,8.944028325260595,7.5256399750415355,4.890349128221754,6.322565239927284,6.608000625296087,6.527226656164005,6.2373475853916815,4.442651256490317,7.23164873339649,5.3471075307174685,6.150602768446279,6.363028103540465,6.048553514092109,7.36486362024214,7.462789157412448,4.919980925828125,5.318119993844216,5.671603576291966,6.278521424165844,5.184588601219693,5.978885764901122,6.018593214496234
8.717272803131895,6.142037405587356,10.74562569587665,6.0330862217988015,6.551080335043404,9.115040192121858,9.561701221091147,8.669742589876522,7.6246189861593985,8.832587702434553,8.66957087183712,7.952615111651,5.7477993600729755,5.236441962829949,5.855071922202427,9.871325865727732,4.418840607796598,8.661293535389994,8.306348695689044,7.732588400367457,5.150397236471415,6.198478716492308,6.334167333479831,7.205635176410364,8.306965865368573,6.45833828334479,6.464588303689961,6.12029741895095,6.706862336602747,6.71295620067707,4.174387269895637,8.427487278331744,5.949339620807311,4.7664383335842135,6.88653164253051,5.19295685089021,7.413970290190444,5.241747015059643,4.07753744390572,7.540090320145325,6.742880635791903,5.951943788945699,7.707512194600341,4.204692619390966,6.202535517187923,6.565264970035361,6.366470447731438,5.6507332535663855,5.8377304471659395,7.029530335908058
10.395344401254501,7.268920128193722,7.692797724246338,7.78155595923534,7.641084249174914,8.315444136956184,7.1276936993473985,6.9985096422506015,8.039157390473237,6.066108090103747,7.653020413804189,7.186144304522325,8.39795910349254,8.132559592888006,6.950814768442584,8.345455428161928,5.418320158942733,5.493061443340548,7.173575104576783,7.346977483888435,5.814130531825066,5.0689042022202315,7.352441100243583,7.338563194762097,7.976251943745623,7.253470382684528,6.82001636467413,7.500253051392153,6.22455842927536,6.470799503782602,5.117993812416755,7.335633981927201,9.51296031679217,4.584967478670572,7.4073177104694174,4.871373226762748,7.798112628829788,5.82600010738045,4.3694478524670215,7.040536390215956,7.935229539816907,7.834788107388194,6.630023537383524,6.873163834212518,5.081404364984463,7.135687347028144,6.933423025730715,7.187657164114956,7.1891677384203225,6.446513155404975
10.50165075008379,5.418320158942733,7.253116463020596,5.170483995038151,6.180016653652572,9.266815218904162,6.2075834834852275,5.805134968916488,6.656726524178391,5.814130531825066,9.347664562839402,6.92461239604856,6.616065185132817,5.356586274672012,5.7120812774708964,8.630521876723241,6.3447587828872365,8.383433201236713,4.727387818712341,5.568344503761097,5.638354669333745,4.762173934797756,5.521460917862246,4.875197323201151,5.6577385361547945,7.050122520269059,7.706162970199576,5.351858133476067,5.971261839790462,5.951943788945699,6.040254711277414,5.049856007249537,7.3987862754199485,4.663439094112067,6.363028103540465,4.406719247264253,5.786897381366708,9.35079772467144,4.762173934797756,5.501258210544727,5.393627546352362,6.226536669287466,6.9985096422506015,5.529429087511423,4.382026634673881,5.017279836814924,4.852030263919617,4.770684624465665,4.8283137373023015,7.7664168980196555
10.207104488000214,10.083953221568608,9.827631900232593,8.28374674710613,9.823903073193286,10.52786058768683,9.249657234353133,10.526011068302553,9.443038136095204,9.478457288933123,10.64128538892981,7.7488913372555315,10.452735493899395,5.0238805208462765,6.102558594613569,10.657917961512972,5.0106352940962555,7.912606187835772,8.65067458279072,8.279443487712665,5.25227342804663,3.979681653901961,6.608000625296087,8.064636475774222,8.57715877258367,8.434680769841773,7.475055749676106,7.181211644169936,4.875197323201151,5.805134968916488,3.784189633918261,7.056606225714492,5.728475087246572,4.248495242049359,7.717796211013582,4.1588830833596715,9.28461261635077,5.308267697401205,4.532599493153256,5.6937321388027,9.628392595589819,6.98933526597456,6.628041376179533,4.143134726391533,4.290459441148391,7.814803429489359,6.830334132013552,7.316548177182976,7.459626872184129,5.717027701406222
11.184296390185041,9.366317953430535,9.694955481722086,8.80537513890967,7.560601162768557,9.670861685832426,9.071423072789514,9.716856724154075,7.494152089595202,6.851184927493743,8.987071812848821,9.556833658307777,9.447978369440845,6.519147287940395,6.555356891810665,9.433563920090563,5.298317366548036,6.198478716492308,6.269096283706261,6.846411648741085,6.658011045870748,9.1557785839835,6.396929655216146,7.302496423727326,10.366450831575078,6.6240652277998935,7.4073177104694174,6.342121418721152,5.8998973535824915,9.076751834861803,4.51085950651685,6.405228458030842,7.042286171939743,4.658710952916121,7.351158226430694,4.3694478524670215,6.849596364808605,8.37216741936598,6.028278520230698,8.780326390946605,6.9584483932976555,7.629732841209959,6.814542897259958,5.288267030694535,5.147494476813453,6.597145701886651,6.192362489474872,6.423246963533519,6.86171134048073,6.561030665896573
6.74993119378857,6.78332520060396,7.649692623711514,7.691656822810547,5.652489180268651,7.502186486602924,5.472270673671475,8.642944396721798,8.220537644165349,5.8916442118257715,7.411858356987301,6.480044561926653,7.497484500343593,7.215239978730097,5.908082938168931,7.306531398939505,6.310826956162734,10.468545647075837,5.472270673671475,5.14166355650266,5.69035945432406,5.19295685089021,6.598509028614515,5.981414211254481,7.320196000826726,6.839476438228843,6.296188085414615,8.487352349405215,6.22455842927536,6.280395838960195,3.8501476017100584,5.765191102784844,6.054439346269371,4.454347296253507,7.909305854807116,4.77912349311153,6.419180264150966,5.652489180268651,7.392031567514591,5.752572638825633,5.551019720103791,6.4990348781533,8.064007347096661,4.343805421853684,5.932245187448011,5.547128664610824,5.413875707182309,5.117993812416755,5.455321115357702,8.031385330625534
10.526319559181047,7.546710230458656,8.718908795316826,8.456806041401142,7.466227556215481,9.644328147017548,7.8655717576847906,9.324561516066206,9.548596730390898,7.675313957055892,10.67427841155269,5.662960480135946,8.52545893583327,6.825460036255307,7.484368643286131,10.818457412442868,6.440946540632921,8.348182648681956,6.812345094177479,5.8944028342648505,5.313205979041787,4.119037174812473,7.124478262493424,6.478509642208569,6.251903883165888,7.45182223652793,6.4853983032037545,6.566672429803241,5.049856007249537,6.06262174142431,4.6443908991413725,5.195730777772936,5.755742213586912,5.198497031265826,7.187657164114956,4.1588830833596715,7.17127272443462,6.931471805599453,4.605170185988092,5.69204721843778,6.0390635259072605,6.465366816769375,6.395261598115449,4.897839799950911,3.871201010907891,5.926926025970411,5.814130531825066,4.658710952916121,5.762051382780177,5.594711379601839
10.813377845229255,10.423768335072873,6.082218910376446,6.056784013228625,6.411818267709897,7.011213987350367,5.033700567027251,10.37186486003728,7.806492851608703,5.86220971125072,7.917900586327916,5.056245805348308,7.2682230211595655,6.805722553416985,6.86484777797086,9.796125034207629,5.135798437050262,6.843216757844566,4.879006851617819,5.531411248715415,6.652863029353347,4.969813299576001,5.53338948872752,5.150397236471415,9.679437340329121,5.337538079701318,7.1693500166706,5.087596335232384,6.317164686747284,6.693323668269949,4.30406509320417,7.069874128458572,7.285506548522785,4.727387818712341,6.373319789577012,4.0943445622221,6.269096283706261,6.932447891572509,5.627621113690637,6.630023537383524,6.597145701886651,8.668024081118821,6.492239835020471,5.187385805840755,5.153291594497779,4.574710978503383,5.075173815233827,4.7535901911063645,5.335131339670753,7.679251425953058
8.121034642628373,6.359573868672378,9.870137572854574,7.188790308712124,7.860377940103683,10.678260801976018,6.333279628139691,8.31581113188354,8.545197387825835,6.769641976852503,9.354094335620879,6.373319789577012,10.68880362056745,7.069448867980125,6.8839747503167334,8.840001065843392,6.280395838960195,11.303992956749982,6.094697801749634,6.2166061010848646,7.2305631534092925,5.640132447579745,6.6612151498615315,6.668228248417403,7.101264025166656,6.119197913617533,7.1631723908466425,7.403061091090091,9.902887372464095,6.964135612418245,6.258624983838966,6.270988431858299,7.797291273547472,5.60947179518496,8.64541048921699,5.645446897643238,7.172424577124845,9.078864009187797,5.715381610499553,7.069448867980125,7.1316985104669115,8.21378815849922,8.033009498596668,6.352629396319567,6.339477080468061,5.936216072877503,6.125776884715576,6.102558594613569,6.251903883165888,7.099614540256581
6.324358962381311,8.135639903354386,8.417814747435958,7.99799931797973,7.755767170102998,9.20109779060925,5.3230099791384085,9.369691790202612,9.738671869871839,5.958424693029782,9.060795734696166,6.663132695990803,8.500250470685925,5.762051382780177,7.0925737159746784,8.510168576479273,4.990432586778736,8.265907334155747,6.306275286948016,6.590301048196686,5.860786223465865,4.406719247264253,7.911690520708339,6.093569770045136,6.517671272912275,6.131226489483141,6.4731187935736925,6.468474822379242,5.752572638825633,5.5134287461649825,4.174387269895637,5.857933154483459,7.606387389772652,4.465908118654584,5.54907608489522,4.3694478524670215,7.187657164114956,6.110358077048392,4.1588830833596715,5.91350300563827,6.744647941111987,8.648572269472618,6.4337436283388625,4.705015520957808,8.222016437202196,7.416679095458531,6.359573868672378,5.598421958998375,5.860786223465865,6.104793232414985
9.99305399589517,10.273204577592205,10.33744293104392,8.149312843635345,7.635303886259415,10.113748478019325,10.056208639553791,10.16284730798332,8.092239406724211,8.532180321224486,10.03223250842669,7.655864017616056,8.224699561967235,6.70502691241052,6.694562058521095,10.77202608137277,6.6005505400414926,6.226536669287466,7.047951909475421,7.872073979866873,6.999422467507961,5.574053367981417,7.008957159491104,8.197814032221203,7.4357329615656935,7.5595594960077,8.11522197256233,7.615544736278952,7.27690212441619,6.16541785423142,5.817111159963204,8.653121708640482,7.085064293952548,7.893385488934905,7.803435056952168,6.267200548541362,7.792348924113037,6.727431724850855,5.187385805840755,6.859614903654202,8.40178233990491,7.1308988302963465,6.994391585641684,5.815621956411737,5.6937321388027,7.947855296582579,6.9930151229329605,7.259116128097101,7.655864017616056,6.859614903654202
8.607947554684701,7.895063498091573,7.436617265234227,5.950642552587727,6.07073772800249,8.165932137321585,5.636573724962751,7.78155595923534,6.852242569051878,5.583496308781699,7.813995675002791,6.182084906716632,8.301273485191347,5.62040086571715,5.780743515792329,8.559294367434873,6.555356891810665,7.438383530044307,5.863631175598097,5.780743515792329,7.090076835776092,6.267200548541362,5.983936280687191,6.230481447578482,6.18826412308259,5.755742213586912,8.155792814470173,5.940171252720432,5.648974238161206,5.6131281063880705,5.4638318050256105,5.883322388488279,7.799548379255892,5.176149732573829,6.304448802421981,6.280395838960195,6.371611847231857,9.161622705178752,5.262690188904886,5.87493073085203,8.050384453067021,6.90975328164481,6.8690144506657065,5.58724865840025,5.272999558563747,5.5134287461649825,5.834810737062605,5.625820933186489,5.71042701737487,6.074195944705447
8.51699317141357,7.533426294417168,8.43076346341785,5.176149732573829,7.4067107301776405,6.875232087276577,6.643789733147672,6.4792773965649,6.703188113240863,5.796057750765372,8.989319566042951,6.520621127558696,6.317164686747284,5.313205979041787,8.40804774415544,9.750831588397924,4.859812404361672,6.684611727667927,4.532599493153256,5.925591802957274,5.389071729816501,6.116995269555192,5.117993812416755,5.54907608489522,5.288267030694535,4.973279507552487,6.206575926724928,5.996452088619021,5.501258210544727,5.659482215759621,4.248495242049359,4.8283137373023015,7.563460164066212,4.2626798770413155,6.131226489483141,3.784189633918261,5.726847747587197,5.602118820879701,5.1298987149230735,6.508769136971682,8.221747728346623,6.203547151062767,7.157346000311195,4.430816798843313,4.574710978503383,4.532599493153256,4.418840607796598,5.0401940963378005,4.740574822994295,6.669498089857879
6.853826936956581,4.406719247264253,8.053887083618223,4.276666119016055,5.43372200355424,5.461710913456472,3.367295829986474,5.395897694886901,5.521460917862246,4.343805421853684,7.21340005180809,4.034240638152395,7.446585099157725,4.836281906951478,4.465908118654584,7.140056768081112,4.727387818712341,9.947887139832812,4.02535169073515,4.454347296253507,8.445911989411274,3.8394523125933104,4.477336814478207,5.075173815233827,4.406719247264253,4.174387269895637,5.062595033026967,4.04305126783455,5.075173815233827,7.112327444710911,3.871201010907891,4.085976312551584,6.546785410760524,5.643678550586496,6.617402977974478,3.5553480614894135,5.409411414053624,4.749270529961848,8.805824812903607,9.58932460283475,4.31748811353631,5.1647859739235145,7.893198869544609,3.828641396489095,4.605170185988092,4.189654742026425,3.8501476017100584,4.07753744390572,3.8918202981106265,5.685279003091641
6.4224349456245085,9.926764529440621,6.4792773965649,5.5626028611934215,6.331501849893691,7.364547014255642,4.962844630259907,6.306275286948016,8.170751423757535,5.793013608384144,7.602900462204755,5.521460917862246,7.60887062919126,9.79740455372797,6.304448802421981,6.940222469119639,5.531411248715415,7.744569809354496,5.260096153727839,5.605802066295998,6.923628628138427,5.153291594497779,5.950642552587727,5.305789381386738,6.085637717125231,5.805134968916488,5.768320995793772,5.678464666671911,6.251903883165888,6.373319789577012,5.111987788356544,5.429345628954441,7.668561108015897,5.099866427824199,8.609134065114596,5.072043922224899,6.582717419986587,7.282073658093465,5.497168225293202,7.179307969504034,6.163314804034641,7.686850771678447,6.804614520062624,5.728475087246572,5.921578419643816,6.424869023905388,5.545177444479562,5.247024072160486,5.384495062789089,7.3864708488298945
9.333177281935246,7.948208653476715,9.68386903099778,7.318539548567902,8.126813720726114,9.36426245424844,7.094234845924755,9.660906307329443,7.605392364814935,7.148345743900068,10.025129798518233,9.044521887281242,9.07954808172616,5.455321115357702,6.919683849847411,10.47894856774761,5.6577385361547945,5.83627165770228,7.272398392570047,6.3784261836515865,5.497168225293202,5.049856007249537,6.78105762593618,6.709304340258298,7.536363938404511,6.304448802421981,7.011213987350367,7.335307983554306,6.175867270105761,8.792397742356906,4.620058798481842,6.682108597449809,7.342131730584722,4.6491870714048655,8.619569258033104,6.336825731146441,7.249215057114389,6.012491914300058,4.31748811353631,8.464425125877582,6.922643891475888,7.368970402194793,10.01695015744693,4.59511985013459,5.942799375126701,7.591357046698551,5.918893854273146,6.101439400316553,6.926577033222725,7.495541943884256
9.406236048797256,6.704414354964107,9.914328575714002,6.9726062513017535,9.289890650734192,9.395948189761288,9.823903073193286,8.636219897837877,7.666221925662725,8.199189359078067,9.402405967719531,5.303304908059076,7.112327444710911,6.660575149839686,6.142037405587356,10.860401859246654,4.770684624465665,7.080867896690782,5.968707559985366,6.0342845442909105,5.572154032177765,4.605170185988092,7.0967213784947605,7.143617602704121,6.828712071641684,8.797246236703527,7.374942445718299,6.222576268071369,5.497168225293202,6.5359666972333565,4.564348191467836,5.551019720103791,9.654481172946177,4.04305126783455,8.271036865792954,3.6506582412937387,6.859614903654202,5.3867860145356445,4.23410650459726,9.733647773244229,6.914730892718563,7.118826249062078,7.900636613018005,4.871373226762748,5.093750200806762,5.37989735354046,7.639642287858013,5.198497031265826,6.066108090103747,7.144407180321139
5.636573724962751,5.638354669333745,10.0040339991357,5.117993812416755,7.604396348796338,8.512984346642183,7.521047234292618,10.162403570938466,6.8679744089702925,7.45876269238096,8.237743803890933,6.186208623900494,5.976350909297934,5.988961416889864,8.29254851397576,9.826390502151161,5.117993812416755,6.733401891837359,5.356586274672012,5.327876168789581,5.71042701737487,4.948759890378168,5.135798437050262,5.3981627015177525,5.41610040220442,6.028278520230698,5.535363823031238,6.2324480165505225,6.008813185442595,6.695798917058491,5.187385805840755,5.627621113690637,9.332558004700433,5.802118375377063,5.744604469176457,4.783316371371566,7.145590379039336,5.991464547107982,5.236441962829949,6.361302477572996,6.784457062637643,6.6052979209482015,6.795705775173514,5.062595033026967,5.003946305945459,5.41610040220442,5.358941988364472,4.90527477843843,5.147494476813453,6.894670039433482
10.602890127258581,7.462214939768189,9.573941275985648,8.287780027088433,9.977156142461329,8.854236693405742,6.902742737158593,8.579040594742317,8.30015595853379,7.283448228756631,9.849110561069796,6.7906595071058895,8.096208271650037,6.728628613084702,6.4337436283388625,10.070906955077977,5.402677381872279,6.480044561926653,6.1779441140506,9.410665553209713,7.042286171939743,5.746203190540153,5.802118375377063,7.142036574706803,7.069874128458572,5.780743515792329,6.342121418721152,6.257667587882639,6.063785208687608,8.185071477532283,4.6491870714048655,9.16701524723781,8.538758969330798,6.583409222158765,8.541495483939203,4.5217885770490405,6.628041376179533,7.012565643334482,5.688668836846153,6.9598732332442435,6.257667587882639,7.887208585813932,7.503840746698951,5.3612921657094255,5.4785534168509695,6.214608098422191,5.661222860237405,5.794536837924666,5.671603576291966,7.0925737159746784
10.207104488000214,8.343196883368273,10.126251031632043,9.609753872655912,8.697011617992073,9.941818446841092,7.891704659330107,10.810596258335398,10.757690092096862,7.83260924151678,10.82808369877337,8.800490665550194,10.314072863338863,8.55333223803211,9.09459276343187,9.296151028389293,5.808142489980444,8.404696160189092,7.867105500316739,7.563200592358071,10.728638396836873,5.54907608489522,9.379238908437996,8.039641144413173,8.741456115998364,8.096512917501594,8.044305406990638,7.313886831633462,6.156978985585555,6.064947323867785,5.187385805840755,6.499787040655854,7.655153874373998,5.173320876373351,7.524831022590787,5.420534999272286,8.849442237193143,7.369600720526409,5.187385805840755,6.790097235513905,7.580444617639686,8.990316947998217,8.035278911144667,5.6937321388027,5.793013608384144,6.131226489483141,7.605890001053122,6.301702805273125,6.621405651764134,7.3277805384216315
11.475960605464735,9.411238314343073,11.355639876447484,10.126711100650509,10.370423982732394,11.22376229623665,10.186521338423402,11.428929536941055,10.964942996807883,10.334084201281897,11.533350447582764,7.639642287858013,9.298900548955663,5.290789100127245,7.888709524182015,11.087772822942387,6.319868609079685,7.134093721192866,8.269500767180615,9.185689008535054,5.6131281063880705,5.187385805840755,8.331827004436057,8.574895901544526,7.546974117516527,8.801996123117174,7.634095426897846,9.036938912556787,5.8998973535824915,6.18517928773138,4.672828834461906,7.133295954896068,6.1903154058531475,6.105908681498851,8.645586406184636,4.663439094112067,8.959504400645065,5.511410582008745,4.343805421853684,6.760414691083428,9.198571388376184,8.70267641154777,8.389359819906353,4.672828834461906,5.2284312390838705,7.057036981697891,9.382864086290027,7.665519102628054,7.147559271189454,8.084562415235304
10.713917643710774,8.81395888260106,10.647042635639918,8.282735880201754,8.172729104865471,10.729645677811074,9.898273985483241,9.81890957606083,8.736007384569218,9.227689010310796,10.70027376785556,9.325542301664866,8.93990865293093,5.545177444479562,8.571776069186528,10.837618202538614,4.762173934797756,6.799055862058796,8.094225808171931,10.034757013921896,5.6222108209623896,3.970291913552122,7.505217209407674,8.901094121608562,9.119211438565081,8.261655572291025,9.2239473753824,9.015541293671115,5.0530560099802075,5.936216072877503,3.7256934272366524,8.902183446335016,6.197461939587221,5.765191102784844,9.542768728840374,5.178970608915471,9.006325201096972,6.277582897583581,4.297285406218791,6.335054251498059,8.479491324232226,7.400315093941235,6.640529215097739,4.189654742026425,4.189654742026425,8.38776764397578,9.118499168310603,8.041734711487537,8.611593866837723,7.516433302915632
8.13622555490846,5.442417710521793,8.98281222234415,6.748759547491679,6.0473721790462776,7.53955882930103,7.528869256642251,8.753529336516431,8.619569258033104,4.844187086458591,8.579604451537634,7.91862865334224,7.945201132412759,4.955827057601261,5.768320995793772,7.744569809354496,5.5154428455366835,5.418320158942733,5.393627546352362,8.055633808953164,5.059425458265688,3.6635616461296463,5.910796644040527,6.030685260261263,5.855071922202427,5.176149732573829,8.3759751895007,8.36822903827628,5.19295685089021,5.780743515792329,3.58351893845611,4.871373226762748,6.175867270105761,5.8522024797744745,7.891517725971305,4.997212273764115,6.192362489474872,5.2832037287379885,3.7376696182833684,5.497168225293202,5.831882477283517,6.333279628139691,7.519692404116539,4.060443010546419,4.997212273764115,4.727387818712341,5.3471075307174685,4.52720864451838,4.812184355372417,6.495265555937008
8.031060180240619,6.55250788703459,9.427184121141865,8.509161019718974,7.789454566086673,10.253545653372553,7.462789157412448,9.535137577016892,10.034757013921896,8.003363058629947,10.183918398273716,7.879859075675505,8.760453046315272,5.0238805208462765,6.660575149839686,9.988311121351158,4.532599493153256,10.404793002917959,7.351799869057777,6.715383386334681,7.301485130871881,6.089044875446846,7.824445930877619,6.561030665896573,6.889591308354466,6.218600119691729,6.52795791762255,8.114025442356757,4.9344739331306915,6.687731855004171,4.564348191467836,5.529429087511423,5.945420608606575,6.659293919683638,6.045005314036012,4.499809670330265,6.773080375655535,5.10594547390058,4.553876891600541,5.244389024522481,6.511745329644728,6.97166860472579,6.139884552226255,4.069026754237811,4.110873864173311,5.225746673713202,6.1235887000350235,4.795790545596741,5.0369526024136295,6.980075940561763
4.584967478670572,4.499809670330265,8.450625947144124,4.762173934797756,5.3981627015177525,7.368339686311381,5.170483995038151,6.777646593635117,6.363028103540465,4.553876891600541,8.046869510959576,4.2626798770413155,6.139884552226255,4.718498871295094,5.547128664610824,7.562681246721884,5.594711379601839,9.912050783196616,4.460144413937834,6.018593214496234,5.0271645960474665,3.784189633918261,4.600157644164547,4.110873864173311,4.695924549256556,4.3694478524670215,4.945207488773801,4.418840607796598,5.099866427824199,7.738052297689316,3.9512437185814275,4.477336814478207,7.583756300707112,5.37989735354046,5.159055299214529,3.713572066704308,6.607325633707854,5.1089711948171175,3.979681653901961,7.801800401908973,4.897839799950911,5.631211781821365,6.52649485957079,4.174387269895637,3.828641396489095,4.890349128221754,4.465908118654584,4.30406509320417,4.51085950651685,7.27897394836171
10.440039400873,7.337587743538596,10.31292808151044,6.731018100482083,6.96460809057492,10.916233263227545,6.8128949979581765,7.940405811972488,8.290292591224315,7.027314514039777,10.52384896337042,6.595780513961311,8.571681376700306,7.297091005160418,6.539585955617669,10.25029901185045,5.802118375377063,7.689828668736484,5.802118375377063,7.142036574706803,7.507690077819904,5.560681631015528,6.139884552226255,7.487733761436444,8.706490361946617,6.056784013228625,7.213768308118642,6.154858094016418,6.466144724237619,6.86484777797086,4.901564199041894,6.003887067106539,7.896738696249733,5.087596335232384,6.80903930604298,4.61512051684126,6.948897222313312,7.352761561710834,5.5073619934827445,6.997138840116823,7.618742377670413,8.228977643358313,7.550135342488429,5.734958092124651,5.572154032177765,6.81783057145415,6.2766434893416445,5.70877001616724,6.046189446797229,6.9985096422506015
10.909948001920872,10.93976333828845,10.822594315669765,10.304877702602262,9.942371670586095,10.649227183215244,8.644530439877432,10.058180942212608,9.428109506952937,8.328934041955529,10.87050942081664,7.656337166430183,7.973327713572046,6.255750041753367,9.2681374707024,10.947485247931015,7.441027091577958,8.600246746551523,7.028201432058005,9.337325383730672,6.164366881985445,7.086737934510577,6.563150059130735,8.290292591224315,9.296609807128359,9.160940021681055,9.994104920119742,6.3741726680935304,5.717027701406222,6.524296251136588,4.330733340286331,6.641182169740591,7.631916513071252,5.470167623474696,8.66785206770135,7.293697720601438,7.355641102974253,5.929589143389895,4.52720864451838,7.386161011492017,8.743372131273969,7.059187982742347,6.953684210870537,4.574710978503383,5.056245805348308,6.752270376141742,6.208590026096629,6.748759547491679,7.327123292259293,7.7495379586812305
5.627621113690637,9.187020566654565,9.8497175093263,9.190953658175992,10.025129798518233,10.792797556078508,6.767343125265392,9.585621148907032,10.949507457751732,7.532623618788788,10.70699025292366,7.804251383528112,9.483073767630389,5.69035945432406,7.332369205929062,10.522611372747287,6.915723448631314,7.363913501405819,7.001700891824665,7.383989457978509,7.773594467360194,4.908971640319756,8.445267451844648,7.215239978730097,6.80903930604298,7.011213987350367,7.200424892944957,7.383678850738863,9.201551865943104,5.800606659291741,6.641182169740591,6.172743894323493,7.475339236566737,7.2309251443634714,6.556778356158042,6.4425401664681985,8.69483715865908,7.085901464365611,4.499809670330265,6.831953565565855,7.188790308712124,7.598649924488789,8.97790377375038,6.631342798788587,4.634728988229636,5.762051382780177,7.282073658093465,5.634789603169249,6.340359303727752,6.567375417529907
5.627621113690637,9.444146871458646,7.224753405767971,5.349485653122436,6.137727054086234,6.042632833682381,6.643789733147672,7.631674118208836,7.290292882446597,6.459904454377535,8.001187507608705,6.522092798170152,7.416378479192928,10.055221027562059,9.027798790978679,6.57507584059962,5.811140992976701,10.54918928938468,5.365976015021851,5.661222860237405,6.161207321695077,5.159055299214529,5.8805329864007,8.384118837190895,5.7698822763607245,5.5053315359323625,7.575841028946711,5.7430031878094825,5.655991810819852,7.071997722376186,4.624972813284271,5.605802066295998,7.138866999945524,4.844187086458591,5.6240175061873385,4.442651256490317,6.324358962381311,6.461468176353717,5.267858159063328,6.149536101678477,8.377241230988792,6.9975959829819265,6.218600119691729,5.161924741642482,4.812184355372417,5.629418059367339,5.43372200355424,5.43153621033426,5.664695085948154,6.345636360828596
7.0317412587631285,6.380969635637417,8.431199478249262,7.8343923029104365,7.218176838403408,8.552367266423891,7.0707241072602764,9.406153835618436,9.736369829484445,6.618738983517219,10.410696644527576,6.26530121273771,8.526351129201004,5.5626028611934215,7.505492274737424,7.116394144093465,5.856503561673865,10.959957531006271,6.631342798788587,6.555356891810665,5.815621956411737,4.7535901911063645,7.4342573821331355,6.502790045915623,9.831346874758445,8.222553638396958,6.333279628139691,7.005335607321001,5.728475087246572,5.339939041238856,4.605170185988092,6.169610732491456,6.220590170099739,6.53451531816871,7.304515946460155,6.133398042996649,7.080026499922591,6.1092475827643655,5.879135362134062,5.7745515455444085,7.2813856635702825,6.8966943316227125,5.683579767338681,5.214935757608986,4.762173934797756,5.768320995793772,6.35088571671474,5.869296913133774,6.042632833682381,8.705165419719007
7.129297548929373,7.040536390215956,8.204398418149381,6.341240749355558,7.167423604978719,9.179726513358347,8.31115254800169,6.220590170099739,9.874882295525794,5.796057750765372,9.28868933838716,5.82600010738045,8.163371316459912,6.3561076606958915,5.834810737062605,10.56800375029692,5.090678001769792,8.253357845438737,5.280662431309316,5.648974238161206,6.586171654854675,6.269096283706261,5.823045895483019,9.895959286115337,6.025865973825314,5.3471075307174685,5.902633333401366,5.62040086571715,7.095064377287131,6.333279628139691,4.8283137373023015,5.358941988364472,7.118826249062078,6.633976111699347,6.184148890937483,4.219507705176107,6.408528791059498,6.634633357861686,4.574710978503383,6.486160788944089,6.245137303457015,7.400620577371135,8.939187601475613,5.090678001769792,4.959341999708705,5.8664680569332965,5.455321115357702,5.300814246746624,5.37989735354046,6.591673732008658
10.682491276855757,8.817149624743406,10.817535771857504,8.699764716965399,9.504203303503045,10.102030986982106,10.108141214536493,9.976621836523629,10.290534075120274,8.266935347610456,10.705959879210065,8.415381925269553,8.918650278126863,5.817111159963204,8.196987927258897,10.707505041927497,5.081404364984463,8.008531890479624,6.835184586147301,6.698268054115413,8.827174771362785,5.220355825078324,7.87587915949631,8.060224240440958,10.276773762280058,6.904750769961838,10.070420476013421,7.575071699507561,6.3835066348840055,5.5928509139489195,4.174387269895637,6.734591659972948,6.035481432524756,4.74493212836325,8.076204527239026,4.727387818712341,7.490529402060711,5.5254529391317835,4.30406509320417,7.365180126021013,7.914983005848394,7.123269803131856,5.933570568689079,4.620058798481842,4.605170185988092,6.643138479461352,7.227299324582662,6.439350371100098,6.841081145714145,6.17690623123818
9.941264916870159,7.523481312573497,10.340419027440413,6.489204931325317,6.530877627725885,7.2640301428995295,5.488937726156687,6.5638555265321274,7.636993279686436,5.60947179518496,10.382961818392221,5.6131281063880705,10.806642385017142,7.835579246669965,7.785305182539862,8.973984926689743,5.766757273817589,7.912423121473705,6.111467339502679,6.7357800142423265,6.342121418721152,5.327876168789581,6.2166061010848646,6.70196036600254,6.516193076042964,6.498282149476434,5.8763342398543505,7.913886714856082,6.135564891081739,7.153833801578843,5.1647859739235145,5.805134968916488,7.395107546562485,5.231108616854587,6.124683390894205,7.540090320145325,6.639875833826536,6.996681488176539,7.095064377287131,7.630461261783627,6.665683717782408,7.569927655242652,7.326465613840322,5.725217755376266,5.327876168789581,6.875232087276577,5.746203190540153,5.780743515792329,5.844992643207725,7.275864600546533
8.110427237575024,9.034795799461252,6.248042874508429,6.041444479413003,6.013715156042802,7.101675971619444,6.695798917058491,7.484087704950247,6.579251212010101,5.7430031878094825,7.826842098158293,6.601230118728877,6.495265555937008,6.848005274576363,8.625329850020815,9.14984699154722,4.51085950651685,6.522092798170152,6.121395716700013,6.184148890937483,5.3471075307174685,8.48559931982506,6.413458957167357,5.975081067857458,6.236369590203704,6.018593214496234,6.311734809152915,6.135564891081739,5.402677381872279,6.690842277418564,3.970291913552122,6.98933526597456,6.3473892096560105,4.30406509320417,6.160151912626133,3.784189633918261,6.448889394146858,5.570251082031678,6.2766434893416445,6.775936704361289,6.563150059130735,6.450470422144176,6.206575926724928,4.532599493153256,4.418840607796598,6.361302477572996,5.997695096858618,6.318968113746434,6.189290290437902,5.948034989180646
10.810131907358478,7.53955882930103,9.40738632416852,7.861149098807794,7.221835825288449,9.978757349509939,9.333088837235236,10.586761149297775,9.462304589098586,6.7464121285733745,10.70027376785556,7.590094260825479,7.182352111885263,7.807510042216193,9.660141293904399,9.037533407550814,6.037870919922137,9.69437017295501,7.998335395952982,6.92951677076365,6.095824562432225,10.483144034665653,5.6577385361547945,6.371611847231857,6.926577033222725,6.9782137426306985,7.533693709848633,7.305188215393037,6.23539063760472,7.009408932708637,5.0689042022202315,6.664409020350408,6.60934924316738,7.491087593534876,7.9996785794994505,6.473890696352274,6.84587987526405,6.184148890937483,4.7535901911063645,8.41238807705011,8.074960359115858,6.54534966033442,7.692341519858864,5.278114659230517,5.501258210544727,7.3310603052186325,6.16541785423142,5.099866427824199,5.556828061699537,9.465137617092187
8.922391597295857,9.623112055266786,9.774118912194846,8.711690324140326,9.837507993602152,10.648681493556756,8.100464891029363,10.541320206486034,9.876064966958156,8.70251025718999,10.805009764705105,7.961195849003526,10.48924438093555,8.35772841676521,7.592870287844818,9.608042089466514,5.800606659291741,8.938925271988273,8.11102783819368,8.704999678440762,5.308267697401205,9.312761572075331,7.604645445820917,8.384575666801398,8.151189152188987,7.237778191923443,7.7406644019172415,8.232706009860976,5.3612921657094255,6.434546518787453,4.605170185988092,8.069029328774958,7.9865049385539955,6.4692503167957724,7.662937850461535,7.300135147541646,8.348064228408266,5.777652323222656,5.181783550292085,7.941295570906532,6.86484777797086,7.528062913365125,7.1376758145753705,4.677490847567717,4.477336814478207,7.738923757439457,6.915723448631314,6.818377467830921,7.504942068396171,6.437751649736401
6.837869151517971,6.980075940561763,7.8655717576847906,6.943604931875834,6.508769136971682,7.285163789307776,5.66988092298052,9.495293724856706,6.616065185132817,8.648309169273775,10.21091710370461,5.290789100127245,7.111512116496157,4.709530201312334,4.871373226762748,8.533263371593732,6.6814818346589995,7.00850518208228,5.198497031265826,5.8888779583328805,5.541263545158426,4.430816798843313,5.640132447579745,5.429345628954441,5.730099782973574,4.983606621708336,5.717027701406222,6.360438546633731,8.812992231969966,5.241747015059643,3.6375861597263857,4.919980925828125,5.908082938168931,5.298317366548036,5.298317366548036,3.6635616461296463,5.666426688112432,6.7770769553400205,4.248495242049359,5.298317366548036,6.684611727667927,5.640132447579745,6.363028103540465,3.871201010907891,3.7612001156935624,6.0342845442909105,4.962844630259907,5.072043922224899,5.111987788356544,5.627621113690637
6.158037746933798,9.198369000194964,7.5569505720129,7.984803389734406,6.073044534100405,9.38412559774785,5.636573724962751,8.357493812658563,8.605204068738951,6.222576268071369,7.635786861395585,5.934894195619588,7.994294986415977,10.483144034665653,6.323462503334274,6.300785794663244,4.923623917106626,4.923623917106626,6.214608098422191,5.805134968916488,5.327876168789581,4.8283137373023015,6.570882962339584,6.403574197934815,6.655440350367647,6.903747257584598,6.0390635259072605,6.218600119691729,5.7745515455444085,5.5928509139489195,4.454347296253507,5.863631175598097,7.461065514354283,4.356708826689592,5.937536205082426,3.9982007016691985,6.9749465285224606,6.2015228588735365,6.396095974467569,5.69035945432406,6.434546518787453,6.932447891572509,5.971261839790462,5.303304908059076,4.290459441148391,6.349138991379798,6.152732694704104,5.683579767338681,6.04381977744191,5.598421958998375
6.486160788944089,7.427144133408616,9.452423433109788,8.274739391567527,7.02197642307216,9.08239335764556,8.821142236331891,7.473637108496206,7.706837809950751,5.675040005790547,7.621684998724611,6.756932389247553,8.076515327552329,8.52615293278771,6.786716950605081,7.346655163176539,4.808111029984782,5.543222409643759,5.905361848054571,6.386037214049723,6.0014148779611505,4.653960350157523,6.3473892096560105,6.376726947898627,6.946975992135418,6.278521424165844,6.126869184114185,6.3835066348840055,6.331501849893691,6.110358077048392,4.477336814478207,6.0063531596017325,6.400257445308821,4.74493212836325,6.441743671005939,4.406719247264253,7.148345743900068,6.448889394146858,5.1647859739235145,6.023447592961033,6.699500340161678,7.385230923066573,7.199304862960407,5.099866427824199,5.0401940963378005,5.7698822763607245,6.063785208687608,6.018593214496234,6.152732694704104,6.258624983838966
6.192362489474872,8.025189321890835,8.762489547371581,7.374629015218945,7.417880657633734,7.675313957055892,7.400009517162692,9.759155181646207,7.258059975913026,6.12029741895095,9.050288983827956,7.2305631534092925,8.036249942132116,5.988961416889864,10.045290888110491,9.8778363556506,6.7226297948554485,10.004553861270931,9.679437340329121,5.556828061699537,5.925591802957274,9.460709909543985,6.892641641172089,7.099201743553092,6.774223886357614,5.730099782973574,6.3835066348840055,5.7745515455444085,9.068373500530559,8.903407519932264,5.768320995793772,5.495116942522644,7.156176637480615,5.2574953720277815,5.7745515455444085,5.262690188904886,6.565264970035361,6.454412090629509,5.66815529701305,7.69484807238461,8.057060681965766,6.70196036600254,11.189554036776475,5.938854596835685,6.795705775173514,5.318119993844216,5.420534999272286,5.262690188904886,5.391352232515226,8.608769134903447
6.342121418721152,4.553876891600541,4.51085950651685,5.0369526024136295,9.735896960342167,5.365976015021851,3.7376696182833684,8.170468578330674,6.1092475827643655,4.119037174812473,7.322510433997394,3.784189633918261,5.659482215759621,5.659482215759621,5.676753802268282,7.075808863978387,7.917354187989944,11.219299093460839,4.824305715904762,4.48863636973214,4.941642422609304,6.037870919922137,6.92461239604856,7.875309304793833,6.674561391814426,4.051784947803305,4.48863636973214,4.605170185988092,7.051855622955894,8.374476889214643,4.736198448394496,4.56954300834494,6.816735880594968,4.297285406218791,4.532599493153256,4.394449154672439,5.0106352940962555,6.395261598115449,5.099866427824199,9.263786347681808,4.634728988229636,6.340359303727752,9.591376166161172,4.290459441148391,8.038189179973203,5.206750173022546,4.30406509320417,3.8918202981106265,3.9889840465642745,8.717027173294824
6.679599185844383,6.911249168236393,7.273786317844895,5.214935757608986,5.648974238161206,6.934397209928558,5.783825182329737,7.562681246721884,7.511251237589436,6.0063531596017325,8.094683648698815,7.624374815727225,6.736966958001855,7.259116128097101,7.499423290592229,8.137980454452139,6.664409020350408,10.283874140267756,5.0238805208462765,5.654242029096065,6.889082013716516,6.238324625039508,5.666426688112432,7.186144304522325,7.804659297056102,5.7430031878094825,7.549082710812286,5.455321115357702,7.604147189706971,7.124478262493424,8.57376254290413,6.5337888379333435,9.512147218473359,6.218600119691729,5.638354669333745,7.355641102974253,6.35088571671474,7.3833681469923835,7.394185745913406,6.879355804460439,7.0431599159883405,7.496652438168283,7.585281078639126,7.564757012905729,5.785362461648624,5.327876168789581,5.529429087511423,5.605802066295998,5.244389024522481,7.325807502595773
6.349138991379798,7.665753431861699,6.880384082186005,5.575949103146316,6.348264483234865,8.31090675716845,7.0192966537150445,7.774435510302958,7.201170883281678,8.336150816120663,9.248791558350435,6.244166900663736,6.583409222158765,7.306531398939505,7.396335293800808,8.15162164696975,5.681877639268151,7.144407180321139,6.472346294500901,6.095824562432225,6.8308742346461795,4.7664383335842135,5.831882477283517,6.457554277032581,7.504391559161238,6.1779441140506,7.280352783464685,5.802118375377063,6.466144724237619,6.631342798788587,3.9318256327243257,6.492239835020471,6.056784013228625,4.454347296253507,6.922151159265869,5.187385805840755,6.154858094016418,5.5254529391317835,7.21081845347222,6.495265555937008,7.21890970761906,6.115892125483034,7.419979923661835,4.394449154672439,4.930870325627393,6.654152520183219,5.495116942522644,6.016157159698354,6.172743894323493,8.701429580414963
5.66988092298052,5.786897381366708,7.055312843339752,7.482681828154651,7.325148957955575,8.283999304248526,5.697093486505405,7.140453043101158,6.82001636467413,5.806639860095909,7.449498005382849,5.720311776607412,7.166265974133638,5.303304908059076,10.29870028417994,7.884952945759814,4.543294782270004,7.087573705557973,5.305789381386738,5.765191102784844,5.389071729816501,4.02535169073515,5.5626028611934215,6.09807428216624,6.194405391104672,8.105156537925033,5.60947179518496,5.4680601411351315,5.777652323222656,6.687108607866515,3.871201010907891,7.503013958722957,6.150602768446279,4.42484663185681,9.745077815788486,5.541263545158426,5.961005339623274,5.817111159963204,3.828641396489095,6.118097198041348,5.730099782973574,6.4967749901858625,6.893656354602635,4.363098624788363,4.499809670330265,5.736572297479192,5.214935757608986,5.3706380281276624,5.5626028611934215,6.892641641172089
5.19295685089021,9.203517146628057,9.437714959818209,5.1029105702054265,6.135564891081739,7.336936913707618,6.628041376179533,8.852521917335372,7.4821189235521155,5.382198850528739,10.766946965764298,6.315358001522335,8.88336291691676,8.370084326378025,5.568344503761097,7.99699040583765,4.93806460126142,8.519390774959724,6.239300711012564,5.3981627015177525,5.788429948716486,4.394449154672439,5.209486152841421,5.3471075307174685,5.25227342804663,5.3230099791384085,5.945420608606575,8.00603417874901,5.236441962829949,6.92951677076365,4.248495242049359,7.234177179749849,6.637258031284457,6.114787763139981,5.814130531825066,3.9889840465642745,7.039660349862076,5.846438775057725,7.249925536717988,6.679599185844383,5.501258210544727,6.879355804460439,6.210600077024653,4.634728988229636,5.903998521326706,6.39024066706535,5.198497031265826,4.727387818712341,6.840546529288687,6.318968113746434
6.88653164253051,9.396736947923277,6.492239835020471,6.71295620067707,6.424869023905388,7.501082124259871,4.897839799950911,8.085486772102845,8.3654396361887,5.438079308923196,8.965590066907914,5.1298987149230735,7.249215057114389,9.496646498248033,5.863631175598097,6.703188113240863,5.971261839790462,9.6689986352596,6.248042874508429,5.184588601219693,5.7745515455444085,3.912023005428146,6.101439400316553,5.375278407684165,5.560681631015528,6.78897174299217,6.726233402358747,6.073044534100405,5.572154032177765,9.700207901150696,5.214935757608986,4.51085950651685,7.144407180321139,4.5217885770490405,5.420534999272286,6.919683849847411,6.57507584059962,6.863280788880307,3.9318256327243257,6.148468295917647,5.749392985908253,5.996452088619021,5.8888779583328805,5.1029105702054265,4.330733340286331,4.634728988229636,5.808142489980444,4.465908118654584,4.700480365792417,5.886104031450156
5.60396213937399,4.564348191467836,4.574710978503383,4.564348191467836,5.605802066295998,7.08799132928507,4.394449154672439,6.728628613084702,5.777652323222656,4.394449154672439,6.022236205774735,4.04305126783455,5.099866427824199,5.648974238161206,4.127134385045092,7.0192966537150445,5.220355825078324,5.3612921657094255,4.394449154672439,4.700480365792417,4.852030263919617,5.214935757608986,4.762173934797756,4.189654742026425,4.59511985013459,4.189654742026425,4.394449154672439,4.543294782270004,6.411818267709897,5.2574953720277815,5.54907608489522,4.248495242049359,8.66406026722579,5.739792912179234,8.00202481821611,3.58351893845611,5.043425116919247,5.877735781779639,3.6109179126442243,5.978885764901122,4.663439094112067,5.231108616854587,6.0390635259072605,4.9344739331306915,4.3694478524670215,4.553876891600541,4.605170185988092,4.197201947661808,4.2626798770413155,5.749392985908253
6.6039438246004725,8.667163717992533,10.61453604423176,6.418364935936212,8.89604050162011,9.099576394991328,6.718409107251218,6.850655686941565,8.977525200965243,9.3435154511286,8.633018756921828,6.539585955617669,6.636602508481567,6.03667688992953,6.017375928892483,6.846411648741085,4.663439094112067,7.972121128921655,6.1092475827643655,7.28858610613194,6.456769655572163,7.00033446027523,5.971261839790462,6.92951677076365,6.472346294500901,7.971948640779788,6.059123195581797,6.3578422665081,5.41610040220442,6.10367653771491,3.9512437185814275,6.384350873009287,6.48768401848461,4.442651256490317,6.3578422665081,5.41610040220442,6.452837287154442,6.03667688992953,4.143134726391533,5.877735781779639,7.266128779556451,7.154224655599844,6.12029741895095,4.700480365792417,4.59511985013459,7.944492163932159,8.419690610055,6.654152520183219,6.557488331338735,6.553933404025811
5.8944028342648505,7.367077059881012,6.561030665896573,6.296188085414615,6.459904454377535,8.440636068694083,5.293304824724492,7.160069207596127,7.452402451223638,6.041444479413003,8.648309169273775,6.612041034833092,7.217443431696533,5.799092654460526,5.834810737062605,8.103796712981794,7.297429701183978,7.259819610363186,5.278114659230517,5.303304908059076,5.87493073085203,4.276666119016055,5.797576353942562,5.4510384535657,6.023447592961033,6.635946555686647,5.241747015059643,6.1675164908883415,5.332718793265369,6.045005314036012,4.197201947661808,5.384495062789089,6.439350371100098,4.48863636973214,5.60947179518496,4.553876891600541,6.676453539966464,6.082218910376446,4.406719247264253,6.263398262591624,5.8944028342648505,6.911747300251674,7.428927194802272,4.77912349311153,4.663439094112067,5.087596335232384,5.409411414053624,5.14166355650266,5.493061443340548,6.075346031088684
6.951772164398911,7.011213987350367,9.530392824458414,8.668024081118821,7.408833551293248,10.457372665762566,6.70196036600254,9.473627287593242,9.660715108832955,8.479802802197678,9.970725551801806,7.7406644019172415,9.178023770499639,5.834810737062605,7.399398083331354,10.178692103476797,4.808111029984782,8.827321452697849,7.9672801789422,6.525029657843462,6.730421263699221,4.700480365792417,8.00603417874901,7.148345743900068,7.187657164114956,9.044049632254756,7.6031499320825615,8.277793217582504,6.811244378601294,8.452761331256848,4.5217885770490405,8.390836002539714,7.549872288429303,4.394449154672439,6.966495774004737,5.986452005284438,8.926451097763097,6.731614581263264,4.48863636973214,6.57507584059962,8.139440521874608,8.173011311724972,8.33627065553599,4.990432586778736,5.262690188904886,6.55250788703459,7.488293515159428,6.649632008771901,7.273439517078457,6.508769136971682
5.541263545158426,7.831220214604293,8.88016824790345,8.791714033590194,6.573680166960646,10.157509423495274,6.037870919922137,9.4134036574562,9.853351483042331,6.293419278846481,9.114159813502214,6.692083742506628,8.644706511715198,7.346655163176539,7.047517221357296,10.429221493035238,5.718671087149952,5.457455587886334,7.986164860332727,5.43372200355424,5.056245805348308,6.439350371100098,7.715123603632105,6.957972995142755,6.506531165131227,7.2438703089555085,7.068172000388042,7.148345743900068,5.32544603393629,6.558197802812269,3.871201010907891,7.6760099320288875,6.055612366931734,6.583409222158765,5.834810737062605,3.58351893845611,7.984633075504241,5.746203190540153,4.290459441148391,6.053264948013429,6.0473721790462776,7.017954071280212,7.011213987350367,4.290459441148391,4.454347296253507,6.267200548541362,6.334167333479831,4.993828175779875,6.269096283706261,5.905361848054571
7.0431599159883405,8.265778758134998,9.126034422922926,7.414572881350589,7.682482446534506,8.151044945685024,6.248042874508429,8.706904046642046,8.666130304190608,5.82452409235233,9.579729151501658,7.785305182539862,8.825265953515752,9.89131375160442,6.734591659972948,9.07165285220229,5.075173815233827,7.806696372521179,6.658652688497831,5.893024474294729,5.782285536144145,4.700480365792417,6.759255270663693,6.1463292576688975,6.2166061010848646,5.69204721843778,6.129050210060545,9.191921786452165,5.389071729816501,6.419994928147142,6.309918278226516,5.917548864157814,7.168579897264035,4.406719247264253,5.857933154483459,4.400603020246817,6.966495774004737,5.929589143389895,8.300528606199737,6.414278293550759,6.298029706561264,6.977281341630747,6.163314804034641,5.1089711948171175,4.61512051684126,6.150602768446279,5.766757273817589,5.407171771460119,6.459904454377535,6.1779441140506
6.448097941790546,4.9344739331306915,6.78332520060396,5.575949103146316,6.92461239604856,5.634789603169249,5.659482215759621,8.54373774663835,6.802950164616011,6.676453539966464,8.02322468471667,6.03667688992953,6.843216757844566,5.631211781821365,6.385194398997726,9.729372232289272,5.7430031878094825,7.962938009722911,5.327876168789581,5.707110264748875,5.958424693029782,8.887652690325586,5.60947179518496,6.588926477533519,6.893656354602635,6.491481972157369,5.713732805509369,5.209486152841421,5.135798437050262,7.136085356983647,5.438079308923196,5.209486152841421,9.921130987708723,5.488937726156687,6.535241271013659,4.859812404361672,5.393627546352362,5.181783550292085,7.047517221357296,6.340359303727752,5.53338948872752,5.6507332535663855,10.963151091065663,5.58724865840025,8.295673321218125,5.955837369464831,4.897839799950911,5.442417710521793,5.62040086571715,6.594413459749778
9.036582045842716,7.009860501919291,10.455387938873837,10.149448789130783,9.936269310810472,10.499752067583893,8.933070569871711,10.82305291694394,10.934445359388409,7.741099090035366,10.664655465542284,8.68414727107907,10.815227947311465,6.261491684321042,9.460009002229748,9.783238979939952,5.099866427824199,7.240649694255466,8.6147735197551,7.698936199813447,6.139884552226255,9.900583339388739,9.873105661650044,8.741615924228828,9.219597393238859,7.170504084888706,8.964951211714654,8.676246121270838,6.9823988219779025,7.364547014255642,6.435348765120091,7.382746449738912,9.769041455983205,5.545177444479562,6.800726706223614,10.128549263006242,9.585552436913327,6.0014148779611505,3.9318256327243257,6.467698726104354,6.16541785423142,9.913190327997514,7.928045600874777,5.577841251298354,4.499809670330265,6.013715156042802,7.862689634448497,5.966146739123692,7.048386408721883,7.176254532017144
11.036146937843293,4.852030263919617,5.444579873526289,5.488937726156687,8.53934599605737,8.214600506228702,9.635477379881811,6.284134161070802,7.416077772530009,5.206750173022546,8.397508348470257,8.636397438894713,5.971261839790462,4.816241156068032,4.990432586778736,8.406149892622913,4.2626798770413155,7.531552381407289,4.532599493153256,6.210600077024653,5.918893854273146,3.58351893845611,5.043425116919247,5.717027701406222,5.69035945432406,5.181783550292085,5.817111159963204,7.016609683894219,5.111987788356544,8.84404789894249,3.7612001156935624,8.554874258383926,5.948034989180646,7.1846291527173145,7.536363938404511,3.8918202981106265,5.482720089545816,6.675823221634848,3.912023005428146,7.697575346802343,5.950642552587727,5.607638614103299,7.8160138391590275,4.04305126783455,9.766292313358283,5.267858159063328,4.579852378003801,4.7535901911063645,4.90527477843843,7.117610935969411
7.07326971745971,9.259796980688776,10.574491368410383,9.402199633250627,10.805476499699424,10.909948001920872,8.19946419761216,10.41518779371278,10.754257948116578,8.646026063259205,10.756955623675257,9.395698978927634,10.070420476013421,5.552959584921617,8.12666595567228,10.951525586491304,5.4510384535657,9.57352408782774,7.643482907077201,6.1224928095143865,5.438079308923196,6.2324480165505225,9.038127549330516,7.915348169263078,7.349230824613334,8.60337088765729,7.56164174558878,8.329658067569396,5.662960480135946,6.053264948013429,4.48863636973214,6.912742820493176,6.6052979209482015,4.6443908991413725,7.215975002651466,4.442651256490317,9.433083843269053,5.545177444479562,4.804021044733257,6.280395838960195,7.011213987350367,7.857093864902493,6.811244378601294,4.700480365792417,4.882801922586371,6.7690677592082436,7.644440761556566,5.707110264748875,7.024649030453636,6.942639680835639
7.9868449011613825,5.214935757608986,7.105786129481271,6.774795151725907,6.280395838960195,8.090249051630948,6.78897174299217,8.505525386548555,6.739336627357174,6.6293632534374485,7.087573705557973,6.2314652154886145,5.996452088619021,4.483002552013883,7.226936018493289,6.333279628139691,4.901564199041894,7.932541607009591,6.150602768446279,5.726847747587197,4.204692619390966,3.871201010907891,5.541263545158426,6.476972362889683,5.920237037819614,5.788429948716486,6.1779441140506,6.903747257584598,7.522400231387125,6.2324480165505225,3.367295829986474,5.634789603169249,5.295814236329918,8.8110561229431,6.528688644728503,3.481240089335692,6.558197802812269,4.736198448394496,3.7256934272366524,7.685243607975833,5.552959584921617,5.375278407684165,6.090178020044014,3.6635616461296463,4.23410650459726,5.937536205082426,5.093750200806762,5.634789603169249,5.879135362134062,7.176254532017144
6.544631011363498,8.270781013162674,7.850103545175582,7.150701457592526,6.937314081223682,9.264544425989694,6.1224928095143865,8.357962965845681,8.412499120301572,6.839476438228843,9.484709215365838,7.489970898834801,8.020270472819238,8.165079258805068,7.723783588917898,9.65480180909103,7.749322464660356,9.159257581746866,8.561018670956267,6.362165662779806,7.014814351275545,6.530877627725885,6.595780513961311,7.116394144093465,7.752550009151222,6.874198495453294,6.86171134048073,7.980536807615725,6.423246963533519,6.560323202124582,5.605802066295998,6.763884908562435,7.532623618788788,5.3981627015177525,6.317164686747284,4.983606621708336,7.183870715062453,8.262558973010657,4.901564199041894,7.091742115095153,7.589335823170617,7.893758623267592,7.91644286012226,5.407171771460119,6.16541785423142,6.880384082186005,6.210600077024653,6.599189995613932,6.212606095751519,7.451241684987676
6.883462586413092,5.25227342804663,8.277666160851503,8.085024700473523,9.617304356208082,7.434847875211999,8.335311537850668,8.940760134888384,9.366745651140318,5.37989735354046,9.948986592607346,5.713732805509369,8.411388132519262,6.794586580876499,6.870053411798126,6.921164965892054,4.879006851617819,7.619233416226805,6.309918278226516,6.282266746896006,5.480638923341991,4.204692619390966,7.253116463020596,6.288787496596443,6.202535517187923,5.354224998486333,6.805722553416985,6.411818267709897,5.8664680569332965,5.493061443340548,4.736198448394496,4.812184355372417,6.139884552226255,4.48863636973214,9.223355309053677,4.532599493153256,6.539585955617669,7.700747794511798,7.465082736399547,6.000176487710004,5.308267697401205,6.962716837056111,9.199279424616758,4.762173934797756,4.867534450455582,8.32093496888341,6.152732694704104,5.351858133476067,4.820281565605037,7.762170607138205
10.264025027289158,8.857941984804711,10.403747556197336,10.462317317350585,9.577688157971219,11.112791123046865,9.571853592555165,10.836714061116485,9.930689209961272,10.667605646966653,11.016314992162503,10.295985617419868,8.019612794400267,6.839476438228843,10.6307825044572,9.632465920977454,4.553876891600541,9.624798256919393,9.62970838525334,8.72721097551152,4.740574822994295,5.863631175598097,7.411556287811163,10.742897240074326,8.386856689688234,8.616133139271142,8.700847193443972,7.664815785285735,8.197263371414335,6.7357800142423265,4.31748811353631,8.161660452056282,7.8385404570067445,4.894101477840304,8.261526448396468,4.363098624788363,7.927324360309794,7.077498053569231,4.356708826689592,6.57507584059962,9.039670667922676,6.934397209928558,7.831220214604293,4.2626798770413155,4.59511985013459,8.689801056022553,7.521588652822357,8.263976955845735,8.72453251118548,7.6093665379542115
8.064636475774222,9.886646535340102,8.0106915391303,5.930918047239948,7.477887008645535,10.12025079288605,8.114324709155339,7.8528278122817445,7.094234845924755,7.3901814282264295,7.719573989259581,7.893572073504902,6.497528853772263,8.146419323098003,6.520621127558696,7.4073177104694174,4.471638793363569,8.683893367307235,8.203714563920446,6.80128303447162,5.41610040220442,4.110873864173311,6.502790045915623,8.182838710766026,8.460622839927844,7.4645098346365275,7.707062655370473,6.634633357861686,10.054232439228553,7.316548177182976,3.871201010907891,6.9363427358340495,5.808142489980444,8.771835409789817,8.730851903519232,6.536691597591305,6.7650389767805414,7.382124365737512,4.007333185232471,7.239214973779806,7.004881989712859,6.134482053942907,6.726233402358747,4.212127597878484,4.0163830207523885,7.70503722427409,6.472346294500901,7.172808233373557,7.5477653611289535,6.558197802812269
10.863929132145572,10.684073102244907,8.06667841475435,6.595780513961311,6.240275845170769,7.513436433760806,5.924255797414532,9.395657437749936,7.07284589884773,6.967909201801884,9.303557453687317,6.198478716492308,6.29156913955832,6.104793232414985,7.590852123688581,7.597396320212795,4.442651256490317,9.44572864970683,5.703782474656201,9.317579122645782,4.718498871295094,4.04305126783455,5.523458920524919,6.309918278226516,8.968396191198256,5.8522024797744745,7.819033469032748,5.739792912179234,7.957527402230773,9.571365838652174,4.248495242049359,6.957972995142755,5.8664680569332965,8.480632936104435,7.118826249062078,5.472270673671475,6.580639137284949,5.033700567027251,4.722953221644475,9.98142034359255,6.57507584059962,5.459585514144159,7.7788394180182125,4.069026754237811,3.901972669574645,5.771441123130016,5.298317366548036,6.014936903293124,7.896924656268864,5.831882477283517
8.714239143608575,4.653960350157523,7.6783263565068856,6.0473721790462776,5.629418059367339,8.821289805136113,4.882801922586371,7.757906208351747,6.068425588244111,5.407171771460119,7.993619994827744,4.804021044733257,5.755742213586912,4.634728988229636,6.64703965476017,8.379768515504566,6.464588303689961,9.8497175093263,6.013715156042802,4.42484663185681,4.5591262474866845,8.484360034320996,5.14166355650266,6.504288173536645,5.440250862436703,4.31748811353631,7.627057417018934,4.51085950651685,8.001019961323651,7.390798521735676,3.8918202981106265,4.330733340286331,10.431936961055667,7.82064021772146,7.077498053569231,5.564520407322694,5.342334251964811,9.407550541263888,3.8501476017100584,6.54965074223381,4.990432586778736,5.556828061699537,8.626944055375356,3.912023005428146,4.442651256490317,4.774912960575186,4.465908118654584,4.204692619390966,4.248495242049359,6.164366881985445
7.6004023345004,6.7357800142423265,9.411524571935965,8.592207895221684,8.687273461787838,9.939047727934678,7.981049759665957,10.745130166404053,9.937381604183685,9.088850474388472,10.44907685623841,6.037870919922137,8.454892165218858,7.142036574706803,8.85395110151461,10.42171570981886,8.739216115061744,11.155778981302682,8.712430973476739,8.793156870913819,5.7899601708972535,7.333023014386481,9.67076703815832,6.902742737158593,9.82265703462158,6.572981598996505,7.33400292627283,8.103191752285786,10.370784396742296,6.230481447578482,5.83627165770228,6.021023349349527,6.783891291759751,7.004881989712859,6.936828526467844,5.003946305945459,7.7336835707759,7.903965634032166,6.946975992135418,9.808847148382007,7.366445148327599,9.646237687204549,10.776118935069867,5.662960480135946,10.370063438777397,6.268148865350222,7.037027614686276,6.077642243349034,6.257667587882639,10.78377798016924
7.450079569807499,6.671399833695697,9.950084837912911,9.357682209874111,10.542838308490404,9.146974496354362,9.146281735675462,10.366088852015102,10.607166578005481,7.337587743538596,10.204129037870722,7.566311014772463,10.126251031632043,7.0825485693553,8.481255084610607,8.071374728958856,5.698769932832657,8.460622839927844,7.5569505720129,6.916219357394266,6.968850378341948,5.2390980068880655,8.816853240627426,7.653969180478774,7.5717310822418025,6.408528791059498,7.925518979786926,6.807934943699926,6.037870919922137,6.946975992135418,4.532599493153256,6.920671504248683,7.714900563595494,4.795790545596741,7.473920997781292,4.388257184424518,7.912240021592209,7.652545692693921,5.123963979403259,7.194436851100335,6.327936783729195,8.335911094196945,6.90875477931522,5.527442989539794,5.356586274672012,5.413875707182309,7.278628942320682,7.696212639346407,6.274762021241939,6.898714534329988
8.0702808933939,8.36322582811881,9.724001970561382,8.138856750696325,5.697093486505405,8.643737732741194,7.0317412587631285,8.860853815277284,9.467769401256943,5.111987788356544,8.95551263639535,6.318968113746434,8.790269111478656,4.219507705176107,7.340511247326205,8.804475183846678,3.713572066704308,6.651571873589727,6.359573868672378,5.54907608489522,4.204692619390966,3.9219733362813143,7.262628600974241,6.132312855695361,6.679599185844383,6.139884552226255,7.132497551660044,8.05579245097777,5.117993812416755,6.4967749901858625,3.4339872044851463,4.330733340286331,8.677439540558334,5.123963979403259,6.042632833682381,3.295836866004329,6.576469569048224,8.885855993000296,3.4011973816621555,4.844187086458591,5.2574953720277815,6.851184927493743,8.469472455204826,3.58351893845611,4.400603020246817,4.532599493153256,5.713732805509369,3.970291913552122,4.2626798770413155,6.192362489474872
10.69351186640545,7.809135398120538,10.320914169043537,9.05543941075822,9.38210641483062,10.263222808938117,8.252967195000798,9.590214130417438,10.25029901185045,6.2075834834852275,10.703895941292874,8.17653219417357,8.937218450855731,6.559615237493242,8.997394645638419,10.063584802132702,6.98100574072173,6.511745329644728,6.154858094016418,8.933400396056303,6.784457062637643,6.448889394146858,7.363913501405819,7.183111701743281,6.86484777797086,6.490723534502507,7.7306140660637395,7.475622643115325,5.814130531825066,5.981414211254481,6.402746040537586,7.217443431696533,7.122866658599083,6.502790045915623,9.326878188224134,5.545177444479562,6.729226520426879,8.444407421690585,7.080026499922591,7.896924656268864,7.116394144093465,6.432940092739179,7.359785856237623,6.411818267709897,6.268148865350222,6.0112671744041615,6.583409222158765,6.1366465569524795,5.993961427306569,7.7336835707759
10.711870081707668,10.769852475640558,7.370860166536716,6.278521424165844,6.376726947898627,9.23038806727996,6.240275845170769,8.883640232503673,8.219460783110955,6.63200177739563,8.685077700412423,6.952728644624869,6.726233402358747,9.559587800086119,9.397732385583243,7.783224016336037,9.482426456803408,7.054017785960389,6.715383386334681,9.11591979635669,4.7140245909001735,6.1779441140506,6.010040932680917,6.632660322035828,9.620394932418154,7.417580402414544,8.538269517018154,5.921578419643816,5.8944028342648505,5.938854596835685,9.33617975681533,6.3080984415095305,10.091128270807683,7.283791576399489,7.428333194190806,6.856461984594587,6.946013991099227,6.243195555274104,4.436751534363128,7.991592282068092,7.27897394836171,6.154858094016418,8.93748122841604,9.480176651282374,5.8971538676367405,5.645446897643238,5.278114659230517,7.280008252884188,7.396641995229374,7.769589825060233
5.589119566336061,5.543222409643759,7.037466885503794,5.84354441703136,5.32544603393629,9.482350275033667,5.5053315359323625,8.284756593190435,6.903747257584598,5.3981627015177525,9.677903525682558,5.0238805208462765,6.7644621091556605,5.236441962829949,6.898714534329988,9.658258144339733,4.836281906951478,9.816403445629014,5.093750200806762,5.030437921392435,4.297285406218791,5.3981627015177525,5.442417710521793,5.382198850528739,5.407171771460119,5.308267697401205,5.44673737166631,5.929589143389895,5.640132447579745,5.424950017481403,5.605802066295998,6.2166061010848646,7.5652752818989315,4.30406509320417,5.2832037287379885,6.606650186198215,6.840546529288687,5.981414211254481,3.828641396489095,7.176254532017144,5.886104031450156,5.501258210544727,7.946086636765317,6.1463292576688975,4.499809670330265,5.170483995038151,5.059425458265688,5.096812990337308,5.527442989539794,8.907273897480655
6.705639094860003,9.413526083949446,10.005592775473282,9.18445830226208,9.261223582290752,10.191275869343778,7.888709524182015,10.224356546376182,10.622692267415363,7.850103545175582,10.157509423495274,8.557951183888406,10.140415658820954,4.912654885736052,8.138564737261632,9.90919622700311,5.720311776607412,9.733351450605975,7.20414929203594,8.704336438489406,4.574710978503383,7.348909229498808,8.486527777105353,8.203304026795282,7.1372784372603855,7.633611633951787,7.699389406256737,6.903245123504251,4.757891273005756,8.453401058328458,3.9219733362813143,5.82600010738045,5.424950017481403,4.639571612705423,6.658011045870748,6.20050917404269,8.38320455141292,4.736198448394496,3.784189633918261,5.68697535633982,6.318968113746434,8.110877721853234,6.767918333794338,4.060443010546419,4.59511985013459,6.154858094016418,6.915723448631314,4.875197323201151,6.0342845442909105,6.483871585349955
5.805134968916488,6.975413927455952,7.908754738783246,7.470224135899966,5.782285536144145,9.008652492691263,5.776103136235827,8.940367233305174,9.587028705312928,6.513230110912307,7.6783263565068856,5.153291594497779,7.67275789664251,5.43372200355424,6.297109319933935,7.395414624716288,4.363098624788363,5.043425116919247,5.62040086571715,5.3471075307174685,5.327876168789581,4.871373226762748,6.395261598115449,5.986452005284438,6.016157159698354,5.178970608915471,5.596568390349052,7.736743682453495,5.480638923341991,5.059425458265688,3.9512437185814275,5.910796644040527,5.988961416889864,6.626717749249025,5.4638318050256105,4.290459441148391,6.731018100482083,5.465948207931988,3.828641396489095,5.616771097666572,5.954541193003384,6.678970847777841,7.539027055823995,4.30406509320417,4.705015520957808,6.930494765951626,5.75890177387728,5.278114659230517,5.659482215759621,7.1592919047975645
3.5553480614894135,4.886582645426277,4.973279507552487,3.367295829986474,3.6109179126442243,4.143134726391533,3.9415818076696905,4.584967478670572,4.77912349311153,3.258096538021482,8.392083380373393,3.4339872044851463,4.709530201312334,5.786897381366708,4.919980925828125,6.35088571671474,4.5217885770490405,10.007667371445791,3.6506582412937387,3.367295829986474,3.4339872044851463,4.912654885736052,4.060443010546419,3.6635616461296463,4.174387269895637,3.7612001156935624,4.867534450455582,3.5263605246161616,4.836281906951478,4.5217885770490405,3.8918202981106265,3.295836866004329,6.214608098422191,4.060443010546419,6.052089168924417,4.1666652238017265,4.783316371371566,4.330733340286331,2.772588722239781,4.969813299576001,4.197201947661808,4.629862798578463,5.968707559985366,3.6109179126442243,4.007333185232471,4.007333185232471,4.297285406218791,3.2188758248682006,3.295836866004329,6.60934924316738
3.5409593240373143,4.454347296253507,5.5909869805108565,5.356586274672012,3.7612001156935624,6.732210706467206,3.4011973816621555,7.338888133838879,5.958424693029782,3.4965075614664802,6.4967749901858625,3.871201010907891,5.117993812416755,4.941642422609304,5.1029105702054265,6.175867270105761,4.204692619390966,6.910750787961936,3.828641396489095,3.4339872044851463,3.6375861597263857,5.733341276897746,5.365976015021851,3.4965075614664802,5.3471075307174685,3.295836866004329,3.871201010907891,3.7376696182833684,8.526549286340263,4.269697449699962,3.4339872044851463,4.820281565605037,5.934894195619588,5.2390980068880655,3.4011973816621555,8.707648248106914,4.07753744390572,5.539300835990577,3.4011973816621555,6.115892125483034,3.676300671907076,5.173320876373351,7.422672520651381,4.110873864173311,5.739792912179234,4.574710978503383,3.7495040759303713,3.295836866004329,3.2188758248682006,7.218176838403408
4.255612709818223,5.056245805348308,8.105760311528282,5.01396308418893,4.31748811353631,8.160803920954665,3.676300671907076,6.79794041297493,7.1766367219702,4.02535169073515,7.483806687665835,4.5217885770490405,5.318119993844216,4.1666652238017265,4.605170185988092,6.416732282512326,5.924255797414532,3.970291913552122,4.0163830207523885,3.7612001156935624,4.356708826689592,4.948759890378168,4.418840607796598,4.204692619390966,4.007333185232471,4.663439094112067,4.2626798770413155,4.718498871295094,5.60396213937399,4.749270529961848,3.332204510175204,4.189654742026425,4.844187086458591,3.332204510175204,3.8501476017100584,3.258096538021482,5.545177444479562,4.174387269895637,3.068052935133617,5.173320876373351,4.51085950651685,4.820281565605037,5.231108616854587,3.4011973816621555,3.1780538303479458,5.161924741642482,4.5591262474866845,3.7013019741124933,4.07753744390572,5.300814246746624
7.610109940292996,7.0522884297144355,10.888277700834976,10.226440239069829,10.544051132937742,10.111415938043857,7.643243300031608,10.823511307999391,11.060667446852031,7.8013913202914855,11.031132615149517,7.946440619069898,10.840776275405888,5.375278407684165,9.626547576616248,8.825780224547914,10.805009764705105,4.727387818712341,9.093469420244768,7.37994401913321,6.808487277323468,4.844187086458591,9.914328575714002,8.781248333236862,9.107975365298154,7.327123292259293,8.958925938694943,8.942003305788178,5.545177444479562,5.030437921392435,10.33146403427305,6.016157159698354,10.741903225687317,5.288267030694535,6.952728644624869,4.454347296253507,9.584142799575506,7.913521017283895,4.916324614625014,5.910796644040527,6.336825731146441,10.041291056683322,9.872512748236698,10.043792825541333,5.332718793265369,6.0063531596017325,8.244859395911256,6.882437470997847,6.975413927455952,6.9975959829819265
6.740519359606223,6.508769136971682,9.757247170313121,8.863332833439587,9.45383541953829,9.194109358865765,7.600902459542082,9.990948828306122,10.407228136578889,8.933400396056303,10.03425262241568,6.335940383589716,9.675896626294639,4.060443010546419,8.016977746762262,7.704811922932594,3.7612001156935624,5.746203190540153,7.119635638017636,8.804475183846678,3.6109179126442243,3.258096538021482,8.304494897963567,7.325807502595773,7.359149318978702,7.036148493750536,7.307202314764738,6.003887067106539,9.520138569992673,7.685703061234547,5.123963979403259,4.356708826689592,5.777652323222656,3.4339872044851463,5.68697535633982,5.8377304471659395,7.697575346802343,4.7535901911063645,3.4339872044851463,5.249652194566756,5.762051382780177,8.049427057110695,6.0579542883768145,4.418840607796598,3.58351893845611,4.700480365792417,6.76849321164863,4.069026754237811,5.14166355650266,4.941642422609304
10.847510176148173,8.840363056797571,10.826257250507993,7.738052297689316,8.181720455128108,9.513920399580737,8.768418726857403,10.502914538594922,7.773804794419545,7.297091005160418,10.824427460224394,6.39024066706535,7.241366283322318,6.335054251498059,7.984121958702927,10.280724639187738,6.021023349349527,11.066075704079333,6.040254711277414,6.51471269087253,4.969813299576001,4.051784947803305,6.230481447578482,6.583409222158765,8.784315349902657,6.729824070489475,7.162397497355718,6.682108597449809,8.66888370465667,7.102499355774649,3.784189633918261,6.220590170099739,6.4731187935736925,4.31748811353631,8.266935347610456,3.960813169597578,6.617402977974478,5.25227342804663,6.401917196727186,5.963579343618446,6.657368991274053,6.255750041753367,6.3578422665081,4.0943445622221,4.430816798843313,6.499787040655854,6.317164686747284,6.373319789577012,6.985641817639208,6.870053411798126
5.991464547107982,5.087596335232384,5.912150740388256,5.5134287461649825,5.476463551931511,7.186522734044344,5.161924741642482,5.123963979403259,6.454412090629509,4.7664383335842135,6.20050917404269,5.308267697401205,8.0925452638913,5.087596335232384,9.850930301797453,6.761572768804055,7.8628820346414905,7.633853559681768,5.262690188904886,7.877397186353287,4.787491742782046,5.313205979041787,5.66815529701305,5.3706380281276624,6.012491914300058,5.262690188904886,5.096812990337308,5.713732805509369,5.147494476813453,5.986452005284438,4.23410650459726,6.765615511821014,6.037870919922137,7.01571242048723,5.5053315359323625,8.659820589665994,5.963579343618446,5.572154032177765,4.948759890378168,5.568344503761097,5.662960480135946,6.052089168924417,5.673323267171493,4.430816798843313,4.290459441148391,5.1089711948171175,5.214935757608986,5.53338948872752,5.472270673671475,5.991464547107982
6.582025138892826,9.727644961839882,9.701616136497458,8.993551586299981,9.441055188786711,9.518560095645512,7.165493475060845,10.03122091904568,10.50133455324175,8.214735833382303,10.285837553138242,9.395241931033524,10.082992646820509,5.70877001616724,9.168163293076997,8.598588829620232,4.418840607796598,7.335633981927201,8.2482674474469,7.70998105456832,4.852030263919617,4.736198448394496,8.829299547778543,8.605753368395717,8.020270472819238,8.603187384583098,8.31164394850298,9.418410893792872,4.727387818712341,5.1298987149230735,3.8501476017100584,7.222566018822171,7.430707082545968,4.248495242049359,7.198183577101943,4.04305126783455,8.936561204693394,7.21081845347222,4.0163830207523885,5.206750173022546,8.16194579946869,8.809190937935622,5.910796644040527,4.276666119016055,4.110873864173311,6.709304340258298,7.142036574706803,6.175867270105761,7.1284959456800365,6.5638555265321274
11.030573912943494,9.012011377036412,10.196007901628159,8.68169016329764,9.037295651962438,10.125790750852646,8.609772372709331,9.68327719519936,10.25718556982241,7.630946580890459,10.896831913852575,9.089753408987065,9.390451153472974,9.23853902633486,7.450660796211539,11.157257157060542,5.030437921392435,6.499787040655854,7.383057346679081,7.205635176410364,4.400603020246817,4.543294782270004,7.491924296972337,7.580699752224563,7.939871576361883,7.178164022763461,7.266478124538169,7.732369222284388,5.535363823031238,7.363913501405819,3.7256934272366524,6.985641817639208,6.208590026096629,7.4673710669175595,6.97354301952014,3.8918202981106265,7.57095858316901,5.602118820879701,7.069448867980125,6.248042874508429,7.422971251049421,7.1785454837637,8.794294484323832,4.060443010546419,5.568344503761097,7.335959874059791,7.059617628291383,6.80903930604298,6.796264902948774,7.13289683295902
4.740574822994295,4.836281906951478,4.912654885736052,4.48863636973214,4.882801922586371,7.07326971745971,4.102643365036796,4.919980925828125,6.238324625039508,4.51085950651685,5.178970608915471,4.465908118654584,6.7661917146603505,5.43153621033426,4.976733742420574,5.295814236329918,4.269697449699962,5.8377304471659395,4.537961436294641,4.418840607796598,4.30406509320417,3.4965075614664802,4.579852378003801,5.602118820879701,5.579729825986222,4.31748811353631,4.382026634673881,4.791649752930709,4.6443908991413725,9.221478116386638,3.4339872044851463,4.382026634673881,6.100318952020064,4.863680881139593,4.61512051684126,4.382026634673881,5.368309738368072,5.062595033026967,4.2626798770413155,5.003946305945459,4.997212273764115,5.66988092298052,5.535363823031238,3.6635616461296463,3.6506582412937387,3.9982007016691985,4.2626798770413155,4.297285406218791,4.330733340286331,5.776103136235827
7.935229539816907,7.410347097821024,9.00595723837971,8.441715050240282,7.718240951959316,8.068402958569699,7.291656209174461,9.4054136126953,9.64309634032025,6.571582997369922,8.82790796297859,6.53813982376767,8.951763924663055,4.9344739331306915,7.841492924460013,8.13593277200489,6.542471960506805,8.44009614103127,6.7357800142423265,6.992096427415888,4.248495242049359,6.833031732786201,7.508238774678663,7.142827401161621,6.980075940561763,5.857933154483459,7.116394144093465,6.680227129350103,4.634728988229636,9.56043370454936,3.713572066704308,5.3230099791384085,5.278114659230517,4.060443010546419,6.35088571671474,4.51085950651685,7.246724395801937,6.680854678790215,6.418364935936212,6.418364935936212,6.269096283706261,7.2991214627108,5.783825182329737,3.9512437185814275,4.477336814478207,5.356586274672012,6.083359811812238,5.393627546352362,5.484796933490655,5.780743515792329
7.595889917718538,6.915723448631314,8.406038142050075,6.834108738813838,9.516611099864274,8.53119471105205,6.966024187106113,9.978223898650144,7.879859075675505,8.956479847999912,8.603737792816423,6.645740953278934,9.057305735807121,5.983936280687191,6.855408798609928,9.956103721539089,7.425357887027151,8.129617116143812,6.870053411798126,6.490723534502507,5.726847747587197,5.883322388488279,8.633374945705647,6.821652579928726,8.643120748014027,6.35088571671474,6.784457062637643,6.833031732786201,8.815963560853438,5.605802066295998,5.0530560099802075,7.418180822726788,6.70196036600254,4.912654885736052,6.886020786836131,4.791649752930709,8.161375023197486,7.22402480828583,6.049733455231958,8.541788238271618,7.470224135899966,8.550531251026747,10.381893285046008,5.470167623474696,8.908018322784887,6.454412090629509,6.229496710915942,6.796823718274855,6.871091294610546,9.979290515951629
8.47261414801827,9.755683357767733,7.515072202936889,8.166926243772835,6.651571873589727,7.834788107388194,6.244166900663736,8.720950028930258,9.249513007050655,6.002651736498547,8.645234541297121,6.172743894323493,8.49351506406166,9.503084610020228,8.28576542051433,7.04882071926074,4.927253685157205,7.040536390215956,7.124478262493424,6.230481447578482,6.76849321164863,4.997212273764115,7.346977483888435,6.7464121285733745,8.100616578553355,6.089044875446846,8.709712573186637,6.907755278982137,5.726847747587197,5.749392985908253,4.564348191467836,5.983936280687191,6.414278293550759,9.446202695698167,6.995308175989998,6.961296045910167,7.294377299288821,9.608982254736222,6.437751649736401,6.98100574072173,6.520621127558696,7.450079569807499,8.433702880917211,5.003946305945459,4.795790545596741,6.1516682986483175,6.26530121273771,5.929589143389895,6.061456918928017,5.8377304471659395
7.318539548567902,5.043425116919247,5.66815529701305,5.476463551931511,5.700443573390687,6.181051314893349,5.598421958998375,8.697178688412643,6.440946540632921,5.272999558563747,6.776506992372183,7.6511201757027,6.633318433280377,4.663439094112067,9.09884999594282,6.663132695990803,4.382026634673881,5.204006687076795,5.231108616854587,6.410174881966167,5.1298987149230735,4.060443010546419,5.493061443340548,5.3230099791384085,5.887491956725004,5.594711379601839,5.43372200355424,6.756350824822904,5.84354441703136,7.9650246041158645,4.471638793363569,5.231108616854587,5.634789603169249,4.93806460126142,5.552959584921617,4.04305126783455,5.991464547107982,5.755742213586912,3.871201010907891,7.542213463193403,5.914853444736141,5.921578419643816,6.586171654854675,4.30406509320417,4.30406509320417,4.955827057601261,5.303304908059076,5.236441962829949,5.247024072160486,6.209595556598647
9.830110082731352,9.850930301797453,10.425816755685535,10.009220498833054,10.27756518740266,10.228104072780972,9.382190628902842,10.590817847774508,10.745377961834032,9.599743846536997,10.70699025292366,9.658864969544794,10.59168500337016,4.890349128221754,10.134043563565792,10.328461127032336,9.906333498986047,6.194405391104672,9.388821229384199,8.959183074206774,4.886582645426277,4.02535169073515,9.557823197546,9.415890054889344,9.43460329655831,8.310414994188292,9.630037062331072,9.098179005087852,7.927685045615778,6.805722553416985,9.320225635505425,8.298912795768015,10.021048341275273,5.330300412401088,8.631592731724734,5.983936280687191,9.784535083358834,5.817111159963204,4.07753744390572,9.905759968641792,7.717796211013582,9.815148021212604,6.198478716492308,9.253878673990666,4.174387269895637,7.587817219993427,8.277793217582504,7.0326242610280065,7.555905093611346,6.930983405101344
5.5909869805108565,9.336532397213942,9.15556734612889,8.683554728631462,8.133587417660966,10.43396873396056,5.093750200806762,9.774118912194846,10.510777235585936,6.223567839793664,9.612700665130868,7.640123172695364,9.275940829060131,5.5254529391317835,7.201170883281678,6.905753276311464,9.530356518251864,7.592870287844818,6.143112096717122,5.3230099791384085,5.000584958242754,4.477336814478207,8.448807278549772,6.492239835020471,8.773229786032473,7.397561535524052,6.672032945461067,7.238137580965946,6.085637717125231,9.109525066737367,4.290459441148391,5.407171771460119,5.924255797414532,4.48863636973214,7.0326242610280065,8.038512020976814,7.180069874302796,5.313205979041787,4.2626798770413155,8.379883240451631,5.898526551448713,7.645875825184813,7.037905963447182,4.4942386252808095,4.736198448394496,5.214935757608986,6.852242569051878,6.3818160174060985,5.409411414053624,5.877735781779639
4.174387269895637,4.22683374526818,5.111987788356544,4.127134385045092,4.477336814478207,6.340359303727752,3.6635616461296463,4.051784947803305,5.641907070938114,3.7376696182833684,4.634728988229636,6.3835066348840055,5.71042701737487,5.589119566336061,5.170483995038151,5.332718793265369,4.553876891600541,6.529418838262226,3.871201010907891,3.9512437185814275,3.828641396489095,4.442651256490317,4.248495242049359,4.07753744390572,5.409411414053624,4.5217885770490405,5.123963979403259,4.22683374526818,4.990432586778736,5.823045895483019,3.912023005428146,3.979681653901961,5.572154032177765,4.871373226762748,8.73945635530314,3.8066624897703196,5.1298987149230735,5.393627546352362,4.553876891600541,5.14166355650266,4.590056548178043,5.337538079701318,5.631211781821365,3.9318256327243257,3.6109179126442243,5.111987788356544,4.276666119016055,3.8501476017100584,4.356708826689592,6.921658184151129
5.178970608915471,10.079141094113716,10.60002896616409,8.073402968986406,10.80594301695381,10.014380237487757,7.789247505313597,9.319508628976836,9.968572799192062,8.858155333310302,10.615947044128447,9.529412093917228,9.623839785112668,5.198497031265826,6.947937068614969,10.048777664645474,3.970291913552122,8.033171770402298,5.8664680569332965,6.269096283706261,8.24301946898925,3.8066624897703196,7.39357073974396,7.05617528410041,6.621405651764134,5.60947179518496,6.760414691083428,6.870053411798126,4.61015772749913,5.0689042022202315,3.6109179126442243,6.413458957167357,7.4377951216719325,3.784189633918261,6.56244409369372,4.394449154672439,7.357875027630733,5.821565510312585,7.5822291942764615,5.53338948872752,6.135564891081739,7.465082736399547,8.937743936942443,3.871201010907891,4.412798293340635,6.834108738813838,6.234410725718371,5.030437921392435,5.814130531825066,5.988961416889864
10.19557864097637,9.659248037927183,9.182557990963732,9.397566548103592,7.67693714581808,10.217659402197901,8.320569849911424,10.33371031177002,10.622131899994592,8.620922377178715,10.971881154620236,8.416267272826277,9.72184576464693,6.731018100482083,8.49095188021101,10.997045422456965,6.720220155135295,6.576469569048224,7.795646536334594,8.457443187010464,5.860786223465865,8.757783656334167,8.376090350438238,8.420682291035394,8.70682132339263,8.127699852817772,8.62290364583835,8.937875265329263,7.915348169263078,7.744569809354496,4.795790545596741,7.812782818577581,7.064759027791802,5.8377304471659395,7.682482446534506,5.062595033026967,8.173575486634153,5.808142489980444,5.950642552587727,6.021023349349527,9.837507993602152,8.082556706007793,7.837948916025283,4.952299717083292,5.198497031265826,8.142645185942795,7.242797922793756,7.568637498954807,7.809135398120538,8.475746001502063
7.415776975415394,8.738815586358509,9.474932921202932,8.869749666091222,8.457443187010464,10.18782027216276,7.140453043101158,9.79932076854151,10.193429569388753,8.086717920303906,10.113748478019325,9.262932822095353,9.402117087540892,6.023447592961033,7.978310969867722,9.176059437999308,4.639571612705423,6.56244409369372,7.445417556701687,8.957510510291613,5.0106352940962555,4.5591262474866845,8.274611946209552,7.718685495198466,8.007533554290216,7.195562343622069,7.740881769595523,8.398634855292102,5.58724865840025,5.666426688112432,5.6131281063880705,7.627300933396613,6.269096283706261,4.912654885736052,7.54300848112318,6.911747300251674,8.226840890408578,5.365976015021851,4.952299717083292,6.983326465829211,7.365180126021013,8.102889134640868,8.624431942085836,4.61512051684126,4.442651256490317,7.812175838285805,7.118826249062078,6.550365794105536,7.257002707092073,6.3080984415095305
9.144360813042207,7.325807502595773,9.996727408880876,7.633369649679584,8.342601680684194,10.178255343469473,8.471672676114428,8.317766166719343,8.166784289056151,8.85395110151461,8.27422951265272,8.47261414801827,8.695590391318035,7.604396348796338,8.320448113956559,8.325548307161398,5.0369526024136295,6.293419278846481,7.920446505142607,7.622663951323595,7.932721027481948,4.477336814478207,7.400620577371135,8.141189793457691,8.096817470572319,7.846980982138788,8.189799618728228,8.545877825276147,5.589119566336061,5.3230099791384085,4.007333185232471,8.389132521348719,6.618738983517219,5.204006687076795,8.336150816120663,5.499215308914927,8.711278615130434,5.049856007249537,4.48863636973214,5.598421958998375,8.438799123988225,6.921658184151129,5.643678550586496,4.1588830833596715,4.174387269895637,7.969184776522531,7.088408778675395,7.693709509128289,7.972121128921655,6.050912005751402
6.81783057145415,6.612041034833092,7.573274292424609,6.280395838960195,9.413199579987685,6.577861357721047,5.71042701737487,7.697121317282625,7.4124622217399505,5.517452896464707,7.095893221097532,6.248042874508429,6.877811402609065,5.652489180268651,5.499215308914927,11.587197709344816,6.219595639933231,11.539752383673909,6.4425401664681985,5.707110264748875,8.763037128251224,4.07753744390572,5.535363823031238,5.962293169807702,5.545177444479562,5.3471075307174685,5.517452896464707,5.831882477283517,5.420534999272286,5.594711379601839,4.356708826689592,5.4510384535657,5.648974238161206,5.2832037287379885,5.981414211254481,4.143134726391533,6.333279628139691,5.558756702605943,7.122866658599083,6.643138479461352,6.068425588244111,5.921578419643816,6.4425401664681985,4.564348191467836,4.762173934797756,5.476463551931511,4.976733742420574,5.217649463480582,5.3706380281276624,6.593044534142437
10.463960116191533,7.83399634170946,8.905376492289875,7.346655163176539,8.390041405755754,9.91886865457443,7.655864017616056,10.085871607377038,9.469700127423375,7.650168700845001,10.628278738430534,7.254884810077338,7.8528278122817445,5.793013608384144,7.893758623267592,9.986725151106183,7.204892510204673,8.711031508337859,6.911747300251674,6.842683282238422,5.062595033026967,4.762173934797756,6.297109319933935,7.534228326274089,9.831346874758445,6.673297967767654,6.652863029353347,6.997138840116823,5.673323267171493,5.272999558563747,3.676300671907076,7.529943370601589,7.451241684987676,3.9318256327243257,6.928537818164665,3.8501476017100584,6.6052979209482015,6.069582326371934,4.269697449699962,5.636573724962751,8.242098234469928,6.829253050827179,7.758547028623596,4.31748811353631,5.159055299214529,7.226936018493289,5.8377304471659395,6.459904454377535,6.804614520062624,7.692569648067906
7.094234845924755,5.484796933490655,8.1084727905874,4.875197323201151,7.6251071482389,7.311886164077165,6.682108597449809,10.41000390471402,6.118097198041348,5.950642552587727,9.608445125678054,4.382026634673881,5.901266279189834,5.4116460518550396,4.718498871295094,8.13739583005665,5.5093883366279774,9.639977632055333,4.330733340286331,4.356708826689592,4.59511985013459,5.14166355650266,4.465908118654584,4.23410650459726,4.9344739331306915,4.859812404361672,5.308267697401205,4.1666652238017265,6.646390514847729,5.472270673671475,4.04305126783455,6.9363427358340495,8.063377822367027,5.757323241584231,5.123963979403259,4.04305126783455,6.350012735428395,7.62657020629066,5.049856007249537,7.890208213109961,5.799092654460526,6.115892125483034,6.0112671744041615,4.269697449699962,3.7727609380946383,3.828641396489095,5.805134968916488,3.8918202981106265,4.1588830833596715,7.266128779556451
8.594339400592892,5.225746673713202,8.284504227258497,7.402146596284703,5.075173815233827,6.90875477931522,5.796057750765372,8.581294116822761,8.65277248565806,5.393627546352362,9.57838048699361,4.709530201312334,7.71333788887187,4.564348191467836,6.111467339502679,6.985641817639208,8.757783656334167,7.017058013872587,5.680172609017068,5.354224998486333,3.6635616461296463,3.091042453358316,6.659293919683638,5.616771097666572,6.118097198041348,5.697093486505405,5.872117789475416,6.912742820493176,7.839525581704678,7.957877358489813,3.6375861597263857,4.7318028369214575,6.030685260261263,4.997212273764115,5.766757273817589,8.215006432761575,6.565264970035361,5.391352232515226,3.258096538021482,5.123963979403259,5.167639042905921,6.206575926724928,5.3981627015177525,3.5553480614894135,3.7376696182833684,4.653960350157523,5.495116942522644,4.770684624465665,5.111987788356544,6.480044561926653
8.232440158470336,6.52649485957079,10.291314688790106,5.675040005790547,9.75080246487048,8.183955717304954,8.878636747430072,10.064074617184076,7.14401246944173,7.5953872788539725,10.263222808938117,7.265779312490165,9.836893587086143,5.857933154483459,5.368309738368072,10.744882309556276,7.111512116496157,8.305484017727691,6.413458957167357,5.985194934094387,6.1675164908883415,5.8763342398543505,5.638354669333745,6.385194398997726,6.209595556598647,5.963579343618446,7.044469102297959,7.384610383176974,5.698769932832657,5.01396308418893,6.62273632394984,6.376726947898627,6.80903930604298,5.372960909543803,6.598509028614515,4.324132656254979,7.13966033596492,5.3471075307174685,6.398594934535208,8.10273779146994,6.855408798609928,7.622174594817622,7.095064377287131,6.541029999189903,5.585374243605899,5.673323267171493,6.035481432524756,8.297917151628518,6.238324625039508,6.124683390894205
4.859812404361672,4.454347296253507,7.298445101508147,4.7535901911063645,4.894101477840304,9.909767790493278,8.531786193719137,8.244465410746267,9.187992508312275,5.293304824724492,6.9782137426306985,4.7318028369214575,5.472270673671475,4.375757021660286,9.414871787078411,8.380342008667041,5.1298987149230735,5.703782474656201,5.059425458265688,4.795790545596741,3.9982007016691985,3.332204510175204,4.658710952916121,5.1298987149230735,4.770684624465665,5.521460917862246,4.553876891600541,4.762173934797756,4.255612709818223,6.148468295917647,3.6888794541139363,4.537961436294641,6.416732282512326,4.672828834461906,4.836281906951478,4.990432586778736,4.77912349311153,4.68213122712422,3.295836866004329,4.6913478822291435,5.393627546352362,5.111987788356544,5.5073619934827445,4.110873864173311,3.828641396489095,6.375024819828097,5.638354669333745,4.840242308167575,5.53338948872752,7.027314514039777
3.912023005428146,3.871201010907891,4.219507705176107,4.948759890378168,4.382026634673881,4.74493212836325,3.5263605246161616,6.672032945461067,6.144185634125646,4.219507705176107,5.5928509139489195,3.6888794541139363,5.521460917862246,5.093750200806762,4.624972813284271,5.676753802268282,3.7612001156935624,7.360103972989152,4.04305126783455,4.722953221644475,4.1588830833596715,6.68586094706836,5.521460917862246,3.784189633918261,5.43372200355424,3.6635616461296463,3.7612001156935624,4.0943445622221,5.953243334287785,4.543294782270004,3.295836866004329,3.970291913552122,5.176149732573829,3.4965075614664802,4.68213122712422,5.860786223465865,4.574710978503383,4.859812404361672,3.367295829986474,5.82600010738045,4.248495242049359,5.382198850528739,7.543802867501509,3.5263605246161616,5.705447753975262,4.727387818712341,3.8501476017100584,3.6888794541139363,3.6888794541139363,7.320857814219512
9.073259831427816,9.636849167012697,10.08058716534893,4.189654742026425,4.923623917106626,8.21959545417708,7.29641326877392,6.594413459749778,5.744604469176457,4.844187086458591,7.7706452341291765,7.512071245835466,6.301702805273125,8.954156966583772,5.981414211254481,8.009196894660407,4.442651256490317,8.6164953924901,4.8283137373023015,5.111987788356544,8.39795910349254,4.90527477843843,5.717027701406222,5.720311776607412,5.065754593317335,5.087596335232384,8.14902386805177,4.465908118654584,4.718498871295094,5.849324779946859,4.584967478670572,3.9889840465642745,5.389071729816501,6.218600119691729,6.635946555686647,6.208590026096629,6.0844994130751715,5.204006687076795,3.367295829986474,8.737933858114136,5.53338948872752,5.365976015021851,7.220373836723949,4.4942386252808095,4.629862798578463,3.9219733362813143,4.848116364598481,4.276666119016055,4.22683374526818,7.596894438144544
9.77542688246861,5.455321115357702,6.942156705699469,5.190175207928333,6.546785410760524,8.261009786023827,7.8009820712577405,7.679482559664939,5.4638318050256105,6.803505257608338,7.325807502595773,7.518064181233078,5.278114659230517,4.394449154672439,4.6443908991413725,8.45627477644682,5.702114417555504,7.072421900537371,5.5053315359323625,6.311734809152915,3.970291913552122,3.58351893845611,6.366470447731438,7.482963161677396,6.360438546633731,6.802950164616011,6.386879319362645,5.8998973535824915,3.9889840465642745,7.38025578842646,3.3843902633457743,6.306275286948016,7.63651088700945,3.5263605246161616,6.677083461247136,4.02535169073515,5.53338948872752,4.290459441148391,4.61015772749913,4.48863636973214,7.735214797149676,5.241747015059643,5.834810737062605,3.4965075614664802,3.4011973816621555,7.010763029056366,6.240275845170769,6.424869023905388,6.720220155135295,4.890349128221754
8.942068693044225,9.96749468251042,9.494315582496638,7.9287663216266955,9.686232877702057,9.744696958268538,8.563695025067657,9.081028635495842,9.815148021212604,6.697034247666484,10.09872533459663,8.63755068807997,9.25277706217344,7.654206231564394,6.591673732008658,9.572097380321708,8.052455671843001,10.79774737633946,6.7551866803375304,6.815639990074331,4.04305126783455,4.61512051684126,7.045776576879511,6.802394763324311,6.71901315438526,6.934883946370389,6.541029999189903,7.682943169878292,6.016157159698354,6.4692503167957724,5.909440711629391,6.704414354964107,7.271008538280992,6.4425401664681985,7.046647277848756,5.000584958242754,7.029087564149662,4.564348191467836,6.028278520230698,5.3867860145356445,5.288267030694535,6.767343125265392,6.4425401664681985,6.028278520230698,4.07753744390572,5.703782474656201,5.814130531825066,5.075173815233827,5.111987788356544,6.974478911025045
9.41759841406017,10.223939286317336,10.553100731072345,10.030714740353798,8.559294367434873,10.58006063847502,10.206679965351093,10.793742269859441,11.149017281255189,7.715569534520208,10.937925698117365,7.182352111885263,10.669211175914377,5.313205979041787,8.835937789319836,9.718000992399016,8.131383640966515,8.941152882160566,7.855932199718614,6.841615476477592,4.219507705176107,4.584967478670572,9.594888231828959,8.315933433602032,8.47897197859604,7.3914152346753585,8.10258642539079,7.813995675002791,6.014936903293124,6.327936783729195,4.330733340286331,6.96979066990159,6.302618975744905,6.957497370876951,7.604147189706971,4.516338972281476,9.150165648940114,7.6783263565068856,7.820840879907344,9.585758558732051,6.331501849893691,9.366232391933156,7.943427767876373,4.442651256490317,6.295266001439646,6.794026513653794,8.012349639327795,6.19644412779452,6.963189985870238,7.157735484249907
9.658545633760506,5.354224998486333,9.36717316600297,5.404927101606295,5.905361848054571,10.179128672808092,8.720950028930258,10.58035290052179,6.456769655572163,6.568077911411976,9.60904937558734,5.41610040220442,5.7477993600729755,6.056784013228625,5.377590547442544,8.504209263857943,5.809642865355678,5.856503561673865,7.242797922793756,5.43153621033426,4.499809670330265,4.584967478670572,6.052089168924417,6.483107351457199,8.863191340690854,5.6240175061873385,5.41610040220442,7.80710329012598,6.0330862217988015,6.349138991379798,3.912023005428146,6.028278520230698,6.161207321695077,4.02535169073515,5.448890225027411,3.4965075614664802,7.454141078146678,5.811140992976701,4.07753744390572,5.278114659230517,8.071999241079077,5.8805329864007,8.678801706612651,4.110873864173311,5.762051382780177,5.541263545158426,5.465948207931988,5.170483995038151,5.389071729816501,9.36263218231844
