104740305_XRCC6,104741891_SNRPD1,104742995_ACTB,104743232_PTBP1,104743420_FEN1,104743520_EIF4H,104745245_TNC,104745249_IGF1,104745436_FN1,104745443_IGFBP2,104745679_SPP1,104745733_VIM,105481183_TRAF3IP3,105481284_RPLP2,105482048_ENO1,105483201_NPM1,105483601_CLU,105484159_SP100,105486564_DDX21,105487234_DLST,105489246_MS4A1,105507292_NONO,105507900_AARS,105507919_DDX5,105510087_SFPQ,105510131_SNRPN,105510252_SRPR,105511133_DNAJB1,159156372_TOP1,1043136644_IL6,1043136660_IL12B,1043136662_IL10,1043138774_MBP,1043140564_APOA4,1043140678_MX1,1043140754_CHD3,1043141227_SDC1,1043142674_FBXO44,1043142789_IL1B,1043143555_APOE,1043143849_DCAF6,1043144332_AQP4,1043170410_GARS,1043170594_EHD1,1043170698_FSCN1,1043171268_HNRNPA1,1043171373_FGB,1047887191_PIGQ,1047887413_LMNB1,1047887570_SRSF7,1047887771_TUBB,1047888620_ZYX,1047888625_RPLP0,1047909961_MCM2,1047910295_TARS,1047910493_HNRNPM,1047910675_XRCC5,1047911146_PDIA6,1047911620_HSPD1,1047912089_BTBD7,1066527143_SH3KBP1,1066527994_HIST1H2BD,1066528482_BCAP31,1066528529_HIST2H2AA3,1066529530_BST2,1066556541_CEP290,1066558363_PRTN3,1066559422_IFNW1,1066559611_CXCL5,1066560191_HIP1,1066561916_HIST1H4A,1066562962_MUC1,1066563713_HIST2H2AC,1066564363_ZNF217,1066564880_NCF2,1066566039_BGN,1066567149_BICD2,1066836537_CPSF6,1066837983_HSPE1,1066838183_CHD4,1066838606_NRBF2,1066838756_LTF,1066840773_GNPTG,1066841829_TOP1MT,1066857365_SRP54,1066858084_SSX2,1066858170_EXOSC10,1066858266_FGA,1066858647_LMNA,1066858747_SNRPD3,1066858757_HIST2H2AA3,1066859023_LYZ,1066859036_DLAT,1066859121_CALR,1066859136_CENPC,1066859502_DBT,1066859503_ELANE,1066859506_HIST1H1B,1066859715_CTSG,1066860477_KARS,1066860575_HIST2H2BE,1066861327_SSB,1066861712_CENPB,1066862864_RBM39,1066863255_IGFBP6,1066865463_POU3F3,1066866615_FAF1,1086924247_BMP7,1086925497_PADI4,1086926269_PLVAP,1105172758_SNRPD2,1113172457_RPLP1,1113180148_SNRPB,0104742995c_ACTB,0104743232c_PTBP1,0104743420c_FEN1,0104743520c_EIF4H,0104745245c_TNC,0104745249c_IGF1,0104745436c_FN1,0104745679c_SPP1,0104745733c_VIM,0105482048c_ENO1,0105483201c_NPM1,0105483601c_CLU,0105486564c_DDX21,0105507292c_NONO,0105507919c_DDX5,0105510087c_SFPQ,0105511133c_DNAJB1,1043138774c_MBP,1043143555c_APOE,1043171268c_HNRNPA1,1043171373c_FGB,1047887413c_LMNB1,1047887570c_SRSF7,1047887771c_TUBB,1047909961c_MCM2,1047911146c_PDIA6,1047911620c_HSPD1,1066527994c_HIST1H2BD,1066528529c_HIST2H2AA3,1066559611c_CXCL5,1066561916c_HIST1H4A,1066563713c_HIST2H2AC,1066566039c_BGN,1066836537c_CPSF6,1066858266c_FGA,1066859121c_CALR,1066859506c_HIST1H1B,1066862864c_RBM39,1066863255c_IGFBP6,1086925497c_PADI4,APOH_1113180421_APOH,HN1L_1043144040_HN1L,HNRNPA1_1066859223_HNRNPA1,HNRNPA2B1_1066866713_HNRNPA2B1,KDM6B_0172047444_KDM6B,KDM6B_1113180399_KDM6B,MVP_1066863544_MVP,NONO_0105507292_NONO,TMPO_1066866329_TMPO,ZNF574_1066529052_ZNF574
-0.009714512793259973,1.0978973638709728,0.04637856713513775,0.33148416327847613,0.1818512402422945,0.6190077089404027,0.46381034641744334,1.0200580849675516,0.3470718142106524,0.47747143161530275,-0.5706948994794215,0.17393601159254105,2.763476175504879,-0.2026671367653361,0.2415325362599912,0.7051965178762629,0.3426418042680827,-0.2084443245287586,0.9182253191592622,0.46565952963950935,-0.5220464367313185,0.053076710770059994,0.4294666322828138,-0.020032807340942534,0.3956917731546329,0.22358579192209835,0.356577639250525,0.11567941242467189,0.7885722337778062,0.42723308326170223,0.781625215193305,0.23046181873482355,0.25356531190554593,0.4865770393104888,0.6654681599425784,-0.5483354606241551,-0.11561517001011172,0.16206314513033349,0.7126373008416469,0.39221230915517946,-0.4649109085543692,-0.6907380493514714,-0.2556075610095629,0.021865560528011342,-0.03704233676469389,0.8177648258933143,2.011916925124257,0.8616811240876946,0.5884270076512961,0.24149351417910025,2.0135206009608324,0.5030802120097004,0.2864080016453097,-0.41295494502069263,0.7558780591520606,0.5660016887568554,-0.2504646877125739,0.18965850329601464,-0.60282522885895,-0.5339537795196502,2.4031097000951953,0.7452202946594768,-0.36120652149558113,0.8667405395201985,1.0466236157129316,-0.37859077752373216,0.2999003594118916,0.12276089473637333,-0.13026239422470814,1.188818626930966,0.25058475307284384,0.7834014412810074,1.0302759601643932,-0.09408534067818432,-0.05442941609399502,0.6900152943022824,0.03852053193732822,0.15120249534520888,-0.6625766058607035,-0.42719600595506163,3.6889125507290776,0.023743397459786465,0.21227788180567275,0.8403807670738882,0.296211321633706,0.4719331370146646,1.030587946542449,0.48038070920073944,0.378698377241612,0.9700907158047545,0.470827413095421,0.3320052710676647,-0.37734136602072504,-0.27635863298321595,-0.07934227759616773,0.5172747032767363,0.1835689004975576,0.7289232577790054,0.5458136787108361,0.9208631721463526,0.7030443991478431,0.1443679297101532,-0.0011222650720578529,0.46608443726842236,0.9060787580249821,0.1266223118190493,-0.31239788963913967,-0.1323475104738602,0.3584918215475943,-0.2560437478768129,0.28014390436865505,0.1947049192532682,0.08949972333874341,0.2007636139029883,-0.11190031217896644,0.3224978480920793,0.4957868423537573,0.31664750297668315,-0.7093727986079167,-0.2230655824535021,-0.5654037092202623,0.400080448026277,-0.2555018347917954,0.29627480723677213,-0.5982484876032033,0.4012349258108468,-0.09791676521290824,-0.8090065262474014,1.3977659996643048,-0.5192130057089389,0.21587300182436447,0.11548835235017185,-0.8502310003011788,0.8551128164121993,-0.2128153056469749,-0.5249042167131321,0.7712835923856218,1.2089504709401648,-0.013511400799220672,0.05089418038096866,-0.43203253295649263,-0.5930675406484245,-0.21071048547289029,-0.31616601080530116,-0.2531536689980268,0.2376370305650179,-1.1315465111448448,-0.001388423409817141,-0.4049484501906802,-0.16562521432914007,0.8187055370982744,-0.6654707868601804,0.7591053148257101,0.5575369845249027,-0.4173727030223444,0.36596799383050355,-0.1800482810369921,-0.4492525915660384,0.033164563840966194,-0.21069174023481183,-0.39760001941837275,0.38671134999168655,-0.5339764953619881
0.49656087588805375,-1.0627208921558229,-0.301920868891637,-0.6397956857696295,-0.5268404601563773,-1.0782768459981387,-0.6341516805323621,-1.0810228168812754,-0.3991955571338951,-0.3905867283665233,0.6780483119593232,-0.18465390892768357,-0.37599228799470985,-0.6041744150966427,-1.1808832640550073,-1.300473397426687,-0.74145730595975,3.384766702216355,-0.8269754819352851,-0.9436330812759713,-0.6707019473094673,-0.02006687880180895,0.4011400130944019,-0.8325460008910582,0.20412955399543817,-0.45903906563777414,-1.1623048957864237,-0.09864977481648655,-0.3757470702379617,-1.1343128775783544,-1.240825497081867,-0.4555066877833446,-0.3449579271136786,-0.9934660814484276,-0.36944250316093186,0.8043581706944702,-1.066934150691783,-0.9817398716257144,-1.0781992663379727,-0.8793817629832961,-1.1400942253771271,-0.765973116031196,-0.7281948376530166,-0.13928533785808103,-0.6978891449078648,-1.2616293495002928,-1.4750274520883844,-1.4479705967720262,-0.7140345036906881,-0.23453523256360875,-1.3641065361272724,-0.6105467635282306,-0.6489585822791192,-0.004978426023144005,-0.4244145453098097,3.7310627407365438,-0.9058771456679067,-0.8542109243516522,1.0844795725916134,0.40822867530334733,0.23550071926120675,-1.0118351338319695,-0.08353587814435598,-0.8060231863191356,-0.7529104588886447,0.12326288812688124,-0.6755780256261374,0.5988304727929875,0.022001310263162717,0.2672227854622538,0.8059602767847155,-0.49831932376027294,-1.0559576086206357,-0.49490344793722074,0.29562764054750945,-0.5872174910149964,0.29569815628023605,0.7422951870778794,-0.21239373771450923,0.11434519190878845,3.869565591138152,-0.7254235646919449,-0.529849803154741,0.8204531292521706,-0.3397043575367602,-1.1865611664516296,-1.0810206546940437,-0.043833073378957574,0.7192281569672274,-0.6786965164411405,-0.1853503426892226,-0.05823796202028979,-0.635707767551864,-0.06875782584076776,-0.935563612998019,2.6475595863520978,-0.08212165833880491,-0.9563693521455237,-0.16603607804186105,-0.8458591954093126,-0.18060742604255678,-0.4476702487140463,-0.3208217918332685,-1.4152535885274653,1.8551807049444513,-0.7875554219298693,0.8950699832616297,-0.6366943671103296,-0.8081288152302148,-0.5517255439435613,0.07060795438667739,0.5555956606283753,-0.3010873915696008,2.5933294507978752,1.9830479551949227,1.817703808600172,1.7361112060576147,2.0941870075821276,2.920368806367606,1.7190466927633585,1.2730357416239917,1.5010409694822002,1.9481604459469926,1.992893923510234,1.8611017867527702,1.1875792110903223,1.5316485677515117,1.0520011902104178,0.7898409221299986,1.7787594823806272,1.5498528382779857,0.6941315502677156,1.8437627920943627,1.978962295318147,2.28183580472096,0.5525344875264624,3.1492663362838376,-0.5934345907786778,2.22398202489647,1.5148837165005071,1.3851864311305089,3.259284248077203,0.2898987255625301,1.1144122634425722,3.6096923530360776,2.1838576696161587,1.5982797406743965,1.1137541656194538,0.43088169357250256,0.758450039982168,2.7275546345560047,0.39587130846161667,1.1494126329506829,1.0959305267654085,-0.6392764031895222,-0.7770523329777665,-0.6147104509448142,-1.1380892200599853,-0.34993958400658187,1.1997831568163946,0.04147034700532619,-1.1770775392404749,-0.6538224337950912
0.9490367073846283,1.1284385000310329,-0.23646987428178393,0.5436018134151296,0.8674739391759315,0.7990371794024221,0.43588824882135646,1.253194636662195,0.5522120213882986,0.6845497233379901,0.29182866507545613,-0.3322850754175293,-0.3180225747103459,0.6152066903510044,0.022870067728415596,0.8968210453109104,0.17865719979532838,0.025212402867276985,1.168108710054879,0.7248179577826762,0.2520303480821173,-0.5791799866804985,1.1898703455769066,0.2890297118577956,-0.7721476975843853,0.01826742824628525,0.6892130518072118,0.4947028123936158,0.876973496558554,0.5473146767786019,0.5070886414143684,0.7313136814782448,1.0166847041684923,0.6314036988457244,0.5300049842729624,-0.6029545410215551,-0.02710364700665176,0.28436294272170537,0.9319803873890201,-0.2050513364025017,-0.18788527523840048,0.5770772132304043,0.08501243506439667,0.5680433277931832,0.23458782124821528,0.9540214792315319,0.933586577942059,0.9237712181397442,0.86144420758503,0.9106188921678975,0.7448427527527822,-0.3566963681792277,0.5174924095497581,0.15104187346186637,0.7522302095111049,0.42705763329475416,-0.031139070656378002,1.0916996432177442,2.844512353157511,-0.2828586999988464,-0.26344847764934753,1.2478326395256751,0.6496799818975476,1.0381472692684328,0.7035819811754864,-0.805020274368429,0.41531263611233954,0.650221704747704,0.8692767669024594,1.9160605192956695,1.5574881074903764,0.5086178483955093,1.2640039546720676,0.8853227172529168,0.10764326129296084,1.3452585819815932,0.6783172551487094,1.3284077865652892,-0.2894150469633669,-1.1238790394449882,0.9993055819045825,-0.20168488217116223,-0.12720587810592862,1.298017799554689,0.927254126245532,-0.36712073555585023,1.0013824833764597,1.232088597354373,0.21802049498774675,1.2852167617737422,0.9673147250002293,1.2368477959735553,-0.01843465833638778,0.5823380143620238,0.25298999784929677,0.5816455197759407,1.2179053569367873,1.1689795194739094,1.2192451750922377,0.6945716339194868,1.2160194392861592,0.9235596347598859,0.7763526432300086,1.0130783879148646,0.13202399722552322,0.49560084469686827,-0.2092302672488166,0.14347650509183002,0.8833189790024739,-0.042082120270682824,1.0779188344826511,0.2053117271129036,0.2739354399000234,-0.2820258115020451,0.130360127121158,-0.22687909518712684,-0.5585144955363691,-0.9221823731031272,-0.4754388288228359,-0.2918839321098667,-0.11050295456967314,0.25806990008799635,-0.332456893696161,-0.6647418105505155,-0.38015778869538497,0.30463727208614777,-0.034237262952051525,0.9748769128460176,0.16580664860366687,-0.24936326215415533,1.2224803216814268,-0.7543174580120562,0.27904624513753795,-0.5997298205523878,0.3849358204986673,0.31759307029747896,0.2599090368213704,-1.0203929063659982,-0.303463473390002,1.5416371143702168,0.011837142373726206,0.31993529670731996,0.04078775480205137,0.2497687182773271,0.43133868185705276,0.04661335850232795,-0.3539639739902478,0.9116459545972448,-0.04107710465499451,0.12021988276625037,-0.15108704157374953,-0.7188638677496454,-0.04281657424185138,1.2002703851141374,0.34974313949463115,0.7505105745329543,0.23077257923557873,-0.34540539839559226,0.8662269330348639,-0.1823853571077616,-0.29555830100062036,0.6862106018662025,-0.31561974306670126
0.3452729346740972,0.12912587411380208,0.9172694375706789,-0.19096473545665668,-0.4602443899680179,0.009006617411709859,0.36768823082267493,0.20271004666861592,1.2955589621450727,0.3816021241444163,0.4283708045887984,1.389544296846332,0.6231652038118419,-0.3843153471682925,-0.2841760884049102,0.1962059060623213,1.3737588278401345,0.2610471853063327,0.27372802533077434,0.7403671592695684,0.04361644049972378,0.670375845799139,-0.1673707083180789,0.025726520083111878,0.4926637819222601,1.495061949245654,-0.08453706362210103,-0.22439629537149228,0.43210356960183144,-0.027105335028619386,0.4286272370643658,-0.10097800694166585,-0.3174085297189241,0.45048240587878097,0.5073308626312019,-0.7043573552717441,0.9098762252751584,-0.2595571888962019,-0.0033070883873377284,2.126611825648265,0.2664539855427224,-0.6425055126567571,0.2919286954892087,0.6094489698278401,0.39916721409542055,0.7084603756611835,0.12785664738958818,0.10954200865603493,0.9429087307307548,-0.14988632617744513,0.6972158156467461,-0.24616629044380442,-0.26338230272223484,0.6703975686799285,1.1123730892687307,-0.06675437205545104,1.0075502792637419,0.01794740294239949,-0.029138369480248203,-0.7642188963478262,-0.1981974558170413,0.12664214234089563,-0.2052250356744049,0.24430999759931374,-0.21338047040319505,-1.2117157096037219,1.455964710083194,-0.2888652541104283,-0.349898919868852,-0.5214249148651428,-0.05772040525476832,-0.23695625816462867,0.27881354111644935,-0.004756200515288571,-0.49396171712803294,-0.007203188001489014,0.7044330412587617,0.21378066611054755,-0.3124035741568993,0.2901210621356487,-0.8065468810320378,0.9295698381740034,1.6440047049202224,0.17689741360534683,0.0713800776583846,0.22655363910915183,0.005465131172001178,-0.11814519013335399,-0.3507538864042191,0.1457367714473777,0.15505212952283895,-0.2263791525432675,0.969137703481757,-0.561892401323684,-0.05407757333529739,0.8099717460605083,-0.19687573585334878,0.09399508139498604,0.046004226044643756,-0.009071438702203076,-0.14405860850943658,-0.31426625877194486,-0.16198863557978285,-0.1524881465178481,-0.5609602086671047,-0.5023581181485607,-0.00656708932332555,0.14114057856904072,0.40152012954578187,-0.6162975402892151,-0.5065794333927246,-0.3312978202137706,0.3998402636615668,-0.1413737663571202,-0.4336288433969854,0.0764061985071835,0.3721196278182296,0.08654310753331261,0.7237980767061214,0.1761607161581833,0.3571822303425527,0.7570919672938546,-0.41761930539890446,-0.49532502338307527,0.6509222457590872,-0.2312425739410213,0.7936182264517775,-0.04673867666479359,1.163828827824313,-0.06933895981910697,-0.18787250968615207,0.11660613334813148,0.6073446031932668,-0.034737730643601604,-0.17895749001075487,0.734244762760206,-0.20237967342926377,1.044749655634437,-0.2830105634294816,-0.16391708856834494,-0.13229293850265902,0.11011556274823975,0.026574894538014388,-0.1106676047704397,0.13116508113161554,-0.0501991815661,1.100683509530402,0.15795452504012572,0.1627897025241254,0.05677639690026565,1.034024428780703,-0.3641979503752299,0.492685016384206,-0.11249813966750118,-0.22518861930360712,2.39655198000933,-0.029769379150025404,-0.5023205033272817,-0.4798950235676198,0.8803575220833205,0.5425350287592655,-0.14107920007914426,-0.33104846695596246
0.6579453072309025,-0.966475726383315,-0.26661953138450106,-0.7208244613357611,-0.7790913204434347,-0.8974641978878295,-1.4018426599467417,-0.729842527965091,-0.7496728686548414,-1.1208715220427008,-0.5266135203441002,-0.9912547869968829,0.202585660264732,0.13981001620785996,-1.183637304981629,-0.9625550528522467,-0.9053814636721756,2.3962614294640714,-0.6475065280889484,-0.9629235713535882,-0.3653871078558819,-0.10282546785215199,-0.619256587622074,0.9612696112297519,-0.5187059417044053,-0.925617421387873,0.46168586627810426,-0.3853913151494216,-0.7781459307904701,-1.2192867019373999,-1.1101525593926567,0.07635249524123551,-1.0602250835652018,-0.5756234175925562,-0.8912642756778985,0.9248245577625112,-0.4148657453218852,-0.12419422604688243,-1.2715800230819816,-1.0312385940262936,2.6557723907333095,-0.056713073624698296,3.154892582396609,-0.6691794285746014,1.923244278885578,-1.0100018206267758,-1.1900395856708257,2.3523546688268495,-1.1352696684990276,-1.261787423998104,-0.9094453722019515,1.3691595925841966,-0.9357505515567976,-1.4140835752635619,-1.1485081649446371,-0.7126455170326673,-0.8569099390458413,1.5039035917007688,0.876958628984634,-0.7437492385291748,-0.13613070605112756,-0.41432760177975664,-0.8716697675575574,-0.841651781017014,-1.371149433909018,-0.011585384637867135,-0.8643065794849775,-0.7366699347027317,-0.520243301281628,-0.3307440147899204,-0.861502771355139,-0.49831932376027294,-0.5223095101064089,-0.9117542248575361,1.5000962859522646,-1.1620770915708816,1.1374167137280504,-0.96530359909279,-1.0305733342986796,0.19804836163697737,0.36655101480617874,-0.9622587119749658,-0.7827385403390924,0.1520218753440455,-0.965401342828831,-0.7152405451869978,-0.4299153685900401,-1.1024800805323138,-0.7212911170464251,-0.999288545928205,-0.8384303562379383,-1.000200533828916,0.19033398426107748,-0.9489417999175317,-1.3438035187420163,-1.0392122365379213,-0.7019422848683612,-1.0467740648685442,-1.1494918051568073,-1.0161450843867057,-0.9754452137138401,-0.12736137780638737,-1.023431280540766,-0.8194378717609282,-1.3589298319296153,-1.2657674378698693,1.5683824259323642,-0.92551779065239,1.506876864689429,-0.7973059136535064,-1.322796316950359,-0.4345494868858076,-0.921785172613476,0.6229546880993174,0.2501686648502281,-0.469911369904037,0.3197819731357559,0.6430226844460979,-0.332607134297268,-0.4305297648587338,0.5824348219575913,0.5287104851390352,0.03580876808824648,0.0601959577168402,0.5464945046140911,0.08647209824327677,0.852966558102577,0.9735676259691542,0.8852512109650063,-0.021568015941863364,0.6208512172532475,0.48733831628633134,0.4541524252300771,0.9796364518209475,0.4164193802393539,-0.841334826711212,-0.04947013228430491,0.9851911034907992,0.6672865515445089,0.08488332283280124,-0.13419498167403457,-0.8071949802122966,-0.3183385248647388,-0.6329276297580695,-0.017095053164056177,0.1975713361629552,0.5562537985702151,0.879801229943654,-0.5082439118163142,-0.4197693910040497,0.6008625967056688,0.6299479222276381,1.4241130673072064,-0.8659096416909878,0.1888174047154036,-1.0900576339437535,-1.1353035234426074,0.4024367780497501,2.697509717402518,0.5401201030987541,-0.0806791354677469,-1.084024469168655,0.09953214749759637
0.6634076024559136,0.5653975786207959,-0.6767346194975452,0.17000347139895822,0.15591918226516482,0.5111592129718512,1.5135874338161874,0.7148317899804656,0.04842546184727568,0.37549793241554846,-0.38614327155656314,-0.7227774476371012,-0.5748442386376778,0.4752199785868984,-0.42268442672774736,0.3907075393221332,-0.27761153911569436,0.17204635085101383,0.6021928558123941,0.4528314885759481,-0.049288195153810666,-0.6972428260075569,0.31255561404094967,-0.03969366125597787,-1.2588194977993705,-0.40998696531166023,0.11494345158834482,0.8135810353804445,0.4494366833085738,-0.08777836370138631,0.13309603670330555,-0.012526608570094215,0.4221313334270398,-0.053159070884136274,0.5162134433927508,1.3402473640666124,-0.3281075055793541,3.4139466145620756,0.37340069882972415,-0.3352550151840457,-0.5582876571698648,-0.5447068694301643,-0.30821048498164794,-0.007793372708803321,-0.24905192188363157,0.41833350992450485,0.6238774925767546,0.45869793949360776,0.34793690066074207,0.2276345484804029,0.24717870941966044,-0.34159674827783093,0.7226076114412482,-0.39293849831855293,0.2208110093367549,0.07237450127366438,-0.32951544558740525,0.5756499347393401,0.09552407569359588,-0.1644540839384734,0.3281582463739453,0.6575179141095959,0.08590035607696157,0.6735990380094674,0.39381416400222236,-0.052020026660676455,-0.109290801449438,0.04192492739557821,0.37582086347027177,1.1687682923719862,0.9907303375162232,0.8723504162893493,0.7773470731046529,0.3366568482438002,-0.43209713017963597,0.39313494760280243,-0.29231093824384186,0.4014265032568516,-0.2447730069015009,-0.364294059039457,-0.3696564015441798,-0.6752917050842534,-0.7827385403390924,0.42815964249200983,0.37102341586299165,-0.44915404398363684,0.48414240143249837,0.4651078649104541,-0.010504534420884625,0.8043912522370309,0.479762646963403,0.40962605898703847,2.9505706349682783,-0.08783678205288911,0.0027240140703650314,0.27959872543293623,0.5162979874940288,0.6864138136605861,0.46080160531250375,0.3065103769967048,0.3230660617043982,-0.08359575189149858,0.268466881043235,0.08717033094989135,-0.04502684149472606,-0.045567199043626154,-0.03957821643766128,-0.15854787564839912,0.23401640217487524,0.046298307685855355,0.4528875599849508,-0.5474945936628351,-0.13473620412087015,-0.8829258952101391,-1.0655210598976117,-0.7120002905201309,0.7783405684159161,-0.24759812594453104,0.8789840779038629,-0.7333757518512669,0.5014273829962314,-1.7428591002331153,0.4579506432114096,-0.8534280369804598,-0.7442847941609161,-0.08698143309029803,-0.5413849267784027,-0.94733987171456,0.0669862580961127,-0.6183783099086182,-0.8564752889599869,-0.8240969993695246,-0.7941465614650369,-0.22453701719329316,-1.0308023234535606,-0.6538031921416438,-0.16526448427698584,-1.409327983933638,-0.45892412147685296,-0.7259412448479752,-0.7609311958219332,-0.7981674842587868,-0.4670418408454386,-0.5515853152056638,-0.6567944851423891,-0.8671683848981943,-0.5329248265169451,-0.4701982277976352,-0.557679360296346,-0.45614384362698984,-0.8355128595132009,-0.9930268186550053,-0.9057993229747167,0.37780984515065996,0.23738201504586398,0.1660065124053343,0.14475170632800793,-0.563581490950595,0.14078437937266047,-1.0959394217157536,0.036405619770663644,0.35859879138140643,-0.27122983282012864
-0.613493575645114,-0.19041092426831407,-0.5746531843833925,-0.6242965000306059,-0.5382984707606637,-0.07122986400260743,0.024163213510243274,-0.09494148570649748,-0.5965165890919194,-0.3518760271831888,-0.4242890415109898,-0.18903752739740187,-0.6461405956726118,0.1982985021415882,-0.16009517628164896,-0.26768564139972584,-0.2668812334862513,0.36059390443640305,1.4104404495154015,-0.73228615299317,0.625389013297585,-0.21474670501787857,5.413155127611124,-0.09257382142667697,-0.8216920471139596,-0.8052629584618419,-0.008481885588842672,0.26080821032509793,-0.251222462835375,0.20937729020769366,-0.39530600576213243,-0.4555066877833446,-0.7653727032610307,0.35051406710717625,-0.15484002899859597,0.903822384256505,-0.20798455049292436,-0.31398940627777067,-0.5163243461946859,-0.11663737174364633,-0.43296804816216433,2.7961607362344663,-1.0694911458916185,-0.7876674975655935,-0.7700718715602939,-0.3446564729658223,0.35164981751121455,-0.06703008882823316,-0.48247217803071263,-0.5007914679440473,-0.4057131400946186,-0.03664588935510922,-0.519307845119351,1.8264414648537377,0.12745410762574103,-0.23419464301387383,-0.7713615814524885,0.07045597703828131,-0.943024802120302,-0.8802306024466677,-0.4049403906088495,0.40770324449424744,-0.8097496603073023,0.6715048228747487,0.27269233259158904,3.418693847522641,-0.9430951256933547,-0.653690587680502,-0.8270486797046115,-1.2345042221905969,-0.5252059125860545,0.5543427023875029,-0.05190935310293341,-0.8094571500440473,-0.18119289166742583,-0.725721222733615,2.1491770650556234,-0.28819784003127435,1.2500990646969294,0.09131770692401785,-1.1683753587717756,-0.2833210765292655,-1.0154081542790392,0.09700819757496539,-0.7257627019084397,-0.8207546633211036,-0.3255776751898939,-0.6889053694316231,0.22290589517249937,-0.4076340803231816,-0.4376029669461381,-0.8040168907739378,0.24811720477204072,-0.9075401947451847,-0.8640944181802708,-0.25386905034184504,-0.4992787039476366,-0.3544948180347822,-0.7645521426062896,-0.4477763561612716,-0.3122265382778412,1.9412545833936725,-0.5814621729281284,-0.3891466315448628,1.214668466453411,-0.5486144706613152,-0.5709422472594042,-0.8473487409348942,-0.6618752854479019,-0.7640721218687235,-0.6422399813905357,0.349451021002712,-0.34798065552768626,-0.4270605653567959,-1.2121062745839735,-0.7741996401137979,-0.5653593436227923,-0.4133925263916254,-0.6873435327998982,-1.0522663602748177,-1.3109478265808243,-0.665569874840726,-1.0791855804525812,-0.7033292411225116,-0.9063355557655308,0.9163702974950844,-0.029173713178819415,-0.8825608289859852,-0.15178576634081642,-0.6860658143816729,-0.15349625603030417,0.8501051966382949,0.6385644933698098,-0.14002318346974538,-1.1349205014526957,-0.9157496148175454,-0.5496034557215508,0.31596445339268825,-0.4601527743603254,-0.9234345871025135,-0.11162145709126275,0.3746191708515361,-0.9456290269237022,-1.2146236613844126,-0.8114605924514634,0.014216220121555826,-1.41483622410019,-1.0797518058554925,-1.111615785268744,-0.943449316490446,-0.6994402765595719,-0.538684263377587,0.3558206252744132,-0.7556369316619422,0.339035857324239,-0.6021775700760901,-0.4873620314457503,0.5391519997933312,0.24077327441700777,-0.48033805231392435,-0.03938358654600837,-0.6361684884065867,1.5674122637712673
2.3540198282224276,1.4684421507783576,0.6217479373628859,5.133615158558062,0.7356541590885606,0.9498907797261825,0.9936106797555819,1.37514007874232,0.7546389125367224,1.2883805186090267,-0.2467326856424354,0.31187653003716587,-0.09149615552265437,0.26900010234337207,1.9933232975231001,1.1013466088709782,0.7099141027471009,-0.24409150893209683,1.283238814220521,1.2960599981320493,-0.39215597901416555,1.547166924747012,3.9390765857288357,0.2772982290345901,1.0769848406216727,0.6461015673680025,0.7981920214353855,0.7685972150600459,1.484811434492211,0.9519911159780764,0.7462439402702363,0.41217447819331676,0.9100954062267405,0.7684578254551848,0.8545137269321893,1.113659315077688,1.5094793981015646,0.49361986371953404,2.1861342413306146,0.17474089769270051,0.45691941478703774,-0.2871331798429522,0.37896058268916333,0.4749139204777277,2.0319538328248794,1.1883888873648265,1.3704660094902883,1.2045199836257978,1.2159329931298113,0.8087847924657783,1.2753371644003115,0.8170097317351526,0.5919847572386675,0.15891126716595724,1.061174274683409,0.5529078654856352,0.1302698559297715,0.15623197608692993,1.1366523172890566,-0.44791119710593486,0.19529506047420195,1.2763550218656852,0.142058268954073,1.1939215221260424,1.5967839526170708,-0.633792365638842,0.6967670900909457,0.44764336897102575,0.3939015403951769,0.07497029824436652,0.8938243262778456,1.1033553774704061,1.5003821088788392,1.2095354248408132,-0.05772159997322068,1.1481762479788193,2.0446519325618944,1.2592161097507988,0.1766217007348819,0.9296609251984302,0.9875187123933303,0.4211636726046626,0.29497735900014704,1.4260370415292,0.8580481224733987,1.8039442017326321,1.1637430435944616,1.2943803086843235,0.49731235375049315,1.4463371314756595,1.0087412198696097,0.9800763835078302,1.10089793712312,0.02195600611107193,0.4169133043849883,0.938683019114041,0.5974415444530006,1.2726168506461866,1.1098614883535949,0.8337218259749044,1.0979283211178161,0.6943111473277345,0.6292599188568592,0.9941316721234369,1.2704661193049358,1.0698236222011295,-0.03606676306061466,0.4848108369299588,0.9211709635368238,0.6032498389891551,1.523997676561583,0.44617190441647037,0.9064222897045421,-0.06979598266908786,2.4305023523556955,0.1466603722240153,-1.525522997138241,-0.6351106469134682,-0.11054414769694396,0.19103669750200503,-0.6165978718410247,-1.3762190143623565,0.8078536024752311,-0.27443548757033215,-0.40402547156676283,0.35600220667932586,-0.3783863099186432,-0.49458783158255815,-0.05162633102329792,-0.5307716784003361,-0.7442929640031818,-0.765476833970976,-0.7189042978476925,-0.6996419778338278,-0.03549911530792412,-0.17709919583305755,0.5042603169914102,-1.7674840074299178,-0.6939732266546687,0.17126245572654844,0.3522867135466819,0.36419512967164125,0.5556829959470034,0.570710860387203,0.19610463838471015,0.24214493549326863,-0.8211654492592226,0.35288374108218346,0.42059708009381896,0.6941346484206035,-0.21522681353396225,-0.22850103111643805,-0.22569259153064772,1.4109792748062107,0.013290720598118439,0.8381843997364866,0.7376864308943727,1.1249910938798222,0.8566622102541218,0.3726718012161259,0.9459705494573227,1.064655711924358,-0.0720546011667274
3.0530091814100837,0.9083890256570313,-0.054096030327670575,0.3890568249622961,0.4567032347828508,0.7410724307107809,1.596947638107928,1.299066509485936,0.19780018473282263,0.4726639483627297,0.7927150340521165,0.47009179442837,0.020629320951218666,0.15685662078280627,0.7207783581983157,0.9517137625801431,0.026898311733522074,1.336226229431657,1.097288301968696,0.6160415188342758,1.2527901707337066,-0.33602799664167227,0.6654929372677042,0.12543733624608833,-0.40075039645807187,-0.3122981187088842,0.554803602836298,0.5503765433842429,0.9522944596078703,0.8848405923926429,0.5478854001343682,0.23046181873482355,0.48412604484195343,0.605356874493332,3.1805763302236416,-0.16019026489373986,0.6841607738578708,1.4746122815339504,0.82151879588466,1.888169757959183,1.1781903381969925,-0.20776592515810094,0.065907596887202,0.2215513869300221,0.22363451069876045,0.8362240844115785,1.3859057704920013,0.9752120078759671,0.622611144213038,0.6989352638834263,0.7878610213831249,1.2588421739898001,0.5387492052697704,0.4732510722297612,0.7775330997226623,0.3195784002424685,2.031477505580222,0.6153459111254171,-0.248463931282455,0.25750355649544643,0.05671750394698147,1.1970223637707589,0.16918699330671916,1.1760218612112368,1.358548977924216,-0.3672532289241634,-0.00234726660800367,0.37981811640738417,0.3482166688919901,0.9045126622376252,1.3975611565189905,0.09653788962092878,1.4266991709628376,0.4794542645114452,0.3220468577566016,0.8298646637808261,0.671702624178902,1.0174313974927653,0.052567399455154734,1.3318638815286366,0.10334966775048592,-0.18142461021529938,-0.3522422734070266,1.2356575381528774,0.7696261372197716,1.2219222757676538,0.8107484380471128,0.8340770848650328,0.4202444645928705,1.0829968040161562,0.79778833548421,0.7002086244468694,0.6895501547281297,0.16844159039287257,0.28102663890170787,0.6051703758611495,0.5875434670443908,1.0645037150894818,0.697289149171781,1.0644068536910596,0.8126068532020474,1.694329232792827,0.37650299317530617,0.4309971445820664,0.1264093856399023,0.25790602281577907,1.3142744890276405,0.004414254388984397,0.5989700629212917,-0.1603065072934497,0.4795508553114666,0.15131770456587865,0.2579661743214229,-0.46244938138009983,-0.7941407412471503,-0.45865516282826585,-1.2415351978189955,-0.5889624637751678,-0.5666478043254625,-0.3008619501408854,-0.6392881920030776,-1.2601352452043315,-0.9689185649166853,-0.47838635369813576,-0.6508078634740212,-0.0712706482043297,-1.0337714998062313,-0.709983866640029,-0.35178930749588,-0.7155126021116519,-0.898247012197847,0.18909140658406887,-0.9087833109684732,-0.40158843477061207,-0.6224469600827792,-0.31589482427018517,0.14362650734399252,-1.2716364653575345,-0.4360179775316596,-0.49941247446971543,-0.3761660327261481,-0.2923205500336019,0.008498127243610336,-0.03366532975950382,-0.16452023418607145,-0.4085777482360781,-0.7188852055187781,-0.2392486736099064,-0.08479736221952845,-0.014565662874452151,-0.6478973141870693,-0.7932702926259143,-0.5512461503647533,0.9374679986757926,-0.009000892057170244,0.6883596225959159,0.33516574854379727,0.9044064055666245,0.5041650742700697,-1.298519455461611,-0.34010132514005637,0.3633281447465859,0.917028477145067
-0.4233234688345865,0.21805920554111743,-0.4570262994913387,1.2477867713089492,0.12942940308415252,-0.5218687175111871,-0.3188878550921794,-0.17570800624713823,-0.3991955571338951,-0.05235353505244025,0.27755981825765264,-0.26751935906969004,-0.6019359331971973,0.658002145923101,1.7566133233795975,-0.02795028228209844,-0.48885322594155284,-0.5790421532812617,-0.4514421687760756,-0.29603075491135555,0.16104096723976516,-0.9690221235869535,-0.3505158733445743,-0.012268742619346483,-0.038209636887165846,-0.4020725837644156,-0.47647764822032307,-0.07047381045814821,-0.41241014369503587,0.6497356792899845,1.3036768771080716,0.18330357231431987,0.8418987567066354,-0.2783684916699698,-0.4229420283877216,-1.0765661915072167,-0.4666342833351025,-0.3826532511007486,0.1714884893216056,1.6598449216334008,-0.9964853499632867,0.24433721133051836,0.4460724027679012,-0.5343852511419895,-0.004718763582843512,-0.5376780543945842,-0.43202795713326103,-0.5767316399963991,0.24163188385470247,-0.3881272089323206,-0.15673477191774488,2.083062090843827,0.021055696280104532,-0.7616117113726054,-0.4216083660418638,-0.273324538871002,2.2022921914249256,0.11709902296091351,-0.18646233119636502,-0.6622743536367589,-0.23858548375729338,-0.43680650456408215,1.1920258461143691,0.7594400290884308,-0.1213455327733852,-0.8153770138966044,-0.3106535433880026,-0.3966333660094921,0.6679255153707664,-0.8443743624307019,-0.3340028149703137,0.6470736608681684,-0.3433783500584582,0.7448159523100774,-0.4625020664675809,-0.16610621389502772,-0.6827558427103664,0.18280449244499056,1.0252334553316433,1.2133320711563542,-0.5551229015096344,0.08214025765102635,-0.04454923570694217,-0.5247873311215457,-0.1641519925389861,-0.8097972957578773,0.04588997283444686,0.04063079951211927,3.024238144987155,-0.28461759782934287,-0.4648820629886423,0.40962605898703847,-0.22098725291698457,0.07298903689985048,-0.07085650296942525,-0.599123119078151,-0.17991574473762212,0.4116976498995526,0.15712573902243956,-0.21348993040217118,-0.32771681800995656,-0.32516927596930467,1.1344247702051298,-0.09435128153363852,-0.18055639627934736,-0.20965181705522415,-0.9467779417906719,0.09795948261900748,-0.03247984473505295,-0.28193151895326446,-0.6771529750159028,-0.443567243690602,-0.45568077369783516,0.4175405390758227,0.6826620809483741,0.8071578046943825,-0.34848648564914186,-0.12547081521144413,1.7869204696564152,1.3240888925150118,0.27210149842942033,-1.024208356566996,0.11531143231737427,-0.8797790222244364,0.09888791765185614,0.7394612023314073,-0.914353710559034,0.7508957780491496,-0.8677717873971634,0.36730758176000966,0.3646943544175645,0.8903288499885876,-0.037484360279542,-0.40498819686451115,0.6894200742680463,0.5960383523571282,0.2161068056411222,-1.2202863113814324,-0.4426842796101834,1.0752332419850636,1.1543749103910124,1.2909490836529403,2.082311128747674,2.1456937757270396,0.8663143289807679,0.9850005205368099,-0.23713082400583704,1.3949555829022768,1.781740778389486,1.9233909016528816,0.04743313316093449,0.37230494634693123,0.5936677842347446,-0.3580115862489364,0.82159339814506,-0.581978124104224,-0.5704584874544407,-0.11585191550343102,0.6886943121105334,-0.22654519188964578,-0.30527455178139046,0.781087407674804,1.1018726709914546
-0.6052511677151515,-0.21597988626347162,-0.43025382950227187,-0.21876433832625128,-0.6340147449271918,-0.19576357128804237,0.856131027816045,-0.012411461996629231,-0.3991955571338951,-0.4148098294778045,-0.288231114773221,-0.5454136174953209,0.297232323384334,1.6434522529299762,0.9291905845797528,2.1015282968431044,-0.4784221354343825,1.5285249541444577,0.09448267414920335,-0.08351406166319125,-1.0536143907894955,0.11398462604856384,-0.33430621349486855,-0.45679209426289763,0.29617147595524507,-0.5110068192409416,-0.4851318882320796,3.0576561926462804,-0.003967407779223682,-0.19517284059743328,-0.46473250483984363,-0.026815255633187596,-0.37307539316498,-0.4251192909638689,-0.3617279836784255,0.7137030680409796,0.27092298126863074,0.023888667204057502,-0.14278366010360066,0.521926308808703,2.057100631265414,0.21635343939396742,-0.08884691668340264,-0.1586290451568267,-0.4499830507090242,0.5507179055679725,0.11039364952499886,-0.1258070982088018,0.8041269458429267,-0.12277325424945319,-0.52661411150666,0.12877918899431967,2.2401328669837675,-0.9093510582805249,-0.07832167369151119,0.5396482932173274,-0.36448826591906197,-1.3442300923309105,-0.943024802120302,1.375868493306097,-0.2141991262537689,0.3566906132909281,-0.3202813335002913,0.29668833990387455,0.3883563224639512,-0.06823081730861398,-0.46130177449837695,1.3884866056534135,0.1364784779558946,0.1057277651749176,-0.19928035080227108,0.21429774088815623,0.20370893121484418,-0.49490344793722074,0.12398596763591789,-0.29958358957817954,0.32880218560659696,-0.30948042211543464,-0.7108097545997497,0.43011483714055554,-0.144291254970846,-0.6917290981920369,0.7930442820837948,0.6949650889608168,-0.3397043575367602,0.5738435561951981,-0.1754579392968497,0.04063079951211927,1.9698543991571305,0.048824953881424646,0.8816260599422834,-0.17644646369974334,-0.304209343149274,1.280947005800279,-0.39791800135350464,0.44102310060713135,7.540714112717319,-0.09149406913326083,-0.24394732883057796,0.4163792644067415,0.3448224674907175,-0.631816654663034,-0.3471924518757738,-0.5057551086816553,-0.0252002314653402,-0.62219817771398,-0.3116981560887851,1.628451032557239,-0.5145355672149714,1.6233295558929728,0.2586319839399971,2.124769973063953,-0.19370614450851936,0.8927376235000207,0.5808269662470279,0.9353930816702206,1.6574271029247551,1.6831986425833205,1.4715876106832326,1.2516503705447293,0.6221820394627569,1.0203645653955025,0.6816916458309125,2.076686927438738,0.13907406114351334,2.0304740129176726,1.716904524967356,2.185348299238371,1.6777952919125052,1.1501775517148367,1.113905141173973,0.8930272025038938,1.9281044249889359,1.6531569102001458,0.7208739252325288,1.8958902360924847,0.8449325056365604,1.8339152619560235,1.1595500545129886,1.7172444823965918,0.7745530618805194,0.5163300376613422,1.570259647113476,1.2210403569238713,0.3572509035594548,1.26998126049578,1.1156297350881408,1.1930982863536725,1.4232722935145776,1.2941596390998642,0.6380170002273093,1.9752860214321328,0.3385695298015027,-0.5205848924681462,-0.4627690230301526,1.6356773502067956,-0.2221461009943639,-0.3013145314393147,-0.6094163067299873,0.02725577026249339,-0.33001742540694723,1.1732355791176114,0.10944712480043542
-0.39561583937924616,0.35197365429696326,-0.7303311395260874,-0.09267396378988714,-0.12221304659150752,0.5090987219641652,-0.1796598021026545,0.45451841289908507,-0.20102280232960024,3.4312240567273844,2.4904859084040396,-0.16160020778591302,-0.47134342318723776,-0.2514360733573107,-0.17048621965309513,0.1057060505902282,0.5643117672740373,0.37740551525513166,0.5879410984379139,-0.23951089008350346,-0.19526522834185678,-0.4497850929314442,0.0930270088301732,0.6070283147390519,-0.8850952349125635,-0.6101165161844092,0.2488740715333634,0.11086329536179858,0.3324212964098964,0.2701802138854774,-0.023663939982678944,-0.41485441965537806,-0.06878595934731728,-0.0894760837241854,1.555661272613111,0.03387666856614567,-0.2175687970164876,-0.1726230943796767,1.8617780904943984,-0.14317901828838067,0.27903406377984186,2.2588977679382194,-0.5146703934940491,-0.3372715014400257,-0.3960835700041601,0.24763530360210034,0.44962503686409483,0.43160066330200925,0.03444383109702969,0.1671492990724603,0.3289179146782728,1.1160873831991789,-0.06761658162572676,-0.4567030017528771,0.6110800170320816,0.01342076341343728,1.0682094705349972,-0.07128515428104461,-0.60282522885895,-0.44603174814239954,-0.42378689866718894,0.3065755726982743,-0.2806981994832795,0.8249440378541936,0.08559576117003156,0.9384917070477654,-0.3837200547729761,-0.24785459728812345,-0.026787397849439752,-0.6278849273277466,-0.05772040525476832,-0.40958009404187107,0.5220296987296312,-0.11738054840278256,-0.657194977735285,0.946658236681913,-0.34331758414530256,0.17496364568714867,1.1258474379348251,0.3214867998902735,3.1090858585072567,-0.6698711234143369,-0.48987226680140283,0.31351136518907285,3.765395352522155,-0.7212042120921534,0.21941657889510885,-0.029412914400869995,3.9882299385259192,0.740440411168084,0.0068448348497463065,0.13414744816618948,-0.747610572253344,0.02195600611107193,-0.3425370532318518,-0.011511586508997425,0.0387869034867003,0.2392005958529227,0.01268164939247111,-0.15753766489878532,0.23552798211341985,-0.4170780916812559,-0.10598856475916361,0.5890497581820269,0.025839544106221163,-0.14398616177398,-0.48806936496712466,-0.3946699068503667,-0.06962157825040102,-0.5036564477689118,-0.19120831439584396,-0.3904469396491167,-0.35439555443721793,-0.11363167497710401,0.2652993876498669,-0.602356086388239,-0.13242658061802337,0.05762528937925217,-0.6452270435354915,-0.762794772097825,-0.2643351472992003,-0.13609569981349065,-0.6991057617232412,-0.4546426558146767,-0.5733277673675149,1.5687870872936174,0.0451354337111404,-0.23972700198695882,-1.268468633418702,-0.3170027591717328,-0.9674809263106239,-0.9904115873356968,-0.87231608056122,0.022231232918612245,-0.5465946945149885,-0.6637354103075538,-0.20613599802560065,0.278793094393485,-0.0658239602221203,-1.0861806474768834,-0.8066356719245245,0.32677627032712225,-0.732826111229912,-0.6844711873173868,-0.8004281409378161,-0.5774488256138323,-1.1515962417053334,-0.7723297518803351,-0.6688373813265631,-0.6296137556411716,-0.31532694074703554,-0.4207484139721751,-0.5775323571618886,0.01847604602837826,-0.2159907548695528,1.1755605874420119,2.6291633163977193,-0.8108020832506453,-0.037389697731368673,-0.39929301055502614,0.8211452693255143,0.30536515396422254,-0.31561974306670126
-0.79211721770489,0.34920630237358435,-0.42785500368374135,-0.2117468879408982,-0.3566769225848231,0.06714929968324038,-0.23539147844863834,0.36621728990406077,-0.3773067614899062,0.0819395125271588,-1.1312983695321228,-0.7574734031215526,-0.6544044870575354,-0.3025849044618806,-0.40966968871403425,0.1912181097321132,-0.4784221354343825,-0.38265799265486167,0.4589391221065632,-0.07375893163860826,-0.49173414570707885,-0.5807184784295256,-0.3182818109567381,-0.6561331263380417,1.772768682682008,-0.6051334075890928,0.10959323000490405,0.14419564374277513,0.28161935410541417,0.02479708820553601,-0.051228656704421976,-0.8154902554974199,-0.46108326944336736,0.20636314528251706,0.25598224210296033,-0.7043573552717441,-0.41967054621758526,0.18839599947218705,-0.12389888804299695,-0.20903885575294848,0.7097478579158129,-0.8833957548747022,0.26806431934913794,2.04622811271352,-0.7889093063474883,0.01753821758697262,0.5912166027369105,0.25992890621050696,0.7811302024674222,-0.14079001172011857,0.2506342819626719,2.3781907753597853,0.12183901655017748,0.6138102835691698,0.23621887510241374,-0.37606486411112566,0.19188163457179677,-0.9970617647045943,-0.17649170640507902,-0.9861133272589819,-0.8546698370831249,0.29097731937633187,-0.44747016992367794,0.33316789162222776,0.24565387014480056,-0.8912873003614418,-0.6467071517606898,-0.30763368948585595,-0.7816844698245017,-0.6278849273277466,0.1036460946341817,-0.642232403016008,0.5119109627685215,-0.6256843862299124,-0.49396171712803294,-0.08719873677443649,-0.4683176201758736,-0.18592314307476543,-1.0861101293382338,-1.2032814230450257,-0.6009117544576935,-0.7369079428610391,-0.9678211964605798,0.08192406421126977,0.005964806086092089,0.36291613909817316,0.09789338918235885,-0.20449718513795986,-0.09724757684159697,0.27456348785683427,-0.009116113785749115,-0.5035062661476862,0.4856939853915318,-0.7559875699029082,-0.45024528703588823,0.17539464014787798,-0.29387657129691386,0.10922371935419845,-0.33672666521564987,0.04261199803811746,-0.007426366955281856,-0.7772470463664396,-0.565433337737597,0.19217610094977508,-0.28081994171722163,-0.16811688608979433,0.36249620286398593,-0.6136809477033488,-0.40135857618099363,-0.6230584157904079,-0.11307567990034714,-0.4803293338398063,-0.5678768920586882,-1.4506099539019288,-0.845263182181832,-1.5498435213597426,-0.9722370283499677,-0.6612001636436906,-1.3025157588178602,-1.2084589858397443,-1.009982073425937,-0.3802118799756436,-1.690018910329699,-1.2738784764423159,-0.3830987646602222,-0.6887353426200417,-0.6624753277776992,-1.7057121836061102,0.6620313318848025,-1.790533681058938,-1.234437377899339,-1.4366041346482008,-1.6334529820389045,-0.961332953536461,-0.058923434650431976,-0.9717594379166439,-0.2922925365723278,-1.1188320037978627,-1.028482440038365,-1.0757270783933064,-0.6622341069308746,-1.1282468180646354,-1.6378438614929864,-1.1359071447946416,-0.934694643838498,-1.3459600107096583,-0.8707751300427298,-1.6119143279013235,-1.446383294181303,-1.2838230519831866,-0.8602319631902856,-1.1435738077686826,-1.76033528355965,0.4588741043273196,-0.9214462253781579,-0.18374301339801866,1.2449681715354848,0.7451392189363237,-0.7223398548478352,0.2634093746565576,-0.49407973312550224,-0.09945190168139516,2.7972831462017695
0.3452729346740972,0.6773942571199225,2.6660774813380157,0.3950466911353014,0.2197535309877222,0.5355933236418561,2.1698260631079433,0.9993830020949087,1.4066526793514662,2.8430852868240892,3.1512725458470268,2.053323784435889,0.28603444655072124,0.05947210381366658,0.1305746860139291,0.6041637076997405,1.8330523991178986,-0.719045758357397,0.9228993178486169,1.0440117825186448,-0.15140569026675954,1.6102092370651344,0.1960862779450007,3.3563530902169036,2.5242872668809753,2.0607088865910947,0.6925596593988224,0.3909277645337134,0.7693234194024021,0.232137826908164,0.8848117381530337,0.49811690303966943,-0.06878595934731728,0.624443757130018,0.4772624057720567,-0.554005643907843,-0.29183187160898566,0.5187576338252108,0.4678439073202995,0.08183772067262354,1.9097610657654447,1.610698983246747,0.6968293888424948,0.9665643502261659,0.8733977706789161,1.7248595337349204,1.0304122407099383,1.2687485084180414,1.0386743132461964,0.2721822073463938,1.733221873387339,0.015597207404113106,0.23641338397786144,2.4918928402267144,1.3207949823643534,0.5363070073789723,0.8723050403152934,-0.49429005254263364,-0.6817667821995057,0.561214476916593,5.888630745316285,1.3541946997769496,-0.44747016992367794,1.073347458078398,1.1277268895414814,0.13460700747603618,2.1760127924200177,0.19187844188682812,-0.30288474508472585,2.4670578523725237,0.8159579920672837,-0.08231538105961751,1.4496784789614905,-0.29288513360270735,-0.7097891689278998,0.4695828824428744,1.6568768996820362,0.06928610164462316,2.671330668705848,0.605879638959879,0.8727775046086068,2.04128430940097,1.883747348852119,0.5878018921468361,0.10301941099219468,0.08302744126142896,0.5213923974100866,0.39164843346825545,0.4909948150582243,0.8282094922419644,0.6826795095102182,0.18360146710728126,3.1545571224840336,-0.18855079566045851,1.799143614591254,0.4815159676200118,0.3151983787292727,0.748109336253627,0.357349951711595,0.419702040317043,0.7488947690723256,-0.05824861543192345,-0.17350222656940256,0.593210311495981,0.3250600710805827,2.3526985603792605,0.3933860729352448,0.27705681736090315,0.5232656911591481,0.21881501154361474,0.8484909521616664,-0.3149184532029215,2.4910155985470106,0.3343082312422871,-1.0896593993090478,-0.9359348540600468,-1.1781939391831602,0.28766073937710285,-1.0507308316188917,-0.274187970420962,-1.2000834010887653,0.2442362949451541,-1.3815131831730907,-0.542678138363757,-0.272333027929538,-0.251952543938069,-0.16798985496745336,1.6885314240146434,0.6152120132609457,-1.059866328077722,-0.8033790385737454,-1.0788367972861372,-0.5145994014258825,-0.692382470074751,-0.8227520686279866,-0.46677123383514807,0.43615240857425575,-0.4139033513658462,-0.9800507692715272,-0.9899827829134543,0.6229066352521383,-0.540351808974283,-0.48547658709618374,-0.5359481435501925,0.24079701420536623,-1.2036421544644995,-0.6618656977040749,-0.6567555656740288,-0.6251284916248614,-0.42252182337102473,-1.1019977148344209,-1.1295762810771959,-1.114822376168085,0.3827044602188146,-0.29194794534761515,1.5121687007858682,2.833220729284769,-0.09503391136549263,-0.21035597561667652,2.077891870208594,0.146456013245533,0.3346810809133203,1.6205120818315535
-0.31628707803398515,-0.4412580070769825,-0.38562834378053323,0.48478361492188987,-0.5972440364916978,1.2766679922545736,-0.9815998809520533,-0.42613124537896285,-0.5127024339325721,-0.057454989150740925,-0.8263757108118662,-0.700311154087434,-0.9358795636357057,-0.3843153471682925,-0.2219348800931985,-0.8481769964399113,-0.5073525180273357,0.7292509329297507,-0.6210548088672941,-0.45581899542645976,-0.326494054553235,-0.2791266639887558,-0.22580082775407845,0.15229546209334557,-0.8369199349436878,-0.3787503165099552,1.0397934571849743,0.1903331501400774,-0.251222462835375,0.08507393058679141,0.5925845207102333,0.6121416851029519,-0.5551653151873543,1.1175510327140952,-0.33191071279923157,2.103824576016851,-0.40533194313511406,-0.21672048438045757,-0.4785526983112692,1.6241291895825314,-0.6679697289177647,-0.5728134023445742,1.8471466526875537,0.6785865515423032,-0.7889093063474883,-0.44942210888484185,-0.4983177573882237,-0.6991950331600542,-0.7353478166294521,-0.5916877195663093,-0.4661683913644664,1.2842211987560477,0.006813940521384592,0.06372741221842007,-0.6360421060196066,1.3137992825935947,-0.8160317760296312,2.2811853142950627,0.7195999940207427,-0.3432842700465936,0.2662229067652995,-0.491899398226437,-0.540375801705383,-0.4466078427850755,-1.0063720606422795,-0.3608360127479,-0.4369160043395878,-0.29820642432413036,-0.36595809938917917,-0.2828659128141458,-0.1447575974658899,-0.26599836510618924,-0.5364957594356944,-0.7706300638759646,-0.5155578722241873,1.8214835474803233,-0.8271347293978244,-0.3863360166420523,-0.08175507592267137,0.0841863020306617,0.00959757489241532,-0.48276694087894123,-0.6290882596290454,0.6425194717484526,-0.3740239661821481,-0.9728406546174821,-0.40459605450864716,-0.4991044596784537,-0.412314125953465,-0.34660090857369963,-0.4648820629886423,-0.20121145790348657,-0.26173115021824717,-0.4098616712958145,0.010605813678039934,-0.7040117272096718,0.33306385370997815,-0.4495792558400086,-0.16603607804186105,-0.6134852170051309,-0.307104227713876,-0.49217743655833834,-0.7544511180144852,0.8166367718966927,0.09495712561208028,2.2819637251309506,-0.7173402023138037,-0.33534130887587155,-0.6866098675371105,-0.5517255439435613,-0.6236268813490545,0.06845681735233689,1.5382690303190987,-1.0058974106563843,-0.37525367088963524,-1.104102232838608,-0.46155934821371314,-1.37167232767727,-1.2178063760780824,-0.9850547383719092,-1.4434899456466899,-1.938667183063956,-1.1487921081517831,-1.0862466563766846,-0.7964723095680504,-1.399286512189585,-0.9813785874136727,-0.4339958226807973,-0.9916699699076924,-1.3503247630388955,-1.4851713700331959,0.4956171754248808,-1.2764136313127492,-0.6781129588079507,-1.3743530595909805,-0.7991052526188662,-0.8051734044456152,-1.443442982893405,0.11341089179658896,-0.4869070416069282,-1.1982407693861112,-1.0785845030357775,-0.9057973142235907,-0.8042343012140215,-1.0187223919040955,-0.82090912856313,-1.2083593578028742,-1.173538101560929,-0.8770002016764732,-1.0098767856790551,-0.29419307948669343,-1.1046868610820004,-1.219161683605242,0.04332301121960215,-0.7865555271741838,-0.6756268887785173,-0.9061924900309212,0.8959806777584681,-0.23095183346322948,0.3736289983988699,-0.30527455178139046,-0.7919341836996346,1.6857536362520518
2.445475582241389,1.2711039649701104,0.27635212109674395,2.176592325077259,0.841463648974334,0.8473069318075438,1.9289199933880483,1.3179146229911496,0.9636173412092438,0.9349643530992047,2.5391634114866246,0.08951463670473092,0.5073603520711634,0.5591321974867721,1.1497003253992262,1.177155122200379,0.5155930076617239,1.4090587619594277,1.1972263401248384,0.7958206953442064,0.6454001973185317,0.15788027418434708,4.35130561461405,0.6660009347277127,-0.0052756491036365484,0.18014632043822523,0.9882943611036288,1.0218448242613574,1.0736055601158616,0.6911687704324352,1.2060694483085241,0.4415236858922965,0.9644312312163902,1.1755799760927426,2.851544116984885,1.1937840608461645,0.46262722899334024,2.697274368954359,1.0298077828008592,2.7794503879281334,1.153442962329602,1.527903857879285,0.3531826994684975,0.6094489698278401,0.8202745187890524,0.9662646406149725,0.9236303670040433,1.277685396432411,0.9689586283331764,1.5202016332286254,0.784115216506611,0.5460522920866836,0.6870000424294878,0.7452600167984248,0.9704688672110218,0.9531905215895304,0.5789593990990375,1.0395746793951124,0.40530272306128856,2.5258769275587185,0.5757655063539877,1.2593210376510342,0.516470297935197,1.1578561006966774,2.676100388200947,0.9631507596872962,1.227802437758616,3.8024883645310874,2.301875748494373,1.9034452867165859,2.6359931871749356,1.015214472907713,1.3351900400907872,0.8169108782497951,0.45501557301542006,1.4144002756227012,1.411892305139813,1.0803693096850864,3.0694525771933328,0.922961917493782,0.14140579478992635,0.09750110400477095,0.42514823455451417,1.5374832352216972,1.2850784733247949,1.8412213151337584,1.3112735229233234,1.9032397662155556,1.8594112523800759,1.4513264176219207,3.011389533341555,1.8512174682552287,0.27276257752527,3.294291732791701,0.8430114318363686,1.069958796322514,1.1688568463409315,1.3547632875831466,1.773526914510419,2.1364355108302093,2.943413532762378,0.8207478018505748,0.5676294385140331,2.139154200630729,0.47511887719093693,0.8288241031662827,0.9555294691197339,3.469247106875685,1.5174157275343279,3.4108921686788345,1.3267536320756559,0.9407637310746887,0.5008942712581335,1.0075716809297224,1.7664583101845965,1.932817205375334,1.2875510114976438,0.6710414561771456,2.0727178095361243,2.5798884887761977,1.6215970539379128,0.6204969357839512,1.2931780311672147,2.0907226652599484,1.061377820159286,3.0656262301507793,0.6782680406532624,1.5498061017702773,1.2264917837137967,2.1372387984491583,2.006945702680958,1.8566714024474804,1.6779935518784523,-0.31311913045669915,2.079218343595427,2.790915095657933,2.3877530774184668,1.3282521452417548,0.21164044807153765,2.4569524242876937,2.2066335375352257,2.426883405977276,3.12347585503305,3.306464326279376,2.349592941264093,1.9824931723374342,1.0466163578207361,2.795308917938137,2.905153385484578,3.168210242981439,1.2803258604953371,1.4671734415464963,1.5698703041672024,1.0868908114746467,0.4703329173495428,1.5442356949717002,0.30276909819566816,0.024344499418429054,0.5820629301695723,1.2257181067508178,0.14041876472130332,0.7844673338987828,-0.2664629846512656
-0.30358185503256835,0.432333987023142,-0.18250404668409928,3.1590171523329187,3.9958611394433063,0.08235791599208588,0.3916579575493981,0.45451841289908507,-0.04008815653192458,0.03577235197919866,-0.6652109305302742,-0.16874638894704733,-0.24168898715221418,-0.17910787378719584,-0.4618651782198131,0.47805778640390206,0.0932401621606049,-0.08085842555788308,0.5003728905964159,-0.01673650327200589,0.07855346746366504,0.5825294431391719,0.4011400130944019,-0.3193849455201599,-0.532377566362123,-0.05804839395856582,0.16207877392503342,-0.1810706886904738,0.3776632331401865,0.5568988068709679,0.14712298099881277,-0.3097906863349448,-0.013119095901260116,0.005141213108985961,0.14499410610506464,-0.596913753840185,-0.014696564702401495,0.9587326477760375,0.3574853161610938,-0.3401353453096479,-0.10559122834793666,-0.8096156459038195,-0.4364842678502423,0.038484704545137145,-0.344782686118594,0.16350823057295513,0.5162516227834317,0.4076793181344063,0.15841423185280887,0.1923730955144127,0.6105461567858687,-0.4675041330937148,-0.06376007411453709,-0.019505793401204917,0.30736533166873575,-0.13435797097652608,-0.4308614072035778,0.5263999117306121,-0.7236992403180952,-0.7018176323127392,-0.5855430352294051,0.4566852636619871,-0.2806981994832795,0.32205895845927524,0.22507855903382482,0.059294465411252335,0.18020719523468748,0.15338746502286468,-0.0774898699337646,-0.10956665034405848,0.8650547454330966,0.2561579880096521,0.5245470787549282,-0.0711883611956481,-0.05442941609399502,0.1729466129048588,-0.11604056205129099,0.13515880954393236,-0.1809016843526929,-0.09597773496890644,-0.5449193893697927,-0.20852906058663512,0.1885192981320738,0.3462447256264555,0.09674621391668715,1.9505143766481106,0.3090185494636925,0.2084553647219112,1.6501036718799549,0.4557853596295124,0.1863377357005098,0.2688218404276524,-0.06428387052247514,-0.13703840618763624,-0.029376441340830076,-0.0786955358260806,0.44137033185100893,0.4197808268100433,0.20233883992140542,0.08767552898549949,0.2521939248885441,0.1578275898255188,-0.11698584413592117,0.48853185136038396,-0.47048819231123723,-0.045567199043626154,-0.6706268559458851,-0.3191228245376446,0.397662125644899,-0.5213374199315954,-0.11307567990034714,-0.2286110566089041,-0.16917753556297377,-0.5293290557793329,1.5955829406945863,1.8090421778546775,-0.9187628410983625,-0.9631295709063868,-0.8211707953915776,-0.39785298072522296,-0.8948415902702115,-0.981167242772613,-0.8267626548469116,-0.18315303221562657,-0.6750535207777687,-0.3254210008895655,-1.5906554417146834,-0.8117139631505718,-1.0097278304030246,-0.7155126021116519,-0.8716261483456174,-1.0064170600668172,-0.8731203318716109,-0.7539762144662644,-0.7016474475959101,-0.5473922780452937,-0.10808979047751724,-0.25315328879043997,-0.5363454866796553,-0.5324100310222865,-0.4036828718942113,-0.5100807799173679,-0.20840336095993883,-0.1638883804386312,-0.3497516409810462,-0.21129575665632658,-0.942870908492267,-0.3678509755270731,-0.27669368400321365,-0.32783550442063386,0.1214186897521301,-0.9568317480745485,-0.5472831858183624,0.3330069602120072,-0.5599508502500803,0.09902872863916651,-0.4873620314457503,-0.6805500141187666,-0.25185282621014976,0.0079451204420385,0.8715765586706122,0.169770102410326,-0.5069012817687538
-0.4374317560521199,-0.5650493656147629,-0.46445352050090294,0.4737355711548264,-0.37670544936749495,-0.8974641978878295,-0.677437481648095,-0.5839953285499279,-0.3610585019880099,-0.596412343576058,2.3117387720458935,-0.7666728800408221,0.025362068827078216,-0.6397148722842959,-0.004933965985601132,-0.5788238271087148,-0.5316104865099437,1.3064529449147284,-0.7599811576934009,0.5095736168395552,-0.4769059244754924,-0.6747531913640643,-0.22580082775407845,-0.480516497134785,-1.016387766742673,-0.5021282334148507,-0.584566423152499,-0.6917187481769307,-0.05547304643617849,-0.8388641393806092,0.543070552187227,-0.5412753381840987,-0.6562225617679561,0.7595303944766564,0.30784413126353033,-0.48336236391043985,1.5211403588783219,-0.7296815939009536,-0.5552583793129942,0.3269401928217884,0.23844809319249588,-0.19874946223020562,-0.50660100235172,-0.36598191345297576,-0.42269213795155164,-0.5010785999336628,-0.7266634315841791,-0.572956130557411,-0.7570193532335502,-0.5854403743302122,-0.4580250556273475,1.4562064870011697,-0.5950586477808602,5.228658681046668e-05,0.00478988374395015,0.9863767888638884,2.670631374315671,-0.1637390465409194,0.03713632673577034,-0.712754172797883,-0.564162430663158,-0.5810516874505468,-0.3202813335002913,-0.5333475165717346,-0.7781549500627255,1.4676698937158685,-0.401202857347635,-0.19986557758679305,-0.46674267371781475,1.8216432927645614,-0.04085236918812787,0.09653788962092878,-0.6189448752972674,-0.6604770094613087,1.7874241906400834,-0.7087165006484989,-0.3175555140756846,-0.352934484511503,-0.32407258854038373,0.4171852741795797,0.35351153655864437,-0.3248107822877409,-0.5339461681071725,-0.6952283635410315,3.1002753710224966,-0.2373638350917094,-0.5089958105194454,-0.21260598314721293,-0.3063373855743166,-0.3207357544949466,-0.4579996567137223,-0.3866372531863466,-0.4437039046884685,-0.4228442172650166,-0.21511063869708913,-0.22301118866131958,-0.3030252622753886,-0.6798094721061617,-0.43562761960638663,-0.35023945197664075,-0.5481309100910446,4.08580556948089,-0.48828913285209474,-0.34182647564844354,-0.80552790351146,-0.3800088969719571,-0.126444418161491,-0.4490359032074781,0.048921482041664036,-0.40523424324840845,1.2573765359705322,0.8592401979427703,-0.5444507874814868,-0.5336680814954773,-0.17339949357381285,0.30049874785451164,-0.44424135951248733,-0.7060533152825939,0.5641966028746839,-0.20990200721588131,-0.2824364504256146,-0.15084591822984994,-0.339514029852836,0.9176972201925853,0.007734936744957248,-0.624914871330688,0.11522390117585375,-0.42391106510038395,0.2845118930115801,0.665901746324593,-0.08281408542879862,0.9023017431999416,-0.6994010920111774,-0.18352475276197228,-0.4655950054449015,-0.024621980862489297,0.26368224383215305,-0.2567885611609596,-0.5156227740512941,-0.15901550645165766,-0.295890993698709,0.9445404241061437,-0.03637437893826273,0.18484324027272564,1.1177003280787154,-0.5512513364058266,0.14992931118840827,0.10761816627728038,0.060361677688055025,-0.18946802473940816,-0.144986043103002,-0.5999313597563866,0.4953715924338162,0.05559032842195219,0.04229122043884154,0.297202772043851,-0.44823713541877397,1.6763785276506253,-0.3842115010614265,-0.6327563194430882,-0.4821973859313546,-0.584910684338148,-0.04712973166362928
0.832840501115769,0.5055049473510553,2.928435115538914,1.1083231311486406,0.841463648974334,0.47241135785090027,1.1478699994914292,0.3805577730201155,1.2999574936951772,0.5900599075146927,0.5628448502285237,2.05213514359428,1.9011292294604116,1.4432685770727969,1.5617887477844616,1.3288649248581292,2.3191664477876084,1.433415607649192,0.41801302190175216,3.74461835964618,3.0447276179167373,1.3897423373872373,0.7423406596635931,0.2103640818401021,1.7720993915674261,1.752481208645712,1.7824707448123962,1.632939524021025,0.5604400446307044,0.4116328563005771,2.628204204130298,0.29237002238252363,0.7577703959618884,0.7702357655457689,0.3251261519840826,0.34084048263617794,0.5975532158740009,-0.09509531804694202,0.7945974347455192,-0.25103879938980483,0.9033843011471033,1.4190701345685883,1.1644941179264205,0.9590247736535442,3.3498036120921024,1.9636686252417057,0.5714130324780724,0.7604724778579609,1.1176434405640143,0.2586259908533296,1.867006148577794,2.8557184516885754,0.2971854682173482,0.7082610919528799,1.2068149649529654,0.4918716374322308,2.823955202404746,1.7238921043571263,1.632063789495327,1.8895533602445054,3.2920546562922164,0.49584368019127645,1.3018449234519367,0.9243174272644819,0.4934737962137124,0.46631064687379614,1.6973500346713333,0.9804988176872813,0.6823697698505914,2.192038037232883,0.6809924028933623,0.7142754657966585,0.4810716102261256,0.8963925379652409,2.6750892001757576,0.5702057407671083,1.0211763514066057,0.922886271998152,1.0644411900878454,1.1325944161058576,0.027933179056023986,2.3505146321608805,2.311737228861996,0.676144909818664,0.8765809775655531,0.13534185014783556,0.5870124289790333,0.7896599459575941,1.315133047629444,0.7554671387844692,0.3274523214515395,0.7617178752403833,2.2764809300798303,0.874165866166609,1.9829352167635648,1.3287140122128809,0.49528221804826605,0.5282327575076955,0.7701936443983907,0.7268296142348015,0.6555017564192848,-0.10961889107107398,0.554922708935311,0.7877331101221466,0.30874817462227666,1.0782275067022042,2.8854815557171363,1.7547943336169567,1.0363986547887922,1.315079455523895,-0.07395837341969433,1.2913859397493261,3.2174406829877067,1.5936222239565923,0.6392255442060973,1.272893579686361,1.4030169626028228,0.7402274650356758,1.2612001458032853,1.335924935899718,0.8885587794908484,1.104432731782705,0.7721782442890105,1.1660964684613915,1.701577994517115,1.6005579253919664,1.3391925342613764,0.7963152792832572,1.696637885265023,1.0797098219065726,0.7267226235780523,0.19398263261412668,1.2710613576325196,0.532951622816319,0.652272099663199,1.3399889084852312,0.9294751543354216,1.1006787928457789,1.2463886247724238,1.1577779582281436,1.3704042179904012,1.7331687637394768,1.391072646009236,1.8161739471495566,1.9449768646088947,1.0259689814542794,1.2280325397027518,1.3861696498803817,2.111577684030416,1.4794892760435392,0.9600187778404812,0.37665511235332727,0.7081186205640413,0.9172478732572451,1.2010382037419796,1.9491218384759332,0.662324779838525,1.9842531232593872,0.5526090168114475,2.263032012598106,1.1286083728557637,0.8111841255086548,1.1837799651641263
1.0448247801816484,0.07539374060203992,0.6516184818874268,1.2054670315677583,2.5147304622791387,0.41893802299585925,0.5587159333619588,0.3686182016651144,0.13701985327473,-0.22811199182089165,0.02216077074147234,0.938202028912613,-0.5061771560950142,0.13981001620785996,-0.6461674956420387,0.2638984607046114,0.21486781619902748,-0.3785695779497929,0.28315970256813233,-0.10324973426002539,0.34893127995330964,-0.08307790873732816,0.08109400096817522,0.10484079654309268,-0.0240976968408356,0.22550995813799155,0.3826326395366687,-0.026663720956317687,0.14049845191994637,-0.19327088524218697,-0.034605370741062194,1.7854603516296226,0.4688895869974214,0.10223983000606428,-0.07836654337593914,0.018695494066518617,-0.34569452117870414,-0.17629843102199794,1.5403121177579622,1.9382288402664298,-0.36400653113319636,-0.6529756486564484,2.2970299161298735,0.2285958240859848,0.31501559022732434,0.479881275045319,0.25910503180069644,0.9364952006791551,0.19025353038868523,-0.16825868770731137,0.034398557766030596,0.7795176630969012,0.07607136223048266,0.29946517217570867,0.18938271853572655,0.2180940798557254,-0.2826108639611745,-0.4274965098322829,1.2878630808938694,2.253787307900811,-0.22227608053844108,0.28468223806918647,0.6496799818975476,0.232359054107359,0.221624116576741,0.46367387858675335,0.4633884665400477,3.454111835480404,1.7081585095271452,1.4807486105160896,1.0991107225669,0.1565840593901133,0.4102492699542696,0.3366568482438002,0.840094440125213,0.20462718983822706,1.3321304478657106,0.052375173123912475,0.46674325828197505,0.6083788383266179,-0.734807436710217,0.3835165296612945,0.48049119673700585,0.05508551875783036,0.19988594334641108,1.9261450837508864,0.5029017189678989,0.6656576672605512,1.2046304259094693,0.23620673546634646,2.390369577580388,0.6578010643664035,1.3257359220710625,2.792014736646771,-0.17260438207485485,0.4875540219479877,0.4080340887516301,0.3663723248020785,0.6262634673822066,1.5250223865499517,1.6991135480584805,1.3393370005259888,0.6171791469369774,0.21731480953588544,-0.23547068859965334,0.31769763982418836,-0.6513901174336093,3.215258034370466,0.038998932181066745,3.180178451260114,0.431859522978436,0.1568273933791096,-0.15049092894137783,-0.8815141219976259,-0.30395047998034147,1.2231675489628484,-1.3039905890785788,-1.4534126781403196,-1.3025157588178602,-1.2182435999134322,-1.7158329062100799,-0.9389004106653622,-1.7833357589573002,-1.2108544739010352,-1.3227851277847917,-0.8440904538901151,-1.8484178116841958,-1.6082625789918468,-1.6344882940800713,-1.0264468238873798,-1.115633395243963,-1.022888211306885,-0.9699882166061913,-1.0717485223589855,-1.5526615701457298,-1.4223950299999801,-0.7194132479396368,-1.7192829698738465,-1.200699432266568,-0.13253430409942846,-1.0865902178501565,-0.9331639730573347,-0.5364989043435004,-0.6670468526587928,-0.6330483863007815,-0.8939574837122255,-1.2916430693007748,-0.8292534861454991,0.24666421609466704,-1.0652856295599256,-1.40557261509312,-1.5993248916969316,-1.5821006538714155,0.34308216035971495,0.7220942539691213,2.5017520162079383,-0.08187386195744553,-0.0598244303909201,0.3060657531573245,0.21090730456873039,0.1282257591926784,0.3727337455347499,-0.00963194235712792
-0.004832080903163372,0.6248544705394221,-0.028019028414488927,0.22500991870614098,0.2863496011760816,0.405443097864992,0.47632789433067524,0.7440418531102387,-0.04008815653192458,0.20613352960934436,-0.9179793528540695,0.0977454643929341,-0.5812246373860009,-0.06865390602110903,-0.2219348800931985,0.7019650873078741,-0.014607326589704227,-0.7641060476201794,0.6490066070407908,-0.0028683312698811574,-0.447874607631982,-0.4228804488247549,0.42008786848024676,-0.23512581961479737,-0.3740869258655606,-0.28087438397378234,0.1799334166881279,0.46954964667908894,0.5767464124165784,0.15284873025626255,0.14712298099881277,-0.14782386460995464,0.19864585806456422,0.05305692792566097,0.25016696254972987,-0.44950212375459103,-0.2981287881302858,0.651941246063268,0.2400926490294765,0.46197172105104617,-0.4548506952937378,-0.6019422123581529,-0.050773937105044166,-0.10152404433557491,-0.15074017215806612,0.4824350767371989,0.7191164549670798,0.6069899581648179,0.38451881730735316,0.5188622391438649,0.4946246581889372,0.098784349073204,0.09921781374504896,-0.4685710078797952,0.5594277198720233,1.9859265909231985,-0.4778209343667233,-0.294606105505472,1.6562493446688544,-0.7466367934925592,-0.3190455888598739,0.6931258642227803,-0.4930294420324485,0.7387864518131717,0.5439657665471084,-0.6210237143490956,-0.05914219755397616,0.2373459729911944,-0.0021628947205973807,-0.37227239252029976,0.6147571791689748,-0.08231538105961751,0.773202456399027,-0.0711883611956481,1.445812784611818,0.5492289850645843,-0.10061979210134327,0.24415532250163896,-0.8689901209902302,1.3726114144012944,-0.48004106391359064,-0.34032797917697716,-0.606572382293722,0.676144909818664,0.28520360091886876,-0.4210232986585342,0.6014721953776693,0.5447811001880245,0.2350329494639351,0.8822167004573246,0.503246711706943,0.31421451062758976,-0.5841346115679514,0.030628085508971763,0.49059099057063194,0.275463034120463,0.3151983787292727,0.662969155982691,0.34390184148918085,0.3119855011927329,0.5442887905540258,-0.12289542087018575,-0.04199899794419796,0.4309971445820664,-0.15790779880636668,0.0702560194669643,1.1527385624164914,0.18223703855807774,0.13986718344065766,0.13602792252828508,0.009546442925704056,0.4781631111672666,-0.11409359327525537,-0.8634083776836895,-0.603543358678202,-0.3420332405438215,-0.0514329421126407,-0.6825412618700663,-0.17166290368398582,-0.699277915869637,-0.69650426575011,-0.2876258343223829,0.015724119499661182,-0.2617112885413361,-0.9681903587379097,-0.3266703717311585,0.0503093320977743,-0.6049456554080431,0.5947687181338535,0.0375999238415833,-0.2639739512225735,-0.0029292331076400248,0.8530860037729915,-0.4971477505443981,-0.3069864117334759,-0.35026309970873143,-0.27067235947382,-0.7155008568379788,-0.6041142948093114,0.8010368970446772,-0.4036828718942113,-0.3216780178249436,-0.19923161914015186,-0.06494095831743546,-0.22065407927674463,-0.49069423009725216,1.2297763343181078,-0.2249373281442628,-0.1646208976916615,-0.06376660518688254,-0.29315066049441246,-0.3641979503752299,-0.4730468915242802,0.43549345159497715,-0.4627690230301526,0.275050407305801,-0.3530645786202211,-0.40687815922945253,0.08385712648339451,0.727675450410558,-0.6569929072249573,0.9308595744804985,-0.695788081020477
-0.22425309368730734,-0.4515606096067422,0.00365262432145889,-0.3067458570454714,-0.2984742563079934,0.3825830771423964,0.03431937657247202,0.29462304720001875,-0.2613405924532221,-0.4575713318934825,-0.7160768360923817,0.3552557154741861,-0.2818815353983291,7.178877050845539,-0.6650333647459568,-0.4340717767126041,-0.11563542856775127,0.8396525518828947,0.09309430669018137,0.19684413083191502,-0.9553930953863589,0.9986444977831234,2.5589833554156547,-0.5679674647619557,1.9499962474194676,-0.11857483897876124,-0.1892768290727067,-0.30232298796905577,1.0088824211542873,0.30335874784619954,-0.4770965602129052,-0.47637093067625197,-0.3038397730877025,-0.03118936537763464,0.12544153847721531,-0.5751609329010599,-0.6738242641476212,-0.5273228935283542,-0.7859418665852199,-0.6222237814330465,-0.36400653113319636,-0.49994919284281414,-0.49858945680439026,0.3581707462158117,-0.3573779488706509,0.13193369966978225,-0.44393237244778877,-0.16174998529670098,-0.07667593752651627,-0.3666455647491191,-0.914310162490806,0.04627786181941122,5.405981318044912,0.12951326714908176,0.025171554168995355,-0.19311125103838847,-0.4698321745186006,0.8339859529386525,-0.8226354530763861,0.03532844820658035,-0.26344847764934753,0.9742946637710704,0.3202811144394827,0.4288495131730948,0.7865220944910288,0.050080911302345224,-0.26771508033336905,-0.3561191183351994,-0.39868762798145446,-0.04145650168511833,0.03298333140029016,-0.11728030024359894,0.4116220221922371,-0.4641103519602826,-0.8251183616089265,-0.32524288297776704,-0.12538467188427807,-0.01715830324464713,1.1158381899689191,0.14351271217981929,-0.44947933047595023,-0.07367231322479724,-0.14575076619831645,0.31351136518907285,-0.1641519925389861,-0.5791349119683149,-0.29642872530249514,0.10747503176589664,0.055755816355719384,0.04603197922869454,0.36915691071271645,-0.41503766683518734,-0.19148500009883251,-0.6228532132711379,1.746362780765822,0.7262025558943909,-0.19687573585334878,0.11928345535120832,-0.30515804155191023,0.09208691188316792,0.3872630860869189,-0.3529720081417346,-0.10598856475916361,-0.8123323099323798,-0.37350764035673684,0.0572945127485742,-0.7288639734629647,-0.5587299669992771,-0.3479953543975021,-0.5153991689388085,-0.22573476085753713,6.789219728756239,-0.014276134858319687,0.08551716673714008,1.1813106408574159,0.3428913841677468,1.054672031428056,0.5905176233991807,0.49817015970021805,0.5232250486016957,0.3366061865464237,0.47310142612446143,0.3693161339066964,0.7390937192252799,-0.26829525286709943,0.9315026891451252,1.1444504721082511,0.4156616910591006,1.0445807951391268,0.9538647222921157,1.0652206542766804,1.5260965915686842,1.5867339491958983,0.8366002130906206,0.1295821420780431,0.32331129776213957,0.9135068852248714,0.7724448671465743,1.5488279260627482,1.1957930295339698,1.1897818439346386,0.9813492190740093,0.9418877588455767,1.2959566977986583,1.18388782025565,1.3185759512831006,-0.37589329946826067,1.3265962139992413,0.8858744203872672,0.9575652826689061,1.4171108392766127,2.2231530635497836,0.7157750359457817,0.44956654384684364,-0.395393978383792,0.11612045701052133,0.5339681465866175,0.8749257431357519,-0.504865431295475,0.2332961987191209,0.09702714381491262,-0.26711950441788873,-0.3738915242793063
-0.6052511677151515,3.628697720751554,-0.2748147452815759,0.3251291311318185,-0.5268404601563773,0.12532764074598834,-0.7448704799899429,0.12139205016233623,-0.5244458489077839,0.722580873638672,-0.9841150377922541,-0.8071079346606096,-0.867622345638612,-0.6765026146667581,-0.69645427649436,-0.1350948194830209,-0.5818170064301127,-0.34837053005051954,0.48868895758136777,1.5263167844488499,-0.8657240780759511,-0.8567968559150861,-0.02465916098065688,2.011848637120304,-0.9723231128929868,-0.9697208768018466,-0.132528494386575,0.07165660937880793,0.060271079899628946,-0.4296630298731401,-0.3139298799543937,-0.5192410714238329,1.4444034548763611,2.6820151898874633,0.28820305881137376,-0.021570261117128824,-0.733127811051518,-0.16775175727345962,0.3283231900320284,-0.09728224473830606,-0.27862095539119464,-0.9492646884841348,-0.967820557298142,0.8313392670097763,-0.5363239362226317,-0.2276222589868023,0.16444318549672404,2.167031252352387,-0.364403051077038,-0.2589890858082609,0.26349865712377574,0.5464598126325524,1.7160197731127032,-0.9921635667390873,-0.19169483980385832,0.13311570264657857,-0.6296722408817165,-0.6931821179557619,-0.42902760314356875,-0.9425719143111169,-0.9021676860316905,0.22321603827932965,0.8176138171332457,0.06532080259969357,-0.21789452981428986,-1.3580584278155043,1.4837408626504849,0.6104759613510446,-0.334036790471123,-0.787726380031668,0.13410287429250073,1.333525099970148,0.20370893121484418,0.232231987943435,-0.5954707817263993,0.2001439342632296,0.21964628532440209,-0.7102695709127032,-1.1933847451000699,-1.38158119963191,-0.10830483572942004,0.42669237157205425,-1.3490607682311837,0.11191434290938139,1.2312107272643578,-0.2923734817155174,1.4010238377035353,0.7139378385291174,-0.4576917532456555,0.15092372882805882,-0.04885401879412243,1.0483718350954436,-0.6059119165895727,-0.5919494138642005,-0.6450245302930933,-0.1087437963473799,-0.34020839470253084,0.19247823291406985,1.3352027747382595,-0.1964185655467312,-0.2087160191568219,-0.7599756240319202,0.23576658498878786,3.409636577325999,-0.5443929286397825,-0.3310829082469305,-0.48030852699757914,0.02073637754220242,-0.48538077034841526,-0.8499692075828789,-0.3528536755291014,-0.5086568738540105,-0.04013224195601737,-0.7754709833306452,-1.3311689457002032,-1.0548244462117415,-0.9302296936701415,0.040495819423248404,-0.18494337636682479,-0.2001521526435223,-1.106536442784739,-0.8752000658691803,-0.33309568259984534,-0.45225373580002204,0.9581334805074245,-0.6641174853275315,-0.130108798084013,-0.0748506059021575,-1.1416853845252095,-1.0618809052475884,-0.10066161576548668,1.5847319408030887,-1.343906384866468,-0.5664393773053238,-1.3668901782355296,0.17974527744273064,-0.5020892904085986,-1.148868850320577,-0.8259027692790423,-1.4290110360547221,-0.9452007324293795,-0.4307596151927066,-1.2639601639597144,-0.7614340261319082,-0.27987938149700714,-0.9159909686359253,0.7796300516209947,-0.19836381706984627,-1.3870540366868604,-1.2036786096868304,0.1909591662017676,-1.273999551594745,-1.6659007532755439,-0.3023867507043428,-0.8860546713501215,-0.10668353355341147,-0.6704975077751473,-1.0514547194625787,-0.6647485439532065,-1.7576222452993577,-1.4331785056264508,-0.35598011038101146,-0.9406417046188741
1.2102758882629323,2.328838751661902,0.8578186411091119,2.661275612256251,1.387557296659473,1.906211673630927,2.282655326749881,2.4789161052410913,1.4996567032605783,1.6976400534252705,-0.40503275210322726,1.0101129337152814,0.9133083618834059,0.5475481781570137,0.8554694006843203,2.0538849227596363,1.326135273062317,0.6583875043644598,2.1889707179661446,1.5823070766367007,1.347257204805564,0.5566537156348933,1.4852449887343557,0.8789230403767255,0.17366869831196527,1.019502153044692,1.5356124195197214,1.2541910894649992,2.068962232220934,1.4242745348303651,1.5888124842604907,0.7006938053910701,1.5244271411560657,1.562295521960838,1.8805425247743441,0.49717507875809364,0.8280376219888331,1.0329942705265522,1.8549309198028012,0.6031403993276647,0.2677215668443696,-0.6019422123581529,0.6802719627753494,0.7796548127422551,0.6865061500102627,2.223842617228432,2.3264762686625233,2.296143339527025,1.8670116161333252,1.677897994983898,1.6700881458001389,0.4503449964203942,1.2041886610825019,2.272591262864827,2.0427822917420553,1.3809049056449836,0.5802843836710164,0.7640015284898758,-0.2700139989241107,-0.11729274189376164,-0.1513658106157264,2.25079241637185,0.1957194334145287,2.430568708792571,2.429283268528987,0.1156227062694223,1.3455986910843512,0.7441597181030346,0.660642412575779,0.43119357632046784,2.408361209231522,0.8677992932703059,2.473453552330123,0.997229731781553,0.46248060003578184,1.9506192123113237,1.6160963521236291,1.6098387565934429,-0.4609179935217774,0.18067396647448664,-0.21257367244244704,0.9171682165347187,0.7561632207892851,2.0319973486621468,1.5257289187058802,0.32362259311289787,2.1572442448370546,1.9797505000787623,1.458103006139112,2.3941016626231257,1.8468461529197133,1.4908538574313681,0.2848607484864263,0.3244087577356582,1.0789509266165929,1.7018305214455187,1.3961809767339861,2.316163993804422,1.7709214329880578,1.6141185854149753,2.047997728034747,0.4452114447272435,1.4048517629066744,1.804901643195197,0.7906162631027078,1.02295030157628,0.5008024997575545,0.5751441721537671,1.7070981517481765,-0.08179625001371431,1.854293259333635,2.265253890589802,1.0078674748648209,-0.35293021965897775,0.5362591719569172,-0.4218145401557224,-0.1796111614590559,-0.22112442047837833,-0.06777217127387679,-0.274187970420962,-1.0713287671644183,-0.7829618706121053,-0.9689185649166853,-0.515963955796767,-0.3860516812829099,0.6348861455777003,-0.2544239706040412,-0.5252732263806767,-0.5456490565140988,-0.8175163942677893,0.20759292841470264,-0.55892150667499,-0.5507465873088864,-0.0687717040213612,-0.7192060900168475,0.015428270546170592,0.7121014203991365,1.0540559509698686,-0.2759671924936541,-0.8401075277333099,0.013464868135264062,1.1567447214404847,-0.23647355584124663,0.1976821239024684,0.45209150420874683,-0.46357536757799267,-0.7505216860798513,-0.39492976362805854,0.3127546827153166,0.0037431874940957377,-0.41544960588756635,-0.8561507436675043,-0.43469741429807823,1.8549461943840693,0.7551218160042663,1.637307822307059,0.8827568515903441,0.4541003047698048,1.2553052092518782,1.6331483588326443,0.27681919429603513,2.107552700650699,-0.003019840159860526
0.7423730169874596,1.5982483828415064,0.513352041358557,1.151597065564573,0.9898737238397912,1.3426632324472751,0.9848371464580011,1.8685516014838404,0.6855157134467245,0.9836903971622656,1.2855109437610177,0.3361651919212007,0.21425711546111614,0.37029817712881813,0.6456294487801416,1.3625348047052235,0.6782124134917867,0.09433574609563117,1.7553041662861344,1.0255834675972233,-0.049288195153810666,0.6068576373752704,0.877675475371246,0.9021677513988392,0.594061349128731,0.28315149461246747,1.1414105489424717,0.8024848131406607,1.452848314080273,0.7581704852813264,1.1889797853801227,0.6121416851029519,1.0115485444606733,0.992081546103082,1.0777239719480702,0.02408778972641574,0.6603535936237769,0.588858899273094,1.2264607111064596,1.059845015617181,-0.15744363199249253,-0.0418342433229438,0.972207924495388,0.5992329777083344,2.1475714480978407,1.5266061440543328,1.4586255782889275,2.112083832895781,1.2984110832673934,4.957490317061579,0.9390622482436901,-0.17208381991468705,1.4488341106977372,0.26682959485517677,1.3169070300379833,0.7613105878459971,0.8829716454840901,0.7387692489043022,0.05697934196465857,0.2959470027081238,-0.0697443730981264,1.6451149914690293,0.29637582973010584,1.577833673117024,1.5202374448549731,-0.01820385245431351,0.48675337683797854,0.43626559837946227,0.5461652448830483,0.08344304201939318,1.41496469563457,0.7737210128801699,1.8657137259944137,0.622082570156769,0.432244611436302,1.1893635908451703,0.9996491664322091,1.2826217182913842,0.1497566503239241,0.6958198005589207,1.5080369164078955,0.3949578135670337,0.06364946355527182,1.4748283538877436,1.144953248079413,0.15459419396833343,1.4615146942915276,1.265047978353912,0.9746866183409949,1.8735591067653763,1.2579324001879453,1.0704833413919883,0.1325069889695628,0.18357303485720008,2.271844738729278,1.1872268680650029,0.9386617270633537,1.6450107248657935,1.1259848075618841,1.1601627534139536,1.3512808614951624,0.3457130611384299,0.8980579245928965,1.096477876138134,0.5237213597414405,0.6304038874231263,0.11365384782588421,0.34964536503579086,1.138371034696807,0.13602792252828508,1.3789923429899273,0.25191876961655213,0.5694089247472872,-0.4996660215775933,-0.1571909782196257,0.0980128145283133,-1.2152631319682294,-0.18408323011601135,-0.30432022267088193,-0.23642133344965532,-0.27735331756897663,-0.5712133086066102,-0.5228760552214801,-0.17122912981158706,-0.13151003960998342,0.7699337668121718,-0.8985671269167499,-0.093971788794198,-1.2029747482324111,-0.19234802140067098,0.1536824465215581,-0.6474235929771754,-0.69581495181974,-0.5325701595750746,-0.44722313769153244,0.9385681479190081,0.16567251319891763,-0.2503409973716213,-0.48677253740865484,0.09775465374417246,0.06718903577549026,0.1237384150470077,0.5434338157395341,0.3016779429605233,0.3288178491843271,-0.525810169980401,-0.6960446658929708,0.13171672828754813,0.14502230994199516,0.6333479070988006,-0.7011585621236396,-0.3251804858425858,-0.5632631137550362,1.2950545558140802,0.34974313949463115,1.187390676516506,1.0858905743213778,-0.18739852045998445,0.8757272464195472,0.9373587262267753,1.0166440766890676,1.2845528524298215,0.5381291443984474
0.1197180055179471,0.8193821973743822,-0.08938346338639697,0.3688465731150344,0.3772093791240712,0.6683714672599051,0.6096519269290918,0.9322151221599787,-0.04917702811440388,0.722580873638672,0.23347843912233174,0.0269448704281766,3.300830921986661,0.23031146536471211,-0.23924247615301128,0.7228122085962158,0.09935186877356557,1.2454015655331312,0.8421168956787872,0.8560568040961909,-0.39215597901416555,1.5553915332795452,0.15121460989479452,3.1245450381586015,-0.36106389629690383,-0.2472343446046013,0.4935127717928623,0.6263274719111299,0.7233752513804019,0.7600320401703861,0.7777508371215847,2.3425859989733975,0.5862651231257227,0.16258010095686085,0.669655350610816,-0.48509508998969125,-0.09855811513079658,0.1794760714856315,0.5054428593405953,0.25725583964288845,1.8054521001253234,-0.6743356877890784,0.2103153797387795,-0.12973111789216382,-0.10980099872300934,0.8928091437505411,0.8397201701873704,0.7683610490344384,0.9972988037581191,0.2171492977238646,0.7937221211755819,-0.29977238169985687,0.4038266105127737,-0.252466444468711,0.6204468940379556,3.999153516093731,-0.05402128750052656,0.08622096966514525,0.7195999940207427,0.31690611241050654,-0.5020956808972442,0.8709728224961493,0.5364240981699359,0.8871146304396904,0.8742065402367177,0.27398508331268734,0.031368253737097174,-0.0643488803233172,0.3200101536991196,0.6063177358206765,0.4364651763054402,0.2561579880096521,1.0455037313122044,0.30274514624265325,-0.29370810598295916,1.5834263123547883,0.1736762661529964,0.4149698402659639,-0.10091198678527512,-0.1865397753178486,-0.6081954914203472,-0.25059120040921795,-0.48987226680140283,0.7430740834883166,0.4569920513849289,0.458596413432562,0.7195639531099607,0.7268333783099844,0.27537027683682086,0.8297826578309223,0.6474913825492455,0.6649501723061526,0.5003361093616767,-0.09750215145789602,0.16435165027597637,0.5185313305097501,0.8039599686985277,0.9153661645477454,0.6150315479061566,0.5303715506313503,0.506790027242479,0.530947424419492,0.4893355022444623,0.5680716029098692,1.300765382601779,0.19722620293929452,-0.6202944947814286,-0.058262136131305015,0.4544552036946749,-0.21471790189105738,0.5334111517447073,-0.27491926209864215,0.008685537640314864,-0.5105417124905275,-0.5216634845825866,0.3563635220846193,0.6501769848453217,-0.2890053227702584,-0.330960157182924,-0.29905928414849586,-0.2167417394038435,1.469314562065005,-0.8022946094476853,-0.09316004577348788,-0.7337091603477472,-0.1693637870968807,1.2049448181087452,1.9693417933138317,0.7600564134639931,0.39659378168642706,-0.44924625235391613,0.2960878767044202,-0.22852671394477478,-0.2811194280815376,-0.08556160493216385,-0.29641846215719403,0.1184322042081582,0.6473476382772211,-0.5478105457192686,1.9551612132489673,-0.5342249838883539,-0.603973628915016,-0.4731462841258641,-0.4716398990836553,-0.37902295992576257,-0.6202573662889675,-0.9327894156186838,-0.5123205449361595,-0.6010835371477617,-0.3128752032662707,-0.5069769966823937,-0.013574323726782033,-0.5754770852982714,1.0251580753599208,0.34974313949463115,0.4824407180392385,0.029412925512977528,0.12069962870719737,0.7878294756877705,0.31920500715167094,3.3606089146566527,0.6715245650469869,-0.31561974306670126
-0.7447932139360962,0.7175138655282096,-0.6767346194975452,-0.5263039908119412,-0.012304626940580625,2.0026861525701247,-0.380311451982303,-0.564414206541122,-0.6843098251270051,0.34357809414982715,1.136106008751653,-0.6616004558390529,-1.1573203778449634,-0.4729604999878571,2.611018297645005,-0.6482311024118947,-0.9606208535424515,-0.4721322240713235,-0.497360557106527,-0.8513059498123897,-0.15140569026675954,0.20168840981619585,0.05691892000924703,-0.29390511565122457,-0.12694944602642286,-0.925617421387873,0.2074786542950365,-0.31579277494677227,-0.4929323195458639,-0.21827826338436274,-0.7544770326501291,-0.7082528189064488,-0.2904047009613012,0.6373389935195856,0.8192739631548103,2.746256374491061,-0.686671328410827,-0.6329037469778055,1.449059466467057,1.7776426640435312,2.402236025523763,-0.9120042959525023,-0.7281948376530166,-0.19829461945403828,-0.22640665734194668,-0.7119657784835912,-0.3642223375904694,0.02896000645174816,-0.6420956698216373,-0.43210814669834846,-0.8411795114183535,2.3429760914073157,-0.07537464372376215,1.2853340047713118,-0.6293467848300597,0.01891942287550317,-0.4308614072035778,-0.6138289256230548,-0.36117131625056104,-0.3936292041013104,1.7448504702796392,-0.4771604710184638,-0.540375801705383,-0.46240945390328286,-0.2800819136028939,-0.4461636151586645,-0.401202857347635,0.10076325058755371,-0.30288474508472585,-0.4331348617372915,0.5920724181477321,-0.22740033774527382,-0.4643679555011438,-0.4641103519602826,0.3306849769813305,-0.47519593619914124,-0.702393382604642,0.03527942205286212,-0.9469446023650753,-1.159006705771409,0.9780623086777662,-0.6379410633305099,-0.5136468137275962,-0.1014816335931626,-0.1792662839768453,0.42668978392146,-0.28495092843334857,-0.2876806080183532,-0.6510215707590128,0.10886402428910953,-0.28658007641314687,-0.17644646369974334,0.013635148977618345,-0.23157640161936954,0.18467126936702793,-0.6562020955272085,-0.03559158997969856,-0.5598923316044473,-0.12854776947340757,-0.5127272075162963,-0.338148125283495,-0.5185522823149028,-0.6141624689825761,0.4929811891538254,-0.21156869464085737,-0.7015212799033206,-0.6545652127154659,-0.6136809477033488,-0.5443041941551806,-0.5642198303710771,-0.4628547732194646,-0.4803293338398063,-0.03775500538846155,0.004031722878461847,0.2652993876498669,0.16138356022694567,0.9288898214188338,0.11051796009144851,0.8143237464183555,-0.06654600616638774,1.333847301707274,0.8304403496808443,1.1267602747305072,-0.8343154327317585,-0.13569235340673422,0.45859862563147435,0.8217216977886865,0.7290607858174681,0.94015893601469,0.2410718607669611,0.7870246661527225,-0.003274134666622425,-0.14934945505974584,0.812430730560922,0.7387193340261392,0.19982689549986266,-0.5142273883044426,0.4669958720586169,0.48144313228418045,0.5674055507849077,0.4702666783381485,0.042576535341973636,0.9472302370061896,0.5691421364634716,0.12653860263137173,0.4001969287564094,1.2933560681650882,0.8067027973553852,0.615715764036178,0.7339181731216277,0.2984513877260589,0.06392147444354138,0.9272009554952598,0.23907146690538017,-0.8518237076139669,-0.6227165183859804,-0.7295360846685478,-0.5411750026172123,-0.6507107046853359,-0.30965189660527126,0.41177819856147796,-0.7919341836996346,-0.7088718724109508
-0.18370140032203855,0.13895478902116315,0.389699313594852,-0.15387524032091418,-0.3369688660154152,0.4256248787601295,-0.24352959923431985,0.09805013557807662,-0.15221834428666858,0.17528837291045987,-0.21474062916531267,0.3408662295246075,-0.6557888465569488,-0.3843153471682925,1.0792846591687473,-0.049224783351769094,0.0840075527782208,-0.042359906486633236,0.20791697703336362,-0.3795910228754248,-0.2890156117619479,-0.17064704747273682,-0.38350845344667095,-0.11789249887720457,0.7200484555686184,-0.06874618108290875,-0.3302669212430492,-0.6381186132187033,3.317568315079368,-0.5146368542321854,0.8759899562386463,-0.0707507366698065,-0.4763197272878988,0.6314036988457244,0.006173290815192169,0.38102873223888284,0.7407424846333065,-0.29345176031816816,-0.059937301426994355,-0.012760696827238464,-0.42120026167906177,-0.07187353882557539,-0.23020633537308346,-0.43171707143396765,-0.3960835700041601,-0.01605866670621253,0.10156594634388418,0.001851469169941113,-0.11595083388357558,-0.6042668977175033,0.3321309037040229,2.497706466250018,-0.07537464372376215,-0.06221738005976178,0.8236326002582802,3.133915132403293,-0.33640826420242625,-0.18656101547336404,0.5852165446644767,0.25954507477554806,-0.1513658106157264,0.3962282363044213,-0.5896551921022105,0.26202007906752894,-0.1117840061712945,1.8905158548487633,0.05607385777078752,-0.4442164118894966,-0.5385804502491969,2.544255038441226,-0.21786381518616177,-0.6172580251521013,0.2542594101912914,-0.5264211534434959,-0.028513491212670702,-0.46802942635027917,-0.48902281637362544,-0.33105656630104197,0.5298177779950991,0.1394201349829526,-0.676927689744975,0.24834876378712314,-0.025596206208174273,0.1520218753440455,-0.3312491682252434,2.075843609845329,-0.06485589076848475,-0.1646136738713104,-0.4641623868048844,0.08190126864686854,-0.06805427560003971,-0.27797656767492,-0.2827442817978984,-0.4228442172650166,-0.3158517096869719,0.6175216688868619,0.009491710963749638,0.07859628753550044,-0.2844755862128828,-0.14937321314422422,-0.0319653833618364,-0.025445194236956327,-0.3471924518757738,-0.12985960672155972,3.0014571556906575,-0.5847412663066619,0.34250586781646714,-0.5377055732872752,-0.10776532816575018,-0.6866943901571748,-0.20403657939577516,1.986921663405831,-0.3164852754240896,0.6107853081542335,1.5969562795420866,1.7154999066249357,0.7282153411487451,1.2297819286792864,1.797311893928651,1.8928590028264327,1.392645149806127,-0.2138636578056355,1.5626139439262934,-0.033366519085223666,1.0518523717834392,2.254242056982298,1.1233474031398818,1.6587955058578188,1.1092900258167229,1.9993448393685427,2.161249763103122,0.947232290579497,0.6712757146137607,-0.505774147575379,1.7392541439668843,1.4214818885514602,0.11971003877252778,1.428403950768641,-0.6181348052946912,2.5400136810900777,2.505842651162137,1.9541157401203364,3.095147150815215,3.0665257176021923,2.166720683803097,1.1647195333302562,1.2487269902193043,2.6055919313173295,2.518916085785648,3.001047921743033,0.890604698610803,1.3979925423895405,0.9516481596880736,-0.24129725104180816,-0.6671167426663248,-0.027814965802007027,-0.38861941652040416,0.27521586185151486,-0.3726947741970374,0.20619204240307296,-0.2835536096771463,-0.25934460753948974,-0.3738915242793063
0.5931897572248934,1.0948028699238708,0.7803437729117276,0.5065454626300551,0.8033266317379181,0.7934540694111438,0.981312925441337,1.2208654231807996,0.9530482744776337,0.7212903550075641,0.23347843912233174,0.8926687812758547,0.4244028860538055,0.658002145923101,0.5895076845080923,1.0374540116351239,0.9777141002303484,0.6575745436546241,1.0736312898538918,1.1171083159063313,0.02569349142980399,1.3011199714978534,1.7763802866999177,0.5740425538819584,0.20070332119336345,1.2837893893138081,0.6238385871943022,0.4947028123936158,1.0451637929975417,0.4853973678199909,0.663194779778455,0.6612654158463984,1.037038049031224,0.752342743643535,0.6395139363245657,2.795999640241082,1.038964950957868,0.3672675212863845,2.3408510302835848,2.4698689025611933,0.9763393798628227,-0.11376303199024153,0.3306040362317637,0.9796437842814024,0.6050725150178619,1.1185917883057448,1.0732318854945406,1.1834903486012647,1.078763326903844,0.7211184559421904,0.8942982382109912,0.3035410223846779,0.49137110864774,0.7105764667367004,0.8594572318968018,0.941890603786104,2.7931656087874894,-0.30823404153820666,0.2231643099122852,2.4030734219148586,0.7920996023691469,2.8653270109162663,1.2371592309620183,1.061218582006523,0.9284783831936485,-0.10152353380061326,1.041412483650096,2.89020262602117,1.4422294096349468,1.0063026911624353,1.531890406315938,0.6836364317759578,1.2568796703986542,0.9018933287860145,0.7363247478155751,1.1153049591556845,2.2139994477013514,0.9755917238016956,0.08588532777511614,0.3904889760981104,0.4532726632399752,0.8790286993957342,1.6929250548495347,0.8813334993589086,0.7932145123531213,1.8579912686013542,1.0118889989966489,1.1382337386472379,1.3869052665952315,1.1354946666929089,2.2880135068226437,1.1558997229589556,0.6915523357080738,2.4759592184866572,0.6224359173814132,0.5824375360832235,0.5318623162782217,1.118945101588952,1.1887983576767172,1.625301262202478,1.8589614441566675,0.16448843403153895,1.2040693282788186,0.3647203171248619,0.4344754595116508,0.6740161857789367,-0.06251636921157482,2.7805079957000305,0.915825181923598,2.858859125345412,0.6257879750107292,0.26706192405494533,2.2300001208733833,0.14050572064177805,-1.0607863377611266,-0.15917268372655966,-1.0983114496095072,-0.2635547747727571,-0.8082042422958283,-0.5362070409647983,-0.3767646378550522,0.5264606971585082,-0.8267626548469116,0.43432375520556515,-0.5551820686169359,-0.16508357775273066,-0.8543670121322398,-1.0592363022760263,-0.6367315965724577,-0.937923782662494,0.2134003546063711,1.2344724543979333,-0.983417829787907,-0.663302165799578,-0.8780580362865944,0.13282021067640074,0.1498086939449374,0.261412494733657,-0.8824145256992065,-1.0757270783933064,1.6837391333073004,-0.2896964422827942,-0.4312326466580023,-0.30325919530984885,0.2916889365159659,-0.7581054928020833,-0.6153408722303036,-0.7775969063834508,0.21168162927794085,-0.49682404653888235,-1.060828330054414,-1.068038337949375,-1.1999338918630305,0.709818592015677,0.7801064478736913,1.2107127327864964,0.5207808596471486,0.5509494366217831,0.8757272464195472,0.5270365910488304,2.5490454304179537,1.0940131813403844,0.7179080073717697
-0.5728599839940858,-0.2777008639026719,0.3033121615022121,-0.37372161996131437,-0.3175711854732842,0.16390147900430369,0.2327503098532323,-0.20130192057939697,-0.2511500341942591,-0.2828508115543423,0.034479783131587075,0.24227206565314352,-0.39262936801655635,-0.41303887222796737,2.6930791894011135,0.28715910735220984,0.13236430714974226,0.5608248154691626,0.564391443011616,-0.22849972018940323,2.539489482879055,-0.26110885106432075,0.12822852197774956,-0.6213562989755896,1.3525563939249308,-0.5110068192409416,-0.40527005966119883,-0.5373117804427757,1.585961367932873,1.5631618115364663,-0.35570022765360804,-0.048578315915876934,-0.23795020364231018,0.4156805842848328,0.6325375738452964,0.058246497786554684,0.26188846401440347,-0.44775150398810776,-0.2365492342447509,2.856432922904603,-0.6533461898443342,-0.7539284680275729,-0.36341211570337784,-0.44407257405611555,-0.18251230114049685,-0.2639088545395367,0.3204159988177683,0.027739253526582693,-0.11595083388357558,-0.5979631428528401,-0.3842368972598378,-0.5991537062537032,-0.16495295272750102,-0.03352319317980088,0.28360387748390675,0.7666961638336839,-0.46190971219686666,0.1402840227718034,-0.7497277043480735,-0.3663252070357395,-0.5536053906034512,-0.16332171976178514,-0.16918721236752773,0.28954644796671547,0.8312481075209623,-0.6754205347104072,-0.5505860025198858,0.0007307282042540979,-0.2136943949013083,-0.5964184888096972,0.28535600806726547,-0.15308782818513053,0.3058917039976503,-0.1652228013342245,1.4545700521472413,-0.3982641587580641,-0.49740136062605556,-0.14681496478119496,-0.4609179935217774,0.5975062833431569,-0.6930406348178869,0.04000545085283176,-0.4441141698607607,-0.3637885311875153,0.21735341046453618,0.3364810161469497,-0.3553998701605156,-0.19643306392842416,-0.3235221974895279,0.18668947250940443,-0.15354571157887065,-0.20121145790348657,-0.6059119165895727,0.9989177148364736,-0.08789358008884325,0.12394095151066895,-0.005380857464192281,-0.18824801375985897,-0.14717476974232993,-0.17127432195055173,0.01665394928278626,-0.670088614344731,-0.24495088761386913,0.30043163349450575,-0.10696019207414044,2.5000281994019993,-0.442564391680365,0.3141244095417326,-0.15265663992827883,0.9964726146462828,-0.43110173405115504,0.9321338381741323,-0.5065405084683593,0.16303499598392218,0.5524856924953269,0.6297342373195617,0.6104388805339057,0.654921875139343,0.4796730515635066,0.7131844810848675,0.47715184293264323,0.06716273974109836,1.1514072497713033,-0.5379265750878228,0.6177515092894568,0.94098437355693,0.6206903657252502,0.7167122946788812,0.07880996899048996,1.067879747281274,1.3545636541672479,2.0011257428147027,0.9201332138136189,0.3859313552833164,0.5208045500734776,0.25028625818550804,-0.13489259391358202,1.388643768288815,-0.05477826070213004,1.224152205498705,0.661961097531205,0.9901626210621584,1.4580515575568598,1.1865231323364873,1.00907358728076,0.6527892204759111,0.21440865722157873,1.1077385696280042,1.4287393523179879,1.3547778813910976,0.13630217635441771,0.3809757654730818,1.3950267974435684,-0.23383700160244117,-0.49816057705818895,-0.3625176066460891,-0.7194543207896085,2.5717452765501685,-0.037389697731368673,-0.6995259880689187,0.115871252210849,-0.33934884957238687,0.8400207858329509
-0.8618240736752522,-0.3713678034424091,0.5048722413897445,-0.6661337906647218,-0.6216354723070857,-0.6597051788534594,-0.6502339226316107,-0.4001297203776539,-0.44941352815745605,0.08645505541483939,1.434903755025865,0.20331787729372514,-0.6796382371035299,-0.6765026146667581,-0.5249957702019892,-0.5692350043019189,-0.026519250794179286,-0.7961649443464578,0.20791697703336362,-0.2731231208807041,-0.7068650822059174,1.1594499335927848,1.2167832632077749,1.2788236895075433,-0.22255568984270852,0.19817857149908824,-0.6824927782294287,-0.8062897953023827,-0.11062517318212337,-0.8053566795144248,-0.19115708800632686,-0.6099626658742224,-0.6916440023797749,-0.4622756821599776,-0.5592143410306656,0.2478951863627759,0.29967786764757715,-0.6446055013023083,-0.5291696975320996,-0.994277638876623,2.0477631702498833,-0.9883433655616262,-0.7184340261076793,-0.5615114968141574,-0.6805832793604699,-0.4790709442010825,-0.42415676801632546,-0.6465139897671504,-0.4736706006813532,-0.7718874978786684,-0.04468516256381466,-1.3544374383611004,-0.6629015500996186,0.13447882232592173,-0.34167332497257047,3.479980872945008,-0.48587711070658446,-0.6342919432826007,-0.7497277043480735,0.21172962903009349,-0.8414185086531668,-0.5128350184807384,-0.7508512753585274,-0.47573536821276907,-0.13203520941434652,1.4841597274657463,-0.22619633362072492,-0.5055501035535775,-0.7378583295211933,0.15693747919725873,-0.570892714285986,-0.9488360662838558,-0.39093662174606847,-0.7144215084020367,3.8084176500106786,-0.8507463255380993,-0.7528731393474395,-0.7523594371753582,-0.2557720194913458,-0.15246524167529252,0.9689989878031637,0.2570729088037343,1.2890471595203932,-0.43599567852580323,-0.22557227072087496,0.772460012352294,-0.4299153685900401,-0.5804383997071745,-0.39483768869050734,-0.4037382989364328,-0.36900880857118584,-0.7675968782656252,1.5020417379175106,-0.6228532132711379,-0.5177524448185773,-0.5902494163906118,-0.6779737604859487,-0.5115302567380738,-0.7931140392973635,-0.4797964591934575,-0.6243063630315209,-1.1055799816613787,-0.48828913285209474,0.3727661566011829,-0.9260079179225208,-0.9320051253387421,-0.43521870077273256,-0.39029228957994316,0.23401640217487524,-0.3750030004509108,0.18083615017631272,-0.7749053096065881,1.5314403683684035,-0.7815839122132098,-1.3110505652802091,1.3603553298314608,-1.5175477029431366,-1.311271132616155,-1.073663379084774,-1.0814440900821198,1.2799200257082004,-1.275570091892349,-1.2025485133385756,-1.3613355063649129,-1.017240561764175,-0.38850471038344203,-0.695902993939101,0.08422169558462937,-0.6658613804283832,-0.11388239737167043,-0.6632321151670985,0.22131550689737176,-1.0153130700608777,-0.5146913878495807,-1.2021366434929026,-0.6452090188153812,-0.7176804565160068,-0.5162695789074319,-0.9465215568173081,-1.3593835116370008,-1.1296670458341176,-0.6880537575450258,-0.9819370819903899,-1.0500649057992346,-0.7573962190133412,-1.2431686665359223,-0.8440402982682721,-1.2200646610129633,-0.9485439644335405,-1.0197297664142186,-0.7920574493024464,-1.2798156817631887,-1.1629058705725601,0.8689538543064451,-0.7251289365708948,-0.6021775700760901,3.4857841783262153,-1.0113361657473356,-0.5302857804101282,0.14689247487142043,1.129133127660405,-0.7005744946451404,0.036979817108799974
0.5307008218966875,1.6190039670971936,0.1804318174528061,1.2129474423552957,0.8637916426883548,3.0102179803133216,0.963563145663743,1.6346522576337814,0.6041335120631576,0.7030680228024028,0.015943397744313293,0.54002548004519,0.13658466891331247,0.3280773135593617,2.2889824818516256,1.305869914404519,0.5166306213749269,-0.07305273240204574,1.620680197772964,0.938110636462534,0.19227195107787268,0.0999542214703931,0.8978987100019261,0.528413634666184,-0.3199734145348727,0.24640099521365144,0.9193510065883136,0.6673132415028211,1.206418138051531,0.6009025676198114,0.8108749143043005,0.8116344546365247,0.9100954062267405,0.9442349778051302,0.9786378449603875,0.5210294604301436,0.250467091415318,0.44416564259888097,1.0796492648419167,0.008537777526090574,-0.2892202678314575,-0.49994919284281414,0.251866850067959,0.24948025811366295,0.24901905633634155,1.2447972426902576,1.386484532334999,1.0886664272567104,1.0359568705647912,0.9063423824514871,1.1823498440224804,0.6923402953779921,0.5959644269884429,0.4585864164351395,1.1499351051561943,0.952065999503908,0.008233570472561397,0.30034887441055336,0.8013650602923762,0.15011185960258314,1.9969060310454136,1.5818790909976215,1.3928050633876983,1.3887165263062762,1.327559619859849,0.8202396211913621,0.48385642583474225,0.36765565408747236,0.5056369311814614,0.0017471870236309922,1.5669854530324812,1.366474132953625,1.724829096080367,0.981804140768801,0.7844951290329624,0.9731209044321902,1.1143135450739206,0.998974007498616,0.6957830955895917,0.5878512134492107,0.23566282777932598,0.15672309649540775,0.07000195131767797,1.529065338181588,1.0759353105077805,0.0270024159207045,1.1674588552109935,1.068760086785073,1.3901304172244495,1.509813920443589,1.1328426605121187,0.8590945803926539,0.5614145961694875,0.3111114757634426,0.4777886726080823,1.7876858856351472,2.994913088777746,1.4760429370564483,0.9563743345719288,1.2615041314844941,1.2920899063324731,0.7096182829661656,0.7548400137014111,0.6502745927469297,0.341112153791161,0.6775675489574989,0.18784623869962147,0.27506046314384885,0.915825181923598,0.41042618398493724,1.0850805129132686,1.0515893002997168,0.45159133476950886,-0.6088291640993708,-0.40972414153854936,0.8620300712789727,-0.4239000492515861,-0.47907190356505625,-0.5452237826015465,-0.3135810604049224,-0.05001995016751783,0.376027935564565,0.5631241237128873,-0.39950958791799607,-0.24209668451757818,0.6775352829716316,1.4377177809281185,-0.2903884629476477,2.334861663071457,-0.6150995025153473,0.24034518710594813,-0.49541774216153434,-0.3282537227114292,-0.3982071664876278,0.4459896970246189,0.1129869280748271,0.48609531856152227,0.9917460741293616,-0.48013971773179315,0.6442284678087169,-0.20949284655462805,0.23822613682660315,-0.1417215760025443,-0.2105805004499758,0.4030303482882652,-0.68648897142358,1.2634095975767872,-0.32871735447781897,-0.318863149819904,-0.016414757801536176,-0.3695506564910177,-0.6121010643319941,-0.05292576024977255,1.0283072405903964,0.30623889224766393,0.9199870353028043,0.5598387156826953,0.29143467645835813,0.6391877867017621,3.214832182921458,0.2569867326222364,1.2001869751252703,-0.12857263396986005
0.24783653953160034,0.9437264429185177,0.26319768702578306,0.49208652306019157,0.5167994098994995,0.439977282072231,1.209515809028516,0.95087474823728,0.3248765681235592,0.342678549259886,0.11102625804447876,0.30172372318618057,0.5851215048217537,0.3423407047759175,0.8732867902319497,0.6691522198549796,0.16869808016984708,1.8108855486634725,0.7450136488285218,0.47836055830996166,-0.011115549846742238,-0.07336359878917588,0.6008304146649296,0.6639499173942216,0.822406205240651,-0.03703757695818729,0.3411207332605681,0.5435504395342292,0.6823329525891382,0.22712378546945577,0.40511895306999807,0.3820758486101407,0.7823413091940159,0.2311061257246874,1.4901633534746745,-0.004187841460920334,2.543526946106957,0.1481345204539119,0.5720506715872354,-0.3591921190026128,1.2552201898341702,-0.5265025858513765,0.1759247949843369,0.2666059537949081,0.2842635775705428,0.6109025104786475,0.8245692261483456,0.6759553378062532,0.5533118733437086,0.6483398976492719,0.631622123653941,-0.07186839013744913,0.27002013756955345,-0.005699356574315625,0.4989867443916159,0.22936967013221335,0.5229881168119337,0.5149719986437431,1.0573378548931314,0.7805237678838324,0.9204598784521018,1.2607495760728569,0.516470297935197,0.7633347709736282,1.1292192585039023,-0.9495623355347175,0.18389538497228453,0.3123529411541983,0.5461652448830483,0.028663783411256912,0.6259832916947137,0.22838259045842912,0.8517229582549757,0.6084840707959102,0.30230493938988073,0.7524982796178503,0.22675343140760065,1.1195318861165122,1.0252334553316433,0.5577639867934581,0.424732485534276,0.3058334647609371,0.14683858278486142,0.8752745852984242,0.7171703898329825,-0.11509327506913064,0.709023130119577,0.8694417816022767,0.21372936778788645,0.7719712762000205,0.6164230655679499,0.8144133176011034,-0.11682689042858953,0.33754678699205604,0.018431911056381662,0.6729710933770133,0.5875434670443908,0.8372533436869318,0.7853653175643193,0.4668406352383207,0.5600314639671929,1.6676699358209275,0.5291072621380949,0.2885943465401442,1.9526164875122702,0.386042286322579,-0.2254475518451646,0.23411773515550152,0.7751568354232345,0.14114844082659508,0.14629811597482123,0.5555956606283753,-0.0027320768669905427,-0.10975427493465605,-0.22503102521433382,-0.25116813501978236,0.003539687784455305,0.498114386716614,-0.10393259717290812,0.022551409307588775,-0.4201051113522055,0.9707041258073416,0.10547393944516832,-0.09738717834648249,-0.028266998543893855,-0.06738028813228104,1.6830059951567744,-0.17354869623441962,0.6547425565015842,-0.21086018604989942,1.1713084606581003,0.11028971351840573,-0.1253055716789958,-0.3817081480988103,0.4699929125454506,2.2248215674929237,-0.04635207058789877,0.1600913841986051,1.5328119973765075,0.9269962718339873,0.6708710785306615,0.031456177165510676,0.2625166261109496,0.42076589343966053,0.09358380571198449,0.03531456922758434,0.34982676760867437,0.1505365944970529,0.47530340096364454,0.25922071805379204,0.0630472811084938,-0.17942519401861012,0.021591508520863563,0.9900632668372128,0.07050782622356515,0.5810619357412702,0.04604275338741794,0.8959806777584681,0.497990923469003,-0.2567262192340146,-0.1819446050462751,0.5351193696918153,-0.32586860322591993
0.39106012602681023,0.6752475334072134,3.514722109292305,-0.005490921099692946,0.0885949256779844,0.2359559024417832,0.7318188701529429,0.6250933995931567,1.2644728245995338,0.3217906842829748,-0.7031136744463142,2.3096404857391546,0.43976020634470886,-0.13352055749030747,-0.19497900786555022,0.32567482907516,2.680517386741664,1.7240830920557213,1.3654159054503987,0.8839953330904926,-0.301357598746118,2.271304071645729,0.13976866910290478,-0.19766393398748988,2.272586606919817,2.3038284372010436,-0.05661381468906563,-0.06491347878965506,0.3889251430817228,0.22082125542005993,1.067549476192158,-0.32820979466605915,-0.1150157692798816,0.5579158655515647,0.22254481572151044,1.8091741832755552,-0.45403737867704913,-0.08313094976280112,0.37023359770374753,1.0927228451998874,0.2954846785995305,1.6476045914466768,2.8637359895229357,0.503076109780021,0.4418664132020777,0.8177648258933143,0.5021314384762485,0.4667247168574197,0.9043269365025602,0.5273160247918657,1.9055175031185236,0.4167200441248844,0.12502911830730645,0.029670640264755948,1.2373924979608848,0.037940556564635665,1.1818858435332595,0.38642470222755954,-0.385318015363282,-0.07203529987380024,-0.36806488038932245,0.5182323737251854,-0.3202813335002913,0.692287198488153,0.8805833209780604,0.3575123047128119,2.041686399212311,-0.22140007885724333,-0.2136943949013083,-0.5214249148651428,0.1036460946341817,0.20720493265211007,0.7958354513328113,0.4944202378882868,-0.6445095169238578,0.20462718983822706,-0.21611930893555764,0.23661677464375813,3.918663490297613,-0.44293433361896045,0.40546427643021254,3.2648750142209826,2.3855289275816065,0.5372379694950538,0.005964806086092089,-0.5236183809123557,0.35159087730156985,0.35900096175002155,1.2926355355355583,0.6083160167267717,0.38379782876489926,-0.12807442950538941,1.6418451134702452,-0.5041415765414431,0.04158372649943691,0.32114815801378344,0.0387869034867003,0.4035667843538726,0.4855865371883266,0.22896720798131567,0.40503246311329955,0.07413547715283277,-0.19685890287908028,0.3647203171248619,2.1848346935704455,0.0540281712028123,0.4645327851379079,-0.15192181354269657,0.3821239741982353,0.1538047347738595,-0.02868181208819216,0.7585265708691912,2.2943059851126573,0.8950193033022934,0.08753378303738632,0.14988463546229036,1.3545109148223498,-0.3742594070808585,0.006681950270106021,1.6549643905332596,0.6438443598979385,0.23625549032113663,0.817932256944763,-0.409511527044674,0.16782047673171602,1.104384556737473,1.084093957282854,1.4634791162808307,1.4087617237263514,0.4442770911253167,0.4000821956068046,0.5823797872771362,-0.23777412336924272,-0.8262555939851159,-0.24990248908616536,-0.10656029987977773,0.019469041246530885,0.2082002561194204,-0.5571904220744655,0.6797917726361768,0.3328298736069559,0.27060693629690197,1.153627235467983,0.8938434181188231,0.44521828853502254,-0.2303035421722566,1.4956633992899717,0.7033609961225196,0.6541433960777179,1.0989758437310966,-0.381075040559963,0.46666238933417103,-0.3384043344280507,0.4588741043273196,-0.43982412445866026,0.05819308861209412,-0.13680378398152673,1.5979484806542497,-0.3164805168098323,2.5108007446768816,2.44781461811143,-0.026544564159433244,1.676630587509544
-0.5970674251074017,-0.28676568692378146,-0.3971809238255597,-0.2509211986663232,-0.08979730058689332,-0.14464368410586523,0.06106225440255072,0.3565697904197869,-0.43813555635365803,1.58896995131801,-1.2580666007511683,-0.9618113897880317,-0.3346489067112298,-0.7541931946375405,-0.8558482835557549,1.6986077062122502,-0.30601744341474124,-0.9962152677462416,0.1927565240951326,1.1642404879553576,-0.9553930953863589,-0.971391361337556,-0.2559551073715323,-0.6632265357826356,-0.940305044781864,-0.37492303166038543,0.39970175827045407,-0.5373117804427757,0.28444709666143037,0.07709490764279277,-0.49380575806382565,0.7084236622669032,-0.2904047009613012,-0.06859583600477284,-0.33770197321520734,-0.629693016390684,-0.1121779634380674,2.9438935580063847,-0.9017978294983845,0.992879477233,-1.0437947542023231,-0.6635844659825132,-0.4440612854690941,-0.32598012609780624,-0.23766906170932006,0.5710991526516486,0.24045985979413087,-0.061808485081277995,0.028515424906210275,-0.06148469903879695,-0.8997786536906309,-1.1275327580999628,-0.3314901634341565,-1.297883299041671,0.2538135168628653,-0.22032037101253046,-0.5399676814905895,-0.7733942552807637,2.2280963610850772,-0.26238904218019493,-0.4771024206565734,0.4580565013662073,-0.4930294420324485,0.6735990380094674,0.0340761708118599,0.6858160520234645,-0.49879195263870446,-0.24339772300606294,-0.7378583295211933,-0.3145555473962011,-0.08335135154183826,6.265821420266802,0.6995375934882974,-0.8094571500440473,-0.6319990335727795,0.06857265956191068,0.891687821379726,-0.5275668240698199,-0.6469384320509417,-1.4984158465365067,-0.8905785989085845,-0.6591159261833407,-1.0437649401046882,0.14662707215611667,-0.6399428869643156,-0.08844388173330553,-0.207342118398969,-0.08796609420397557,-0.14102762168867128,0.8516182292615724,0.5515708420192637,-0.17644646369974334,-0.22098725291698457,-0.0500050216545289,0.9077473514953509,0.6737022828275717,0.2664521849717974,0.041982202506294156,0.681194673664887,0.2787395830035265,0.9602866978389676,3.638184724888256,-0.3078461317937093,-0.4052586503806942,0.27287890217107585,-0.42614869475433736,0.4148034593459611,-0.023504465926829945,-0.4710257480415349,-0.5394280261305141,0.6764862476843231,-0.7929185868904502,-0.27990545962041546,-1.505455511367549,-1.2914640109876596,-0.9567336066582965,-2.2848670479593753,-1.8242207843103138,-0.37594408646701744,-1.6661081132440416,-2.0890412971752848,-2.706504397709682,-2.079406428595621,1.6024933658472051,-1.6850718464223133,-0.8337877676849962,-2.18594128101775,-1.6082625789918468,-2.2951932780803332,-1.8016217529860667,-1.2973795817830458,0.27590838542393864,-1.1988380203556137,-1.546019938515488,-1.805582937589824,-0.7259643639036972,-1.385177267778628,-2.544058099088894,-1.603754469284796,0.9220032936992584,-0.6963017136342076,-0.21903708519906742,-1.221956455932593,-0.47533031848782664,0.076719894451274,-1.4469267784553879,-1.7039679130051326,-1.468936151429804,-1.4618551477663586,-1.4736056108116913,-1.6801471966084494,-1.1925873570453314,-1.6748234416952883,0.1154327536996007,-0.14518729709252098,1.0765559722639488,-0.05029076742968887,0.6645459343887262,0.4603675949968603,-0.7805665951753331,-0.26700244921205835,0.8755901317472085,-0.0720546011667274
0.2710658342801566,0.7764273818238365,-0.1750261117179481,0.6026629934389328,1.6570949076528327,0.9066608096678462,0.34604651791254565,0.9493298017597724,0.6358595325575223,2.9115756718414096,0.8903348790441977,3.822246077005972,-0.12252219898995395,1.1507271994265382,-0.12434691598819336,0.5538662997333029,0.14704416653260696,-0.46329800612149713,1.497843794124742,0.7403671592695684,-0.39215597901416555,-0.05295360684103004,0.9211296312994068,0.7121184272998659,-0.2728623312914517,0.25014632510225654,1.5143420726295687,1.7192535262413,0.6850240581634593,0.08939987260752058,0.36507803508530706,1.2989704942863307,1.0620598297795518,0.17402503746263476,0.1262455610783798,-0.22544991630357372,-0.0605047274552113,0.025744558619816314,0.4707761363017023,0.5962693003802622,0.8491721604292851,0.05957103766609441,0.7398195280911724,0.5467825774749877,0.533474524540313,1.0039896333937013,0.4279620448079395,0.6165991867192749,0.9574458190367123,0.44634961547887336,0.17018551674126,0.27224257767063265,0.7502053862328891,1.7979091514562702,0.5421143760488457,0.6503461570312247,0.23085240188681871,-0.17585273594919038,0.7671364735479231,0.5166886445555603,0.9816620718664705,0.7899774347275641,1.6891345619016298,0.7854917889960068,0.4375934961913298,0.5565840760190134,0.38430296916163886,0.3918376557672733,1.0966589557834658,1.5479441717118443,0.8938243262778456,1.5443864670132081,1.0191657033216415,1.1875408307611357,0.43989862869792506,1.416327683351128,1.049726587165199,1.031132906871998,0.5044314886141203,0.463378706101419,0.9448363330893499,0.1615059601640812,1.4370580260565908,0.8151563451401819,1.3181028895650313,1.2003876210277393,1.0243850027690453,1.440727597213248,0.2788651049888843,1.0161083716149073,0.6164230655679499,1.3959741836273472,0.27276257752527,0.33754678699205604,0.5132686739196672,0.453499643230988,1.2307095258714005,1.3341623402848009,1.2891710487197205,0.9547992743291126,1.0016650096135469,0.7827468628308871,1.4048517629066744,0.6897417361527985,0.1996883410275007,0.21413735984959667,-0.3599458619153588,0.46744991754962845,0.6992010053362917,0.3884282154344406,0.2900489714801719,1.078730721474809,0.47798306804141305,1.2588229873775725,0.5089670278103734,1.1662076619764405,0.68017606855814,0.8526847665731093,0.2156718051218625,-0.19050511040394827,0.1703037933741157,0.94123099464572,1.0792498212105144,0.1819288042147403,0.011855641054548621,1.1456370981739037,0.4576059970359629,-0.3847971168948673,0.5415204924033858,0.513404331068714,0.8425776608260083,1.0786035280273156,-0.20836567512515292,1.314716295056605,0.03146155282729132,-0.08019027155251872,0.3893242587271133,0.13539525999200466,0.9505034178311224,-0.11725294161759335,-0.2713262599220715,-0.4430112955522027,-0.34998772359071484,-0.35908214270845296,-0.3354093672594828,1.2980122485499535,-0.9174407819001202,1.089119608171592,-0.45384037694449564,-0.21388166360458352,1.5338994362056944,-0.1261773156370878,0.32887787342343466,1.1138444260745903,1.5194694865408989,0.6918966399938287,0.5310524354806652,0.07602227180929017,1.057587573589677,1.4515923794177623,0.3114884215618263,1.2662886491894307,-0.24770615128190016
0.14992115626202185,0.7258025348815224,-0.1843822663664615,0.22500991870614098,0.12942940308415252,0.5090987219641652,0.2268481244384904,0.8778690710070559,-0.11880563818482251,0.22024725822958224,-0.29674333652050744,-0.36153313076679267,-0.46906614278819714,-0.41303887222796737,0.02477523763728194,0.6523955266873298,0.12494920613712042,-0.2550094330061275,1.4735538948275124,0.9708089254651521,-0.4769059244754924,0.7195497491236611,0.0930270088301732,0.0030920143898202045,0.2975121193843964,1.086634833198077,0.22713204459402536,0.24355570659835002,0.8063011737376764,0.07709490764279277,0.2719937302065347,-0.3563895975375586,0.16076428907429247,0.4832366418792224,0.2761272400579212,0.17856222002958635,0.24585790668553953,1.3134436260959346,0.385990417023692,-0.2929143229131587,1.5698195103367876,-0.9492646884841348,1.7087631693408158,-0.19829461945403828,0.19386229576751834,0.7116571983521535,1.4364916775705432,0.6450328587759796,0.2715040941752397,-0.07007721434546403,0.7591836479104442,-1.088169422607763,0.06598453808163965,2.428779267463406,0.5270709300162113,0.0051182716882735395,0.24600591419678114,0.31810263202666533,0.2907431388154408,-0.17708090394067558,-0.7709053654549672,0.9076547984025063,-0.5896551921022105,0.7348125483694015,0.31896334187772446,-0.581706359805446,-0.12332254187463011,2.2340556352207446,1.0380088129102143,0.2576348751022326,0.46755531008057194,-0.40958009404187107,0.9878919517858127,-0.14108808202945577,-0.28519165220985243,0.12644151021414823,0.0602834477408034,0.229041720358511,-0.7108097545997497,-1.5111144779886578,0.627173154797321,-0.37209170972046735,-0.07127345998078312,0.5737439901128851,0.1582961091678999,1.1765572037285423,0.6157718281814674,0.3256086168967145,0.20818952508118083,0.8171461433172358,0.9528338905381752,0.2688218404276524,0.1325069889695628,0.27022429607812043,0.5903354619702171,0.4087615309322271,0.06037632526809579,0.7544457966686783,0.12620806142442076,0.5468396403441029,0.4903788574157942,-0.22126164295910655,-0.10598856475916361,0.2834924042928133,1.0677234156005264,-0.0674489997659757,0.039910445710471275,2.1647632532201038,0.14449552653382006,2.3414352708376156,0.2173859508331004,-0.7054322913335851,1.8828623703087721,-1.133954010931611,-1.3913293477853341,-1.0698941410191352,-1.73212121944815,-0.9526230073339654,-1.1843717793638178,-1.0730122083192652,-1.6328992681566843,-2.1951103756769994,-1.2694957194168968,-0.247455686818734,-1.1249049369873076,0.7261190359145454,-1.194685911253224,-1.1429139925640457,-1.5046013182615747,-1.344347325147405,-0.9395532606552235,-1.5490112120856558,-1.3903806620533747,0.15327224903124223,-1.4129001238015402,-1.1093153505514897,-0.22133165534243454,0.10335750178410537,-0.5763739434330155,-0.8615679017514815,-0.982122001581685,-0.8163096996995135,-0.5138318024209562,-0.7661161151159949,-0.705919670027625,-1.136676269165575,-1.4198639124085761,-1.190176838597263,-0.8221170377173643,-0.8061295142977436,-1.1277378974624144,-1.445737983555382,-1.375735645627522,0.3530885872742682,-0.4862295802241448,0.4112338597602877,4.001886047277756,0.07810660053431218,-0.1700449130369894,-0.8195674055322907,-0.39490809362311596,0.28543391271731844,-0.12077464404151725
-0.3552674544721913,0.532202861630506,-0.7335747873475706,0.11720253680466788,-0.30798571096731603,0.35451927542254236,-0.22326867938975442,0.6349348565378765,-0.3882187792477331,-0.01234335655106422,-1.0924044533749744,-0.46456470959284507,1.5625511885789125,-0.4425716162259866,-0.14514069161861207,0.23053974865360377,-0.3935880054786312,-0.5573111188220599,0.5950894563868661,0.01991723077930584,-0.6707019473094673,-0.7551098591483419,-0.1673707083180789,-0.692081108340747,0.5929824585915426,1.45122230241083,0.04351184411112963,-0.4439792311900317,0.38460626299669054,-0.11292356919334903,0.13074035997759487,-0.40490669015993036,-0.2639252516719055,-0.026173238763338425,0.24285997380795962,-0.6434186070835123,-0.2793678742908319,0.13233428620549725,0.47662028636485554,2.0884300735866357,2.2913948559085675,1.8004625467947593,-0.8525012545592204,-0.5822734351532821,-0.344782686118594,1.2151213159607104,0.5129617559102089,0.3401672286775623,0.010564888020299172,-0.3560274198077314,0.004720731659142186,-0.4432927984952838,-0.12323531990909425,-0.6258504889696833,0.2585671886722792,0.27972904597753595,0.059848909807543246,-0.9353069975757691,-1.2101972609195883,-0.873251086731251,-0.3863690239004108,0.5427822991073775,-0.9709457435636185,0.5068348335326407,0.17337296504528577,0.6920369670032316,-0.543993715975104,-0.3711245370202714,-0.6544263288445937,-0.5861236260851893,0.25058475307284384,-0.38819928625859673,0.6851771129005978,-0.5917726842287648,-0.39308054847921925,0.03874012265613232,0.0467258515067425,-0.37512273813672536,-0.32407258854038373,0.5478307288121667,-0.12809651269216013,-1.0140116847008225,-0.9612223070412553,0.44534740640330345,-0.24134016560753685,-0.025505745199108525,0.29085729866221804,0.14616365339196047,1.035589989432302,0.6466213802147674,0.19784782861712288,-0.12807442950538941,-0.8176805220220844,-0.7919584098703214,0.04158372649943691,0.31014823211892656,-0.13019443792449797,0.4278168712257861,-0.24394732883057796,0.058584480377502336,0.20840572961052675,-0.5735420349795537,-0.3471924518757738,-0.23449792359296853,-0.4063997961036904,-0.3074747837609112,-0.30404005426109165,-0.48730952341912315,0.32635503928238113,-0.7167317949885819,0.2956715709306274,0.03547215391187233,2.6236834618601064,0.13295175921542854,-0.907814870170247,-0.8625068916939879,-0.27518644959857286,0.13733646655129472,0.4733104150952491,-1.0319805469846324,-0.7278321250415508,0.16511040203230806,-0.9307434448577354,-0.4270904712264782,-0.8594721752421178,-0.623243952218054,-0.11318406819664972,-1.4137503499138298,-0.45997163146019787,-1.0699955662493665,-0.8998484339874646,1.2812971617083277,-0.5207673854929403,0.2955411594232357,0.44627355120716583,-0.6247008972019831,-0.34612745998597394,-0.5536129718830893,0.20611947808894251,-1.068826402121675,-0.6893883542848228,-0.7892255582747796,-1.1817664335923648,-0.8739494287374195,-0.600660640051715,-0.5222349379292511,-0.37031831299251944,-1.1332531043320984,-1.3870540366868604,-0.9526781176922692,-0.7787036785234623,-1.2512520682468022,-1.1190676046231687,0.1036581052469807,2.3216861571161314,3.4118082849236018,-0.3187152243959779,-0.08481928011092038,-0.33869816033486067,-0.8548677407119775,-0.6358730998882972,0.03011054194865698,-0.4937374627124093
0.968007438070942,0.004899786841495702,-0.1976291256612192,-0.22229028198008605,1.1042397893610867,0.1296799475623254,-0.4166062109984454,-0.654908203725467,-0.18134621627592434,-1.4718471713449635,1.1756199110150678,-0.12938293306276413,-0.38012421398894575,1.2416719330337525,-1.070422645982008,0.296335906143598,-0.5100212156940948,-0.6288890931032887,-0.9706423908613445,-0.2845258041049461,-1.0536143907894955,-0.3122636197196111,-0.8788484886788256,0.3677272191562418,-0.5823179812587496,0.03515549054793002,-0.3000022332881531,0.45861400855942575,-1.5565085550622217,2.3258810930611737,-0.6669766432692571,0.9449740672905782,1.8044796280832225,-1.291600181209422,-1.2252288154561453,1.8753221076113409,3.314510362841368,-0.5517787269678393,0.09895017024017284,-0.9121544734683831,-0.8324994341005941,-0.24488240357588442,0.5935924288391928,1.6804008063253117,0.6576096976789244,-0.9335309957453151,-1.5730698431679921,-1.3923360338993405,0.644907251463924,-0.6105992411373822,-0.9046015961915014,0.029994647053051132,0.4134123184869243,-1.1286599849320782,-1.3027784088071663,-0.07872584204008544,-0.6729635930410817,-1.9208559781118548,0.5279415548703693,0.5199654903908206,0.3746098340034516,-1.4928687153200675,2.082188682918598,0.3304001118839724,3.293387575852704,-1.2117157096037219,-0.1470629029724772,-1.075084539084794,1.4501848029057476,0.8335028129026166,-0.7938134192431185,1.1265133605339888,-1.4060353773900625,1.7394785165423488,-0.1699257199063855,-0.0386690201328062,-0.46013011901617185,0.4614688885253937,1.1091166033018007,1.2012578279646517,-0.6849434723342402,0.6977212910303311,0.6276160398440512,-1.5849831579753306,0.296211321633706,-1.284025821624181,0.771014729327176,0.1651311019503648,-0.9429591815521513,-1.2071694636071315,-1.0100273973312421,1.0031779932235065,0.1703048127902153,0.6333710451508033,0.2932630967752908,-0.8007607551937392,-0.4992787039476366,0.6287694429697778,0.527998171247988,-1.2860646788554733,-0.6440754375603022,-0.3586288928959079,2.05962741324341,-0.9457024053646625,2.4224953516333367,0.4411780056616891,-0.902627941328432,-0.15192181354269657,0.02900625771150986,0.13087360518469987,-0.6267085654327063,-0.7630444756915223,-0.4105774616480166,0.7373678431897392,0.7119223880518843,-0.06152373404476475,0.6173282844512398,0.8706165689643239,0.9122690401150487,-0.10797498653512538,-0.13117187719451517,0.86678224734942,0.5315574769306456,0.11712488560609681,-0.04436489115340408,-0.9931766863189871,1.039927014150584,-0.708790657110325,0.10369535437505033,0.9514722038775026,0.5618500989860435,0.5924671935521995,0.5415149977521517,0.7988178770333827,-0.03045969619649131,-0.1939389683983669,-0.10349643974333894,0.8734904356391414,0.9771072031132135,-0.059741867708348356,-0.5255109123050903,1.3690588707600864,-0.4052516786071937,-0.16962807424299606,1.118622449518016,0.47348013893472696,-0.14410002135308986,-0.2523286128304493,-0.6130247789593932,-0.3030222225311073,0.8669200790595079,-0.3161100725219275,-0.2686174544162234,-0.26390853507524603,1.8438348378636233,-0.6756268887785173,-0.23761523979208451,0.8311260099754402,1.5095051219525024,0.03727812448449872,0.5165958784280845,1.4967514281372254,-0.08854746568613918
-0.6052511677151515,-0.2074001411034674,-1.0387584890095098,0.15268915195831917,0.3154698051542503,-0.4886511676397512,-0.07419626108214283,-0.03500520125229944,-0.5601302029315708,0.33455054826462066,-0.40503275210322726,-1.0267625194312229,-0.7910856701595922,-0.6765026146667581,-0.13815082992388847,-0.3128690684672679,-0.7682444707575781,0.09701436094799722,-0.03162946684616435,1.3060428766554553,0.4495519794571451,-0.08130388719761247,-0.49643360014095034,-0.7678259316288968,-1.1472285767467234,-0.8052629584618419,-0.05661381468906563,-0.364104953596817,-0.2205877704412971,-0.5172468552572338,0.02424268793973569,-0.7606525099322382,-0.40178484914974794,-0.2702448223493179,-0.27100226415490936,-0.7896161112502807,0.13018387357523603,-0.46775360596096116,-0.4972975780350401,-0.32083120515016444,-0.6798781721538727,0.978931156045757,-1.0964227097351238,-0.17829516238145932,-0.8677814785365199,-0.14330256109934833,-0.03549828978466983,0.10723772277643276,-0.4476207030789316,-0.09179272717349848,-0.28262373528039375,-0.2120891495831544,-0.3778662437406395,-0.31293233452724944,-0.30935985067074034,-0.6028326531875411,-1.0699342049669727,-0.8211796455067177,-0.8810232020342125,-0.8663410200851616,-0.5122321172082668,0.133797311985529,-0.8716697675575574,0.2938365901101297,0.005725791888051586,-0.19302880933818636,-0.6046084264190651,-0.4334494595298331,-0.5385804502491969,-0.18567553611228563,-0.18090452723669317,-0.7465517545405548,0.16113242751898002,-0.5264211534434959,-1.0313599622690157,-0.4969124540422768,-0.5314855372570724,-0.37512273813672536,-0.42195195533768803,-0.6463162524681566,-0.6533526634154075,-0.9130138097205623,-0.740528916031513,0.0036773141660555245,-0.409170632446292,-0.2106430444793608,-0.19662634199788848,-0.4794580667511612,-0.3665973269839501,-0.04053793495036472,-0.027640553690993983,0.07263819737267556,-0.9228394707706684,-0.6874019673572221,-0.6169878892406822,-0.3208190107338864,5.378802109685963,-0.10322331195164249,-0.3689742357956037,-0.2337299120104503,-0.21822351182671107,-0.40510481401214954,-0.4016986888897773,-0.03838983817087895,-0.16540092011202612,-0.08230276017777678,-0.7150546635222713,-0.5377055732872752,-0.6537256516335306,-0.6298783389866183,0.5149571446587273,-0.443567243690602,-0.41397850147769855,0.47966886818314863,0.8339620069671506,-1.1072872554423592,-0.09952012740081677,0.7426967863119145,-0.6078812978349079,-0.438884642059856,-0.9208834065698215,0.3850344036809287,-0.019427473705095247,0.6605723635997457,-0.267792103511111,-0.8054792211259714,0.0768442138984336,-1.3882599758410408,-0.8712887052941801,-0.06625943038213072,-0.36478817143074116,-1.0064170600668172,-0.7733970047257233,0.6630516051101014,-0.14796793663546612,-0.807975179997334,0.25149323423931774,-0.14738829854555968,0.5233281178769215,-1.0757270783933064,-0.6689492320312771,0.26770872778652666,-0.8817410850901102,-0.6888664449839167,-0.8004281409378161,0.08952270760605073,-0.6292433591561594,-0.8991047210633375,-1.116895380335772,-0.8470898625086503,0.30347057645201875,-0.8383767018739645,-0.9154543467949309,-0.29460988444926745,-0.8860546713501215,-0.3294875241173443,-0.7922287950321641,-0.6701414290381433,-0.4798950235676198,-0.6934595439480488,-0.5121919845669468,-0.4426104460703257,-0.4840207271314671
-0.6904613279833143,-0.18199996220203843,-0.047513002624820035,-0.18412550724650345,0.0885949256779844,-0.2133365873449916,1.9903218909354408,-0.04153213580539302,-0.44376594622714516,-0.04981134205085502,-0.2467326856424354,1.6552575422504268,-0.18780391280839726,-0.536515902902652,1.0333504702055734,0.0812621200860964,-0.4836251432712711,2.113836696387025,0.025837543522861828,-0.5229963024703808,2.1400046876127554,-0.37503248142813905,-0.4874167204443068,-0.027853752164515477,-0.9353585390680632,-0.6354670793437976,0.356577639250525,0.01567347829396609,0.23641619907441944,1.3872245281946531,-0.22999810864519804,0.2868744462304325,-0.4917283521410963,1.0666020342204305,3.3322608406443197,-0.7896161112502807,1.2374018343237,-0.3443880920779867,-0.0733737771434364,-0.04972165197690903,0.6932101200375873,-0.9416726506132741,-0.8746327860364528,-0.4565588251651745,-0.6302926350202107,0.05742544938704906,1.5559198733780581,0.7121726292877737,-0.24885479701833702,-0.18687602126831684,-0.2231656808252973,0.13517238787971006,0.10248101125252483,0.24074108574812084,-0.055446811659555346,0.04062988338757927,0.45450932921842396,-0.1637390465409194,-0.84172249729699,-0.5512082315228126,-0.5122321172082668,-0.07146951453527849,-0.4930294420324485,0.0670406821686469,2.043202657145946,0.6826899552937271,-0.705128276139481,-0.715285510613888,-0.614646349361765,-0.9040494561254468,-0.5942210359099509,0.3877430678970519,0.14099950998625668,-0.4641103519602826,-0.6700603801528779,-0.29323972829732337,0.5278138382859092,-0.6162522689598515,-0.9672882846748208,0.2834806855212961,-0.9389305938190472,0.13736333679106413,-0.7666789477191708,-0.22342135924148834,-0.7480305553838204,-0.9525263709599899,-0.16500246803638688,-0.3135863161032275,-0.18990379269672955,-0.16852340825028345,-0.1561618238600163,-0.6299258168837978,-0.7646723019752719,-0.721158856359305,-0.009204878693613637,-0.09720346107815105,0.09565939709137691,-0.2008341990666051,-0.6037423775208569,-0.37963984499739073,-0.3329219136145692,0.1842024355820833,-0.42988817017741804,-0.10756831556638778,-0.3688951830013348,-0.29818280577695316,0.5152851160494273,-0.6080234871311946,-0.6700721637801282,-0.6866943901571748,-0.46823178698134277,3.1981229375337024,-0.5918415746809872,-0.573021826637155,-0.9846064054808119,0.35487798333473664,-0.43151360788412074,0.848875223685879,1.5577839871359158,0.17508883238572953,-0.27735331756897663,0.167570293776819,0.7121096311228161,-0.2257641786451435,1.6517442269350815,-0.7857269983010235,0.21688927072430408,-0.9096836583215822,0.19866471050149925,-0.730696178217016,-0.37798650806399736,1.582084758671985,-1.3492938035407778,0.07919118960327169,-0.8633650942796179,1.3619941873590562,-0.5880179846757094,-0.0676988612770229,0.5675227529781203,-0.9410906655047078,-0.6859507139496498,1.3079646516186167,-1.03080146664037,-0.27784822030742384,1.4253002528743124,-0.4470402954437304,1.2939672677778393,0.7108349822125126,-0.6561284629325206,-0.957324028110078,0.21138554227650602,-0.30274216706525364,-1.2046945187833937,-0.4585723174958317,-0.5857287244000826,0.18754079046826064,0.5383260410901783,-0.2377874116097587,-0.5561725838872202,-0.8239071623428417,-1.2152738699072942,-0.40723791444944907,-0.36839411799236704
0.0705923949167608,0.7091712857514552,-0.6142490597480887,1.9355609344583242,0.9108236539028839,0.45847198420227364,0.4048064612874349,1.279945719434288,0.0826779526828805,0.4384317347101641,-0.5484092932002681,0.04786531853456684,0.002149415061937167,-0.22676803916785873,-0.06636273229909594,0.6336827964276153,-0.033385255071194886,-0.6757189931221833,1.0642631757138803,0.45926154422587134,-0.24107470757716773,0.21263666097524953,0.05691892000924703,-0.043669659124602495,0.10685027566215015,-0.14459592790787645,0.29585972166394475,2.2574065925469937,0.7792972249031518,0.7178814546188028,0.25951032801366286,4.182969132585393,0.16076428907429247,0.6857443878500219,0.7892158023867281,-0.5008675814637231,0.4461093940690913,0.14500219393906588,0.3283231900320284,2.341570852427663,1.8239849180375542,-0.5824057804498757,-0.39207024534364554,-0.12025363947737307,-0.055963497884864356,0.7940562483677482,0.9750536388277663,0.7255133969621818,0.44614134540332945,0.49030747443843126,0.15525907467360228,0.005383235206629498,0.1716947023034708,-0.24307655615421667,0.6028229966451355,0.28399582263939543,-0.46190971219686666,3.3944817662564706,-0.7151711928947498,-0.5468542613475055,0.49999539938048976,2.0398774044074894,-0.5896551921022105,1.2999054195227764,1.1504620544044586,-1.1688978824665337,-0.07262169408240002,-0.05690993095696573,-0.15747913268535665,0.4124901397210425,1.4321859953905223,0.14920964969321066,1.5961969927675297,0.027263826647844318,2.4216951443037096,0.499058423633577,1.633956319422127,0.6288944131543661,-0.2557720194913458,-0.43139830468605317,-0.8853827261073676,-0.5769413597879514,0.2766801738878499,1.8034553973607113,0.6282347521452405,0.47523244082330596,0.5090947459266364,0.3808466553120005,0.37172149053545966,1.1392576575701732,0.9440545280431007,0.07263819737267556,-0.2360719765817127,-0.03156740561324872,0.17793940565709152,0.6582481644030279,0.27879321869593926,1.1237893164621868,0.5808219826218834,0.7140340518858611,0.9293360341691245,-0.24117682168535434,-0.10598856475916361,0.1592213735945775,-0.12125575336590012,0.06379590558923469,0.9476795228390801,-0.06122368584236292,0.4507391501695527,-0.22280995609203033,1.07863697907571,-0.0792684265825434,0.14075969531253243,0.26676485969899894,1.998560829955514,2.3227523073899805,0.5971863278781456,0.450581515842762,0.8786824746963474,0.11868730411213892,-0.4829979593503808,1.3567898460564973,0.5539103606477415,0.08710695337906503,0.34672309965620074,0.4170905809116951,1.2313740684419368,1.8513919064282884,0.21980488056478117,1.1986960240450597,0.39576561082529305,1.8373348717539355,0.8294535521673048,0.8234135976382075,-0.1803362503854252,0.29116418873921446,0.10749135830292822,0.9366752186199941,1.0986760063274537,1.349498548905169,1.124556524173511,1.2222826047952937,0.09556380400836036,0.5800810679270737,1.3742041491418597,1.23473434819115,1.2737024970684128,1.2571251572063944,-0.008498412156240405,0.31152836672292755,0.1758811824936424,0.20702408873635925,1.7458427380034784,0.7407629779635592,-0.3527778220964038,0.4845350435867396,1.7763032075171667,0.5509494366217831,0.08385712648339451,-1.0426712644663003,0.146456013245533,0.4847189516819801,-0.33104846695596246
-0.40938619537247073,-0.09294629988491696,-0.4350687458179624,-0.41094057544508233,-0.3175711854732842,-0.05916388349199556,-0.5817880490270402,-0.14351341301041134,-0.42134650027249304,-0.3535320522947336,-0.7976297054971674,-0.8043597222176158,-1.0054282950532798,-0.15606643896607533,-0.7934720787477181,0.04503121579390764,-0.6835003466141587,-0.8600241423905899,-0.12877557153045358,-0.5024711699334038,-0.7254339376559338,-0.9537716282556566,-0.36691512415672256,-0.5047801368883024,-1.0812320037301846,-0.5021282334148507,0.4039323769673317,-0.2056453820959878,-0.08080711080310293,-0.28466708950673514,-0.7227770510783056,-0.4555066877833446,-0.2904047009613012,-0.0894760837241854,-0.661490317251503,0.3702486432303064,0.027436745793475267,-0.48454426776508386,0.32175041556682754,-0.07198525117961967,1.8184943708107895,-0.08214232048596373,-0.7281948376530166,-0.3954083691560032,-0.5363239362226317,-0.4152553230003745,-0.3995664862394685,-0.5103001623484206,-0.39704849285585253,-0.48910705389326076,-0.41348401251662026,-0.7071576932332789,-0.4489087723016205,-0.8405382427105021,-0.4908560901899173,-0.5978799620595313,-0.4308614072035778,-0.7225911022026767,-0.8039051970112173,-0.012248981863705943,0.08566703197604363,-0.09272540927880636,-0.2052250356744049,-0.0846457449890979,-0.7529104588886447,2.119465589418422,-0.5908833968765819,-0.4660964125820472,-0.09048241474187943,2.2910374687651145,-0.45897068886166703,0.0655796760255659,0.060787052807689236,-0.04867622317023931,-0.15145266457955342,-0.21322132816191178,-0.6682264672109398,-0.1958548948708633,-0.5717882702415358,-0.8608672000882338,-0.9389305938190472,-0.6698711234143369,-0.8046032922099344,3.684176190442451,-0.445185204759014,0.0789606174919582,-0.38592714648017395,-0.1646136738713104,-0.5798724423414325,-0.17180036450300398,-0.1853503426892226,-0.4439689599669132,-0.20122251034786923,-0.3111873465268196,0.19136245691504797,-0.7162834185299001,-0.44766960163919234,-0.2458136876505023,-0.16603607804186105,-0.5276691775422343,-0.17137255201924298,0.059461367736598,-0.15058214931410488,-0.6103934255530628,-0.42083183517655287,-0.3850334233195772,2.2867558756370037,-0.45844422748218305,0.42065381193841167,-0.5333511375443953,0.16212377604342956,-0.6612488038404102,-0.6499994801009056,-1.1161577982466262,-0.4245739670530512,-0.8486108299033839,-0.39891386972584236,-1.2259073940459349,-1.264973365997999,-1.2482414576959937,-1.251675879579235,-0.9511262987937146,-1.0687688121907086,-0.3224244816929658,-1.5046478145536104,-0.5807293667944732,-0.9012265656502411,-1.3744418976093757,-1.7698323609307056,-1.1119872958113386,-1.0472683206584301,-0.287101605418739,-1.2274804538729807,-1.0319436285994614,-0.7811085850163239,-0.299632924725525,-0.7342881878678134,-0.020467005227741097,-1.1480227582779834,0.22578634765978814,-1.0865902178501565,-0.8163096996995135,-0.9405558576136742,-0.8237496404693845,-0.8567580050892724,-0.6568984006863059,-1.520482934696245,-0.6206025150097859,-1.012114513192693,-0.8470898625086503,-0.1380690372567497,0.30902492608394194,0.532000570646174,-0.12626289667815968,0.376040521423468,-0.4996711539727761,0.8089390830347866,-0.6497113783123232,-0.11165901400175762,-0.7624783485201119,-0.6084372502043109,-0.35598011038101146,-0.704484042157937
0.7872737278567882,0.3684535441927536,0.5961584093331339,1.1195597651141234,2.5414666772723176,0.2773133522702227,2.1884746853469297,0.4812203626973983,0.3653665394822421,0.5510065429928257,0.8400125019937359,1.2338035278400419,0.011776630152235425,0.5059653809995692,2.005897179415847,0.8392367776259397,0.35835542241318885,1.6862241799307525,0.2606295077853163,0.3417997512268257,1.907719245382762,0.5644945100171617,0.6654929372677042,-0.07602226207015966,0.2734431690985579,0.020700067345642597,1.242797997963223,0.9958278542783247,0.4153573783068167,1.4033533910648697,0.20367959132217647,0.6532189753914939,0.6278007845663973,1.3510095544073506,-0.3435199338657872,-0.07569316445930112,1.5506102703714806,0.32028278168154867,0.005184596099022596,0.03649489834218837,0.008402498432787274,-0.49994919284281414,0.03662367305511684,1.7355247871260693,0.37715753469120816,0.2988002785022568,1.2097624028855205,1.465730696381553,0.6812315147826558,0.8315631007377365,0.33693319114161435,0.002444007092253676,3.4036842651789097,0.2206759925314187,0.5885332489138673,0.7143795036447925,0.6866751132188731,0.7293276256463647,0.6654225013575988,0.062023879594939615,0.05996684422270796,0.4247176036776077,0.8485687805976404,0.316466389283242,1.2012068593674194,-1.2863232747273858,-0.11395064984982865,0.014647283415209229,0.6084783831545342,-0.2596750860537081,0.44273039949870985,0.36234175697342635,0.5169802123522935,0.77532844900196,-0.25190367165383326,0.154524793318454,1.0570690246986796,0.6922795200495309,0.7683016071499501,0.8911606948498555,0.2991111154208345,0.6662703337325642,-0.2905386383615989,0.6949650889608168,0.24032264220377889,0.9194038173395801,0.2499799855404877,0.5640397240583435,-0.04582393635433426,0.2650751242618851,0.126940371461281,0.5769010821755631,-0.21105595820295753,0.10573810559129092,-0.09651143035173886,0.6641601231448767,0.33897043096043955,0.6764148988517196,0.4917192829105225,0.03800767145433616,0.3479007471144719,-0.14543244772092956,0.79749434681423,0.7950115573409273,0.3724690885384173,0.48708644758200154,0.7404390972752404,-0.14862801955686056,0.397662125644899,-0.24760176033259332,0.11562628178645337,1.9347183729812099,0.006411997408429455,-0.16186441430828394,-1.3011925729648808,0.9405815517074795,-0.782655009628695,0.13256528190259745,-0.8343774834415414,-0.39185392516250006,-1.0985321321528434,-0.24832226583659653,0.08576173319838729,0.21482992120057054,-0.6839123680017826,-0.854497737682043,-1.1191558873432106,-1.3112474686292428,-1.885385479347985,-0.4439377874273932,-1.174719469814526,-1.1618979089122607,-1.2016404875967077,-0.04277562221528167,-0.6514513945277758,-1.1136013048159417,-0.16257939516498024,-0.5576120700696937,-0.0015261138720987569,-1.1003147942384583,-0.5668885634399461,-0.7585798802343308,-0.74915853478774,-0.6757279048401827,-0.6810766583285552,-1.0878965905904308,-1.2423356772355127,-0.9949117815726124,-0.8530630851481947,-0.5516311463928021,-0.6691159748546675,-1.070136731370485,-1.134119340348357,0.20085123511870273,0.6285435638362548,-0.043831429116867444,-0.15101452057919257,0.3167372033537837,0.6051911728395841,-0.5111780423555621,0.06474877969914976,0.8012318263733,-0.45563604862485724
-1.1132753186840332,-0.47241744506580874,-0.9224739879933237,-0.32991179987894975,-0.896487466847642,-0.33154767912413313,-0.7334132533915687,-0.5741685058768549,-0.7764788689444316,-1.0546187651388506,-1.3525826318020213,-1.031941758418686,0.3655451435291776,-0.8827224909102849,1.0990947851603048,-0.6279784581015762,-0.8977148236045872,-0.24047559245722935,-0.13896604775072988,-0.398227574628152,-0.447874607631982,-1.0663593496725434,-0.7757892195639982,-0.8325460008910582,-1.4560422214027935,-1.1171870358067297,-0.8692024771315877,-0.9323362118171733,-0.34337115411942487,-0.7881550027571692,-0.5455463340812926,-1.1360454336668242,-0.9259873973542507,-1.0410026337269138,-0.020178009070401896,-1.5459064028711573,-0.8492164483552361,-0.543533789846455,-0.429882996495499,-1.0217984165546938,-1.171292794604203,0.19835371564223214,0.4930657562288656,-0.4948304953204574,-1.0455750160941732,-0.8002069238096032,-0.2906468501089071,-0.7539614006826512,-0.9198657757856988,-1.037904295835747,-0.12856218656197674,-1.5234567723545793,-0.4489087723016205,-0.7815556289938551,-0.43004686091289573,-0.7016769118658093,-0.9708444681192142,-0.33074014658893475,0.029087773231932453,-0.8908331895865187,-0.9021676860316905,-0.6003317534938024,-0.8716697675575574,0.32205895845927524,-0.4768722751282098,-0.038345987278486496,-0.830815856008465,-0.6943390237484803,-0.9735540346856644,-0.8251707140948382,-1.0830865686928415,-0.49831932376027294,-0.6812257010798082,-0.8494434233743221,-0.21979427736017737,-1.1164579506261059,-1.207034371600354,-0.96530359909279,0.834376582160532,-0.8575237550149752,-0.8548988759425012,-0.9479435928769013,-0.730276340326154,-0.7236178989498604,-1.0184441363380936,-1.0140217865803736,-0.7471386353762169,-0.9876263328320576,-0.944572842045631,-0.6786965164411405,-0.5584352093002106,-0.9589239779033998,-0.43130515041415246,-0.7559875699029082,-0.6593136081612395,-0.8862457010466117,-0.7140767716638661,-0.7723393629102883,-0.8975958916600888,-0.8021564009407159,-0.8762994282989747,-0.9075482995535994,-0.9559176187305276,-0.6385268810257992,-0.9502939165241856,-1.0802617230232063,-0.5135857126684337,-0.92551779065239,-0.7547655934467233,-0.8591023671639667,-1.0189786706745665,1.2013457830551244,-1.0266977736399807,-0.25847307478534126,-0.23580353156807532,-0.5504292647890626,-0.5691585181515181,-0.15647150182248956,-0.5781875508371088,-0.45582684282101826,-0.5304549080912662,-0.22940644254843048,-0.32042333167696124,-0.3419029271924774,-0.5455389587182781,-0.4656998847426681,-0.6754021711453201,-0.5483531011378118,-1.070845929953803,-0.4210417005681026,0.5943027497958961,-1.1072096262625566,-0.7906372218784078,0.05905272331255898,2.118609575272972,-0.6199482750013625,-0.39182783797779913,-1.0359165371242152,-0.2492525715652378,-0.1468797041931261,-0.5255109123050903,0.008814303238519599,0.01938625445765214,-0.2968566468409052,-0.6859995712375371,-0.49414352409708456,-0.5233637343665088,-0.13456482958100793,0.16027312614232908,-0.13606443230774393,-0.5821545140781679,-0.5939326168764005,0.9924029544096482,-0.4585723174958317,-1.1190055736538003,-0.9005956959543902,-1.0765503173186197,-0.8745756786798197,-1.089544961038381,-0.6187044697368845,-0.4704645061905593,-0.9697964987368616,-0.6871962656348088
-0.4445513514460761,0.28385142767412713,-0.05740380309743037,-0.32213433053562357,-0.24289818629236132,-0.558781092073777,0.1540967140220938,-0.04480772995040483,-0.08598583785661118,1.0781442195489814,-0.46396104146221195,-0.7127287739736006,1.4504059975935777,-0.3843153471682925,-0.23575168344395295,-0.1617919748314385,0.7099141027471009,0.8764070387413042,-0.5952084455970229,-0.18537655317980561,0.00745330560327458,-0.8897843594581711,0.4294666322828138,-0.07602226207015966,-0.5535701522912425,-0.25385962774830334,-0.4093468373927017,-0.1510116704879006,0.552953425006584,-0.5383716640189146,0.19260321763831506,-0.012526608570094215,-0.024072157119889283,0.30126662839372065,-0.2792880025890681,-0.7921963361672423,0.2573371838606521,-0.3443880920779867,1.365237018068607,-0.5207419516638149,0.2677215668443696,-0.09254446667206895,-0.06693237497832415,0.2001621658491184,-0.18251230114049685,-0.2456354928249143,-0.2335308411423865,0.026517422673748833,-0.21971398445181922,0.5273160247918657,0.3086254245407296,-0.716757546781274,1.134946763030114,1.922715691099169,0.13273988224520472,-0.35234704582539744,-0.26319355936885136,1.4063009125145023,1.228623639147642,0.12335192666138435,-0.003236230787411259,-0.22860065707478344,0.12826180531142933,-0.2511579164920734,-0.4428228900921811,-0.08354039784444464,0.1765081418886565,0.19187844188682812,-0.0774898699337646,-0.5759227816847629,-0.4268272728725146,-0.014760998005346958,-0.15819919220691897,0.09912845381594279,-0.10859450296036541,2.2707189263976244,1.6845817739537023,0.0860161611528199,-0.4029533732919804,-1.7225042675233513,0.7782665108929092,0.19437023943877577,-0.08118987885766733,-0.24289428677550873,0.15225669651535037,0.4062979997406751,-0.04572600538847837,1.2739095652441157,-0.35667065267675835,-0.19162947222968282,-0.3658450511849222,0.7140901445550482,0.07854320457613538,-0.14714919048811156,0.32918153743537687,-0.6822494791794421,-0.050936312113457345,-0.23929746883266037,-0.074016151264736,-0.23081673661189397,-0.28681625866421073,-0.4292001095209574,0.018816197507374992,1.1773471896033407,2.1180372134126375,0.7158356824063201,1.4184181324336058,-0.08835165180971442,0.7452623275523873,-0.38495060303165946,-0.24338790257216564,-0.14807943499319093,-0.35439555443721793,0.21937161813905248,0.3702300523523682,0.5527372262726274,1.200299080906,0.16220269450396088,2.4112634740627787,0.8372054172652222,0.8272497529996469,-0.10668511930885158,0.8726762924099343,0.1677347178229617,1.253836670783338,0.5390405572929766,0.13831925187440297,1.1307578595286794,0.500317687885911,0.25798154261130113,0.07790874799673199,-0.33802297911950757,0.0236537748228525,0.08140348145432488,0.28320584561827816,0.8624502401001923,0.4725759097207517,0.8663599453278542,0.0131752053235121,1.0052096900391578,0.25823480870784,0.16670121454358555,1.1166247900191901,0.7306337731342751,0.23242611909496402,1.0235020981306255,1.339574821815579,0.9404759764865818,1.0848307747762325,1.0336981626642008,0.6426473016556586,1.0800655986787364,0.3843739637656953,-0.19709483137002823,-0.43982412445866026,-0.16936592218413246,-0.44823713541877397,-0.10277902899002646,0.5820629301695723,1.2737433044802706,-0.335045748315611,-0.4606775467541487,-0.5271112945521269
0.8422076485022602,0.8308517264257608,1.9176511106494314,0.13001094960156873,1.4578269532058354,-0.22123638033145226,0.82897082358465,0.08918953326910734,1.7825160710717711,-0.32408548653440217,1.6475009463089483,1.1941085617171259,-0.4897617088395095,1.781389417447781,-0.7323042227855633,1.0374540116351239,1.6059018068628912,-0.654664977986472,-0.5162637060673679,0.7195927227931714,-0.601973578430889,0.6990422022941128,-0.05734408996564108,1.0492267975904832,1.2081343391191122,1.5194732401071904,0.3911967304865767,1.165491762715691,-1.098648960844968,-0.9055499983293019,0.4196461711493022,1.5855840207906173,2.53178816976826,0.12760966774099622,-0.850525286713082,0.494748496985942,0.1129571114063752,-0.13570814311717494,0.7601196546233044,-0.5950188233813952,0.2532281712836002,-0.10574005340435103,1.709870257908776,0.5278598854890103,1.4931983191112244,0.4089051979074137,-0.9568384412059636,-1.104168812107432,1.7027639569376136,0.013557322703748468,0.8471660721872807,-1.1225192436909075,0.9217029876949013,-1.2407069113781117,0.46690966515343735,0.5462990598274223,0.8526004970053164,-0.9907304338585785,1.1122771810332164,0.008541701775999942,1.0050328950032454,-1.0864449897100146,2.8171475820952345,-1.076068124733954,-0.1406373762249619,1.4815054391000395,1.7534616363771196,-0.8113637692250224,2.230155222638942,-0.5458675684948064,-0.7674989522698994,2.1176892249629695,-1.263446838739032,2.4130826443058973,0.5390733139404118,1.0195592018019186,1.2657040346111434,1.3801842370049373,1.155362590099595,-0.015372642421497655,-0.2799480500652411,2.2752583905382124,1.471474666333845,-1.0493285552253553,0.5566367667252861,-1.5205531591936763,1.2219497947913904,0.9779087513267241,-1.140624247431433,-0.3882656930501958,-0.8098742306911889,2.008647680332115,1.2463759749589338,1.2557914806922261,0.6536320132731664,-0.06885254036748185,0.1966326168731077,0.9812676932370892,1.7890654394570742,-0.7974008024285422,-0.24230382806478032,-0.2928190242838491,2.726141994927477,-0.529035235485389,0.5554810646376311,0.9442411366292033,-0.039075663078976024,0.4080226871182015,0.9423542444191413,0.5103928201049142,-0.33108368622443757,-0.08597521219817666,0.5037230865167844,1.0412343051075996,-0.09376349606309627,0.07922779002602008,1.0617774577868868,0.8160816082917148,-0.11782735081579779,-0.005758527894430098,-0.47661534797664257,0.747997896600092,-0.1769362584070607,-0.33284333671757693,-0.001274164389996656,-0.15869658731759823,0.7420074595856505,-0.2450517926336907,-0.08636779827051065,-0.002555029481455098,-0.6341433708996804,0.19190902259239406,0.2517119417857663,1.237849224322405,0.11065455252972121,-0.6081845273461722,0.35482111340872496,1.1311565983547207,0.5700757009229265,1.9637407128761661,-0.7721499639243294,-0.15330340825786123,-0.22233266220122525,-0.6844711873173868,-0.15243410036844593,0.4459649222410593,-1.0199225447853837,0.34618248097272564,-0.46394968070584824,-0.3636207751844024,1.0328003444291765,0.9614184425633905,0.01882357130092976,0.32286203494116744,2.255169977890511,-0.6124038946721081,0.5044264355942374,1.1681288734813515,2.406574766289364,1.4878996649264868,0.7869529345987406,2.0969166121075498,0.2530261458269479
0.2672267289358103,-0.4412580070769825,0.2916792604535661,-0.055738637084985894,-0.2611463312795394,-0.4490783251986969,-0.227298444435993,-0.6342561966615952,0.031058370443658775,-0.7687581276714456,2.6842336639171163,0.7119030610466754,-0.23278760872044832,-0.6041744150966427,-0.00361968841112102,-0.5132899419885315,0.12047569441860635,1.3858688596318587,-0.36485290172235313,0.4528314885759481,3.5801947635589477,0.2253494399434679,-0.42587179550250326,-0.2838810589629149,0.5029331107972517,0.41487115423094156,0.07147730867585779,-0.6557330692621163,0.24033093936438252,-0.8514928091214677,-0.24827909962952902,-0.4976111260359367,-0.5551653151873543,0.1811258219035674,-0.17406763046742096,0.7333856324055709,1.3211555631412775,0.8150155449010892,-0.5291696975320996,-0.09003220868906647,1.0034796555897305,2.0743824305436704,-0.24283478406531245,0.27000146612064174,0.08256679061017647,-0.484537079304671,-0.4008482290618696,-0.40287346104896693,-0.19121722076084122,-0.7934243669844917,0.034398557766030596,0.20978952500022893,-0.2920035780558696,-0.38964447654189854,-0.2853761253916348,-0.34455896368782246,0.8294257671072527,-0.412344048453929,2.6601629246484046,0.9734531931236652,-0.01007558073652109,-0.6566582921578541,-0.06711144207405506,-0.5277421203572461,-0.054532860534879796,-0.26808160827393784,0.352508164515462,1.9611478679634862,0.022001310263162717,0.9725468074468301,-0.4268272728725146,-0.031363857928849305,-0.3384723153467161,-0.3757635665772567,-0.4026784757464015,-0.6588774381798778,0.2776795396348241,-0.5031249884635536,-0.43479441346213943,-0.1814784261273559,1.3887758402430181,1.9600574686044008,0.252846146592182,-0.06900475090713973,-0.5490716717957663,0.8612996298812374,-0.6375127680666484,-0.4034080107896094,0.5476180118629844,-0.5733794430183434,0.7440588294801107,-0.2263791525432675,0.5839457309068522,1.6102677823146365,2.475612478651366,0.6846143378679665,-0.3783701421221327,-0.6620262871458494,-0.34739898243148537,0.1563170495818047,0.1876826112881597,-0.631816654663034,-0.3339362316173335,0.9898884977828686,0.9690093205873376,4.007857537723826,-0.1747559809214327,2.0599585333262773,0.9812372872191965,2.3199511254831795,1.0576296291348197,0.08315620515634223,-0.1882052463441724,0.3864122430726669,1.4299921916922955,2.52340438812629,0.16996049420126322,1.129852162272503,-0.095014505461503,0.8124282896978003,0.478877712076168,0.8010133061825941,0.19026887096008474,0.4247347340648641,0.06848876711067463,0.14807818843901324,0.6265522180217223,1.9121557422342534,0.10991227433773584,0.8882568577061875,-0.14179665208437284,-0.42800318715627605,0.12258096073761683,0.5340814412793145,0.292796204483866,0.6284811400221382,-0.10767117309327098,0.22273623730494987,0.2760497007523015,1.896903184907529,0.39545262729868585,-0.31089657329614895,0.5577089472678168,0.16094842527947842,0.06941077509534731,0.21474500344780584,0.6923983159400043,0.3863682610504339,0.6119317976432593,0.2563919351778251,0.16408955708103357,0.3714313360218213,0.13182029113630062,-0.36613313528270464,0.02789166993617695,-0.664859958706811,-0.59677708172258,-0.08481928011092038,-0.455358905886705,0.4054839233216323,-0.024809045636271964,-0.33111510312409653,-0.03326634355140692
-0.12814416952054405,0.4681793130432919,0.37688329110626345,0.02861772777315043,0.20724857832488386,0.11363795455176219,-0.017182628618011012,0.8228943520184475,0.0826779526828805,0.1531892640601811,-0.6903177840740979,-0.18611293688685976,3.4061972989110654,-0.02753714269333097,-0.03303058086526997,0.46625241798073946,-0.09904474753897016,-0.352350594314009,0.6284396632646525,0.19684413083191502,-0.19526522834185678,0.20395332805531835,0.5111666314468409,-0.10515810302502619,-0.7748631094396395,-0.18360387423252256,-0.10032760125994393,0.14419564374277513,0.7573697419443284,1.4720942053720725,0.12126582271151824,0.2758058301691479,0.7577703959618884,0.15826137461075493,0.37460609332504285,-0.3049489645027508,-0.3108555012080508,-0.14036596228934123,0.06308223720029023,2.117859714553236,-0.6996435299450613,-0.39408568268676797,2.0513994977484633,0.04670731425921816,-0.2780533697540548,0.5263119743236389,0.5440032503154001,0.15372522249725884,0.3102867492302416,0.6065006825298505,0.5287934322954573,-0.3709428816106209,0.01396025032371734,1.062167685043783,0.3254404537531147,-0.0032505522315683295,-0.13732076011781255,-0.09369145690667105,-0.11399416989513096,-0.7072643737098395,-0.45259075621576306,0.8640947207722499,0.27198757744912266,1.0412487283750245,0.27854807009739607,-0.6063447185699512,-0.1663837102596668,0.47884385859539874,0.4380268931351423,0.32535165002982974,1.1158075065795228,-0.13507620760503466,0.9975281868126417,0.30274514624265325,-0.2767544224104953,0.333005578286189,0.04399669303338738,1.3396479234535785,-0.6162862676884583,-0.11883078990223454,-0.8548988759425012,0.2954305422716359,-0.7051405696263565,1.1425065618794088,0.412111092669839,-0.6896660762529853,0.2424066873165278,0.7268333783099844,-0.20200634747154622,0.7686864141344462,0.6085192341543043,0.8963922675018475,-0.1866516401263754,0.22051296705281043,0.03775854767007771,0.11145466900320265,0.7203216398385545,0.7353483403368534,1.0520241274236357,0.4063533436799657,0.8651104278484009,0.7432058777574683,0.20217027981060307,-0.10314964779757946,0.08032958040131345,-0.14398616177398,-0.6641645780654969,0.17776750239697778,0.14449552653382006,-0.48068784361502265,1.3440456932806113,-0.5876271400598959,0.08949972333874341,-0.6011415179335364,-1.1146106285196329,-0.737486650597351,-0.8294445292309606,-1.0509904603688047,-0.4714211236972517,-0.5743314195803351,-1.0713287671644183,-1.25255957881639,-1.2129458012636445,-0.659866681191692,-0.6946874149321015,-0.3117774901958689,-0.6091462721984351,-0.7028511581058384,1.1526785446230974,-1.043947781667908,-0.9929732832754433,1.5115311614491067,-0.6053896263007752,-0.7589769517084702,-0.912281038281376,-0.3476994800340731,-0.13402842796315773,-0.8593130940295192,-0.747214944321908,-0.8295704950330723,-0.3986193139431084,-0.1950315627402792,-0.3054624653115926,-0.07554696151840928,0.10783109470188093,-0.7604400464637944,1.0473745533874979,-0.520197999123475,-0.44882848110945284,-0.2551366382019052,-1.017825429676672,-0.73232350435245,-0.8169816734105463,1.0220021304358793,-0.016538476138690875,0.20344607344752427,0.15326611702218654,-0.44530885622806515,1.053419797423102,-1.7100526215687284,-0.6932913255783181,0.26518118600900437,3.5084420636772835
0.7192475473310709,3.246017393416724,1.3875400676731195,0.5225831011793162,0.9214268234643702,0.5545651993651542,1.3100986056229516,0.9964028394771264,0.9636173412092438,0.7913999158986696,0.9455812910560937,0.904731690293714,0.10363787462341288,1.0182020357633494,0.5592795384097949,0.8506966175068869,0.9898502435700938,2.008134008502505,0.8435474681128516,0.9270233296175702,0.8593816149076536,3.4114911635552025,1.3294227778851873,1.9196982512169096,2.923054850201003,0.6461015673680025,0.7449059425045425,0.8190926987820139,1.1532494189293607,2.0554011520026023,1.1603343336594214,0.8464098068394699,2.0072691440648724,3.0646378791121878,1.0113432390712138,3.5689960846996445,0.8620166395735283,1.4480610754484209,1.525128860686859,0.5439345291931849,0.16030375897663401,0.04206314936025292,0.972207924495388,1.5434742110739992,0.9867267845152176,0.8591626274923023,1.0288543533541719,2.1052975350808114,1.1848032751355955,2.9099172728190648,1.5173627128612683,1.1898261181847765,1.6711184060165785,1.0188259046360377,0.9043791040536274,0.5821421039680807,1.6308397475933631,1.7616279661155916,0.5617485042461382,0.615377338636361,0.7052449029860168,0.7656694127354222,1.7376520857984916,0.685053503263517,1.6308309746658032,0.62343796746515,1.8644905658594801,1.3442483152082352,1.5998021455138862,1.3805525303864734,1.090698330315634,1.9883954955745147,0.8130576506923537,1.5937773021559596,0.8808382157596831,1.2315951885798362,1.744594606800836,1.17856703010558,2.0226907622004324,-0.5323197236478174,2.555876103803905,1.5083744866644369,0.9156286159664897,0.9190461852754462,1.7845504236743837,0.21405229500557182,1.8225989371162972,1.6209808635395888,0.5420279112000761,0.8700597030358341,0.79778833548421,2.058722923089365,1.312939761108717,1.4353483212469296,0.6224359173814132,0.46012787770418745,0.8951367956519878,1.0993961537829797,2.0786772131754274,0.7306408736605546,1.0053615958216113,0.2193417765628453,1.5605773144933026,3.4303511949401946,0.35467047719627287,1.8986599754023428,0.43284971558345836,1.2659185638206325,1.6651655302312514,1.079769567244709,0.6194262271400591,2.0124924893501457,2.1712099231852213,3.3205305444358753,0.5808269662470279,3.051340953628667,2.062587728150121,2.5893605985246104,0.5216949357329044,0.5896605247747393,1.3563061640365903,2.44265869798729,0.5635055564338598,0.2923072369636421,2.228683272075751,0.7048607817279408,1.984381757440547,0.9625727643156736,2.1811335902759783,0.527107654666141,2.814868505470744,0.5902947743341431,2.3820650724003936,2.0657438472761562,0.9505443052624597,0.8209750827835726,0.8949500518196847,1.2619891182724388,2.184764433447484,1.4055387294402004,0.16619320742296795,0.13382798853038852,0.7925626560715587,0.7000008627517385,0.17193160776807295,2.8414663218918106,1.7634023934611,0.9412423532139077,1.7372771548160926,0.7196303656999603,2.68277003920343,1.4175713387454394,0.24097288441713163,1.0345853480491127,1.2538786785797764,0.4266889358631349,0.4314127581578931,2.8388444660541263,1.5715603930118192,0.48664073668772473,0.961168468420101,1.257055947047153,-0.023041828303196062
0.033498501235503686,-0.2202913764370548,1.706523983688579,1.1574994081376635,0.0026255832278905336,-0.14094842105417058,0.8676182867722878,0.6071919761254823,1.12015554651253,-0.03217295355950707,0.4959655074042155,1.5546292342249435,0.8090894555721589,-0.15606643896607533,1.4960523981466656,2.503058775554042,1.375169829627327,0.2494231707426167,0.16181111475681123,0.49717938113357935,-0.24107470757716773,1.1376306911031016,-0.27127897531571593,0.8856161920423219,1.313631424547927,1.1882028119916346,-0.005535112046494632,-0.13331470842872464,0.5325006979043212,-0.025492971739240144,0.38853829260046074,1.1094511907357707,-0.1628680050913037,0.3317992622054827,-0.17968863499450566,1.852231330025449,1.3243217444982749,-0.40595512109350207,-0.5036080960500964,-0.5110984157692717,2.793989031320925,0.30234267391253505,0.5061373183153748,0.4460631012964701,0.19008151992274042,0.6109025104786475,0.41503405727809206,0.1845984185845293,0.7844406691769291,0.22414820626737136,0.23674763510386643,0.713648163173484,-0.10702510992779515,1.307314594962287,0.8632662619774567,1.4488820086606409,0.8355257957272066,-0.6811531868974594,0.2462007158100784,0.18501649073654217,-0.2551067033236875,0.4134008737089678,0.027001971128186607,0.45540147231485145,0.526828696302196,0.6743020744564583,1.1397837824563388,-0.40701772961234645,-0.27246575745928503,0.2332987338546309,-0.4374720938487641,0.17122398573341568,0.7245609733888773,-0.059884997218681305,2.2648627604781275,-0.44674189261126945,0.3821086060575863,0.18280449244499056,0.5922556189281605,-0.730832517404457,-0.5936939345705112,1.4099190286765322,1.3331068217733606,0.6425194717484526,-0.3061737757278142,0.298496737282098,-0.008296032597488989,-0.08796609420397557,0.6857400519353761,0.7235472085372713,0.20924066897333474,-0.11621399509220283,0.10768649789255771,-0.3230470548023153,0.7218004957515389,0.7975781411825797,0.15038523936391474,0.7417436080192021,-0.02139832302720829,0.28248106157411373,0.20840572961052675,-0.021421230236539697,-0.11698584413592117,-0.14793496810999884,0.6091964504925729,0.57508291329817,0.8294701369439975,-0.36873557657363565,-0.02204468628364797,-0.36518052826741554,-0.06628950375609906,0.09478784061200933,0.11851521279848828,0.44177989837438475,0.9820562635498761,1.0055183206801677,1.1630249024963988,1.9740033108510788,0.8675857408438487,1.2565964234740379,1.1911071908120314,1.5503476263405191,0.6670799473572289,1.7138917658435229,1.8447859965880395,1.1609815555798484,1.1368298667362386,0.8406706266978189,0.7028421959153851,1.3568499193565844,1.414480836677815,0.10845177293803224,0.8313364146428108,0.5510309629758001,2.809854949332381,1.9020275583917359,-0.08455561246882692,1.643297740339184,0.18497997927579826,1.598309613499571,1.671630486050724,2.2788596720565,1.834995817821266,2.2425909056615154,2.249710314393402,0.9321569215383598,1.5111028409352851,1.4268185247722551,1.7799063219210416,1.9222854537691498,1.6640695175564002,1.0715325204614181,1.0310435394137274,0.05559032842195219,2.074746772995644,0.4655556320319831,0.1010721449262483,1.7620587758839013,0.985004394972306,1.686215404172254,1.1079091939946322,2.215728631900426,1.4771766966916546
-0.2541199932278062,0.6816769559865838,-0.5102091517066147,0.036978764507786276,0.017376984183920693,0.18614730881635727,0.11631558476285613,0.638851012176302,-0.2922535400885158,0.41333520230802284,-0.0029460828023508225,-0.6255038599653292,-0.36778217532184604,0.13118162937198033,-0.19663810115872335,0.426021627101482,-0.2733066721394353,0.9848555921063742,0.5598058224789423,0.0017212743997052009,-0.10933684524987897,-0.2941404324283015,0.7082793905153868,-0.19766393398748988,-0.28955229112161857,-0.6252385043521407,0.20251597499961185,-0.059377588218364405,0.4412143487413682,0.21193154994553093,0.17237427117485898,-0.42488681169616976,2.389612769161682,0.1437580439324489,0.2417602670456937,-0.03838220058569451,-0.0851400497907623,0.023888667204057502,0.42909333773297104,-0.41446420381137,-0.29997209358955373,-0.9416726506132741,-0.4593711936231931,-0.40738755548763167,0.20885250528081975,0.3774223505572837,0.7745669807070451,0.515649325482053,0.1476239925248647,-0.25406393314996095,0.6902437782461597,-0.5685313518624023,-0.07537464372376215,0.2324338987772482,0.3476544905737503,-0.14713242468937227,-0.10420814949152271,0.3527857336683803,-1.0091172927673207,1.5972681212264919,-0.26763996752473596,0.7603209222998032,-0.4930294420324485,1.0680558818390813,1.8133173443439976,0.30736296559284804,-0.2890008052176013,-0.12589231444294946,-0.334036790471123,-0.3979513326055604,0.4111628449412918,-0.26599836510618924,0.7585909536401578,-0.2022603873265634,1.087437253138843,-0.06003569259604493,0.943492905306222,0.428396924021486,-1.0524671018662122,-1.0409476039353631,-0.906372454697704,-0.6275168011392716,-0.5547100786965636,0.6388630837835124,1.3071776244610145,-0.5271225201989999,2.746340862741402,0.22060177714544332,-0.008285065922116064,0.6193708108705042,0.3724270519029064,-0.03564224514035725,-0.7143379284313838,-0.2098526752896937,-0.4266829477067559,0.11920034936662408,0.15708300050981266,0.5430520154809767,0.12620806142442076,0.27122016300898605,0.4848616780641898,-0.23116842741317728,-0.15058214931410488,0.05972519484132037,2.1223200175797534,-0.2618409240896499,-0.1485230404974934,-0.25344601827233587,0.12589055346960126,-0.40523424324840845,-0.04733449509266866,-0.20610825368799462,-0.11409359327525537,0.7602774247078595,0.4818091107462444,-0.43933696864797367,0.9146501090574579,0.7020154446390883,-0.4230212262200586,-0.17937731227788287,0.846160725943126,0.8598098074369891,0.39918153853097565,0.021877902829366407,-0.27894260207694754,0.6643078910774924,0.6199971551709319,-0.054595173593968815,-0.24434894698191373,0.27802188197742866,0.6586925005850821,0.3335536476016058,1.8222820375206237,1.0591911003026666,-0.0801528682688016,-0.4628407511020156,0.45177215487994515,0.23228278058402016,1.0236980524042552,-0.8454237476198544,-0.11534613770448077,0.2246522892876252,-0.3911250909222916,-0.349043545442788,-0.3939628472150306,0.2845722337665869,0.6167966217060377,-0.4018301587555133,-0.32754233239554464,-0.1829099598686868,0.15483203555659902,2.1337082503447573,0.31223178536621543,0.3630271734848723,-0.4862295802241448,0.12176498740548809,0.2674101945939858,-0.7071629273341191,-0.25185282621014976,-0.8757909428007298,0.5600794640021016,0.1752652614392479,2.119661915137604
-0.7082882119360515,-0.4515606096067422,-0.4769556512845218,-0.025898091047094535,-0.8074081366828942,-0.2907391030041824,-0.7051572679215287,0.12428101647324213,-0.5362643021873691,0.04047410333830544,-0.8559799314502917,-0.2794918554313277,1.5628168658371697,0.13981001620785996,-0.7815453138353378,-0.5502890408141559,-0.6465140919376339,-1.0504644527351117,0.009500894935948686,-0.7651800941606227,0.8266631971874941,-0.7682777211537203,1.2114418473742241,0.28318008520148363,-0.07514965112997539,-0.48463698651124915,-0.34568242372657493,-0.8264408344332302,0.3923689791250861,2.2101613974718033,-0.6377154339114646,-0.7082528189064488,-0.6216979635365875,-0.5450600019145759,-0.5217256329228935,-0.4687894872101468,0.6877139476763161,-0.166539074597399,-0.5954286179416495,2.354503585782812,-0.30359069145117235,-0.8833957548747022,-0.9202556846132854,-0.804404511790991,-0.8276149274809985,-0.5066408432140206,-0.415038477534699,-0.40621175784529323,-0.5551351238270767,-0.9063926342124704,-0.5027187573102448,-0.4687315884022296,-0.519307845119351,-0.42199328492061217,-0.5802992586512553,-0.6381730920419275,-0.7551348242505539,-0.9657578436807223,-1.1299913042264664,0.7837255069261062,0.47213773084566696,-0.3652028033657032,-0.44747016992367794,-0.43878300773169004,-0.609093537099046,-0.18770252645696434,-0.6115276048205341,-0.15811075846945627,-0.6544263288445937,-0.6068091190739059,-0.6662596657321246,-0.26599836510618924,-0.22373720034952468,-0.4641103519602826,1.196337195782407,-0.6835808932840557,0.4089594232207953,0.6637860973824505,-0.10575152254328596,-1.5958130299128328,-0.8352049456131571,-0.6379410633305099,0.017891366614629655,0.5852575183562406,-0.7480305553838204,-0.41186461399211716,-0.5932372198217146,-0.5596772814426859,-0.4050870474731881,-0.4233296393236837,-0.24895935634935304,-0.7675968782656252,-0.7225526816666751,0.13753779098593574,-0.7336628778664127,-0.45494787070282355,-0.17991574473762212,-0.5435823458357307,-0.6037423775208569,-0.3599568791567773,-0.35926760498591087,-0.7430045895364036,-0.7178457599611586,-0.9150199355785518,-0.7844577247996734,-0.5137265550525649,-0.6598843803568011,0.38725471403259476,-0.7901163735212938,0.40861650474535255,-0.6485107654924736,-0.3818170467485603,-0.7770595935552304,1.893355742680357,1.5179490048892454,-0.8440329335796577,0.8423496970106376,1.455644590453578,0.021888086583129532,0.7984279163677712,-0.06050911166602965,1.3111126169203131,1.1495933713231894,1.3506271872704638,0.989871367413334,0.46554854139522983,0.8403591909356181,-0.1203895043285558,-0.031081643718712044,1.264456398746483,1.2842318470554543,1.347207097156865,0.1366973251043165,1.629102239836117,1.5875789544598715,0.6660091489816297,1.7382815111714736,0.71065627608685,1.7773233811345481,-0.28774466935098525,0.24689532463361819,-0.36607991330412293,-0.4312326466580023,-0.06494095831743546,-0.45588812274908724,1.369857093307144,-0.9168367210561286,0.12215544931738699,-0.5436694777185666,0.10718742970412698,1.4172381345772205,1.210900918777814,1.9669038066202091,-0.7345439655799022,-0.61215927181925,-0.5920361122225518,0.6363436406642986,-0.37376225127151175,-0.8450947403567528,-0.37914900727036116,-0.8284787749237125,-0.4247996249738887,-0.8283178063675884
-0.4808259996474079,-1.3201145949599011,1.140280651893682,-1.2092955902318536,-1.7502557427625565,-1.6019491607700351,-0.7220451889931717,-1.5401836668448996,-0.5965165890919194,-1.2551645696223,0.7157111072325009,0.26141454776166206,0.9999830969681061,-0.7541931946375405,0.976367035073075,-1.5146327231259766,0.12047569441860635,-1.9564754160031177,-1.3935111031748495,2.3474032473780135,-1.0536143907894955,-0.12487201653906359,-1.355383950955669,-1.3343003463508214,0.47034048072789264,0.13869148913441798,-1.527148564128721,-1.4429842713036314,-1.1046953993556203,-0.20858710476070264,1.7809269065624398,-1.5777336782854847,-1.2626178440042448,-1.3473397919799739,-1.2299286846871307,-1.1347951515716683,-1.3473949804182517,1.3708110271059963,-1.5423588618093818,0.9956790163047474,1.3505530719090157,0.5375446092501602,-0.20536962840902653,-0.9287235690215977,-0.9982655705689298,-0.686007774735329,-1.0858015656499331,-0.4906217998526539,-1.1062925821818663,-1.553267455820495,-0.0987218838333731,0.14530998486505833,-1.1862874000309258,-1.4007879211051313,-0.7672374964369896,-1.0628946391409884,-0.5442582560425959,-1.425046761401799,-0.34931272194371255,1.2605991239622323,-0.9021676860316905,-1.4088522986495626,-1.4264068235376994,-1.5715360388253412,-1.341746615065832,-1.321500920007115,-0.4070849650709069,-1.1160040367760373,-1.262022264141079,-1.5139114136850365,-1.5989337806166963,-1.6976091848526929,-1.4985884283760742,-1.3925398844328476,-1.3250334368978274,-1.8655002451375593,-1.544182375348283,-1.7535350878613358,-1.3540254507341871,0.8950992126366354,2.363899038852546,0.5230601389186287,0.30317383114137,-0.27519231949875406,-0.965401342828831,0.7995647832722227,-1.609877755176998,-1.363370305396124,-1.2521598615541554,-1.6320231062914063,-1.5211561113153502,-1.4315873178481329,-0.5628223381057065,-1.0367496372402891,-1.330541226455092,-0.8262846692652909,-1.2540862816268954,-1.5997496414756176,-1.521110791661577,-1.6191966667484896,-1.472278533542716,-0.4292001095209574,-1.1449353990074154,-1.2736611097659571,-1.3589298319296153,-1.218979216804657,-1.138227928697946,-1.0873294059660215,-1.5243848850710924,-1.092987709720255,-0.9975978478842716,-0.8360283302362651,-0.9442036233827797,2.189110664062585,2.4829501473029594,0.17021216565325972,1.1280087195931188,1.7695789930016181,2.171926656883004,2.185225658775197,1.2066882821050704,1.3172383683578348,2.086271884044661,2.11390536664873,1.7969998978255328,0.8278837755729539,0.9198789717372663,0.9041000308206932,0.5850828531025142,1.9033029788215898,1.5870098229153984,0.8438811074573694,1.7351740773147635,1.5630342483938917,1.7079917844417731,1.130833204954975,2.500098582679784,1.1419490707624462,1.8449039961414866,1.193169014125306,1.8307151697129451,0.7943864866649747,0.8994099675754363,1.183681151984476,0.4690848211888884,1.8334900401814107,1.2701886366876252,1.1259760488848296,0.7622930874272997,1.188534151561767,2.2810643868639127,1.4143497198639206,1.9650749988826974,-1.8369096660765785,-1.2584057858246127,-1.2012286636856686,-1.5846540797543474,-1.3215728525093702,-1.534058530923843,0.19610989563523643,-0.8501213152425422,-1.5490812919847856,-1.2562662798792414
0.07968185713214106,0.9713117452086183,-0.07242515258670619,0.3101532716970635,2.439091781153236,0.9274213587534568,0.9401612209840282,1.0171242290214477,-0.02204331442628084,0.5666408949575337,1.8275007084198052,1.4265523812829741,-0.31415259160981407,-0.2026671367653361,-0.012864063951420252,0.824752940959619,0.16726785576433373,0.09701436094799722,0.9472884540776941,0.481516263262427,0.9443434102198053,-0.2418542219836316,0.28173855021799954,1.6934436976294411,-0.467072120590507,-0.003936299618621606,0.7058560053524051,2.9888656845628265,0.9130141018772262,0.4736333618194104,0.44460692859209866,-0.0412792278917533,0.4221313334270398,0.44359832221599155,0.5839911816833953,0.9969796514731418,0.9031920411015315,0.17271256963277118,0.6198018570365759,-0.2390571035410837,-0.4994581548959239,0.35343531952510404,-0.2948258241907611,-0.249828561607201,-0.2152621860769234,0.7840450544669455,1.1499729250285728,0.8610124971836829,0.6412179039538993,0.13403440315586534,0.901079534748475,-0.1303385435720836,1.2869669744112646,0.03796031184376307,1.015641797318269,0.3236862181427896,0.027327231562153678,0.17195552863188704,-0.7409762118298224,-0.6104436453783955,1.0081168141531067,1.039221152946814,-0.13419411212813018,0.9361895811969471,1.178203778514395,2.6892750610080083,0.19123942755700424,-0.0643488803233172,0.022001310263162717,0.043341848746469167,0.8938243262778456,0.1565840593901133,1.3591757554818167,0.17679894576858865,0.3349733805396551,1.2315951885798362,4.080412272973082,0.4874320680105523,1.1324721712279562,2.28444071741769,-0.4258460856964714,-0.13566449206522124,-0.680682396149974,0.8403807670738882,0.24032264220377889,-0.1369365255262266,0.7608872762688244,0.5640397240583435,0.6354136190105624,0.9757521570832055,0.7626409805719927,0.4011912745309277,-0.548862853437052,-0.4228442172650166,0.06426140984847223,0.555196106491566,0.2414504844074236,0.869613325189156,0.4978270479291898,1.3397919815618247,0.8814694973208196,2.494065062699053,0.315938168001534,0.3647203171248619,1.897819889945456,0.8765731352871825,2.178541292844134,-0.14207841277231667,3.063203357399925,-0.5153991689388085,1.6547469845282978,-0.25928443319788697,0.2471824459129818,-0.46087405836047995,-0.06366874081825243,1.4979461724783973,0.4143311750857765,-0.19810025948493182,1.1003892980374637,1.179441958057603,0.8063934666091559,0.9288098004610944,-0.06741035528819438,-0.6375681103484618,0.7168203009422937,0.12982180277507013,0.03420292837537489,0.8966012818274676,-0.553278452122973,0.7680704985181327,0.5809058793423193,1.3981683613127447,-0.2733663902507664,-0.02579833403144308,1.6188838962005951,0.35059067182858494,0.2604491057667952,1.4678039106025527,1.8223171825438371,0.36759122902963287,1.1967054226812825,1.0432963408367126,0.8143214758325024,0.4728228420596407,1.18388782025565,1.513771559048475,1.1653157054825147,0.9583136597746897,0.5334908895049597,0.7151240588846699,-0.1389304538667873,-0.10828940696542486,0.2803878111627122,0.8334573052214566,0.013290720598118439,0.3403380262836774,0.14901785541012535,1.3808367837422117,0.2701658210117595,1.4391291547223195,-0.4704645061905593,0.6566647249422772,-0.49048390607036746
0.6796404977059397,-0.6347135685230129,0.15125409817482582,-0.8519133359062819,-1.2104451984997378,-0.9120763805381545,-0.49686358653031587,0.8347482571348983,-0.1426101063409551,-0.21629662091737817,0.9258459582378892,0.06891127871075049,-0.5497443703816568,-0.7541931946375405,1.4898849049881,-0.7550887610497126,0.2445909098644834,-1.2265659458217752,-1.0105303392815934,-0.495701795827263,0.8988708751090292,-0.20250457181061537,-0.8093076275217297,-0.8925849480396604,-0.2095612667678921,0.4542166528971908,-0.6622755362560269,0.1903331501400774,-0.4929323195458639,-0.4047945892801054,0.23302934779324477,-0.9334685313154242,-0.8840256622371463,-0.5807899942255361,-0.9030199139624068,-0.2404542171275165,-0.07850483443900688,-1.0366421938621488,-1.0009076829228185,-0.7722259657843663,0.03134197863925673,-1.1472934384325153,-0.616340982087526,2.6492725222806777,-0.5822715296349036,-0.686007774735329,-0.7879235767251124,-0.9326065166968124,-0.33256375254116055,-0.08742252225719169,-0.30363620027167376,-0.716757546781274,-0.5501742719999133,2.363729587419801,-0.41601580810794403,-0.8415500070536946,-0.1151185680266964,0.6093298701886187,-0.2700139989241107,1.3295589656878777,-0.7219717931416364,-0.8118254093342597,-0.4930294420324485,-0.7278173452372272,-0.8265613972960327,-0.4928680302014332,0.19854077197846795,-0.8113637692250224,-1.026326558976608,-1.1984693327290794,-0.6662596657321246,-0.7738174829034078,-0.720084364112712,-0.6256843862299124,-0.888793319743015,-1.0722427006050204,0.5278138382859092,-1.1373720212553016,0.2954435453982949,-1.2584443329107757,-1.0328700621400266,0.17807092888727463,0.20685008917395853,-0.5004927139173093,-0.889287583121275,1.0402049153834645,-1.0190290554864447,-0.7699176669369105,-0.19334920911929515,-0.9061531259325544,-0.7866220939811189,-0.9589239779033998,-0.39500708177246185,-0.8676444406411056,-1.1598365872152399,-1.0590245852425986,-0.6311934871896263,-0.8922565034120038,-0.9447030402704836,-0.7832500771277503,-0.7052707662936012,-1.0579700570621446,-0.5496113320037888,-0.9226317481995234,-1.0447120372960597,-1.2304761133411384,0.4110299207160978,-0.7033895986118954,-0.7374162033572004,-0.48068784361502265,-0.960070614297168,0.16231198101732355,-0.4346211123233133,-0.09397690867817404,0.31262839968576844,-0.11557018792724813,1.017523397245533,1.603011055063089,1.9226098188385083,0.5971287515141867,0.5248923359725487,0.6224102520055753,0.4423995744824916,-0.7713674259993718,-0.2718270784377776,0.477028041520779,1.032738942748404,1.1174897802930102,1.2386627950596663,0.40654447256756665,0.746444196693707,-0.05338360681877615,1.0403473479707175,0.6646293703790872,0.49054571437822847,0.7047952013051643,0.07681540418260913,1.2174830448589187,1.0108805551512388,-0.02758853157626219,0.1223520988174546,0.1536890616494473,0.6445939146726878,0.6700247064164578,0.22187005210943656,1.8365639654880779,1.346071072203607,0.5237890431294955,0.5818511190503982,0.5455051436484659,1.6767048102762723,0.7187099740302512,1.151739764372954,-0.8889957227653451,-0.7251289365708948,-0.2279178950724484,-0.836288297906495,-0.11585191550343102,0.5346369112672505,1.1573643618671545,-0.003365534794490059,-0.9835194969042144,-0.5989119693849337
0.1327594797229397,0.012126099582803246,0.11564107155296816,-0.5357116909990874,-0.7514108913313997,0.09288215296048175,0.9865960737058908,-0.28512664758431633,-0.43813555635365803,0.2750173872071646,-0.6528919181401605,1.2026373389145208,-0.17438227572899054,-0.8381054135374143,0.3723538394266111,0.092188936283715,-0.43517602012669876,1.0876659964211022,-0.39440994360165255,-0.5229963024703808,1.764270534355218,1.3360494260876943,-0.07732713548258523,-0.4451247191829153,-0.992308173553468,-0.3052168395952288,-0.09082903717242309,-0.09296392733876646,-0.19353527826329428,0.2402332650517765,-0.5998967580192286,-0.10097800694166585,-0.21246069907175993,1.3397407354695117,-0.4990957772092178,-0.20347768850889353,1.3098075325263159,-0.5922909219075726,-0.33782376953028403,2.2640734216503007,-0.3879841711504148,-0.5087028755851278,-0.8525012545592204,-0.4565588251651745,-0.344782686118594,-0.13288761910620822,1.634322697634567,4.0878141974836675,-0.24150762001676596,-0.22487236125902782,-0.10462675478661956,0.640859586529964,-0.1821414121233689,-0.4721615568044158,0.22975568382050787,-0.559079518075587,-0.3091306590288168,-0.23205056664405202,2.0641332111740107,0.12993449697122106,-0.6462629177161897,-0.21431787728204574,-0.4035679707300494,-0.2896663151516997,0.5791032882554011,-0.1983857032085944,-0.401202857347635,-0.5287977185647909,-0.7164901186097988,-0.2294844725728284,-0.21786381518616177,-0.17132045575665356,0.4653721256988902,-0.29288513360270735,-0.3741841220177582,0.21355195297827226,3.0928827959160987,-0.5649609311471254,-1.0305733342986796,0.13928771421193867,-0.5936939345705112,-0.46493566502615,-0.33889874916570345,-0.3910742822011075,-0.36536805904583375,0.8333402179707052,1.6735804230099798,-0.5392065380024781,0.49537204120449796,-0.4352211967081168,-0.3914093068590438,-0.3866372531863466,-0.4069603609740829,-0.5919494138642005,0.2046247492019714,0.2857743268346038,-0.41756341205369313,-0.2655492666047731,-0.505382254241067,0.43125724136199983,-0.2618975047723467,-0.9482129287314788,-0.6477587741607603,1.1866896181777116,-0.685247833585336,-0.34068170130305536,0.3023375013449732,0.5259809092048985,-0.6700721637801282,0.0018341396461794325,0.03260022904528048,0.4440086245812522,-0.3576178685428274,2.093953106595973,2.722782067909871,0.5348134097231483,1.1601515295925162,1.5641371154281516,1.5394497034811319,1.9576053347068516,1.319681274062048,1.2324534971002268,1.7886587472466597,1.8754442635848005,1.5205480190217464,1.10809200616247,1.0240041546974312,0.9347879606599189,0.713575502014395,1.7801712131931844,1.5112205771102765,1.6501847110587533,1.5935601797980372,1.577064070145085,1.5637789952207175,1.4313274759990298,2.244838811692653,1.1941774165824484,1.7653014810827259,1.284448308178865,1.6492055746134446,0.811666244702469,0.895194454268617,1.2916238950802983,0.87905782808365,1.6907339901140133,0.6010050269297817,1.4034277808801634,0.6402942233111811,1.3431342659590966,2.1972793799477355,1.3374282813299054,1.830174237223913,0.6861739527897623,-0.8186796267037614,-0.25061895636593984,-0.8590579956913439,-0.005065717088213179,-0.6094163067299873,-0.4716692621034085,-0.36840768505115346,-0.18413399518926385,-0.625841973381486
-0.375264671245941,-0.0023674684000606185,-0.783530771225187,-0.4364874208406544,0.12271697634808378,-0.8271381137524739,-0.4444316028315044,-0.38307527006361447,-0.4325222541843584,1.547817303916568,0.6050498470733274,-1.222410922375183,-0.5748442386376778,0.6368227774575554,0.25025752857166544,-0.1350948194830209,-0.9405680634571456,-0.8170516331779789,-0.8849080154759879,-0.044930900107237624,-1.2210972327647667,-1.1026531763142682,-0.6391451474783724,-0.09257382142667697,-0.22895021891006026,-0.2774515491060331,2.0328268402778202,1.5387199079401535,-1.0455726250833561,-1.2456932474034583,-0.7761405092558669,0.3511885195553785,1.0670095585908712,-1.385914582410923,-1.0708762062828696,-0.935208643979581,-0.6302425240375936,-0.6168355185314075,0.5557245581118191,-0.9023418318761092,1.1981441721992454,0.16868536098146006,0.11767964890222705,-0.5144421332543204,0.14363252175705668,-0.8143457112234929,-1.2746244460363758,-0.8940333332414737,0.19025353038868523,-0.8152986419902268,-0.9167504951249031,0.6278993333108257,0.048942995781079385,0.024800178651031145,-1.0734253241583231,-0.26970625471317955,-0.5616160293352978,-1.4726061476012942,0.4380698777463501,0.9954632851509861,-0.034307094830895314,-1.048574749047623,1.5521743960874135,-1.0120757958489963,-0.5554751265163822,0.7717180440530951,-0.4248984226509018,-0.7082555789594364,0.8314375584294026,-0.5262708430671744,-0.6662596657321246,0.6203953768711888,-0.98145320801439,0.9609563941131021,-0.24376912687744456,-0.12048707295025211,-0.5979971932954826,0.5192915329165247,2.4917682207843797,0.31369982256915896,1.9577447075923669,0.07955739309970997,-0.5056525479535751,-1.0037177830800175,-0.3061737757278142,2.9847983109162,0.1641255296253718,-0.029412914400869995,-1.1330410402485571,-0.5515238426872622,-0.8927556596739576,0.4915382467889877,0.2164292454065044,0.3044018993062525,-0.25431431390886466,0.22895404708197628,-0.3214976485174548,-0.0683308732581446,0.28886982139405487,-0.7785713369841843,-0.44738806153582517,-0.7948296821902163,1.352665656066953,-0.6042127640643664,0.04433217621349352,-0.08981175748980487,1.8723523563192161,-0.24236415228941077,-0.3349633953035187,-0.15283395034225294,-0.6453711704980637,-1.1823586808737538,-0.34798065552768626,-0.4151477322379224,-0.6771005168100571,-0.8171123421369534,-1.0384215106816852,-0.29853948389815477,0.8849895093809029,-1.408960047495764,-1.1838263115760628,-0.48860685740693865,-1.1150048412844737,-1.0294940779232926,-1.3292500802643803,-1.179118492961266,-1.3169602121282145,-1.5515984193477763,-1.0414630136822385,-0.560499755092324,-0.8934669599534162,0.14505258780088753,-0.821522527463095,0.2543499691062114,0.5696309894743226,-0.7152631792437847,-1.2251127137229418,0.6190571121697497,-1.107445273610203,-0.45897352993983914,-1.3250225809398724,-1.3182612538887062,-0.9205352093362916,-1.1107581572666556,-1.3554021509251089,-1.2761180552304006,-1.6419064294044785,-1.0872007741263465,-0.7080912118558249,-1.0549847786135398,-0.3233958456799681,-0.6414354126241134,-0.5229811103004921,0.06168570456780998,1.1844106485495007,-0.6021775700760901,-0.38861941652040416,0.057021669842582876,0.9980875601998829,-1.1207662594111416,-0.30527455178139046,0.8629705096034362,0.12061323363811036
-1.469894861503397,-1.1849721258910677,-1.2760711045323445,-1.0922779516203305,-1.096666462207276,0.21602995494378424,-1.3839186448513263,-1.2493275302152949,-1.1491363788322024,-1.5261513910773983,-1.0924044533749744,-1.443137635962078,-1.5732968301150665,-0.7953099579653187,-1.2466848090176104,-1.265407382355925,-1.278116183445111,-1.3944332158312662,-1.2388168280712661,-1.3984410957215,-1.2210972327647667,-1.4843529539034506,-0.9272022445135897,1.6255883715067032,-0.057205366950293296,-1.2946655399601754,-1.467942436051959,-1.1619543646929729,-1.239343771950214,-1.6121161422491592,-1.1519741679774267,-1.0304107151331987,-1.0602250835652018,-1.0372817879562368,-1.2393812639406585,-1.6566513227621842,1.179541638872197,-0.7087369925859612,-0.29418992009046224,0.7988715954437029,-1.4570934711987986,-1.321152121828563,1.8093255716085235,-1.287050510999747,-1.2156999554020556,-1.4349470805354625,-1.1826375969175196,-0.8892864217218696,-1.2581650995592986,-0.9624113522966439,-1.4709809290582823,-0.7511685572218019,-0.8224429008794797,-0.5252328633045708,-1.3944755230527504,-1.4061446493406415,-1.54279342469118,-1.6861059622664571,-1.426861361598201,-1.2759095012057347,-0.8480269184562429,-0.8508980787315006,-0.7508512753585274,-1.0804558286654398,-0.9755993854002847,-0.3263099557281086,-1.2599940865489718,-0.9794213143723962,-0.9735540346856644,-1.5376779421767492,-0.7938134192431185,-1.1830632990981904,-1.1304900391271209,-0.8906602348548224,-1.438555864712654,-1.4286942957183528,0.2685724201957552,-1.2118739898464834,-1.120767670915251,-1.1607245756050375,-0.7477762371559239,-1.374355872548265,-1.3490607682311837,-0.884128985885534,-1.4201369352736004,-1.405832931713131,0.11057346141365372,-1.293660259396808,-1.6611605278486135,-1.2941080102363665,-1.173099866380508,-1.108480976341948,-1.1607943862246886,-1.0367496372402891,-0.3533938869576365,-1.3409249190772674,-1.0872285374368889,-1.3311423381044947,-1.3034170115968169,-1.2574709641050292,-1.1401277574200739,-1.386302992357083,-0.9128890483398843,-0.8701450312007053,0.3877891255821248,-0.5252234515890456,-1.3211309013414647,-1.0115955418858489,-1.4654614612643275,-0.9568392919192199,-0.9975978478842716,-0.7281473973860491,-1.1711624547408888,-1.774587184752974,-1.8724816479016935,-1.7535875762352786,-1.2328258330271407,-1.88682843395634,-1.7715807176979723,-1.8425865520991536,-1.950959120818354,-2.7287266449684844,-2.1209863622231224,-1.9035912346296358,-1.5384819319481853,-1.8983204197643866,-2.927625600817898,0.4255425259161578,-2.492265211232237,-1.9777832587466582,-1.766106332484895,-1.735289755595198,-1.9025957680103889,-1.7583813349345605,-1.805582937589824,-1.197169143863576,-1.3587626843135174,-2.4401327874711547,-1.7889246784961914,-2.0922033731822616,-1.4716895785734843,-1.4980860444769444,-1.6486061115836539,-1.5386972113313295,-1.637615477056657,-1.9299826085688585,-1.6920838082269203,-1.7742072260728334,-1.6525961328192016,-1.6973064648883704,-1.6355547817436469,-1.78900427983475,-1.9418424027468149,-1.0357116527587462,-0.9396023501395612,-1.3514149372518496,-1.0210181237546556,1.1138435256461656,-0.9795575038998304,-1.2313477096362047,-1.241550301616457,-0.8402340551068088,-1.0451765251054979
1.2744910396393383,1.2711039649701104,2.8067582966280717,0.6817862761599427,1.7230792434070978,0.48407194401337894,1.5923102091247148,1.0317288147582269,2.4617416622455055,0.1574317734717815,1.3460382677228595,2.053694939152425,-0.15786860093054236,1.772375233943001,-0.04261364214507828,1.6004247207554383,2.591601735313037,0.1312687930391609,0.7125722534342347,1.5742644583404217,0.4004691985951968,1.5183430564663611,1.5685637527046459,0.991904545289912,1.583821963235356,2.287976526175564,0.6078340117878496,1.3992801613792318,0.4689411859439911,-0.05491416841522975,1.3411394760461812,1.7072174900786425,2.506234977516296,0.16974532848204377,0.12383195480256746,-0.8360675242781195,2.6609641691063595,0.2533289478902788,1.365237018068607,-0.2252394694163209,0.6674490863389239,0.028676419945990676,2.049767956118608,1.3181618356215803,1.5684062997511339,1.2065130629756486,0.5917776459998109,0.28652012150968503,2.0724917086431165,1.205868729063592,2.171749590508812,-0.897446943611216,1.0948291579355955,0.6243949000109686,1.7649743735789565,0.7284023666417969,1.5212572547409857,0.8284217410855874,1.5810093983577045,0.01048968613365347,0.7456329309262689,0.7277324592006893,2.679441887613186,0.8631622815254925,0.5102359983470216,0.8143674134568089,2.460757309978762,0.9656059519097635,2.262288127813597,0.69110688618556,1.6857051476001061,1.8840371578241426,0.8536750183310092,2.4023813302681893,2.928774233782939,1.5868515398315743,0.9421566191802182,2.3784469526722654,1.5020965440886627,-0.41092870011141236,0.3857190211769991,2.8344850987919967,2.2253473543640956,1.178048785387028,1.4826169305794943,-0.5236183809123557,1.5291495982029337,1.868343520734383,-0.1601716780906444,1.0188479593918245,0.811102629519642,2.3317106332583766,1.608088269546999,1.5207530637840145,1.093815420538222,0.19111456253699727,1.3082714733278067,1.5311039633297647,2.147176306523589,0.5333832210160637,1.0453390025591824,0.510209243703297,2.640611625753474,0.5252114224517789,0.7275130212464483,1.1180872046362902,0.48765290361418373,0.6109128593187212,1.668314657484984,0.4861651401896941,0.6236712351875356,-0.3732485770937296,1.5429704965937867,1.4075292634820333,0.0077359057622068085,-0.017303728868524625,0.14016616451412137,0.7392250292624356,-0.36120387398621107,0.5099339766465476,-0.5703310780896206,0.7049114399052337,-0.26827342592913606,1.0743875130282816,0.44216429932764945,0.43746161599124334,1.0646334364441346,-0.05881706645921639,-0.6867349841388019,-0.2133645147522479,-0.5295778769358581,-0.9653307347637353,1.424801331135474,1.263799096039379,0.6175243965814383,-0.32913790493863015,0.9466964154110002,0.1158560857758529,0.7970293574716133,-0.27929822002391713,0.008573181092219795,0.4971804557353265,0.29393744887978424,0.5816357943103934,0.4973712587038322,0.4548400575892442,-0.8830167388319168,0.037507660541960065,0.13729772458310532,0.13627967251540463,-0.0034781465793492262,0.5494882622157559,-0.2913947485412874,1.7796593064357271,2.3947847960565336,0.6002466100892332,0.6725335202086524,1.0087571818344057,2.34444414031968,1.7307802007199815,0.4688584585096779,2.2424340586416154,0.38994048672445514
-0.4374317560521199,-0.2074001411034674,0.08160702829456759,-0.39010482284018805,0.2804420250663649,-0.5641552180750117,-0.35367018647430487,-0.4349133478624643,-0.2613405924532221,-0.43599012439634544,2.5430733928739984,0.12096434937043583,2.3059725236312594,0.4370942103909274,0.885399518007707,-0.0339894949211429,-0.3238750491912187,-0.36639262676176754,-0.46958612179141734,-0.20137834174902425,0.10400028122997475,0.2462507567414579,-0.3103377672663449,0.07674564368174573,0.41022041188946146,-0.10725386286292148,-0.5751882476102964,0.7856549892808519,-0.5832128931445524,-1.0145752511907202,-0.4980238521878707,0.015541359099045872,0.48412604484195343,-0.7406262576443414,1.9056121803115729,-0.6595658739172353,-0.6580175305798617,-0.5095131105422998,0.23304384952184926,-0.8907598982806764,-0.4471186632795933,2.525453180196182,-0.08884691668340264,-0.14891755231911194,-0.17181585652114162,-0.5263035210991001,-0.5278880419676001,-0.559822386591533,0.022559635679720996,-0.48330131026499246,-0.2231656808252973,0.31409134004334044,-0.09107427446296101,-0.5201644300852828,-0.6210303312427955,-0.2769553647667474,-0.26319355936885136,-0.3899937653242546,-0.29203773214960604,2.0857196896054835,-0.034307094830895314,-0.49486848461760424,0.7532157532911323,-0.6297538813321326,-0.09597091018292774,0.1893446685066237,-0.07262169408240002,1.9217520731276714,0.9299802812640441,0.3719456518537235,-0.1447575974658899,0.9986116129842106,-0.4971593681195734,0.4178599330545759,0.24036208106517157,-0.23737117807870003,-0.3810614713211412,0.21378066611054755,0.47555087260181894,0.16617448925485562,0.8214562634824035,-0.006763458103596147,-0.23276528261548057,-0.7093433836814248,0.8617735806204817,0.9454317901665766,-0.13413461613798605,0.8340770848650328,1.0637109567013605,-0.5866632036588106,1.1102819685303487,0.40962605898703847,-0.20122251034786923,1.7752719934613157,-0.29495697338226107,-0.18054648787409974,-0.266771806244917,-0.22635673795627798,0.11050682645223157,0.34430350413914534,0.5229947617815519,-0.7430045895364036,0.9684130762623292,-0.3366599145460447,-0.4305693039032823,0.1654729602119705,-0.8066974913272832,2.1734074359281434,-0.15265663992827883,2.276947383252146,-0.44422755570605743,0.39540564255441857,-0.46637233186446797,0.18968285541304655,-0.19508830515713818,0.6206008985810972,0.6133003278264235,0.27947801207545936,-0.31550071016089876,-0.41404548653733253,0.4108218909628258,0.13743152335185285,-0.13909300605543168,-0.16028610897604592,-0.4181126103995512,-0.39116387827829785,0.9885835107472613,1.0378854836305447,1.6047106286368629,1.306031711639435,0.004179950403914274,0.09744144900822009,1.4776946384898548,0.9392638030240693,-0.2288939145613971,1.335741082570134,-0.1702095634278404,0.37480462331168385,0.3144725500744448,0.1158216482143383,-0.49703589498955925,-0.603973628915016,-0.17446554691104427,-0.44611496522141575,-0.6664416762030626,-0.061760740833621215,1.1316245678241792,-0.13456482958100793,-0.023863373682565664,-0.37671178387646187,-0.24905149081730057,1.1656989831803375,1.2403112649975834,-0.11936436229539167,0.4316636499223927,-0.46732797839568724,0.6571815763575785,0.8597793356296682,0.18008472582099097,0.040195302159988774,0.45166439301620825,0.03011054194865698,-0.5913997749854923
-0.004832080903163372,0.5249765488891984,-0.3319545484429082,-0.07404799842587753,0.23213280360782945,0.40317801896399075,-0.05255454817201482,0.6250933995931567,-0.10466863958896466,0.7506088860332328,-0.7696935554701667,-0.5570709838278839,-0.6982904318838467,-0.1114493615932047,-0.3171579508626575,0.32790160561084963,-0.28410104034900546,-0.44151092424036503,0.4325064517668859,0.7683935522519959,-0.326494054553235,-0.779719186388061,0.4387830782578364,-0.2641109718555019,-0.936180950476047,-0.5290390703018054,-0.0814030742843638,-0.005317225563742577,0.5194400528054551,-0.15871173828772414,0.03460547617526371,-0.055922881417276755,0.22638204387003788,0.049918476060786754,0.05855313905212229,0.10559422902767138,-0.26707307673866,0.5777839509837676,1.596883043416306,0.5245042816806406,-0.6591613086715806,0.7891365384097266,-0.3493539955260582,-0.12973111789216382,-0.4499830507090242,0.24147758678517828,0.5349218370866909,0.6213788921658375,0.3709219312979703,-0.11385131123548967,0.5979609247589825,-0.9835655875663617,-0.007634224668872362,1.84791869436996,0.24983754671801298,0.8989878588180223,-0.34335121284769893,-0.19272642093374115,-0.48818153502947453,-0.6964132784377414,-0.564162430663158,0.41623982701452733,-0.034918136122068504,0.41082216910229036,0.39770153744107356,-0.37533738166268893,-0.2059406089607355,0.10709671372967342,0.09189656602813352,-0.32262045390271027,0.3194073093220791,-0.38819928625859673,0.5931176562861373,-0.026536203686551248,-0.3883194054574427,0.2745197390538834,1.083630141666988,0.3104156324677479,0.3747431270371788,-1.3425199223202136,0.5332336864763423,-0.43018504395635093,-0.7151114754148806,0.5212637061497502,1.1692624119952084,-0.391884229279112,0.3162121259835006,0.41301573699590877,0.025960323044269117,0.47019369160442104,0.22425280699385566,0.2595813406398762,-0.548862853437052,0.4253546243148135,0.033920109962119256,1.242968824493124,0.3507118935741015,0.40763821334893724,0.3706785215952185,0.1138952138834287,0.35709169746333913,-0.173182466180936,-0.08428554808147293,5.968681798474148,-0.20763956618262286,0.21413735984959667,-0.6641645780654969,-0.22062395804470164,0.058774884651719095,-0.45837557590858824,0.6683576420113198,-0.46180796999257095,-0.32270868365888983,0.514242922530229,0.12704264767340706,2.0947728525905487,0.5431887819547236,0.7247670337700762,0.049433499216633967,0.2541550119268368,-0.2112760166364965,0.5269824276127413,0.05725324410800555,-0.15411129881521501,0.3713653733474946,0.007478409339282377,0.3388088861333009,-0.76177693576868,0.43318192155778734,-0.05205846890717192,0.14515324483449915,0.34280260764645637,-0.3174873367471092,1.0406356645602006,0.2853483354899333,1.037695275066372,0.060190362964992264,1.1680238772930394,0.4650791568780302,0.3465204783749725,-0.3281167345229721,-0.22391237319776888,-0.12893980635776325,-0.07554696151840928,-0.09966661978471984,1.462189370516101,-1.026673619840522,0.029009777255149003,-0.04583014797080392,-0.020123036698282696,0.8072027513129467,1.678188111339572,0.9299270309043614,0.4588741043273196,-0.43982412445866026,0.11612045701052133,-0.3187152243959779,-0.2721185446588192,-0.11165901400175762,0.20647849934376172,-0.39490809362311596,0.169770102410326,-0.44337236520724815
-0.6729066208533495,-0.3330763892073916,0.7399912841271756,-0.676852036554703,0.8563938591428051,-0.7545700028290746,-0.3231906237491247,-0.17933407590426242,-0.35567398102317516,0.06599277581328193,0.518763471093202,0.2294586587377527,0.12572937338288762,-0.4729604999878571,-0.5274756527695302,-0.5692350043019189,0.14412404349228755,-0.46329800612149713,-0.5379149144980846,-0.5368644744725066,-0.10933684524987897,-0.13328011144388605,-0.1250925316256899,-0.2022754063577207,-0.1445153986885767,0.1450363768859889,-0.642384393085528,-0.31579277494677227,-0.31496846445407123,-0.8018929799427217,-0.2997724130098435,-0.6580835901347446,-0.3174085297189241,-0.5250876297354736,-0.6259827902873163,-0.6552267276944533,-0.9558928788062854,0.3672675212863845,-0.43586530664343637,-0.3176691417722812,-0.4982804730160094,-0.5175532860612061,-0.46710552080919293,-0.40738755548763167,-0.47799222722318013,-0.46550802434045985,-0.4176366431359302,-0.3780896937221054,-0.2711509042692231,-0.46602753122451257,0.29378404373275263,-1.0009241707979555,-0.39381707920547365,-0.12081056214550072,-0.2496778694901977,-0.8415500070536946,-0.3091306590288168,-0.6692523619058632,-1.0438735927815597,-0.7883763222722413,0.35931366542701815,-0.6133550042520122,-0.36120652149558113,-0.5938108715464477,-0.6278464219118236,1.9890933514465579,-0.036992986673804455,-0.5055501035535775,-0.4322673685917521,-0.4975056989699239,-0.5252059125860545,-0.693476808872495,-0.5770643614117653,-0.29288513360270735,-0.45225341885950987,-0.6186260037651794,-0.6209736464512654,-0.515298167820889,-0.8689901209902302,-1.0308871470129892,-0.42004559718984674,0.4321911585862659,0.0043822838844214725,-0.5941119189433505,-0.5687816483874509,-0.5791349119683149,-0.12400716307963437,0.2682038359732294,-1.0776470734825345,-0.1750852265685795,-0.7283362102666208,-0.4734513583624918,-0.12585941256157523,-0.2994544824823695,-0.5762205309134839,-0.6480372988146285,-0.3030252622753886,-0.5274631245094973,-0.3689742357956037,-0.6887599401011059,-0.6440754375603022,-0.6937936639426007,-0.42988817017741804,0.07154911374338027,-0.2435656732692828,0.57508291329817,-0.8016114492142918,-0.42141906010933006,-0.35455665411767906,-0.7973059136535064,-0.7131403816089329,-0.020531660261130315,-0.49912113349546267,-0.7610080900740275,-1.2416313553972602,-0.1431206285774796,-1.0314931318254372,-1.3307251298740104,-0.1836041444736361,-1.012134807923964,-0.5703310780896206,-0.22804280307663777,-1.5723364313303132,-1.4697245615137362,-1.173917131998876,-1.1396863758038371,-0.03533972227707347,-0.5425204130338023,-1.0235925034192617,-1.007483485337796,-0.5421954829369441,0.3982248653320431,0.39719720886655985,-1.1277618855503282,-1.033110789367516,-0.4756835258593315,-0.7176804565160068,-0.8834486309889047,-1.1999154779550447,-1.4085489111459004,-0.9681054417212983,-0.9435880142372296,-0.8582908712269637,-0.6932775987344643,-0.8226073719232421,-0.07993238445386809,0.4397387873760409,-0.8991047210633375,-0.8770002016764732,-0.8597058036938992,-1.039694468794072,-1.322087429448048,-0.2830313053035194,-0.5479863603828166,-0.6813203748311664,-0.581978124104224,-0.7708972932447979,-1.1380892200599853,-0.4075308949012119,0.03899522243494998,-0.3250160641447619,-0.7005744946451404,-0.5002891795714864
0.5756796069135358,-0.13266052859632083,1.6055678377683336,-0.04970402844782299,-0.6465196975900313,-0.29920744695384416,0.2876627874314437,0.5727020274689034,1.495708822049582,0.3471691934613425,-0.9504959625011445,1.5321400197209114,-0.2837496693695556,-0.4425716162259866,2.1361465147525225,-0.2170786154511308,1.753132247432025,-0.39708545267718104,-0.12539907638285006,0.3798881837084599,-0.6707019473094673,1.0579589209140303,0.019856322649845867,-0.6077566985831266,0.954541874204246,1.8001176929904048,-0.5566431742194636,-0.41434461503938314,2.712671088078693,-0.5709054753341484,1.059112284382791,1.3334743901957131,-0.33111365804787557,0.17117350978264886,-0.16847155287156276,0.05308891321843009,-0.8338651851740919,1.806548511762683,-0.1523328091222125,-0.5806484392716355,0.3789178770481692,-0.8225345388534019,0.5254623960869304,0.6568024303044954,0.30486332932483307,1.4266229256216367,0.2869023602086218,-0.048840036351919705,0.6883751678196217,3.5652809048048093,1.2112842735123965,1.8650937240227945,0.02810099732320327,-0.3292056495572645,0.8127703891626795,-0.48111195396572504,1.0521914566451538,0.0667860988466086,-0.6336596470606366,-0.00724206783051161,-0.36352970258663336,0.2735877650135965,-0.3202813335002913,-0.009191271472864793,0.40622147877875026,-0.22564194255092204,1.7439276814115021,-0.471640334172496,-0.5385804502491969,2.7466615692381704,-0.118159404260746,-0.642232403016008,0.05357148197130739,0.11897238242851842,-0.7801341511021677,0.8442768432438341,-0.6256197773734307,-0.44364080021907737,-0.3719706875628935,0.40092745033103333,-0.16500835882627618,1.5530294290327353,1.573980993263936,-0.11915018957875824,-0.3740239661821481,-0.3571453554680409,-0.2511172815782866,-0.2791462730684712,-0.0996382847887053,-0.0495055282827156,-0.29544448866054007,-0.15207148565459103,0.801301115263886,-0.37181118647623806,0.868638086801559,-0.10440249861894221,-0.13019443792449797,-0.17577573214444817,-0.074016151264736,-0.20777146638499322,-0.3486645870277363,-0.7599756240319202,-0.48828913285209474,0.2663591361730096,-0.5778043919537562,-0.62219817771398,3.319992869682053,-0.722523992250379,0.6255240367982327,-0.6507029395591809,-0.392585681212375,-0.20610825368799462,0.3486683810273239,0.03631976468792939,-1.0896593993090478,-1.5062152425028412,-0.7251355371018396,-1.077414212339324,-1.348969251155957,-0.25682781582860437,-1.7865397590153158,-0.24288204145548106,0.5729781422200427,-1.3215451259758277,-0.23677552608545893,-1.088487655953703,0.8579876905632613,-0.619742187828523,-1.1073954640648294,-1.4779507534581326,-1.265124938603608,-1.5490112120856558,0.06510434135294335,-0.8966769982934576,-0.8331233688798525,-0.40145078808944745,-0.20943662571250007,-1.699241998914866,-1.036317270930172,-1.6253398093578066,-0.7609311958219332,-1.1030888970705164,-1.4027010008731298,-1.1107581572666556,-0.7895076959420061,-1.4119700461405418,-1.6445633210733772,-1.5788195677789574,-1.2790903069080453,-1.2902569886116657,-1.194315447762286,0.3326852186727198,-1.2265019949811249,0.05559032842195219,-0.5857287244000826,-0.36670985315152016,1.7151180460713031,-0.12646196260680218,2.0845494673024914,0.9221932446150266,-0.2623269926023337,-0.2439377659737074,-0.4194565502840423
0.4742955138345721,1.357256410133343,-0.19572598172179523,0.7836194570455052,0.5552940196069213,0.9195919879320164,1.016178277419824,1.3638914869229242,0.5156512656555837,0.9661171186323242,-0.23060765158232244,-0.04747042737601859,0.11597454936682093,0.3280773135593617,2.38775000965185,1.1398623305939284,0.35354466040758353,0.12867050580949663,1.2189668578519832,0.6688617104578504,0.22258424210211272,-0.13046871358059803,1.2510151221254076,1.0968058939577905,-0.675538572132834,-0.21166617039355753,0.7780888630101334,1.96092357086815,1.0899671667975903,1.0996406602851119,0.7287851388451918,0.4318215821555956,0.8064773160948167,0.7378435747010045,2.5486001881706803,-0.18152990581265027,0.36881707401454006,0.4237073903324319,1.0814580660637558,1.149136330869801,0.022015941850497826,0.8670569589737284,0.7786741648439255,3.1786417067283077,0.09919661771708704,1.0983697131910486,1.427997764234015,2.5171788545978178,0.7910362133533221,1.93288054710954,1.0296064765444208,0.3591270447124056,0.7803661858903632,0.4775199681559442,0.9829990958753885,0.5479551743576253,-0.06177221963926963,0.6390913337482095,0.46196069342459767,2.5958482347962577,0.04034512832422964,1.2721185780533224,-0.06711144207405506,1.1634743829248224,1.2285787493425138,0.039735666726756665,0.5921605862500403,3.345199133289383,1.4261702301146197,1.9599114090210141,1.3478280637762052,0.43727900503515144,1.4896828974747272,0.5238596797001778,-0.28519165220985243,1.6859861719781362,0.7628248969909152,0.837770313603143,-0.14021113265013202,0.6008541116266796,0.09581832137941024,-0.39658341661192814,2.4645329266183404,1.2341345950389817,0.6797171346020651,1.7049240631623725,1.1637430435944616,1.4142117579412397,2.556210905415553,1.3086446793682314,2.7025293470826433,1.2368477959735553,0.556846684837903,2.731850159414715,0.5428007752533824,1.0111122633168652,0.5925009512236321,1.2195183649959596,1.1259848075618841,1.922292032920335,2.299473544006676,0.5031974059594857,0.462085749012477,0.8612883847981319,0.17316522680577537,0.8618908528428697,-0.13430217995456997,3.1413681314312725,0.8640060877943373,3.296971715586917,0.621550657212064,0.7143742493822155,2.5717696870392177,1.5771528676190636,0.5123634347952433,-0.4856569786779859,0.7293581876109151,1.257197446083613,0.12664213339386016,0.7493863115986941,0.8702085768931895,1.0626748220968978,1.2683263645640832,1.5349102316698913,0.857089966942114,0.25269563276380097,0.872816548510709,0.11418624646510443,-0.16371807405909455,0.9639768964767733,1.5281409487683104,0.255529292074171,0.6890867930002276,1.4435608554117376,1.1630109723963966,0.24820929665827407,1.308557293973743,0.5812179421849835,1.4345519917853573,-0.1663781579055334,0.4019204730628497,0.05356733299919654,0.058254013211642496,0.7181949750779789,0.2634866388388345,1.0166823466096337,1.1870618392250545,0.45640818627397167,0.5873256542206963,0.07724080750677632,1.1347541575784648,-0.34506332314263116,0.47535782663721043,0.8548582086748686,0.05649485260368397,1.1158776815800677,0.11437485999846032,0.41910492801249055,0.5466437174106653,-0.9287999037550079,-0.24843961487182362,0.6491683335178405,-0.4808108425373651
0.07968185713214106,-0.13670042837358629,0.22266745103701197,-0.5939515405793997,0.826350241474115,-0.09398963023739901,-0.013692091944348358,-0.09494148570649748,-0.1862457731678779,0.5893352979644954,-0.23060765158232244,0.2954918442423459,2.594063422160193,-0.17910787378719584,2.1368270449633546,-0.3400516695791269,0.20385426927279157,-0.07616852142787142,1.6289125416423367,-0.030756242996438844,-0.5067788449555751,-0.4699915309637325,-0.28677217119448245,2.0517511964046755,-0.4170723904997935,-0.2571911867957829,0.4856327185232614,0.01567347829396609,1.6777152966244449,-0.40245758861677466,-0.2634704162400099,-0.4555066877833446,-0.3449579271136786,-0.5250876297354736,0.15406840154142215,-1.0635902530106078,0.023015079510703723,1.4108787257058382,-0.36587938107186574,-0.5596744707543067,-0.836189510726198,-0.8032335085628282,0.3457070473948587,-0.44407257405611555,-0.5980390370039774,-0.05641679422474749,0.10029952944520248,-0.25441880446608267,-0.4305419623371059,-0.07872293442020839,0.004720731659142186,0.7197429948546655,0.06598453808163965,1.698275025554264,1.4655765961185463,-0.6381730920419275,-0.2957786759124912,0.5215165380231995,-0.7585563035205085,2.2303966833802042,-0.020404049054294115,-0.14082226839022696,-0.4035679707300494,0.20349815955447684,0.1778185368815611,-0.8634614439272948,-0.4490496997265683,-0.39148045320002905,-0.5385804502491969,-0.3065484543364891,0.008737893288445077,-0.5213576225175507,-0.02664600001377719,-0.43400929458427884,-0.888793319743015,1.6405730208905103,-0.023346754164940538,-0.352934484511503,-0.42195195533768803,0.17478460371059198,0.8507663626566173,0.06654368580341813,0.20685008917395853,-0.19712695157955265,-0.5988552101574695,-0.7690151746515519,-0.37362949499672377,-0.3758780274331782,-0.34682554604808874,-0.12345535703455018,-0.07290628967548955,0.09341406793221937,-0.6981085158254878,-0.5919494138642005,-0.48655634892682403,1.4880493214003976,-0.3214976485174548,-0.09149406913326083,-0.2640745335656515,-0.4477763561612716,-0.25206341572358043,-0.07507334062552551,-0.5185669287482882,0.7828610603683193,-0.39217151028160163,-0.16000955620087481,-0.7173402023138037,-0.4775786211206659,0.4801976646943386,-0.3603152399901341,-0.657980440171576,1.668121873647065,-0.42769472283281357,-0.8052977222450773,-1.0896593993090478,-0.12464667046314938,-0.23974939947584464,0.7065866644151576,0.07873830341693445,-0.4305297648587338,1.2343662902834172,-1.0878550117382606,1.0266494754332993,-1.0594621550903625,0.30948559577475854,0.9954151975369181,-0.5624929468126323,0.7917597104241723,-0.24890842975057142,-0.3435221007126158,-0.6960435283312624,0.46205300911156405,-0.7829893826579366,-0.7668084866747821,-1.0354268364639236,-0.30772401626240575,-0.34058594054795144,-0.19794435432143917,1.0259574895975954,-0.9837206090444107,1.087061016089432,1.0426582845877432,-0.5042837775465334,-0.24681136287151198,1.1821514928518815,-0.861906915587184,0.13884471649483232,-0.6896407069295822,-0.6948132167382587,-0.5361091485060392,-0.5035968176942818,-0.9603600774712553,-0.3170635847870132,-0.3023867507043428,-0.61215927181925,-0.6436065767853045,1.6195466666302831,1.568578671393087,0.06716117770314295,-0.23757490768199738,-0.723382697741065,-0.38991844214974797,-0.8283178063675884
1.1168298799362277,1.185980083467631,0.614987587725918,0.3890568249622961,1.2472921618618114,0.7343487048433828,0.979547621416378,1.0533374959761128,0.8828367454047488,0.7779644053422887,0.993266811338675,0.25445451072270464,0.16726247847528944,0.85783768131619,0.16337479913526104,0.7952382155476281,0.5422535662792769,-0.06684689293143622,0.8801202231781879,0.7352050057590783,-0.5220464367313185,0.008461394552953087,0.9012410714431073,0.6156550622379771,-0.39987703544452063,0.6810409620791867,1.1575615168980384,0.9446152329776168,0.8398053402770057,0.23837080070027694,0.8706620162160322,0.7122696655140991,1.5244271411560657,0.44474827789470384,0.5842707681318271,-0.16532682913890293,0.10083600023100396,0.5892814628388001,0.7004829687672787,-0.13897808963341898,-0.1456059349514371,-0.48272371177917733,0.7398195280911724,0.27000146612064174,1.0527233184062004,1.0290811688164432,1.1261323350345007,0.8140790666336903,1.1652661426575008,1.025333876864886,0.949285822114259,0.4709190042616764,0.9274159314006825,1.3884293554247225,0.899778183216788,0.43261463424349084,0.08241854800970541,0.6780518665536137,0.3627769840552844,0.05110167330594924,0.7188505516773808,2.2424617861459457,1.517557617593401,1.3775942888481654,0.8631333916037183,-0.5736362057748468,0.6493717406893762,0.09118891207526346,1.0160040718071084,0.1275765732510301,0.7131358188825146,1.0877137540499096,1.4478304049995063,1.2981606705725053,-0.09474697195421926,2.144147125654673,0.8762842337765779,0.9849866208295527,0.312421520926934,0.7695317239037114,-0.2467114220435993,0.9160332564458585,0.319347936703428,0.4706983807320809,0.729444089794145,-0.37528930689600837,1.2518369588129903,1.0619682681151317,0.2846672603243443,1.0790748387529874,0.7035158243300055,1.4311524960151698,0.28184992604096626,0.5823380143620238,1.0878935445542754,0.9902494192222598,0.7157830986998993,1.2396707945999297,1.1139086007668824,0.5423715192628412,1.0127230981934237,-0.017413791802179057,1.7285232614632762,0.8496665862193621,0.26799840753403725,0.43893935895510383,0.12071917006146649,0.1596509746101501,0.8887888409591124,0.12568503963416686,0.691576759420891,-0.00785928109732482,0.39357947737548205,-0.6185554924793404,-0.5193870419527591,-0.35050787790262683,-0.36681330698952924,-0.9153001960542215,-0.5169121867096188,-0.4079396616805468,-0.5137150187889495,-1.190892994033493,-0.4306251561295527,-0.32637472623360886,-0.6499567195909546,-0.17366194286392078,-1.2587078496355217,-0.7503926779567751,-1.0826239075428594,-0.6021303256613015,-0.17298270533290314,-0.7668042809837052,-0.7693332579224221,-0.7911774535123182,-0.5933479063086078,-0.166059694332715,0.046022081440303744,0.0778763001002129,0.8822546175077532,-0.352294600048432,2.0058586450402793,0.587196295969309,0.1250155340398276,0.006825780593930214,1.1305386427169255,-0.4085777482360781,-0.6219119533738129,-0.190134360793001,-0.0009143154324430513,0.12345213768423026,-0.4692511244949218,-0.6224231999670268,-0.81556390784839,0.8548582086748686,1.6076962968694701,0.6633096368348101,0.2768354617247537,0.20871658926568565,1.4727796328042377,-0.03843021205270133,-0.012240498425412725,1.3972031354116623,0.24956318812972578
0.14992115626202185,-0.3811219730265396,-0.3211247980335314,-0.2117468879408982,-0.6719170356726195,-0.4637544579651841,-0.5715368567621454,-0.42613124537896285,-0.49522594190519126,0.2440430385571034,0.5556326893871115,-0.28109929975175046,3.357046128266801,0.0778645594746962,0.29208716265083334,-0.5316438196363762,-0.3351871960559852,2.8443572741172005,0.5735072050523639,-0.4171388765811483,-0.39215597901416555,-0.8310440117771398,-0.5238374684170729,-0.5679674647619557,1.2486858789321411,-0.029286862778010007,0.7981920214353855,-0.30232298796905577,1.495730501377519,-0.4260729325310062,0.3903932356968177,2.728438609343246,-0.6916440023797749,-0.471738095137324,-0.2491693072656279,0.8536385872034514,-0.7820966471608755,-0.11286221102812076,1.3030715772976056,1.0941459889319336,-0.11610109215196147,1.0384844727691591,-0.8746327860364528,-0.5478704232797424,-0.10980099872300934,0.8158059891107835,0.19800232678659832,1.0080724179686429,-0.364403051077038,-0.5607268206605748,-0.36167411586258136,1.0768762655407116,-0.5439240574924408,-0.08081364004520904,-0.2569762529266539,-0.06675437205545104,-0.16871720268167562,1.257926999848598,-0.6181238393648552,-0.7018176323127392,1.6311770046422067,-0.3000719600396329,-0.5896551921022105,-0.2312520137105897,-0.02211976587120509,1.866792677565139,-0.6046084264190651,-0.4828191452167679,-0.6544263288445937,0.7105331966767721,-0.23665966661745605,-0.5926964658779085,-0.14970610200152518,-0.6961975445291313,-0.2277156872130369,-0.5488983602482239,0.002331761938412491,-0.5399324667498189,-0.4609179935217774,-0.2573343664702007,-0.29216212727163227,-0.514744844145584,-0.6710807901933186,-0.4189624160713126,-0.6399428869643156,-0.6090768732849665,-0.40459605450864716,-0.5392065380024781,1.184588692241869,-0.44320699476623987,-0.3164055103361033,-0.7320141820434504,-0.8736626830058833,-0.5041415765414431,-0.7108293231440452,2.01765039535358,0.30316459422972275,-0.519473666120174,-0.6037423775208569,0.12678573597740614,-0.5419816888233745,0.07413547715283277,-0.6823015775961084,-0.08560436799812247,-0.6481459688234013,-0.5605147761177768,0.5857583363164677,-0.6366943671103296,-0.637565960859003,-0.49208769925037177,-0.6868584119038554,0.38635398408942623,-0.12953710215581937,2.338292955067831,0.8077051096790379,0.2534329491040711,1.1646604994471221,1.8051154454812204,0.5091437357723565,1.3840861973607432,1.349878466810694,1.383649880618384,1.8778412834479448,1.6935674756797137,1.921324040664438,1.0063717069006783,1.3482614983051517,2.0337377126885885,0.44008324597859405,1.7134056612467257,1.1203577803490552,0.2526826310429568,1.7373942490696161,1.720407921598432,1.7994900775579905,0.336876293938634,2.335934887948302,0.9877748139650744,1.9111370103009626,0.8734789732920506,1.0834351937133917,0.5274155486321375,0.7743008695448075,0.6138354472857794,0.45721774707885504,2.0278016247023394,0.9080822562402272,0.8177716606203903,1.438376377178318,1.1479925889833025,1.9101056839045312,2.2758143663856685,2.358606609622236,-0.16835007017798104,-0.9214462253781579,1.1956041213623945,0.031805391583530546,-0.7290913533041911,-0.44324903576937225,0.06837476915018749,-0.22127017051364675,-0.7684635595222026,0.5040547727528837
-0.07514810826919674,0.6293159258859135,-0.1438520303776904,0.08582629453227607,0.4149457695045459,0.23858605907913702,0.3995612531281468,0.7936557796715374,0.031058370443658775,0.829608243832245,-0.16860823017854512,0.6606652608089262,0.6335063947118168,-0.13352055749030747,1.8304360357779048,0.7922455406274171,0.11147294520329724,1.0394631483445422,0.7496839661064254,0.49093706508682794,-0.011115549846742238,0.2922427702338633,0.12822852197774956,1.6205724459421258,-0.2687407945736231,-0.15048506256864327,0.10690938968405107,0.1252567443370353,0.5070151280366662,2.9738111186165366,0.32644588198278374,2.085308924605385,0.3571834020374709,0.5849488987147304,0.39977003322862487,1.0670072532974633,-0.15431127393394417,1.274541388744217,0.577446228758191,1.251352872284212,0.7818589586068425,-0.6743356877890784,-0.18107289286166503,0.14869246082578172,0.5056847660830259,0.48752726996243945,0.7092390430709112,0.9231319373009635,0.44183607904945765,0.36039760182976044,0.6720294377696623,2.8686057130945866,0.253358368968218,0.5284643319740924,0.5143876039973861,0.5479551743576253,-0.0014584034417366822,0.873369806096171,0.33338955458728603,-0.31318910850777554,3.1820634065120452,0.7560253308105778,0.516470297935197,0.7127220264008359,0.5396982490283082,1.7865150552638587,0.08030279649596414,-0.07184232797294315,0.17957404614210096,1.5380424354879612,0.659209050006097,0.08113940462920355,0.8059938690174566,0.19553268726222933,-0.14416751968642727,0.8866658241633912,0.259398824844151,0.3600783957939843,-0.43479441346213943,0.4040105627605753,0.7440987573923399,-0.04989680441382028,-0.051759948855097486,0.5050848575672725,0.31256868266895405,-0.38159334001580586,0.3792121154381033,0.42358353956266437,0.7292545145171488,0.7653936080174487,0.5885117687314431,0.5386823720596164,-0.14417344719534764,0.24209423349903492,-0.10519687228737527,0.2878254646880573,1.0034584888427815,0.5132524174885317,0.4545408269523245,0.3300511813316121,0.6061371189175514,0.08139060267277223,0.21908349183808015,0.6368840113505314,-0.038374538972226264,2.046925620875181,0.5070405323761297,0.23830174693371062,0.5922529122720562,0.28521841789988067,0.25137250418692947,-0.25540724819004934,-0.04013224195601737,0.2487679440524113,0.733814441791529,1.142577487176884,0.6801353415221186,1.35196609473514,2.0356100493037697,1.2179751408781818,0.812273671264299,0.4866819334235257,1.5148366540973277,1.072815054661583,0.8823533704352529,1.0703999422955497,0.6817379150216973,0.9975199074013731,0.6571661625056138,1.0411770071589632,1.1469749871825627,1.666833916679832,0.6041955659390675,0.358721976242591,0.8700431173077627,1.3090927249839315,0.3724861805055967,0.9875403902038894,1.3440317147944285,1.2835002135673275,1.1663265389586819,1.2924196468940465,1.8023559485805742,1.555950175417022,1.576960896945443,1.0493661835381614,1.5401333643239725,1.4483111575210668,1.6045561218699278,1.6651317310624358,1.4746092490633307,0.8423381709953611,0.7823527151488898,0.3827044602188146,1.01305735017737,0.24995632929819128,0.1383186122716943,-0.40687815922945253,0.1644957140974073,-0.14315136912612836,1.2205105246788628,0.4366711412681319,0.7316301589657034
0.0048710229451581445,0.20572577283381963,-0.31041062880992504,-0.03773529615114684,0.17541922950236694,0.15685787627108305,-0.1487424807817965,-0.19393866164104165,0.07417411404696261,-0.6171057081173725,0.4283708045887984,-0.42837982964011323,-0.5180793199347675,0.2381642592557909,0.0472993986054711,-0.09934969062951292,-0.3864116283414769,-0.04539182491109653,-0.25569158050450846,-0.2731231208807041,0.3016193312935194,-0.26110885106432075,0.4011400130944019,0.062415842033926805,-0.15555968088561473,-0.18360387423252256,-0.36522679698342203,-0.026663720956317687,-0.35299163261897637,-0.5903757391133498,-0.5678602092940717,0.15899757821850197,0.6278007845663973,-0.29890920808084015,-0.6085967963808059,-0.5079826105143042,-0.26098770438499336,-0.2285120096150901,0.08313426131184924,0.47552666587345077,-0.7424451606850165,-0.24805450276546087,-0.06693237497832415,0.24602508809299903,-0.041741184490345404,-0.4682090036131539,-0.3580189540726509,-0.55051688177738,0.11470068713650927,-0.31434434439558984,-0.3933906819936277,-0.05057348681981993,-0.09107427446296101,0.22964803547888693,-0.5209441875951281,2.6318463263526044,-0.37884419405467934,0.09102732935430685,0.004546803201689508,-0.6272943569410403,-0.4143287433779948,-0.22860065707478344,0.7532157532911323,-0.28736720961549167,-0.32048165532876394,-0.3497111086902993,-0.12332254187463011,0.13204553666636126,0.6385436295472832,1.098453025220239,0.5041039052824277,0.4494091989616224,-0.23273162271340417,0.5165602573719749,0.28438839309991815,-0.01761542375291437,-0.5799137592497575,0.5811274756000966,0.09813469462962524,-1.2087890713802116,-0.3377496006821483,-0.11666661830166322,-0.3257486161535065,-0.2137963133661146,0.20573170697001836,0.22970446914515563,0.010019787201915443,0.22060177714544332,-0.47830313701688115,-0.23560962033402283,-0.22642181805891634,0.4915382467889877,-0.09900343672570652,0.1217531685737737,-0.1496762717301771,-0.1344021873770338,0.0387869034867003,0.05254300293802019,0.3166382860679348,-0.2279108715733365,-0.056980915183323974,0.7523341939713744,0.8488067888993055,-0.2514536123170909,-0.3107785858551947,-0.17219490564790696,-0.061999632784464805,-0.1787411861479949,-0.05890972737908786,0.0139409905696489,-0.23012312785667705,-0.3732485770937296,-0.40380849121962725,-0.37493834174519963,-0.9846064054808119,-0.8886399455719225,-0.02173793324081724,-0.14870022503787453,-0.6250662444084342,-0.7218680190478248,0.6442806349197624,0.07281070594442905,-0.8863068045087252,-0.09245807718195945,-1.0698395499748126,-0.9417937435105647,-0.8469853501068066,-1.2669258501628093,0.264493290847472,0.3231376917972874,-0.9929732832754433,0.9292471952273306,-0.0160164802067901,0.2785588560671623,-0.26608009615511147,-0.8760928025283498,-0.6713784548542534,-1.101042662685002,-0.4127622860817682,-1.1441328969247928,-0.6038705741264494,-0.7288984975492718,-0.7657826241314568,-0.6757279048401827,-0.7160197873626517,-0.6202573662889675,0.8393848416393701,-0.9425351156066968,-0.918384833602196,-0.83050778052125,-0.8144830534918008,-1.1603028476388695,-0.5920802365256156,0.09178811447368475,0.8147923912901905,-0.23543815669962995,-0.3530645786202211,-0.21072681533443421,0.3752360379600855,-0.17544172644464423,0.029609585038616923,0.3346810809133203,-0.12466304385851879
-0.05461522366258852,-0.1488970380424276,0.5152267536258406,-0.6661337906647218,-0.8074081366828942,1.850786441048915,-0.3405295680023087,-0.37042731171750287,0.3507452645644122,-0.5462647233362485,-1.018913967767066,0.890724857833519,-0.6164425658255086,-0.8381054135374143,-0.26952838779327437,-0.4818449670990165,0.6137848708205655,-0.13049981737100308,-0.33604967410215647,-0.50927645600652,-0.7068650822059174,0.06634397726088875,-0.7323091476437723,-0.3831384649709721,-0.17775478805146513,0.49044939047502695,0.12557476002085974,-0.9104328236111173,-0.2249160907222364,0.5047064922960819,-0.180087215609925,-0.9649050329632023,-0.6562225617679561,-0.07205199746531347,-0.2277076772219817,-0.37684781311929894,-0.7607850087193245,-0.35849939894870775,-0.6091071969938587,1.6326075492388528,-0.34363924955904107,-1.127992408141941,-0.223945221978155,-0.21863891169204974,-0.42269213795155164,-0.18800624175061698,0.122063830718527,1.4514004661284043,0.08091466494269565,-0.8226668877481352,0.4855675594082646,-0.2705962340952602,-0.48348701138361777,1.3418220465885997,0.22407141293949975,-0.7126455170326673,0.2076613530248176,-0.2678389118624949,1.8510824351002917,-0.538227368194995,-0.7040963323730381,-0.16787139485917266,-0.936938496730689,-0.2556258345665208,-0.17991514536355585,1.1357921851326949,0.5625469852837852,-0.6670613797681122,-0.7816844698245017,-0.07337252149263497,-0.7938134192431185,-0.6676337139396336,-0.27866521718963755,-0.49490344793722074,-0.657194977735285,-0.6265865905870531,-0.4042641669587417,-0.6964875817324088,-0.5150168277836297,-0.937564256375554,0.793555739234507,0.4449071360343441,0.2389402300268874,0.11376530464708319,0.13398694525210442,-0.12102272065473349,-0.22904420312689103,-0.6665593735926869,-0.6497583732405271,-0.44320699476623987,-0.1853503426892226,-0.6632126722145524,-0.06428387052247514,-0.7919584098703214,-0.8727798601159072,-0.6035859508369276,-0.7019422848683612,-0.43451705441411836,-0.43562761960638663,1.1714857664846534,-0.4136326087458458,-0.9906461309123665,-0.565433337737597,0.011472044076615952,-0.8198234648032188,-0.7364891377252482,0.5345415742100266,-0.6724245613308829,-0.4219006936947512,-0.8231936847299577,-0.8028804337243045,-0.2631741454811465,-0.4917541927059784,-0.3721502918677381,-0.4077664614217221,-0.28290500353651094,0.3593099143013087,-0.807513667980574,-0.07462934692874501,-0.12717356845335517,0.011841474153361774,0.20150264910036222,-0.29267859544898917,-1.0522059085611721,-0.0961042766643954,-0.2636414807187484,0.5480934876195425,-0.11867695246229773,0.27590545450230236,0.5036558007522941,0.17069757930214316,1.1574730882549944,0.8657609745780686,-0.5830508920800215,-0.019388264625467014,-0.2595532683747508,-0.42049191880617326,1.0318221563622267,-0.9603684700515898,0.9608334155909065,0.3351400004005849,-0.22881298748150725,0.4970886492205276,0.041185311382843745,-0.017095053164056177,-0.6951291729037276,1.1301336965688629,0.12215544931738699,0.1437395279494127,0.2870851721438982,-0.22331301543930426,-0.26424383391951667,0.24949936312809262,-0.5205848924681462,-0.7865555271741838,-0.012005707053775178,1.6100281940103727,-0.696414182880038,-0.7223398548478352,0.09556179811606819,-0.6498997046719274,-0.5749055171859427,-0.46811302415343337
0.43509361519503903,1.570754053076635,-0.5472970468619589,0.7583390961664729,0.6017798102990937,1.18081969817322,1.175932975923349,1.7201830029862828,0.3906789023140432,2.061280719643941,-0.9841150377922541,0.1220310202363012,0.05784460551816244,3.7114296563344533,0.45078203705162323,1.2853732500220947,0.3631449447822854,-0.27716799053442714,1.501442639821956,0.9203246542585193,0.19227195107787268,-0.04228212887509162,0.8258032234351084,0.3121128639933736,-0.2564953285901955,0.02795764586364871,0.8711499048211352,0.5773168877828843,1.4046988681771908,1.1094475435623032,0.9188266389384546,0.4701598863753262,0.593276186335028,1.0061628290707756,1.117185247362837,-0.21438545186911867,0.45072798054223656,0.571315903262053,1.1653732038318088,0.48676091153965034,0.28028050109659425,0.5493757549205269,-0.23020633537308346,0.2073350737677883,0.07415340860618755,1.420559625526334,1.8176251000244776,1.4196096353802001,1.132873059441989,0.6509136851631205,1.102137082099104,-0.31005156816101453,2.3580602311306627,0.8049833863152909,1.3457612861264903,0.6214374926581118,-0.056597945558307994,0.8077792633476623,-0.5582828058535866,-0.4311765085939569,-0.48704087766188126,1.679116843176398,-0.16918721236752773,1.5153647489134232,1.8240963948546995,3.393064483865651,0.303253706405734,0.21201961926174887,0.11437969492739754,0.1881111684806077,1.090698330315634,0.18572108125004913,1.8198172019928738,0.4490111203803418,0.4009657993095774,1.0093685048587726,0.7796740790512601,0.7907610634712815,-0.9879985394783269,-1.3292415948397738,-0.5118207123394499,-0.5193963701318417,-0.5096408765546484,1.3928781520458648,0.8087307871112205,0.9787664999349054,1.2130261680821128,1.1414611584709342,0.9496970055971405,1.7545552740044186,1.2762730455539641,0.7002086244468694,-0.19634188016375614,-0.2994544824823695,1.0110674494595753,2.5760054077648227,0.67428403632033,1.5202663370032632,1.1179448191901107,1.166273514877978,1.3155134499794203,0.07048758547541244,0.6292599188568592,0.9203076752734513,0.646844365750254,0.5082403180156135,2.824500167261212,0.10774631087127663,0.9264966103316821,-0.33643337126801753,1.027270573501983,2.86273092222697,0.4692598557714557,-0.15411199110614726,-0.7340709846442046,-0.5599075327646943,-0.3006491423613369,-0.06704223497263585,-0.5222701440961494,-0.4222504984428231,1.0004717193207915,-0.16299067561681604,1.4675496635107637,-0.3449498750525672,-0.26930259702408377,0.2910414673763142,1.137596067183608,-0.49003951437871457,-0.3735114489744338,0.49519448635631,-0.42458905228046107,0.5521574882495809,-0.6283221982660213,0.3883144442850926,-0.6460883595037606,-0.2626277123196924,0.8229834629215421,-0.3885494444984198,3.1132783777557544e-05,-0.850772285150963,-0.12096107523538026,-0.22881298748150725,-0.5042837775465334,-0.22856140618631882,0.47413090359266635,-0.08643642498509398,1.3574712025531763,0.2882851918508923,-0.49235761184234555,-0.14023529936070228,-0.19420218338235296,1.2054967830401062,-0.007040153451705223,1.031449655193554,-0.09506803143375353,2.791747953154699,0.39031998484883973,0.3796736014511091,0.3886722462464343,-0.16234773167645136,-0.17767571136775942,1.061952499181613,-0.3232926291478441
-1.0880037303569225,-0.526093357002733,-1.1309248338606188,-0.6242965000306059,-0.8074081366828942,-0.07644113710164131,-0.9681362934531214,-0.4305150025022431,-0.8452444709246825,-0.500113137753132,-0.12452685104322338,-0.8181785280831803,-0.6882012778899541,0.8835126727270158,-0.5893541641647134,-0.3518967205843724,-0.9053814636721756,-1.0653833067947078,0.17222074407336121,-0.2902653815380096,-0.13015661589191427,-0.9364888132853866,-0.7323091476437723,-0.9014443697872532,0.5282195600984881,-0.9400728445901604,0.11760988320161637,-0.7669299333185752,-0.43289552363841094,-0.4118379997246418,-0.8265366778393228,-0.7606525099322382,-0.21246069907175993,-0.666465276624463,1.038550050336894,-0.7009061332876616,-0.5600885396212502,2.650766096433664,-0.7780586246396488,-0.8253134592582775,-0.03525777431599568,1.0066112084894354,0.3716559434960956,-0.7229970824011656,-0.9310250691412163,-0.4900269287345648,-0.47900133072206874,-0.6034526454011183,-0.6622433621572859,-0.9381276214196599,-0.7512493686319219,0.34554222271951657,-0.5439240574924408,-0.9348083866214149,-0.5518138807981894,-0.7126455170326673,-0.8810796156007827,-0.815768124495348,-1.1046218599663478,-0.9541786909219598,-0.49203937535543946,-0.2799375933742303,-0.7799412957220103,-0.31995512036303636,-0.500865775018976,-0.37533738166268893,-1.0271595824619633,-0.5769407704973292,-0.6954693737203336,0.8492050928101635,-0.5252059125860545,-0.36712176258784096,-0.26471328749972256,-0.2403513148158723,-0.7656219108959482,-0.7868743770925367,-0.11294123376512688,-0.6162522689598515,1.3431308083171352,-1.257455182574645,-1.008327705607948,-1.1432466933903762,0.12724077349440868,-0.4133353191949945,-0.6399428869643156,0.6875970941777095,-0.6678963733268359,-0.5392065380024781,-0.6791542828174923,-0.36160463797771786,-0.3849632516064719,-0.8795332879990782,-0.9745653912584076,-0.561892401323684,0.770307001898897,-0.22943867946786917,-0.6311934871896263,-0.4420275782467516,-0.8519237038854109,-0.4943168577287146,-0.5481309100910446,2.0082202169426577,-0.7178457599611586,-0.8482025650366333,-0.685247833585336,-0.7727016615180682,0.15516459783678452,-0.37729288160357255,-0.7901163735212938,-0.21471790189105738,-0.4845127705647744,0.3065364409716403,-0.9052821717390986,-0.23797201774706253,-0.9116641333367536,-1.2021568157672986,-0.27896734797790956,0.37833613622207873,-1.0307037215663157,-1.0082168032412073,1.0168122601184175,-0.07974122334846141,-0.936490097487021,-0.2603620287333215,-0.7530534486476437,-0.46141370993258457,-0.22902832159977018,-1.296199122008409,-0.17945915601670526,-0.8682406109887872,-0.7911114578227472,-0.747212156759303,-0.011889849266212204,0.4569291705503434,-0.429317743297527,-1.2091365997863066,-0.339482012516819,0.041781338102248336,-0.28825058691123223,-1.0551853271018456,-0.9588762445050004,-1.1806695333897406,-1.1432399316750337,-1.2420334144949199,-1.1623560476995225,-0.40701100383776306,0.06779102293842242,-1.173538101560929,-1.0908052653738236,-1.1129721361778302,-1.0039818056172793,-1.1272729808192388,-0.8806480543685606,-0.7137502006114693,0.2780983512274484,-0.6331169101652381,-0.7094718862485372,-0.8947138421492407,-0.8775281505062598,0.6058881946438861,-0.9765515952843845,-0.6787366949293199,2.280224771385189
-0.6993402213889434,-0.46194663492726656,-0.6494775209075186,-0.7784411261579048,-0.5733262508485492,-0.890229117256206,-0.2192500003686486,-0.6918443835467112,-0.5965165890919194,-0.9216887459210533,-0.34941063720952253,-0.23859801499490516,-0.8922005989150136,-0.5042566474000983,1.7130397520525666,-0.6482311024118947,-0.8167750892298711,0.6353998286429758,-0.1526979711382096,-1.0023972524984113,0.34893127995330964,-1.0637280124885773,-0.05734408996564108,-0.7068062272283019,1.5740626936727262,-0.8052629584618419,-0.03834349325229374,-0.6036119868252233,-0.7781459307904701,-0.44658652149567035,-0.4324388026310739,-0.4976111260359367,-0.3038397730877025,-0.42970450915903463,0.5970652391569594,-0.7421659971757665,1.7621275171692905,-0.6710417192220898,-0.41800256893349946,-0.8287807097757386,-0.7965675601510634,1.3337995857297182,-0.13400885183115338,-0.4565588251651745,-0.7515620609964252,-0.7655360342186271,-0.21801360884832563,-0.7242027623285588,-0.6124523855691812,-0.3773450755791052,-0.3308300226461777,0.8603038083594854,-0.4893684794661696,-0.7566927501013713,-0.7709923696010967,-0.7809844562592348,-0.9313360205698359,-0.41046435599219266,-1.1046218599663478,-1.0823553154566126,-0.8088817983103244,-0.5874448743587825,-0.4035679707300494,0.5352816870817405,0.2336829812734461,-0.47102100740270725,-0.766400315937895,0.14429539600682362,-0.27246575745928503,0.028663783411256912,0.3328328459125278,-0.693476808872495,-0.5711904664675741,-0.4641103519602826,-0.888793319743015,-0.4969124540422768,-0.9965160943154898,0.562831996243488,-0.9073066038903222,-0.9154638001539207,-0.144291254970846,-0.5009166491472641,-1.05828274255615,0.23198106734307616,-0.36536805904583375,-0.24469925551433433,-0.5364701160607277,-0.2622254569008642,-0.8131798234951364,-0.3207357544949466,-0.24611720109618096,-0.20121145790348657,1.05610882191915,-0.06875782584076776,-1.0021219874840472,-1.0069365455746464,-0.35916373272592705,-0.6271338484523516,-0.16603607804186105,-0.6054155912462005,-0.4938168488310511,-0.7180889409844973,-0.4587409938838721,-0.5261053267092677,0.230621311578114,2.397480909987496,-0.764435088955278,-0.6024033698051818,-0.5747130554520178,-0.5898246240056253,-0.27493697961417235,-0.9967820874468906,-0.5678768920586882,-1.1103220579041508,-1.3044640197499853,-1.0608176584832338,-1.8516221605244034,-1.0400188437034839,-1.1708904559013205,-0.9048170517472482,-1.299726669899467,-1.465010705468385,-0.2250557446454569,-1.3045829279115209,-1.0257471191459535,-0.7779314577018244,-1.826502894224942,-1.2986876056363637,-0.3160777762309777,-1.2735061602375914,-1.3672937226724118,-1.543744607674276,-1.289308532592062,-1.0242027030700167,-1.1593819954635591,-1.022150454505888,-0.7712861391208805,0.23714207431087958,-0.9475761081825635,-1.015486937175971,-1.0353886252306443,0.7682854464715535,-0.674011338706348,-0.5359481435501925,-0.8683868166520524,-1.0131935127687324,-0.9980677227367821,-0.9112986996119029,-0.7421800244521426,-0.872479777477088,-1.0935954930472653,-0.8837779980044979,-1.114822376168085,0.17292780321381987,-0.61215927181925,-0.6919572697588126,-0.9183268735085931,-1.0192048118392738,-0.5302857804101282,-0.7834770796832444,-1.2964338745493647,-0.7005744946451404,-0.10542843300644439
0.5153082093903024,-0.017026680745385204,2.886790411594954,-0.2117468879408982,0.7639709753280213,-0.6364769964477042,1.0535928440054672,-0.20130192057939697,1.8127276952439573,1.147294553372964,-0.2714227845070122,2.3550931626644096,1.184459848379632,-0.2514360733573107,-0.3356324462635197,-0.2900601135271369,2.4868428922811536,0.4062352393734483,-0.19313348970251978,0.8394738327873907,0.22258424210211272,2.0609905330227103,0.3074662438048206,0.596145914758608,1.7149031268647723,2.115970554417226,-0.4093468373927017,-0.2118647185728718,-0.3497761432324949,-0.5370384246922832,1.0455747790209506,-0.16386219296175328,0.08169003532533249,0.28702199925368194,0.5761375052920115,0.8266331658300325,0.9884976697152026,-0.19622475769340536,0.13382927368060366,2.109505186305396,1.945651546897239,-0.7303692990610681,1.1352740007694664,0.7324958547315229,0.7375275099858655,0.3536384096625979,0.2283731417960572,0.15817807702676337,1.1353939323369635,-0.17288980084470898,1.96409857424604,2.735573905127458,-0.30172956689261854,-0.5444928585815524,1.1073513321520332,-0.5125166425215006,2.4048484185242005,0.288354373870649,0.5106005122870423,-0.691050657441465,-0.01350909436290227,-0.09272540927880636,0.2216812389434646,-0.19877957418751369,-0.3061090709311283,-0.1538043555962368,2.16921021826218,0.1742931772961958,0.10318700746091895,0.1621938874793458,0.33950473781847385,0.0655796760255659,0.15779859912674493,0.13852660828613828,2.007327010409737,-0.1545649289856595,-0.2467324404878995,0.4149698402659639,-0.19653985816245376,-0.3561413101359245,-0.5183314722031956,2.5360029167966838,2.115136462484853,0.08002582018771526,-0.08371217658177642,-0.3059711780904981,-0.14434212894436632,0.08110252913170377,0.21127037721660294,-0.11713713379084076,-0.17998636362876114,0.2502853420222109,1.5606681809065273,-0.06875782584076776,0.828096887603099,-0.6422408202340092,0.009491710963749638,-0.10322331195164249,0.4099677799491227,0.36187571705787,0.00065052100392138,-0.4856936260769134,-0.07357641074135471,0.3823643796045344,-0.5778043919537562,-0.2663133027969886,0.7386816784660066,-0.2571722591583753,0.4655451237009403,-0.38495060303165946,3.627929870322564,-0.1986998308968672,0.8909501276228627,2.0904690438490876,1.6752551143054535,1.5129424753650658,1.0854020665211843,1.8110923420403129,1.8760006259409217,2.323949692178221,1.3589641909764132,1.3725992795188677,1.948307681141195,1.30102354177228,2.161382516731566,1.5762367526379604,1.2344043724875533,1.4790327074288525,1.4895276589935074,1.7967044227600546,1.534022286758434,1.8566714024474804,1.2173984801771867,1.6157048470602624,2.0012064143623394,1.507241956303782,2.06561402116864,1.0835418323418244,1.7752784926342353,2.2995842808227627,1.9400097892301966,2.3585444968488036,2.4950281103123446,2.711112368814279,2.934174433022853,1.8477845711508485,1.389911194392101,2.19344528265689,2.0818546005034695,2.476080184298956,1.7447057316536314,1.552693460353339,1.4827226641692592,0.46812294163791796,-0.29194794534761515,-0.41379948019135626,0.09435471318212114,0.8882452750689438,0.40858962938344384,2.2507583105931266,1.3651777580595743,-0.35598011038101146,-0.15451789299030094
-0.20669838655734252,0.1551707713595107,-0.2384519245354741,0.09111954756442749,0.7877349392715957,0.29743206957261165,0.2791284560320121,0.49437173051865513,-0.13305152359330993,2.7397346096489312,0.5036232114384179,-0.07902564755815426,-0.5325624019144641,0.04075119414115438,0.8739644221821798,0.2159479551588636,-0.34661854581983176,0.37844795587982194,0.2594311662557166,0.4398738691475455,0.7928718552728566,-0.07292451027710264,0.3023583330168778,0.11175055654740712,-0.9070666018135259,-0.4219944746626834,0.10959323000490405,1.3676614359924246,0.01034749554182799,-0.08692228378481914,0.026842741487761015,0.08291963729363544,0.6413695411976182,0.02772823524893719,0.49928272796832757,0.8588066899164494,1.9550872710691856,0.12268434292530715,0.17519348827706416,1.167003581939736,-0.26816988995035357,0.09761822200801809,-0.30821048498164794,0.32304139407992677,0.6673292837798889,1.0307363793975433,0.5881261686294876,0.9572372972596399,0.09791833211604,0.20658471266398923,0.019657825641654816,0.2891034138644305,0.13768841157245035,0.13633399804238044,-0.12325365668859449,-0.025899915109213453,-0.4007911659248229,0.6963369815864404,2.048100236748132,2.3593805258779144,-0.25095623952348867,0.5978221331388754,0.5943797439617557,0.48138873917323116,0.5015118684766895,1.1017989071887888,-0.2160276326934988,3.082284877027233,1.3851271852388805,0.7774944864902765,0.8602105030521379,0.2561579880096521,0.6559694727670771,0.5238596797001778,0.015130458337759885,0.7309369410227838,0.04399669303338738,0.7035331344363704,1.6159904429009915,-0.047887485734634125,1.5303904819871483,0.050704040734460144,-0.7001959072756596,0.5010075614189671,0.1401023255806074,1.6305555958688382,0.03701541112671954,0.5350559195771764,0.6197627656755115,0.3481800465872332,2.3637206206731145,0.5231266721049392,-0.39500708177246185,2.689825396610348,-0.16337609392007157,0.15082415601918878,0.16374996724284746,0.520762941321165,0.43560010051030773,1.3657319663037601,1.6991135480584805,-0.10961889107107398,0.6993469046572586,0.23501582028992565,0.3388345931088215,-0.14398616177398,-0.030578823748911035,3.019584046282102,0.40536763546389387,2.9657785557111778,1.09997878359852,-0.16232652321652175,-0.04013224195601737,-0.43917362350669237,-0.26666573738082133,0.11164348667713404,-0.183803045072045,-0.4616136520727928,-0.27330921630467536,0.017468881262252652,0.5215576179007182,0.6988149364325263,0.09693663422307115,-0.24789666998875207,-0.2538434114388867,0.06707415299162475,-0.22180911579583834,-0.02362175040871116,0.1362624875096436,-0.1355301059103101,0.046436579494227734,0.7123562820687559,-0.09916146878971725,0.016705967323917246,-0.12463080228299234,1.057680104851893,-0.24317687255548015,0.20317522746353162,-0.18923033149001398,0.8173004232291797,0.39545262729868585,0.16346496393188711,0.6519385229039796,0.5162087428708533,0.22398956923475882,-0.21004302937795608,1.261455384416155,0.22035269228366447,0.8836420248426105,0.48394827805448265,1.4905835858053893,-0.22626249866359516,0.4872826253043353,0.5875865021556547,0.9490626134818277,0.06115560802143189,-0.374247417959942,0.5101277898823157,0.2774192622152553,-0.4884824914286163,-0.4194197662211476,0.4717962801517218,0.5968014869092223
-0.12273328432359507,0.019311928566980004,-0.028019028414488927,-0.055738637084985894,0.2197535309877222,-0.3034657989805773,0.09057414506008817,0.3565697904197869,0.10795736640771143,-0.15619830671710208,0.19257912744926398,-0.05382825042390128,-0.06887652341562289,0.13981001620785996,-0.43813337300703387,0.2662453631253001,0.18571529271158382,0.35847469964459,0.04048673443610122,0.010851515193980686,0.5021123353127931,-0.04143382878060638,0.31255561404094967,-0.10938604595204099,-0.22895021891006026,-0.06605944105165087,-0.33795058560536456,-0.026663720956317687,-0.10407902657772528,-0.42726822348687205,-0.11595454306250046,0.12157224599452103,0.31496180054696,-0.16540093688426388,-0.20765175094937366,-0.29404334630041873,0.21889000446676307,0.4984307578905718,1.5302102178747263,-0.5735812577557353,-0.3322452956673746,-0.18688326003292768,-0.013955357005099985,0.41048433391275146,0.1554361985439724,-0.1184492258516334,0.5260674666763778,-0.16736347514928354,0.17972754479157296,0.08477113530890677,0.25579775571944385,0.07460836355999265,-0.09901779018415346,0.3758340137288603,0.7322298163059446,-0.24825515240963708,-0.0437836426763379,0.9409413034134853,-0.14716162645914344,-0.3918908903822717,-0.43331590222162863,0.4511849831670536,0.3437221894030404,0.20503426815653392,-0.19767834520913138,1.4384395680448971,0.3460514525905909,1.1498182123653862,0.4466740646861204,-0.18567553611228563,0.7550392092004801,0.08113940462920355,0.2999230684797588,0.4794542645114452,-0.15145266457955342,0.2001439342632296,-0.4806997595761689,0.562831996243488,-0.6469384320509417,0.9825840620029526,2.5576744442596167,0.15191761873005816,-0.10903244347611821,0.1375842192269334,0.3071365867377229,0.47556161479773273,1.8181232180921152,0.5399265872899929,-0.3695914378348011,0.28398618750994176,0.8000184209494058,0.5993873728390984,-0.10787537855365699,0.672554222204184,-0.15422407348136052,-0.12333509911800951,0.10953570116543393,0.3871597130500878,0.3706785215952185,0.01940507685678426,0.31992779118876974,0.4452114447272435,0.2844957162337664,0.2732360124339629,-0.38747303942670114,-0.01011188635793087,-0.723081941271122,1.0041622876002931,0.43577649676073105,1.2891151642126195,1.3394594190381361,-0.577467882264658,-0.27990545962041546,-0.325680215089261,-0.34950978907346064,-0.12647462703996495,-1.0481828056942546,-0.5514151332486931,-0.3603462181118933,0.09558373553079366,-0.47380026941308057,-0.9672835511703536,-0.6835640084829757,0.11402692322245483,-0.21027361397402142,-0.275465240965183,-1.2482498114923424,-0.35131095014805414,0.7459944013357327,-0.43282360954566007,-0.6925691260396328,-0.8780574191914504,-0.2977392753525284,-0.49271543710202054,-0.29227644306738865,-0.18828763270134494,-0.19121050008736495,-0.9398777088940704,-0.2478398924347577,-0.18380113742853416,0.06411265882314668,-0.1903029005680739,0.31518628613253225,0.14327155525426796,-0.22065407927674463,-0.1637126487910272,-0.5094943890453091,0.10468200139255177,0.3042211961053749,0.27324811354448103,-0.18320731454536807,-0.4912270897386465,-0.25781964834236715,0.32286203494116744,-0.05506502009032615,-0.021466698757667938,-0.2221461009943639,1.0732818206177266,0.5526090168114475,-0.0739760346993178,-0.23475597131595938,0.04236080335023553,0.43956337674470947
-0.5491517011184478,-0.8484461106737994,1.9236556400089517,1.4776352052286656,-0.34678347776652885,-0.48362726680032825,1.7232810088486785,-0.4349133478624643,0.3653665394822421,-0.31764381353062326,-0.19912349152842626,0.9617837072529378,-0.22572631065748644,-0.017505074916539208,-0.8090652206976265,-0.2241760646628803,1.2638969519668168,-0.2172509136807774,-0.5799798537316986,-0.07862722369126968,1.3346432946229185,0.6142765327966201,-0.7216465870532561,1.4262694326258296,1.2366664927976412,1.2257421883786925,0.5622551308890897,0.10602869028023375,-0.6515839853485272,3.5179694485543473,-0.2634704162400099,-0.9334685313154242,-0.8840256622371463,-0.161680091113587,-0.3056079854090187,1.8775854908194296,-0.8039218681762664,2.682317334536523,-0.6369161458503452,-0.35249978840473317,-0.15893661750041416,0.8857935794048044,0.2187501806662731,1.062165590948066,-0.11988910535434125,-0.27314545254841005,-0.6845124887223698,-0.7284150132250126,-0.24150762001676596,-0.44896484234641926,0.39831689767093276,1.484855526385948,-0.5627935031388495,-0.5588783634293901,0.10427345855234446,0.21354963792460394,0.5629144629110527,0.3131992590649468,-0.60282522885895,-0.2453113955061999,5.489336938082713,-0.12311425479108652,-0.2052250356744049,-0.2668676271187884,-0.1213455327733852,1.6541010977331339,0.694316693795435,-0.075609739338547,-0.5385804502491969,-0.013491585465870998,-0.5825155124788288,-0.17132045575665356,-0.27866521718963755,-0.7328968452103364,0.14268757170098967,1.2958480203267913,-0.1699333301480004,-0.33105656630104197,0.9695171497504944,1.2535064465472145,0.13854200839455982,1.397974153464699,0.9072813326621648,-0.42461469019867915,-0.7038297160895856,-0.4744808348092356,-0.8142313181007732,0.06773591297181453,0.1907888060730555,-0.5689801672500521,-0.025308149320649377,-0.646479762030883,0.5704881757855125,-0.16765469089472868,-0.7413798998277732,-0.06396266170589719,-0.5204478785995773,-0.4420275782467516,-0.43562761960638663,-0.08862110209867337,-0.24717437983831184,-0.47925261333621566,-0.7360118467591995,-0.2563336099638886,0.7935248370493998,0.6524436917978907,-0.29234305989968246,0.22144090520288243,-0.7374162033572004,0.30408614432454284,-0.40018808132961414,0.3016723337308092,-0.22733544098289218,2.990567395032933,2.080122495988635,1.3789990099989058,1.7450896305602064,2.2445308898710783,2.4315994403218593,3.0035221711690014,1.749953538017887,1.726960552595015,2.6338942290212035,2.6806198992320938,2.5300174977123615,2.2412555504616294,1.6736162840445226,2.5435275674042055,1.8857357420973055,2.6911752259157455,2.243281770301058,1.6476123298769079,2.379011036604069,1.9936048419396688,2.567153381645981,1.2991967591956077,3.366875914310355,1.4951911716420951,2.2340456439882614,1.4135531342331507,2.9299965451899617,2.1198569782172214,0.8019502071967274,2.290978777923196,1.2205565691087175,2.640345720627074,1.532120241559698,2.0375837827214505,1.1818525058142315,1.8515923890892958,3.121702554635259,2.5879553270212456,2.177345589146317,-0.5205848924681462,-0.19783463010815,-0.008868250496342182,2.2762098477898447,1.2635636426049357,-0.7520418194077152,1.2559489640379355,0.8392154129349473,-0.4247996249738887,0.8742486062354535
-0.7263958457332873,-0.9511142599175527,-1.0299906767068405,-1.1082363890501528,-0.5498640698925746,-1.0782768459981387,-0.9951887129233814,-0.8569160185399588,-0.5362643021873691,0.3560977675836062,-0.7696935554701667,-0.890356744105568,-1.3213989736574476,0.9044383791154502,-1.1199605491257534,-0.9492823210017893,-0.8382574754646742,0.2679644456214243,-0.8459580596233087,-0.9629235713535882,-0.6707019473094673,-1.5206404307130124,-0.5996461985752618,-1.054212275539158,-1.4276201818524763,-0.870072839926129,0.9935421313232603,-1.023970294086709,-0.9810306190472227,1.7027003617340466,-0.9037618900788398,-0.9649050329632023,-0.9259873973542507,-0.9580792794205353,-1.0380973911440339,2.189308041921166,-0.7399633366649987,-0.889742827438178,-0.7702241956505929,-0.9425187685786497,-1.1597965832642432,0.5303611171665148,-1.0431933250863406,-0.5078686359245729,-1.0824904142974698,-1.1549033594962126,-0.4208922785440144,-1.268532364562521,-0.9576077699510285,-0.03601993249748385,-0.5959970066319045,-0.8780782783822613,-0.99273211431544,-0.6768698981458571,-0.9318342426489072,-1.0628946391409884,-0.8450507650388045,-0.353708859955296,0.9177251807501322,-0.23415523642140995,-0.7960966050013517,-0.7776901812874485,-0.8097496603073023,-0.8561992651144452,-1.2715387054531326,-0.8828519761134844,-0.8062712108158743,-0.7511787032059631,-0.874062854488737,-1.2908347140293615,-0.9612071822805548,-1.1122908519726769,-0.7840990585845343,-0.7706300638759646,-1.1120349463122698,-1.1390864851587563,-1.5249945677841257,-0.9014479716186603,-0.5430520723911263,-0.30964208625234985,-1.448637541476674,-0.872623462267174,-0.8499799120392957,-0.9903496037299128,-0.8647741309396382,-1.4823920967759483,-1.0600243604431974,-0.9334114571966339,-1.4515557010313989,-0.4193887547613065,-0.6523410400355416,-1.000200533828916,-0.635707767551864,-0.7919584098703214,-1.3572265699999724,-0.9540775425419771,-0.7890967438888071,-0.7533297137660637,-0.20448572931921108,-1.0393055886280516,-0.8604923660611244,-1.1302853490170621,-0.7544511180144852,-0.9112285065472996,-1.221286252610398,-1.1419451246194086,-0.7915325931875409,-0.7896015518605279,-0.7547655934467233,-0.9064426940441087,-1.2842681784585128,-1.1493740174332894,-1.0205838688228024,-0.9763425181000621,-1.1146106285196329,-0.6366456842545104,-1.7109000950678774,-1.1010459900279455,-1.02851281116862,-0.6217696072012063,-1.0526258711993741,-1.7711715233768117,-1.3710719615960192,-1.0493250015436872,-0.9296997709947269,-1.1877692501948434,-2.13720355314118,-1.130699299710137,-1.683256274966432,-1.1098290338840457,-1.347446209018473,-1.4237364013957723,-1.1877594178652169,-1.1537424911500516,-1.0126016821653319,-0.7759056893902682,-0.8638505550104085,-1.623584491079,-0.945468744202,-0.11028853812164453,-1.0865902178501565,-1.0665669376118765,-0.4609771662073703,-0.9263043624270612,-1.147098279919422,-0.9676777101235192,-1.0792448761459044,-0.7567127458074744,-0.5326182901659855,-0.6994887232726459,-1.0839013266408453,-1.1204126434531962,-0.9975596070111495,-0.8659096416909878,-1.0155595406176234,-0.9881620844654382,-0.7603976250868438,-1.277115147607355,-1.1281991928858395,-1.4418423698985652,-1.401011468316411,-0.4247996249738887,-1.0522446414901683
-0.9036399903481269,-0.9820233969749682,-1.1309248338606188,-1.191780166516327,-1.2508333170469779,-1.5103808860830696,-1.1235356064552326,-1.4050015523035309,-0.8174306889694829,-1.4200121958669762,-0.9179793528540695,0.2810969172499848,-0.5672441210779877,-0.007568099260323292,0.7213222420737542,-1.2482592782313724,-0.5875416901868636,0.036561184161268724,-1.318354549786969,-1.244320763490539,-0.6707019473094673,0.2816297674671388,-1.1109195866386665,0.0696047863296929,1.0926771221019285,-1.1171870358067297,-1.4114490103439148,-1.1752816115678646,-0.9620636068544105,-0.08692228378481914,-0.9477566383054468,-0.9649050329632023,-0.9259873973542507,-1.3473397919799739,0.3984750988616955,-1.664632704211051,-1.1493275489998656,-0.9521562301590202,-0.5421467983608805,-1.3054262122575249,-1.0585920495835086,0.5905767574808982,-1.0175001057661708,-0.873832754849189,-1.0216574414415274,-1.3616512808252386,-1.2680036237399237,-1.372036549782776,-1.1352696684990276,-0.48910705389326076,-0.9046015961915014,-1.4074004134656517,-0.9733741090177873,-1.064713149841753,-1.1825775604378514,-1.229513669585252,-1.2866948796924984,-0.5631759811485983,-0.7674633801589312,-0.5254846993363802,-0.6406215957159587,-1.295537306813537,-0.540375801705383,-1.3335097242938134,-1.262970228744276,0.2788271563725445,-0.9521625131210659,-0.42810818875322615,-0.874062854488737,0.26243911777129314,-1.1475897026317745,-0.8587514851796436,-1.417249227659481,-0.9331857329878542,-1.0313599622690157,-1.3605828602256762,-1.5249945677841257,-1.083735487121767,-0.4742058645735016,1.079432903092988,2.61588160596854,-0.9841166867526658,-1.0880343684655878,-0.994789963872664,1.9003815712544982,-0.6429043531442401,-1.1131694600181496,-0.9876263328320576,-0.8908921211713853,-1.309153187248972,-1.1473886767916721,-1.177282486170846,-1.2133374061308027,-0.34715818649423286,-0.2795406477960361,-1.550930758331066,-0.9956151681343349,-1.2076408582286629,-1.078075725212152,-1.2574709641050292,-1.1111768894084733,-0.7599756240319202,-0.6141624689825761,-0.8627950510446368,0.8193310309208828,-0.41571306975860733,-1.4277573703830087,0.03410313060955528,-0.7723305094192127,0.5151494413653495,-0.9891537791930674,0.4440086245812522,-1.164142779843097,-0.27105959832288595,-0.18851474460870268,-0.0031004008919480307,0.4291077479515661,0.143043826494265,1.0895864593057236,-0.1467836927910487,0.4357138524561859,0.8277611226207463,-0.04454475091652836,-0.6024547416036556,-0.10208705538326884,-0.5307141475360262,-0.494211380249586,1.0919088388668354,-0.31791621926989294,0.030462229002649437,1.003389872914081,-0.13799324433762505,0.28934334368492054,0.24682986627515585,1.262834326956815,-0.21040441817088232,0.1078151913432833,0.08051522747733454,-0.09680556902730399,0.44961452784831685,-0.396097762110828,-0.38328463565753346,0.25414243832657196,-0.17828857938245368,-0.4440023157023306,0.11239188582340395,0.43551080516651963,0.35288374108218346,0.3042211961053749,0.08397202384626999,-0.0305576361397568,-0.24958921063458725,0.2849287473327657,-1.1987612988200118,-0.6957199253338314,-1.260852130424184,-1.3352698606256117,-0.8169614172320984,-0.33869816033486067,-1.7588135162892375,1.2772540758823445,-0.026544564159433244,-1.0175805071264477
-0.20669838655734252,-0.3909508879339007,0.22642038298665768,-0.38188207432700927,-0.4820454415316569,-0.7609758430256676,-0.3103201536820585,-0.24254985576594573,-0.4325222541843584,-0.7953030387330896,-0.46396104146221195,-0.14465908666467256,0.1431576697943318,-0.4425716162259866,-0.8707956125686204,-0.3678782497090802,-0.04550633150092656,0.19924839113899456,-0.35654818205773514,-0.6085475585979827,-0.19526522834185678,-0.14366403821216384,-0.044178547596114344,-0.5744968685640967,-0.35194189540613313,-0.2571911867957829,0.609622589535302,-0.8264408344332302,-0.3773892579259565,1.0983081199962086,-0.04288496336782671,-0.7877525298670239,-0.5230779808582804,-0.6175600895176443,1.3161527780534388,-1.247496417617736,0.30618594004345623,-0.6305861306415743,-0.12389888804299695,-0.8535864071645104,0.5882249037011045,-0.127315876472138,-0.4066796797562517,-0.44407257405611555,-0.5822715296349036,-0.566569910102836,-0.2778460769008669,-0.5767316399963991,-0.5739591964655757,-0.48910705389326076,0.160879800240718,-0.897446943611216,-0.6216443819306953,-0.16434425175925335,-0.18134572040113947,-0.7237301942504123,-0.386103934217995,0.07654578450751418,-0.44836015502776866,-1.0823553154566126,-0.6748509978024014,-0.200198957086859,-0.44747016992367794,0.03746833228561057,0.13281133899005412,-0.7998847408929447,-0.3106535433880026,-0.4660964125820472,-0.5952061735979206,-0.15739593199164612,-0.5028297973570783,-0.27580658886329695,-0.21036160868486634,-0.49490344793722074,0.8666661201900789,-0.6752991283048366,0.6700435124091001,-0.33105656630104197,1.3292992569938484,-1.1659038144427412,-0.5449193893697927,0.050704040734460144,-0.1701650632126962,-0.5558277418793239,-0.24134016560753685,-0.9076951417791106,-0.5788097664233097,-0.5596772814426859,-0.26259450141399787,-0.2425036840032202,-0.2125630596777713,-0.5341563591419751,-0.3599828957335675,-0.5326370054289781,-0.9541756169935535,-0.7237102061833597,-0.4375645941253375,-0.30588905512736914,-0.4130790106489581,-0.5428064729646381,-0.2569710765524242,1.054622941782959,-0.6477587741607603,-0.021583841676277835,-0.7107636312084428,0.18579389707210525,3.5947521467329446,0.00988980177093489,-0.02204468628364797,-0.6029489034018719,-0.6803791796357743,-0.7989834103184965,-0.38045735645677065,-0.5897616500131493,-0.6728943664815594,-0.6124866397851914,-1.5905824756100972,-0.8728788275830576,-0.8018083180466921,-0.4222504984428231,-1.0344881047204653,-1.8151853409642058,-1.0619047402162896,-0.8899306218438515,-0.5433316660830184,-0.8195357793550986,-1.5366259211635576,-0.8421166377178174,-1.2002798179813723,-0.9638951294484293,-0.9344515325992345,-1.2359735198445385,-0.9824483665544367,-0.9216077878665418,-0.859739195767884,-0.48469263405409135,-0.4894644337533818,-1.4347307484231089,-0.6989589909097647,-0.7400188526052975,-0.7244769484898469,-0.37751479425728296,-0.3580710530859255,-0.5128619776774294,-0.7573962190133412,-0.6736854509472143,-1.00092601254284,-0.5816117631549327,-0.31026782539182224,-0.4115563889772921,-0.7132892562446681,-0.9515756371357079,-0.7325477708392414,-0.46727225906068826,-0.8860546713501215,-0.6595118597645682,-0.8250925054270278,-0.38831603371285683,-0.23095183346322948,-0.22107913871001,-1.1054115501583661,-0.7005744946451404,-0.9653823635650592
3.0766339540280367,-0.8697651685230713,3.947292405937852,-0.06485441637777625,-0.6465196975900313,-0.4637544579651841,3.873189844248181,-0.6865041679545081,6.4447607959902005,-1.1981440339205205,0.2630826597607569,4.030818209805402,-0.1272651139284845,-0.03766614016207614,1.8636817661396163,-0.2385009284278509,4.603798873502456,-0.3867613014354573,-1.2524520454155226,3.75054807782998,-0.4196387702534486,3.4407280371076383,0.8605970673839777,0.5895628258998212,3.029955351502689,4.435298950394639,0.07147730867585779,0.06666882829642629,-1.316476152054799,-1.193548748959004,3.460575721612297,0.05642865842100945,0.1218002443055504,3.3773445130574857,0.8719938941164193,1.5361386642006636,0.14837650794987362,-1.0125963121524049,0.0009458777655935477,-0.374508008789215,2.7240925753080174,-0.1030834871266266,3.3657201127712364,3.165600363764859,3.1694072328209315,3.6188587942132076,2.056276393185461,0.6221739070402938,4.246617674963719,-1.2023623140538928,4.315001195210622,0.5300165220368807,-0.17351013787306382,-0.3009140306007495,4.033703967308671,-0.35234704582539744,3.652817341526115,-0.4161129454667231,2.3952141013178774,-0.5533954962227802,2.2333157593935575,-1.2398406661623973,0.8787497883188219,-1.2298905415306594,-0.671958206389103,-1.0312122210174641,5.385906087995238,0.17133268020946735,0.2616808316059743,0.5577063792470193,-1.2147263344901393,0.9818211461538086,-1.2485308395430854,1.8548006310665204,1.5360790795968282,0.20909650058331702,0.5425996203929984,-0.44364080021907737,0.33577708885308943,0.9892025571561363,1.4903241281644846,4.021058429531437,3.96770722944682,-1.2777955412364261,0.6584865403554633,-0.876120798085367,-0.3921201734389114,-0.14119502551313814,0.010780031025233016,-1.2572067092573422,-1.2967285158554482,0.07263819737267556,3.555849361103637,-0.18855079566045851,-0.3922535993867074,-1.2293250121625974,0.009491710963749638,-0.1390221483841637,2.3780283071551795,0.5963089020689244,-0.8142026170704518,-0.9075482995535994,0.8488067888993055,1.7374900151560004,0.11792838041870043,-0.7153645481100234,2.460129870480215,-0.18558013603665635,3.084737599281555,-0.2067088445804623,-1.3742739954728918,-1.4426620926714024,3.585914475866304,1.8760454807886244,-1.387652012728157,-1.2057665094597168,0.6805831826528995,0.024443344699569984,-1.024151080302255,2.2521889803299553,-1.5473166070218258,1.1786405980096557,-0.5893326436228514,-0.8577494056232206,1.8548801716951397,-1.7782237215690135,0.4346704262178348,-1.4253454346281689,0.7964697501796485,-1.406458197354888,-1.4851713700331959,0.3584968298471762,0.5922346601331597,-0.48572117350516403,0.8081134966774447,-0.015426263038104838,2.1341080867753583,-1.5056477499695093,-1.3034584130891462,-0.4040182119883178,-1.3809649287829115,-1.4254836050829043,-1.0420175573119153,-1.3281644383105617,-1.6139737650939778,-1.2153150865985842,-0.6625839327232171,-1.2244174643751429,-1.1492483696346056,-1.2647612713323078,-0.817454236022679,-1.3878015306689928,-0.02643059281546303,-1.1987612988200118,0.652728835297481,-0.8007819845568429,0.5295914274263515,0.7768909337290403,0.05026527268893263,2.946022939975424,2.787723390641224,0.3727337455347499,1.9275879408346699
1.9211417821769576,-0.35207921260826425,-0.3429024009668535,-0.41938904874979344,-0.4494868782902058,-0.43940020365787646,-0.2975620909024085,-0.26948502643849526,-0.33429129610751396,-0.7266114079819735,-0.48440852349929603,-0.7746274874201383,-0.9758259992097408,0.19014014904155704,0.7297067509708179,-0.13179993858263644,-0.3238750491912187,0.6705120241774227,-0.3816478102358841,-0.3252528252774164,1.0089980053649341,-0.6232796442256403,-0.08405194434778994,-0.36683961107041274,-0.3800346655559729,-0.5021282334148507,2.2148509109139636,-0.5212680847883098,-0.46077064626441844,1.0036273439452559,-0.34281527193666644,-0.2916549601674845,-0.024072157119889283,-0.5756234175925562,-0.29771042363812456,-1.1070730077635944,0.16621089548004792,3.147317256558571,-0.29418992009046224,-0.6612682756491446,0.418591064877977,1.0461005745135503,-0.45169002374500883,-0.2445726967079798,-0.5514204628311787,-0.46281279795661906,-0.4228499066579237,0.3225149550396711,-0.31693415420530796,-0.47751960705185287,-0.21529664921417432,-0.6308305562744594,-0.48348701138361777,-0.6089915015734259,-0.484928814223143,-0.6589161901129348,0.7496923683370226,0.7427913656820339,-0.8611801868053243,-0.6104436453783955,-0.3234246500732637,-0.11872677879933292,-0.2052250356744049,0.044491192029667725,0.06194502653888006,0.05725486510534133,-0.2624495476590645,0.559025799222354,1.6819089309777595,0.46368996852938377,0.016859485592127816,-0.5685342992963839,-0.04603545815874105,-0.2403513148158723,0.05093756866762669,-0.5338523353753934,-0.6209736464512654,0.11078046179825761,-0.8503004727037926,-1.23796223554109,-0.8649312554448014,-0.1648441992146522,2.2764573138547073,-0.19712695157955265,-0.22557227072087496,1.4518626475569942,-0.48209392819297314,-0.1804369014633047,-0.3806343061925484,-0.3503363695333408,-0.07777944549122585,-0.2263791525432675,-0.5769798362426822,-0.09750215145789602,-0.3922535993867074,-0.544760653386293,-0.12207081606126725,-0.2008341990666051,-0.2240867174358514,-0.41320702455922204,-0.24717437983831184,-0.3034837193680954,-0.25727449316782974,0.23325511619969028,1.7707065565453015,1.292030698268739,-0.6804163121673898,0.6295681056831591,-0.3479953543975021,1.6804608619340662,-0.4207061239752466,0.12902327289678378,-0.6330492239817131,-0.9206376359367601,-0.9931727609262024,-0.7658915520557482,-1.5826568310709377,-0.7938340855460323,-0.8512373886359036,-0.6557052668878706,-1.1146489230468404,-0.6214155260213018,-0.9393802160672006,-0.15835043695492124,-0.08467528581467557,-0.8276554942715825,-1.5434771735384964,-0.8737204424472761,-0.5931759891276983,-0.9853623456664354,-1.174719469814526,-1.3072413626857036,-0.6611038673230608,-0.9753966368563078,-0.9482498608302613,-0.4482651508979306,-0.5602983410746126,-1.507597710810119,-0.4327107448731579,0.40570789859356443,-0.8303522789432998,-0.3298457409520891,0.2966202295967123,-0.5594797290608079,-0.6190483458105536,-0.7193360090939678,-0.853497735917064,-0.5689853597672557,-0.2384033479196147,-0.5361091485060392,-0.5851320394953208,-0.9429107167080166,-0.7635954122923948,0.01847604602837826,1.6905199571589307,-0.21301479990860933,-0.18892316034928897,2.4784745436739057,-0.06478456250261513,1.5429165181021813,-0.6932913255783181,-0.4426104460703257,0.43956337674470947
0.24783653953160034,-0.06203716282750148,0.48190289332263725,0.036978764507786276,0.060599919305210054,0.6878739073991031,-0.4727973271667033,0.578854256859692,0.3285943214258126,0.6872136803649603,0.9082493641877002,-0.23475439651667981,3.2620848389241206,0.658002145923101,-0.8267450515148699,-0.5042194392264275,-0.11192662135035042,-0.6494623959212671,-0.49970622105597295,0.33121267531792226,-0.13015661589191427,0.14140849834894056,-0.005407783575958717,0.15229546209334557,0.03872647347609045,0.36879062724410466,0.7920412648412299,0.5228472926056799,-0.5832128931445524,-0.10766983739262256,0.45948436211868887,0.3871459594352306,0.882093420447373,-0.761359627132575,-0.13244302840519104,0.553456310978438,0.8472702564308092,3.5190860659631884,-0.042241121505645934,-0.6886724048787634,0.13300205406442275,0.5034563159081046,1.1352740007694664,0.03435181163707026,0.2525964959435812,-0.06425216482447572,-0.5214899407360852,-0.9622588660505126,0.17972754479157296,-0.011011275935297639,-0.24710963119510682,0.6297620138768063,0.1777549394976652,-1.4275747607445541,-0.3495610731838546,0.06189949175977346,0.11745555304780139,-1.522279965661565,0.8838692737818811,-0.36968007330987673,0.20691263917499503,-0.3231239792887963,1.3070821439402556,-0.467722393716329,-0.6764353157453384,-0.1641038744013584,0.11967366042845225,-0.09465779500806247,1.298912089134712,-0.11627528731876106,0.9498963174271,0.754168882049763,-0.1905537042931992,0.8572411712769176,-0.10164431061474236,0.32890605411849116,3.740467079147454,0.3600783957939843,-0.07229503861536339,-0.23860586050235247,-0.455498707381512,1.3262359958668486,-0.03502323434120249,-0.7674355108793183,0.5748684550144688,-0.7611053777313865,0.1721706873998644,0.6476987389159475,-0.6235342962347981,-0.0495055282827156,-0.24611720109618096,1.1030693684937993,0.3115570857619137,0.4609365217747036,0.033920109962119256,-0.8948682587863369,0.8124897739416161,0.4116976498995526,0.9291931509055221,-0.30283911253030205,0.5960330717523615,0.512535370877022,0.9729629457916776,-0.739693581253564,1.1686948985177208,0.6135549639305111,1.3720787763217348,0.004414254388984397,0.048921482041664036,0.42297785191980053,-0.40018808132961414,0.39540564255441857,-0.15579586549539198,-1.1026138561433025,-1.2537788650441068,-1.6451247791220527,-1.4386406267124114,-0.9526230073339654,-0.5770251369309405,-1.5319875297636796,-1.376719594839542,-0.23862917721139518,-1.8396652118370012,-1.352289337903519,-1.5384819319481853,-1.4616558232905161,-1.4517228142749137,-1.962565434959086,-1.1423026412347936,-1.683312357203109,-0.9344515325992345,-0.8829311011521073,-1.2669241251647008,-0.6408963540384338,-1.1621530627106105,-1.5502368602192371,-1.3813524905631722,-1.7654797904842807,-1.3976028985216367,-0.9837206090444107,-1.503994708858371,-1.5171445942569728,-1.7395001320487633,-1.3582815902742946,-1.2756875702949506,0.006417111771763603,-0.60055353168446,-1.8770306198438125,-1.6525961328192016,-1.5539444256565982,-1.7395610242443666,-1.5395033012906163,-1.7307273248309754,-0.2868740572572271,2.441059627339863,0.07586142517081988,3.007309254759101,0.6985204950723714,3.082390360977594,-0.07883309166961207,0.7877097311032576,0.4277341509851396,-0.29062041888967904
-0.46617852790302655,-0.12461870213530553,-0.6317087716060363,2.4413604906706174,-0.3369688660154152,-0.012161689927925755,-0.30605507356348455,0.05314089252889333,-0.2715876083866811,-0.636056389615837,-0.5484092932002681,-0.6556877215774811,-0.7815439804048305,0.06870866649405595,0.9312990249449166,-0.19952037714964874,-0.4993855907554637,-0.4329127373381793,0.13133765792415952,-0.1960222027932592,0.7885689530060834,-0.22611620944772792,-0.01821262107003726,-0.45679209426289763,-1.1080236296780306,-0.23738958932168297,-0.20647688669792225,1.2868550443886986,-0.25418167383740387,0.3616923583743681,-0.5022585203981895,-0.08576748687500232,-0.1387319981905041,-0.36261478497326655,0.07163007918282459,-0.5352651471525038,0.31479125746039444,-0.513432801345404,-0.17165007349233857,-0.7503038436188043,-0.48083441213386685,-0.21688504451817914,-0.5146703934940491,-0.16842113221737454,-0.30183731551820026,1.5310696700538324,-0.2772674545521727,0.2412156079911731,-0.14281484878658532,-0.044456691283168384,0.11704984474165922,-0.14663694161691157,-0.4265054486249759,-0.10620997683538783,-0.41880879733190707,1.7936034544999537,-0.2760944480048933,0.16860477078394223,0.17892448075610562,-0.3680006142854073,-0.0554507842225493,0.04888877080171517,0.07144296855844444,-0.046336205310583564,-0.4795209594177431,-0.6709500370861599,-0.13751283639422038,-0.075609739338547,-0.22813864938113282,-0.5165999194635644,-0.09198454249106312,-0.24657402963205252,0.05718429216677326,1.2439923907136528,0.10212959286708388,-0.29958358957817954,-0.6025590022354566,0.25912429465502185,0.06098786235009207,1.6520441954838205,-0.5585532881063302,-0.47827970774476225,-0.33889874916570345,0.14482367262076132,-0.11245233944290124,-0.09451445280072716,-0.1598063095326768,0.04745428178679399,-0.5263022314169742,0.5243828859417191,-0.002247796455723894,0.0302306372922084,-0.31511750509958936,-0.2537390206658331,0.25298999784929677,-0.6307353506162284,0.7649424745972374,0.11426276596431793,-0.030040734496165546,-0.15753766489878532,0.13799151534579435,3.4739607965354278,-0.08428554808147293,0.12362966157420731,2.1544384013102995,-0.33587098540158306,-0.9635779645335816,0.004414254388984397,-0.18728590263634523,0.06621244226830827,-0.23452802358408653,0.0046810917170126325,-0.25621312651843753,1.8791738068817587,0.7253893198342635,-0.29528687586050795,0.8057555892445333,1.3304597994811596,0.5422960329708739,1.383227583787504,0.7599495738428648,1.1085005751885577,1.0786790670618105,1.2936057196363482,1.159162498880609,1.6066439315346244,1.1826636723255854,-0.2450517926336907,0.38556777881400517,1.136620405437474,0.5802901282626548,-0.00431010182038388,1.2145068325975528,1.522330601895203,1.090143509391201,-0.26803556765344566,2.078591667106275,0.4494658410382272,1.589595234133301,0.22341589706281617,1.0106146296531566,0.35762112308064553,0.08889048321295008,0.28395827029339665,-0.060343274022111745,1.2781145475476454,-0.2598269610760967,0.48051168675616956,0.8175429391613565,0.29802120802595605,1.4380977965915582,1.88445668360591,1.2637969711632104,0.03715064062266282,0.32821761688621587,2.451330390011143,1.51567131801624,-0.6753292521883086,-0.13085374827863724,0.7823610033495614,-0.16079286782888783,-0.11317489984874855,-0.04016455064178092
0.23998796992795318,-0.6527372906440236,-0.4206927274488083,-0.9172166522687526,-0.37670544936749495,0.039241207952052874,-0.7220451889931717,-0.9841007587728203,-0.40470847222915884,0.6657256834552392,1.1814135073071,-0.7509548355385193,-0.9377440165523874,0.05015343727745193,-0.14983383727294144,-0.7439547983440549,-0.3193830135618303,-0.6863954428647968,-1.143558832482556,-0.6535624726194253,-0.10933684524987897,-1.0403844678294452,-0.4874167204443068,-0.5810664535655455,-1.0393119358468648,-0.44238078688203397,-0.9424848737791266,-0.23705381977531564,-1.1992909027468965,-0.15963048651189107,-0.3762644914737858,-0.1966087139511583,-0.1628680050913037,-0.9034447656255135,-0.9682736972295836,-1.480037531282396,-0.9133638056452966,-0.6883866452330191,-0.41800256893349946,-0.4739011585258912,-0.10559122834793666,-0.8625905851778198,-0.50660100235172,-0.6321876931551786,-0.49227817703620896,-0.3495706861665553,-0.9588781223069812,-0.38794999685441844,-0.24150762001676596,-0.12277325424945319,-0.44833047879105914,-0.47736993935593464,0.06935816549212576,-0.4357199860926303,-0.9318342426489072,-0.7237301942504123,-0.7768323771170937,0.37718166437775474,-0.6983297960579772,-0.538227368194995,-0.23858548375729338,-0.25767332504346396,0.2216812389434646,-1.1575632658693278,-1.0100306119039255,-0.640242889430678,-0.5908833968765819,-0.6082230565761367,-0.18528122199449562,-0.4242345381632825,-0.7161004223222384,-0.12615161318522544,-0.9496677695166501,-0.09408534067818432,-0.6700603801528779,1.5902686216943074,-1.252192893752353,-0.33105656630104197,-0.9775967667275598,-1.561297321348373,-0.9845180672295633,-0.4693642413312125,-0.5217121405734966,-0.7748885186917065,-0.6192543688588414,0.09483744813327312,-0.6678963733268359,-0.5596772814426859,1.0799144863303136,-0.8618703720561559,-1.0500762412590974,0.47549894141960414,-0.5913410463680788,-0.15735402994627135,-0.796959429169362,0.5243773844515472,-0.41756341205369313,-0.6444696457403344,-0.30515804155191023,-0.8759384608576545,-0.7549618622359677,0.25325959466941317,-0.04199899794419796,-0.7195715116044855,-0.26824821729137616,-0.7801014360810586,-0.9362626606156681,-0.522271108050033,-0.45681499975676226,-0.14543222438048162,-1.351114853879794,-0.4803293338398063,-0.5999538162683574,2.1637048142197535,1.1364747808405964,1.1505334990153264,0.9870546016453804,1.7484070886900975,2.0222630696223565,2.7250403345085177,1.2176530402616268,1.2980480725337262,2.0348854820266107,1.9969864078403,2.0395789887093634,0.7007392761367983,0.7672400220368644,0.8311595287815279,0.5379666052800532,1.8581550675748495,1.6606062535978323,1.3900999113341692,0.8018779644397258,1.5229186582330647,1.6532796490917434,1.0155698119159142,2.548250689603933,0.8838905108814293,1.7666869237686418,1.2887021361961526,2.93970469271869,2.773850420063029,0.5413765237099888,2.6161485802635562,2.693125913332576,2.1850156340143054,1.0664440865516371,1.3993162423287322,0.5912155124414851,1.560293653265739,2.335403828077427,1.0421067355831761,0.5994144090996009,-0.2868740572572271,-0.06294393190417588,-0.9673903890530705,-0.1741745897462953,-0.5960131351735417,0.4217133631494025,-0.06510497526220584,-0.39490809362311596,0.15870710719720932,-0.5839654285607303
-0.32913426177173094,0.9226410291608976,-0.47947486999017963,-0.1180204232069356,0.010023366773440196,0.1412039264855615,-0.26407549212007403,0.6659439401052631,-0.3449517385595749,-0.14510164405391146,-0.8263757108118662,-0.7027821190630961,-0.8886500898745067,-0.17910787378719584,-0.31619701510421905,0.092188936283715,-0.37928241284044717,-0.3847077785064308,0.5042408285743544,-0.12329378919292036,1.7092951755826102,-0.38987052218824614,-0.11127843012502116,0.1456440125779406,-1.0209231667052587,-0.49333888111695456,-0.34568242372657493,-0.3570887066080448,0.040783827557903246,-0.5264349925433084,-0.0997700226585708,0.16512122289652906,0.593276186335028,0.1640164015389182,-0.06988780982263809,0.6153127698917449,-0.3324723470138034,-0.3443880920779867,0.03446455949607904,-0.2517505668499348,-0.7656429126880423,0.16489833738523887,-0.06693237497832415,-0.22894412757952284,-0.0512015781686133,0.1519669672958757,0.11164946694290007,0.24330740483840685,-0.10272583512893785,0.8628410656297103,0.27368494127711235,-0.06947780165345249,-0.21743380378555274,-0.1323294373444327,-0.0899263642554832,-0.24120130607592855,-0.6438856731247091,0.055703592425040395,-0.60282522885895,-0.6248619342505197,-0.3909865100093165,1.5993514087783238,0.08590035607696157,0.5294096227689915,-0.4273429681026101,-0.9926371865168776,-0.019550654852215424,-0.15811075846945627,-0.051890076432895116,-0.5658142538841344,0.6203798140447461,0.18572108125004913,0.7522780656820236,-0.04867622317023931,-0.3285968558618514,0.5632474596333548,-0.29947208002995845,0.435067491285759,-0.6784304854127591,-0.3550614684364145,-0.7012208465705426,-0.30197034570907466,-0.620014751057809,0.30081496525388396,-0.09084429872321827,-0.1298241272449851,0.0807905743060372,0.04063079951211927,0.08619525969641378,0.6609350433444602,0.5162429682328743,0.09341406793221937,-0.48185199588727295,-0.16765469089472868,-0.1679806251694871,-0.2505813258355881,0.8209696969975447,0.6183418191060163,0.3303320272580287,0.0788020249504836,0.8630508600083189,-0.33619549370811824,-0.021390303901633313,0.3054762182154205,-0.3968919881060303,0.017388828756868244,-1.079350301028295,0.14347650509183002,-0.027252638957567507,0.12046176770160281,0.25282800958083373,-0.20610825368799462,-0.24456587927904355,-0.9117581397008248,-0.8963856231165138,-0.7910843122702881,-1.7048026873576423,-1.1782208101472063,-0.9192069639878571,-0.7048733626405866,-1.2672693382078437,-1.9090232417334898,-0.4726117158906061,-0.9189535492273324,-0.8955249169506427,-0.33168313794793713,-2.168453205541504,-0.966854176742915,-1.1671428163769204,-1.1894671455448127,-1.1386090384084309,-1.0187252815834684,-1.0700040354670055,-1.0409665264389383,-1.0494851566033276,-0.5897028643681563,-0.39182783797779913,-1.5578184185260517,-0.7600677804109026,-1.1038840961493332,0.6005814223845571,-0.6643696819342707,-0.5397825912208103,-0.5205089160964878,-0.49648367988775627,-0.5028262888329899,-1.1231986124935605,-0.8044105756985807,-0.5747877559826751,-0.1829099598686868,-0.6351095002555859,-1.115879799925298,-0.9832315581598462,0.3630271734848723,-0.19783463010815,-0.07982445988550842,0.6015404414559347,-0.40687815922945253,-0.13085374827863724,0.5391202061414047,0.146456013245533,0.38206941555883905,-0.6297729860113046
-0.8214756887681983,-0.5482088551873981,-1.0212987771515623,1.697100295951347,-0.6719170356726195,-0.6193672329909143,-0.551247795847006,-0.1720918574496227,-0.6587979496856448,-0.7783394705161097,-0.4146141575062929,0.15453464308129916,0.08228917561419714,0.10486201062262178,-0.874575299446313,-0.5132899419885315,-0.9131026710320702,-0.08556793910016042,-0.24627170283343808,-0.50927645600652,-0.39215597901416555,-0.5768771480225278,-0.764792143891227,-0.7068062272283019,-0.13904686808732936,-0.8435698058874707,-0.8169639980506492,-0.28899574109416387,2.3438141650818913,0.8972661584545552,-0.5499723019976551,-0.055922881417276755,-0.5230779808582804,-0.3093061904417481,1.4008970938755616,-0.5473944752690111,-0.7749369035934416,0.8263359591667593,-0.7167008458144013,0.0689560063938555,-0.878030612459863,-0.11376303199024153,-0.30821048498164794,-0.6843070680759549,0.09919661771708704,-0.5991319205421928,-0.07638780667703875,-0.2755447621630939,-0.5365819105688576,2.1942801538338967,-0.4926317411394564,-1.1427393459239565,-0.4320592565736301,-0.743703023992078,-0.5362788051024008,-0.7016769118658093,-0.7339194793654056,-0.7077898672077956,1.5235828713952257,-0.729488861309861,0.2689793889409076,0.6953881547719876,-0.13419411212813018,0.3317847853828647,0.1972372198617516,3.061186657545709,-0.8813929342541498,-0.5055501035535775,-0.31836693404568445,-0.16089197459088517,-0.29437152139771317,-0.4312730414133373,-0.020885316171905585,-0.5917726842287648,-0.9396662227301594,-0.6345915263107988,-0.10061979210134327,-0.18592314307476543,-0.8689901209902302,-1.361776127451116,-0.16500835882627618,-0.926842004718883,-1.1032841945919434,-0.11470982943600688,2.0245483492551952,-0.15390704728443855,-0.5504296427840852,-0.6121429093202126,-0.31203831338930876,-0.28461759782934287,-0.22363629360467938,-0.4439689599669132,-0.9960304526097832,-0.3230470548023153,-0.6032313375525545,-0.15384282033106395,-0.4992787039476366,-0.27886509688356376,-0.5293740338958877,-0.4834095248709388,-0.13508115469071166,-0.8309749213338479,-0.20870622626303237,-0.4435423698008327,-0.49626504942887895,-0.898086500569883,-0.8286704256493937,-0.497152924189503,0.9632248455102753,-0.6162975402892151,-0.12105863535421413,0.8043313041766285,-0.27990545962041546,0.9577892191027629,2.198094604956169,1.9762300322563844,0.9803733179522995,0.16141671944525093,1.3365575321589325,2.2888791756089826,1.2804492368532663,-0.588167901823003,2.7266767311968625,-0.49787081467480204,1.0381199127989236,2.259872326561853,1.536724585814883,1.9728985857781605,1.6983950824535243,2.485681160831406,1.713330260710229,0.36357286928210913,1.0950746247044785,-0.40342766400046076,1.2741551331915113,3.571581898098387,0.28492403849856346,-1.191922180484281,-0.5447142920122079,2.6977305319538605,2.459228261495951,2.2337274242870784,3.3778982399640096,3.4480127492982895,2.6373233229885438,1.9404199389520318,0.8178213129550018,2.7647300262705548,2.892625105795095,3.3365474537966042,0.730115497265509,1.5802026189094605,1.5340384221167105,-0.3339134679572854,-0.27243427701386197,-0.552291514681276,3.0085759243953913,-0.7747846215367069,-0.5825432807685914,-0.9778062502177552,-0.6428600362332202,0.18073647634418008,-0.4840207271314671
-1.1132753186840332,-0.4208977840467593,-0.7174603462133985,-0.8775615672329803,-0.6216354723070857,-0.5038597839485967,-0.6448534786009059,-0.7746502617357008,-0.6587979496856448,-1.1241245145171006,-0.5266135203441002,-1.1000313256052308,-1.2409361118436966,-0.7541931946375405,-0.7165248429911029,-0.48628589590791876,-0.7682444707575781,-0.2066912393272668,-0.7960300725969638,-1.0851868425082392,0.4374987005840414,-1.3966851670168579,-0.6901369472909993,-0.7600049868053238,-1.359802902614681,-1.0161671818774478,-0.8931493293767448,-0.10436140853876309,-0.6557310143514923,-0.4927182977596834,-0.5043821105885908,-0.8878319050230536,-0.8433167051505713,2.789385191484812,-0.7151316291766765,-0.8105040739385962,-0.06537847649685634,-0.01820510443114361,-0.5163243461946859,0.8521608238743074,1.3364453088561945,-0.6529756486564484,0.5723618291463118,-0.5478704232797424,-0.9310250691412163,-0.8950657755488317,-0.6461491051096179,-0.517525888172377,-0.8014867278895201,-0.9706006973613109,-0.2757061784696292,-1.4039993832807418,-0.8142378673319162,-0.5721547757374513,0.4167637933870959,0.10318531725065434,-0.9981220732928237,-0.07128515428104461,-0.7855186348351848,-1.1013826966028466,-0.7100269539597777,-0.8469345142356032,-0.540375801705383,-0.8130662849639761,-0.3001574519249048,-0.6273861756940917,-0.577306748937983,-0.6806092735840504,-0.6544263288445937,-0.837936392454822,-1.1150219235647236,-0.9801201797608026,-0.8155627503124473,-0.5917726842287648,-0.31974804749986396,-0.9774688676966266,0.3222507703377394,-0.933049968718442,1.6321413603263741,0.8010987629644066,-1.02050448647099,-0.6327155677376062,-0.9163269088067423,-0.8361505173345792,-0.7257627019084397,-1.0086206574572756,-0.8142313181007732,-0.8060586216064264,-1.0758439990484916,-0.8402576219839685,-0.887706497643085,-0.7320141820434504,-0.7996964880141653,-0.561892401323684,-1.1598365872152399,-0.3401836010583065,-0.8019862750700455,-0.8013547022390458,-0.7227041919632292,-0.4064152947661363,-1.055156784775367,-0.9906461309123665,-0.6823015775961084,-0.2959575947636959,-1.0447120372960597,-0.9851022775183856,0.0516941126495929,-0.7487243574249179,-0.41502010808579504,-0.832017238977292,0.3040551081431795,-0.9407782732738869,-1.0266977736399807,1.0589278530611865,0.1735273876107124,0.11366782899782979,0.0775895243899067,0.5359647320359313,-0.01411079880530546,0.7447948204295138,0.43385912058860643,0.7348818962711318,0.45486641805643985,0.4716849669060288,0.024079497956145227,-0.21317851799450813,0.13196437201272607,-0.03074236688478201,0.20227683951725256,0.5284638728082469,0.29271633633552985,-0.49459543861601624,-0.2383226294476251,0.8143912629733286,1.6475675405554522,1.0402598857049885,0.05950474663720932,0.9153749889292565,0.41123952868961083,0.49840742171155256,1.365424518175062,-0.07084194696124427,0.8158563884052836,0.30947146904667266,-0.27987938149700714,0.36113575661859887,0.5282262170179245,0.6603057950573408,0.5881049877420336,0.6115865938642755,0.08820559201959967,-0.041375017528560036,1.241745060153755,-0.9006765483211338,-0.8860546713501215,-0.4949979602936525,-1.0210181237546556,-1.277115147607355,-0.9107247693334792,-1.7829660359453698,-1.2964338745493647,-0.9973941334793403,-0.8711608636909322
-1.4355695966157365,-1.6689150303418911,-1.4458082064129834,-0.9105052609348833,-1.4270945267634638,-1.8445873497298553,-1.6573951880244868,-1.7852313965393443,0.7249022326981756,-1.1438398141880866,-0.40503275210322726,-0.6209416300985616,-0.8886500898745067,-1.139694924172177,1.1850912669595621,-1.5361860667538219,-1.7125642814342716,-0.44367076577385256,-1.6877644925673747,-1.5427271123344046,-0.8236552330590705,-1.1995626382256521,-0.8788484886788256,1.3831922378680512,-1.211946006577612,-1.4629011453506533,0.16720653241763964,-1.258349938748231,4.641737171057397,-1.407766662252556,-0.6819106698463839,-1.3808104987603287,-1.2091345659572263,-1.390820321492275,-1.3457365895526707,-0.07264086290550326,0.6669087694865674,-1.151301927927489,-1.1711987149702838,-0.5239886898933247,-1.3110142100433124,0.9459769781796132,-1.4455344751236805,-0.5343852511419895,-1.3845012717326373,-1.7951185201501232,-1.8975721043387361,1.5128714504418297,-1.6291098651117126,-1.3777715988494816,-1.5627395800408315,0.4302253997445826,-0.16495295272750102,-1.6280457546949587,-1.8542994028274922,-1.3745595763824643,-1.2961003866186411,-1.4438283279602673,-1.4984660678490644,-0.873251086731251,-0.9587154855954864,-1.7608178961020544,-0.8716697675575574,-1.7105464653944966,-1.549364898849269,-1.044433676283997,-1.3948954106313185,-0.9613172837162723,-1.0813453867463954,-0.9599103306780826,-1.2493511733616718,-0.11728030024359894,-0.580011328815746,-1.168780847288438,-0.12620662261467047,-0.9979961060339667,-1.731486860900766,-1.3307346145241574,-0.8319098716531889,1.2018321073310538,-1.3049754581206636,-1.6174985588544908,-1.5515285735207207,-1.3059321421845083,-1.4561515075863218,-1.0736652508914124,-1.692150395631262,-0.4794580667511612,0.7058635734897952,-1.6908052417695107,-1.3411736022745504,-1.08621038899103,0.2697149816190982,-0.9919674058764427,-1.1155351529266995,1.1070705325975594,-1.2365095487240139,-1.6898587030739378,-1.078075725212152,-0.17127432195055173,-1.422723985314674,-1.386302992357083,-1.0005112032854682,-0.8812381694556431,-1.4093313426457623,-0.6677153623644508,-0.3474338613151695,-1.1704631617821029,-1.8249377413247199,-0.832017238977292,-1.5574803808518254,-0.27491926209864215,-0.7867565730917941,-0.829818421965224,1.1634659708111288,-1.711139022611734,0.2528728500599763,-0.059900665918740166,0.33858720005662896,-1.107216292799375,-0.5476750156046162,0.04969864633729131,-0.4386869847127826,-0.9941358423251458,-1.598623812454431,-1.625366812715153,0.8413379494617769,0.343492451365207,0.43015005581829696,0.7202567775709602,0.34711990941085474,-0.12522633698889973,0.6857735996103336,0.4620905429711865,0.30364889167976356,-1.1995488594257087,-0.4960854234857403,-0.9943642564203978,0.15378118195757853,-0.6939438381295668,-1.4328144591353746,-1.3419453294994612,-1.2930539150348397,-1.3431300577582514,-0.5560212638907521,-0.8831439309655376,-0.8256558194025877,-1.0363214113121333,-1.5784190899222323,-1.3364683187891195,-0.7711702181061878,1.1968851942886198,0.2689128889590045,-1.1423721986988935,-0.6531037690464427,-1.0380481398602521,-1.5613608950500222,0.18529885293587142,-1.2088377804998522,-0.0232629103459526,-0.9616272506425727,-1.3868376364902089,-1.2753982939474506
0.2825068339739674,-0.2202913764370548,-0.6287776509036714,-0.4279043090976144,-0.2796688947278565,-0.13359434153435615,-0.31459772307209716,0.006651871762905262,-0.5362643021873691,-0.1548053033808965,-0.8263757108118662,-0.7826472082716285,-0.8641627090638713,-0.32912665332809365,-0.6014933905294647,-0.09615343213816487,-0.677247735330985,-1.0068580903743267,-0.01928577255366981,-0.4171388765811483,-0.18412410798691986,-0.5504354555526979,-0.11127843012502116,0.13895086091234427,-1.0724867786748313,-0.8501206469474253,-0.6131365999275079,-0.37116050749644464,-0.13048283770376312,-0.6968608265531593,-0.49380575806382565,-0.3755574824609506,-0.18743891832343232,-0.41827251959083755,0.12141372328034508,-1.1934253491026683,-0.7678333154555262,-0.5770978836620038,-0.3715659355392264,1.9557638389388114,0.36124834838841613,-0.21688504451817914,-0.7681135745757075,-0.3718087881039141,-0.7154810707394897,-0.32760547741949847,-0.2202181127537689,-0.4469124376467506,-0.364403051077038,0.22414820626737136,-0.3337312723960778,-0.9498011515412361,-0.48348701138361777,-0.447317916534109,-0.380291932698931,-0.5831608596070801,-0.5356963042043547,0.2463736671137535,-0.9645748697619577,-0.33523718153345666,-0.08784021203591522,0.16549054099269347,-0.42531950387949613,0.16127603969841361,0.12732656654816518,-0.9586265590030751,-0.5374358540600037,-0.09465779500806247,-0.24274611922975087,-0.3979513326055604,0.17875590947447303,-0.5447587440099046,0.35267571978826867,-0.3199454616766561,-0.5954707817263993,-0.31235596030847357,-0.4683176201758736,0.27395137868159214,0.48138534220840207,0.009171267197762881,-1.1537407526841297,-0.926842004718883,-0.9100908478620381,0.24037499297624573,-0.22557227072087496,-0.7867005583573177,-0.3921201734389114,0.1333807398507709,-0.39483768869050734,0.02631907510172881,-0.025308149320649377,-0.2263791525432675,0.009682324469242514,-0.18855079566045851,-0.6884570840584304,-0.529991501558599,-0.266771806244917,0.03133985068470972,-0.02139832302720829,0.12250481941908126,0.03246101152063763,-0.0015466147629437915,-0.42988817017741804,-0.3891466315448628,0.37026137643320334,5.619309406058114,-0.04664633998154923,-0.4169021015926239,0.43577649676073105,-0.576917284808686,-0.23232350185111103,-0.6721435832130453,-0.5918415746809872,-0.7503482573699182,-1.0040218785027661,0.6718886332045308,-1.2678974709488278,-0.8140626532373476,-0.03281545070675375,-0.7993937602888828,0.26599033872940214,-0.3245148592849436,0.04660854564660304,-0.7190469923369176,-1.0314739390108836,-0.6468883629827639,-0.700981820577477,-0.5691090319555155,0.2156542426321939,-0.573769709445238,-0.6960435283312624,0.717257255038955,-0.6262001879030905,-0.5039393223728371,0.26141516134517434,-0.7631355949250705,-0.5293051953882628,-1.234574088682695,-0.6065844360195014,-0.3832777914218319,-0.572951729850257,-0.5787194902525857,-0.44896507355103454,-0.30325919530984885,-0.38646696605759745,-0.6527511295412473,-0.2943585746561656,-0.3129061658903086,-0.32754233239554464,-0.46760211667972795,-0.8519085359977279,-0.6858340009300146,0.46451066369177546,0.0058928284151448075,-0.4627690230301526,-0.41817171618939697,-0.7708972932447979,-0.10277902899002646,-0.30550154150764125,-1.7588135162892375,-1.189717431781273,-0.4426104460703257,-0.8602078568925355
-0.45171530597595094,-0.4829744356806792,0.5961584093331339,-0.37372161996131437,-0.6216354723070857,-1.069776302712294,0.8978165487977959,-0.7409028566175831,-0.32369194535155266,-0.9775907794226643,-0.593492863168408,0.3489334494385044,-1.0380594441625948,-0.32912665332809365,-0.7403089641977104,-0.617981595456447,0.03339428955365483,0.8883967594405178,-0.852357152014187,-0.7161501739937599,0.2520303480821173,-0.28188824170781823,-0.36691512415672256,-0.7368801650745601,-0.09774716782651682,-0.1329353125916464,-0.6131365999275079,-0.8264408344332302,-0.8371512331567724,0.2916331871634968,-0.5998967580192286,0.28135312958092135,-0.4311117598837203,-0.7001533057355335,-0.8805092665724269,-0.7183190019414298,-0.4641008471526071,-0.7848858743115132,-0.23143708086917605,-0.3240088069854073,-0.7473558399015533,-0.6219671053265272,-0.5475435227296014,-0.4691786215993622,-0.5901260839646889,-0.7317898127790081,-0.7547480996404116,-0.9180152741008244,-0.6222579543070202,-0.05294473767123342,-0.24710963119510682,-1.055056113807254,-0.6986367720916942,0.24074108574812084,-0.741280412844,-0.9602609234599785,-0.37884419405467934,0.23272652731227547,-0.986598602987453,-1.0730336188763054,-0.7100269539597777,-0.8588637098556808,-0.08353587814435598,-0.5361598865864833,-1.0210554656599475,0.050080911302345224,-0.3779461241281591,-0.5406227176584797,-0.5021626243567229,-0.4975056989699239,-0.6178850283380761,0.8355450547317257,-0.5308026003118026,-0.3757635665772567,-0.8563971737356512,-0.6588774381798778,-1.1634423606750524,-0.44364080021907737,-0.7784403218551491,-1.3492554644962358,-1.0711604704296318,0.11263324438098825,1.6833497191648972,-0.7236178989498604,-0.6399428869643156,0.09430444162794704,-0.6833605539151453,-0.8556780953600777,-0.97731101908082,-0.7173253389026245,-0.7820291204201832,-0.5035062661476862,-0.45625862222332425,-0.27635863298321595,-0.8216605611638294,-0.6703360920069583,-0.23140266962592934,-0.6978251235783707,-0.5293740338958877,-0.7832500771277503,-0.6777133645180076,-0.5949892694676494,-0.41571242349322934,-0.4435423698008327,-0.2037256965141124,-0.15196631654646847,-1.0936799875344085,-0.48730952341912315,0.048921482041664036,-0.355480077529966,-0.17431995690468394,-0.7167362702017842,-0.8264725303376407,1.8444416266988277,0.49000330239179984,0.1695848328231788,0.7605525662711548,1.5951210421146946,0.43107443699302816,1.8237099496967302,1.8689291882276944,1.173089345071951,1.41122910290123,1.7798512908299202,1.4537281854770847,-0.06641000064986823,0.7848579066977968,-0.00857340378787737,0.2995115857776526,1.2229641243487117,1.0554234869178853,0.3832595211097688,0.10321780315264645,1.4806638528466916,1.1099093707648955,0.0499437455105935,2.0757388381257207,0.6485681950159918,1.5380304311940292,0.19772555473180872,1.5824865901500578,0.7038095149938547,0.1535640007781914,0.44533587185040413,0.3922196583655637,1.763800448887598,0.31086729445244615,0.7877915379874744,0.10168222366066722,0.5228545170473134,1.7801371703363917,0.43224995054640536,0.587876489605144,-0.6730271416610195,-0.4173727030223444,-0.5720022429270277,-0.10896662345743996,-0.8947138421492407,-0.6647485439532065,0.10679153291498564,0.20194116739287388,-0.5649794430912439,-0.6538224337950912
0.02877647824388605,0.1648028600695412,-0.2052779864903992,-0.1505659448625899,0.20724857832488386,-0.3034657989805773,0.07753130035091187,0.21623832814313554,0.13289592370644146,-0.2985343200345995,0.09387883810333868,1.3295631883869314,-0.6217733379482203,-0.02753714269333097,-0.6490419057304059,0.34556546134447624,-0.004500187754441532,-0.051480256030677206,-0.007075526218523708,-0.1960222027932592,0.26644378017720954,-0.8290151362129627,0.372229298933737,0.047891071123634325,-0.44330941580637556,-0.40998696531166023,-0.2777813773229198,-0.08166866707768076,0.2635523157274377,-0.5068468173329693,0.17690252015994629,0.0015909128558266575,0.29770019296515293,-0.20707034751467449,0.24834417813654328,0.2505694821655352,-0.5600885396212502,-0.05874140508331295,0.593496205995237,-0.7850948615904658,-0.6418499785043744,0.86547560801885,0.4460724027679012,0.3165403323509836,2.5205336725110308,-0.008515226728877548,0.1344429576815116,0.027739253526582693,0.39350440123213515,0.03770108271891514,0.3960462271627289,-0.9013700950458138,-0.0831935539890825,0.09138932937431905,-0.05750824559845536,0.6367519792139942,-0.27285284478545313,0.6032812659487966,-0.28096535955743895,-0.6520989925750721,-0.020404049054294115,0.1912920250494181,0.47554510993990723,0.44409263264198773,0.04084660006230577,-0.4928680302014332,0.06420222079508042,0.18018858859889963,0.30085799115397854,-0.013491585465870998,0.5220780634169531,0.033962727850370425,0.38948145543737095,0.232231987943435,-0.30230528563951625,0.0537338125779972,-0.17642831609249973,0.5689542962427612,0.3258256150481178,-1.6545227904450928,0.7985877032712588,-0.055788743546059824,-0.4367072446806546,0.16629639061248105,0.3394297746728432,0.9716843223738183,0.06345818459656369,0.5301689891707121,-0.3497705931727471,0.3187516846537284,0.26272693228046057,0.4263589691707086,1.3204241113228743,0.21322382175671897,-0.2643359947041661,-0.3446307981002914,0.3853763979278806,0.2888293782648186,0.43560010051030773,-0.0682155236853446,0.2521939248885441,-0.12736137780638737,0.22745341123967053,0.5164900102666213,-0.18822046494747482,-0.1845279598956169,-0.8730728336135738,-0.058262136131305015,0.4432776154270764,-0.2907550732005981,0.14948042659974603,-0.47103303355751797,-0.3041488263195242,-0.25550840588034274,0.8573728470315051,0.05491470160667324,-0.11204914567929125,-0.06380629095083748,-0.28401035046237616,0.18362894289763057,0.07047706713266585,-0.2310145739771482,-0.1769362584070607,-0.3363521499188782,0.011855641054548621,0.5739007792232926,0.2787659574001595,0.7653801088546202,0.0708463206704033,-0.1260144952026031,-0.2651471373679307,-0.37371080843210464,-0.34412401497459777,-0.06415755981545979,-0.11261842900198035,0.2381668291934728,-0.050251460536800775,0.23913158225095643,-0.2958117256650078,0.1396380961684321,0.06565211018040816,0.14049491471053924,0.6278535667121649,0.3626747868831688,0.2449581590197155,0.040982071023060375,0.7201175113400498,0.4964360204525484,0.43736507896201643,0.5749440085709195,0.3148985395895352,0.11331535327890582,1.241207710272484,2.617679020471255,0.6685465751796822,0.028166058126991314,-0.24386963564021216,0.4825911537743887,0.7978707366275268,-1.0723283495816387,-0.524465209544398,-0.0858772631566837,2.0387822943669023
0.341674149318593,-0.3860270157877337,0.24129336801436285,1.7611440041120685,-0.37670544936749495,-0.13726533352059328,-0.2682195768933174,-0.015615588562240247,-0.3882187792477331,-0.0991097801337114,0.1499201742016263,0.49590495353657427,-0.9471217895377367,-0.5042566474000983,-0.29346523184732975,-0.4426145363361916,-0.2006117747080852,-0.3950130380822618,-0.22951140999501224,-0.45581899542645976,0.5021123353127931,-0.4049562189818218,-0.4695550781229487,-0.24470036086688565,0.41855397749073114,0.03515549054793002,-0.5293382032854128,-0.27580804910635237,-0.49656017764123844,-0.6016713535559706,-0.2634704162400099,-0.4976111260359367,-0.40178484914974794,0.05618760171102846,0.25489391652464577,0.9433711627117309,0.6115471862890118,2.864951021011112,-0.39457122820216056,2.584670736991049,-0.7391892121865614,-0.9120042959525023,-0.598740526716521,-0.32598012609780624,0.9686569568879251,-0.517839219915437,-0.1510870210483231,-0.010648375099959575,-0.5930621543814856,-0.39899325078175474,-0.1717193922694878,0.3198428528314336,-0.6216443819306953,-0.08081364004520904,-0.4104494449207738,-0.5216651043595733,-0.3934193051164948,0.1494249891203282,-0.649440123180037,-0.47673093291091484,-0.7462033072360106,0.14445266609895796,-0.3202813335002913,0.005356212624566385,-0.36190124508753857,1.5321577773816561,-0.29978050834079467,-0.38635336963588934,-0.334036790471123,-0.6768117865958857,0.11131333042905264,-0.48693275076968623,0.005664197063068644,-0.29288513360270735,0.3808542067323563,-0.691910668763175,-0.838111017360352,-0.33105656630104197,-0.3842637250055428,0.07799420764575615,-1.104536204347536,0.05601139824629651,-0.061464247731992945,-0.34769555992640205,-0.47279201138034743,0.7167474736044963,-0.5932372198217146,-0.46007189860844255,0.32227254421648704,-0.13618044653303002,-0.1561618238600163,-0.2519628609248837,-0.09900343672570652,-0.37181118647623806,-0.12277483136150387,-0.5320897270840812,-0.23140266962592934,-0.1390221483841637,-0.3908644674696379,-0.3090481708926662,-0.24230382806478032,1.0026039282447055,-0.37414273302634127,-0.12090318503761865,-0.6603621204922957,-0.33587098540158306,0.5427648073854565,-0.4305255071663687,-0.3479953543975021,-0.469452020380736,-0.1351612851951631,-0.6186296663171929,0.5694089247472872,-0.8647850925140316,-0.05027347639699184,-0.9646774214283731,-1.1831348375298767,-1.139800023520921,-0.13013379552367346,-0.780911259050458,-1.1702337066498159,-1.551506624624989,-1.4028474462229383,-0.7877862969078794,-0.8493314667548391,-0.7548943388083322,-1.4020734507049368,-0.9734661717437755,-1.8863053211250662,-1.1519747124882571,-1.3095291977203831,1.5298124320834772,-1.1891329184735804,-1.1369165176886111,-1.0447678433155734,-0.8321028541499722,-0.6796092771217256,-1.5288012368835497,-0.7215191173824844,-1.118307889909299,-0.41132990162606214,-0.9279948306546959,-0.6477863857859754,-0.7994038684347435,-0.9791232726255372,-1.0677901635543583,-1.1241191673422548,-0.8292534861454991,-0.6561284629325206,-0.706746943044118,-0.756309386473194,-1.2133001363394,-0.9622432525538046,-0.382512477203792,0.13788287086992526,-0.45824214726356166,-0.5280586228055769,-0.8879461723261817,-0.5175183520397625,-0.04272938326602829,-1.1054115501583661,-0.4247996249738887,-0.29062041888967904
-0.841472905541948,-0.7339063257305405,-0.12595658099054888,-1.0307083472264398,-0.6978490936497498,-1.020087408830534,-0.45382577606162205,-0.797636955226765,-0.49522594190519126,-0.5326097925977428,-0.8559799314502917,-0.44535356282640465,-0.07036779172913749,-0.4729604999878571,-1.145895837177951,-0.8603493776049432,-0.4732439630516325,-0.7357328341531025,-0.9150281147405435,-0.45581899542645976,-0.4769059244754924,2.9307762663753576,-0.5803063062902838,-0.7368801650745601,-0.5753073890932586,0.16996537667624767,-1.0475035387934708,-0.7864561085928103,-0.9674519272150461,-0.33037638641755024,-0.9413606452126498,1.1418972468157338,-0.6216979635365875,-0.9168834692389504,-1.040121310470967,0.2023734669966905,2.857364286420974,-0.3680635624022511,-0.6653500669295596,-0.9722058486922838,-0.4900882641230783,-0.93415190053548,-0.4066796797562517,-0.5013315570494006,-0.5822715296349036,1.3402689411973538,-1.1261824243039948,-1.2377131985834708,-0.7570193532335502,0.18161864442075484,-0.5439994582484488,-0.12525109677923305,-0.5950586477808602,-0.7933930071571897,-0.7956925597370796,-0.7519661955553181,-0.5399676814905895,0.23904592344646552,1.6983645971502583,-0.9088720211449665,0.8191861336879365,-0.7192490195930805,-0.2806981994832795,-0.8709220243198655,-1.1159292613699754,-0.9677797942728349,-0.49879195263870446,-0.45509790844473946,-0.5760540110527801,2.945201080726453,-0.7415989036179538,-0.7197773273903518,-0.8226597084269852,-0.5105695994179897,-1.0313599622690157,-0.5488983602482239,0.010775983961656244,0.24415532250163896,-0.8879887030359379,-0.2571000457821622,2.8378086740705384,-0.38019021196326946,-0.34554598252812535,-0.7600262159740775,-0.2896931927880797,-1.1022291602004834,-0.921897290808426,-0.8060586216064264,-0.9641082107150784,-0.29176498781554727,-0.7459489756914072,-0.4734513583624918,-0.5282830133266765,0.11377486190953578,-0.31059094839167883,-0.83583384049021,-0.35916373272592705,-0.5763976511857646,-0.5537559408428381,-0.6887599401011059,-0.5920174695596573,-0.5320119424302685,-0.5185669287482882,-0.9036743594195442,-0.6360761218906309,0.5691845517495332,0.8820327459711537,-0.11954358974057268,-0.7547655934467233,-0.4638941588940762,-1.0233021448519688,-0.1339989832023176,-0.6585790987645883,-0.951051853190764,-1.1809322836722098,-0.9106880807743782,-1.2610526228624046,-1.1484466716355017,-0.8580945642907718,-0.7748324812363546,-0.8864061202748321,-1.2144351900558215,-1.5655663890552174,-0.8642835098988283,-1.0116242993768574,-1.2535422141252721,-1.1976048592641153,-1.1871966613047409,-0.4289397538220195,-1.175179708954436,-1.2566066896745478,0.1043301227888216,-0.560140388427448,-1.4458912417450784,-0.9161881713055743,-0.8989948974089046,-0.8576925532198143,-1.7276783852942061,-1.0225203919939354,0.4273077402690568,-0.8966990043984913,-0.8925828290483224,-0.543077901792714,-0.7200848906410391,-0.9223306618147316,-0.9795872628770793,-0.2283090140213123,-0.7802422174351862,-0.5271437549956874,-0.6569919254271661,-1.0963866035450143,-1.063862179856251,-1.0346337020518643,-0.3339134679572854,-0.42853805929399796,1.5193677711365263,-0.8590579956913439,-0.4856241481286545,-0.36127130120493367,-0.6836854312679588,3.6443782965062477,-0.35598011038101146,-0.838791102008054
0.9721809852391796,1.155317257907648,1.1631316007736487,0.9716506112438599,1.5091098838956583,3.014501857825986,1.1128221287518034,1.4970323631264955,1.1225748819067067,0.42176224058754924,1.4408508058007898,0.5260089735510829,0.09740869117083334,1.560392830857877,0.05833420117014398,1.3625348047052235,0.9530267504359711,0.5546042875465291,0.9819640521715038,0.9708089254651521,0.6650301926553804,-0.04952500648776871,1.0708311407985323,1.0885621912662218,0.44307308748196733,0.7679146318489187,0.9372941477775747,1.4733846565751754,0.9603169249504288,0.07051971147807456,1.0138296127993947,2.3795598051836664,2.2203071481841374,3.4591179653159156,0.4653387255961386,1.548611753276853,2.6312609813778765,0.5739101253738269,1.424490612183249,-0.13124804012012825,1.1223529142696496,0.7943431916208835,1.8333610316858544,1.8510965938527593,1.745720967882904,0.8872631525114217,0.6928517299994069,0.7917604642212777,1.6699105599813333,1.3186937293787722,1.1649292671988618,-0.4409063441940243,1.134946763030114,1.4619320838060064,0.9691650641534313,1.1391010507438544,0.770529925520006,1.0689436830726233,1.1747173344493334,2.1905692857771393,0.9449715428929132,1.1734932739330999,2.518245804356869,1.191184736587846,0.6723513560453849,-0.10394771453736316,1.1804070883570466,0.6920507753281343,1.9874998919072013,0.7327782928806786,1.902741699234728,1.764331519380903,1.454593823059337,2.238785498358367,0.46248060003578184,1.4008355414054061,1.1834905869642887,2.040883402344467,1.42151344691222,0.7967935602654431,0.037759549606074756,1.5596821889919887,0.9030787160899131,0.9875541172032872,1.3610035138664547,1.1439049779220491,1.448149200825022,3.524555591134853,1.2553766935992654,3.663061484313043,1.0361316702697723,1.8644182230477504,0.7923011725529386,1.3028332645150182,1.1186359703080238,0.23433551476860567,1.6510500254702407,1.833588477291037,1.8595225591075744,0.9998947167228686,1.300923719755272,0.3290321440487352,2.481530449023148,1.4428465583749661,1.699993340092822,2.2145874289702805,2.3967063007439635,0.779074138526406,1.5973600539029325,0.5292478908887276,0.5683578014540231,0.38180250454936104,0.6546815713308811,-0.07346372592599026,-0.10148212307817271,-0.13382931309590212,0.04628182466352099,-0.44202445117988154,-0.2627662884579813,0.3599395958384473,-0.6016442124242034,-1.348750657047846,-0.4945317979412901,-0.22533734466869512,-0.07767071451365552,0.14018054807655958,-1.2634118855096097,-0.2252639700653267,-1.0082045884732098,-0.35258152717532115,-0.7077648396511449,-0.8240969993695246,0.07405870216973523,-0.4845899843183751,-0.13039308705342556,0.07029322940180975,0.236351147077786,-0.5356816372064676,-0.26138823255670124,0.11044039771212029,0.1092300111584336,0.18112850534140476,0.4111657562561721,0.5769656570823752,0.3831270041121304,0.040040014822248955,-0.6114400931883741,0.7786429835248909,0.3899838518957053,0.44702929336307123,-0.12610399938285058,-0.44864463227197854,-0.14835124910792835,1.3210470071749596,2.7891334110953343,0.7705444438284795,1.465269425004745,1.3315739625296372,2.1339173876901416,0.9686667571542736,0.1343421853104905,2.1180994509509676,0.3304527221943728
-0.9470342339434143,-1.1136945050104146,-1.2324160472355101,-1.1575812679828013,-0.6719170356726195,2.19449777514269,-1.6360694238347158,-1.2657463942891403,-1.1002459117378862,-1.0124967633094168,-1.4570652567419138,-1.4378843413731117,-1.272305046979567,-1.139694924172177,0.020960472333788064,-1.3551169368691902,-1.2460500541939932,-0.7162884570671497,-1.1352845333091042,-1.6053148137087394,-1.2835735485199207,-1.7332878407276973,-1.4237936140194458,-1.361328478439971,0.38056234422200347,-1.0485610034478212,-1.7359236150376822,-1.2161310220129125,-1.3458140032033903,-0.3646530863657256,-1.5908927961459864,-0.3563895975375586,-1.2091345659572263,-1.113864400165714,-1.2158812658268787,-1.0544537708139214,-1.3541288615846592,-1.211111692101718,-1.499944066553072,-0.19649515178523697,-0.9244328242468605,1.8894195240999987,-1.6492981077373108,-1.464717407310944,-1.2016032290371323,-1.4291557280522404,-1.3082876740328602,-0.87984117446134,-1.4868242028637462,-1.4569341353835448,-1.6866937656712835,-0.1492369742959671,-1.1175079960477978,1.322698701911694,-1.4801048650900992,-1.247731384805678,-1.2866948796924984,-1.6628243513153833,-1.5755840728720596,-1.120946130240501,-1.1620615798474694,-1.0439218674666981,-1.2403196021655383,-1.1389777481784917,-1.058349333747007,-0.12109584280113238,-1.2834681850139944,-1.2736772183205567,-1.3283315333436518,-1.6782842506912439,-1.1475897026317745,-1.3356012645326072,-0.7979886460147917,-1.4548506859160617,0.10764326129296084,-0.691910668763175,-0.35077622314741574,-1.2504993017515995,-0.9073066038903222,-0.22482755841038882,2.65339288851116,-1.374355872548265,-1.3694513633263898,-1.3231199060958019,-1.5698596687862016,-1.6548043392866503,-1.502849591148977,-1.5537205243308156,-1.696928638773639,-1.3553126811410041,-1.1222553159370692,-1.4315873178481329,-1.3582416659204601,-1.4815498606163782,-1.5167340646006822,-1.6006687065942884,-1.1516863807363267,-1.194577464567943,-1.617883350749825,-1.408070745230735,-1.306585986327608,-0.6858278247078541,-1.1449353990074154,-1.2688439785428383,-1.448858768561704,-1.5544914852781644,-1.679372368102693,-1.2872823272661327,-1.666690558453022,-1.1575597060659084,-1.4974929534397594,-0.14807943499319093,-1.2593065797137244,-0.004271479496963295,0.7375747168129968,1.1182139611345707,0.34091947306117815,0.4393025997983027,0.40576678616392703,-0.9048170517472482,-0.798271040148249,0.26779626733559325,-0.35383310409228413,-0.18155101828783363,-0.5074967156106682,-1.4392072915879026,-0.18496030051560186,0.6687364588751037,-1.0725160805226899,-0.19540079850616113,-0.42007107909661817,-0.4250886072750979,-0.9504001986734031,0.6287698797671846,-0.17895749001075487,-1.3978204822721974,-0.09150580141739725,-0.39117907344809577,0.2685512723397488,-1.539133538695711,-1.1982407693861112,-1.408173649182825,-1.3700336397876998,-1.2559727968752818,-1.0254663299389324,-0.21758624369143917,-1.2981704002712993,-1.2331874517068557,-1.4088414723679565,-1.3297371024496258,-0.3392263547861126,-0.7692349183898479,-0.6894701334174638,-1.1149707307842238,-1.1634357197286687,-1.3703616525575144,-1.5385911972651727,0.8083189849703506,-1.2088377804998522,-0.6052059036888016,-1.613109716690977,-1.1142823630291738,-1.2284921787393028
2.5995174114177675,2.1134334637588155,3.7610384898599563,1.229590817954044,2.7872635469579974,1.344129862076205,3.0571097301438948,1.9865073379211102,4.871572433572245,1.834428742854527,2.660254346304512,3.4643509535214303,0.9209295881769438,2.6023999861981606,1.1079748431043803,2.3339748253884203,4.129932767580883,0.9775336355669462,1.6553477502475493,2.949952771455923,0.387824333255957,3.008145636382546,1.3586346669929066,1.9582512816822626,2.706611510875531,3.8141857621841737,1.5074573421695467,2.359360585490742,0.557451055373502,0.046040141418097216,2.934579388121783,3.0186557446927536,3.7933844236419283,1.3397407354695117,0.5028660150797875,-0.5389769442998076,1.0229429872466218,0.8493369827811441,2.1266272562165,0.4727454113826672,2.194095262371277,0.21635343939396742,3.495453381679434,2.4296214956451503,3.1347398814733562,2.7060510836154705,1.3877857270847724,0.5777552788275234,3.907822062346684,1.6889455374324744,3.872996635994661,-0.4058330643006204,2.042370413914327,0.5448359295700456,3.1829944278300917,1.601715729321318,2.8340016116786075,1.487186330356831,2.8238611511899507,1.3200326713398225,1.9819523539300854,0.9992659552132833,4.022312833006529,0.8703083500314419,1.2729040438791202,0.47090711886915637,4.457175894779627,0.614328512155628,3.220316900897741,1.0038369402745755,1.5638257611878201,3.3261734523328506,1.1411272623715325,3.915630499057377,2.381825598165069,3.637449694359533,1.5658345287699238,3.126327672677561,2.4394790006303158,0.21381027318749993,0.05387249467898602,4.105722545122942,3.5840036602631176,0.8671505627022776,1.857780613115631,2.545372062767142,2.7265259934099264,2.2344309185517353,2.5080534773510044,1.2112250619290335,0.7358310336408593,3.423866671270445,2.9111087129079403,2.1238189828249476,2.040298955334387,0.49527063762335233,1.4870978701777915,2.582787169954903,3.1691720636601155,0.8007687638366048,1.4398793428736767,0.3457130611384299,4.230806867877868,1.4175216282680132,1.3095062888511897,1.8639086097177826,1.9743975659653838,1.1410938151361167,2.9879270373931877,1.1230383443284844,0.5032737464614185,0.35878335381682186,3.0373136107387375,1.5718753124041662,0.31521214848171514,0.5792508358354429,-0.6353154093930617,0.2866440895188572,0.1403650491684409,1.696555765984546,0.0902801740892724,1.2581231635421464,0.0003971588898618506,-0.08132424646668754,1.6402311112133312,0.8217855502799326,0.8779141504675381,1.092285479207114,1.1335954951305725,0.2569976798227034,0.16626415368545375,-0.44280549152384224,0.45643844066481104,-0.3316493922696164,0.5359606285081516,0.302927936394404,1.4412637398501849,-0.19890012786261885,0.056228342212578414,1.2938734836289527,0.5723531187997374,0.3047082200967393,1.310822934589535,0.8986453246463579,0.5886364470657669,1.0648226544528627,0.9526736584215778,0.8399341293987331,1.0654563986098435,1.2098856046739157,0.04880284377429505,0.23144705561220263,0.3558206252744132,1.6983051360841837,3.5065494341154064,0.8843045394919445,1.5386128772059806,2.0146326894476405,3.6825356397755695,2.7419112102636656,2.6743980449728277,3.6463204194058787,1.4602559120820393
-0.24207997764004457,0.6023114101662698,0.07871808204943147,-1.1575812679828013,-0.6093793785717988,-1.0613399150814822,-0.33617549949450903,-1.3510470584223269,0.30617487547116046,-1.1774756778366793,-0.38614327155656314,0.7686166407689161,-0.37187832695282486,-1.139694924172177,-0.47690718242206587,-0.9625550528522467,0.5493208554728091,-1.0958272415336403,-1.4039207324913994,0.17701694452601713,-1.0033339995711394,0.8259283662452286,-1.1109195866386665,-0.43933850342583597,-0.0077428848825203695,0.9919369159001458,-0.4678837169911631,-1.0724152311912236,-1.5044656690060536,-0.8606103127552055,-0.4364229908023985,-0.9649050329632023,-0.5880259122478498,0.6353636589093665,2.6784872668353232,1.3216182968557897,-0.654889020233583,1.0527460014628174,-1.30689179137532,-0.7982250725506745,1.018159430900112,1.3572692604865428,-0.3563609515064504,0.2285958240859848,-0.11988910535434125,-0.5122276439394594,-0.9722212066933027,-0.08811580504697525,0.05788858742832231,-1.3238545012980154,-0.041322843994228524,-0.5549420705503165,3.454854492554913,-1.362019444874527,-0.3429843194439579,-0.24120130607592855,0.5465952410637009,-1.2975734260326899,-0.5877566813833179,2.6359181895816217,0.02041601014373741,3.4665560024483444,-0.6675646381287698,-1.249923354641173,-0.8314815196063433,-0.8579945838694417,0.8976764155162946,-0.570797502604721,-0.8982270594724971,-0.9889245515293148,-1.4343346131527417,-0.6676337139396336,-1.4985884283760742,-0.5586983943726261,-0.02214858324715883,-1.3473396121370504,-1.0805479049020033,-1.2901025728339128,-1.1444672331110084,-0.9655667923660799,-1.0646497105658854,0.19205770908056136,0.6445762214171297,-1.4762467263620602,-0.7706436606235296,-0.7973401468414005,-0.7802492609650268,-0.9334114571966339,-1.24383939245413,-1.575674044426487,-1.212810102570081,-0.6299258168837978,0.2968140276880474,-0.5041415765414431,-1.0940317943642879,-0.8537825905623745,-1.2898921183576129,-1.3311423381044947,-0.5293740338958877,-0.6974340376648547,-1.1797696362459729,0.4225464542514816,-0.9559176187305276,0.021653961897886303,-1.221286252610398,-0.9320051253387421,1.2798333577335541,-0.8179856696645665,-0.4219006936947512,-0.6720981475684499,-1.4717886564720621,-0.9545368790785222,0.1387569708096698,-0.9029867130405004,0.1968016085647976,-0.8127139721174966,-2.0163773317698945,-1.3932645813586435,-0.9943438436247195,-0.693716484182819,-1.762033727720788,-0.7649858983117813,-1.6742456668309122,-0.9784180911107399,-0.7261132441491466,-1.7328798293349557,-1.3099343638711716,-0.600767855620123,-1.5807020129080485,-1.8243190565940692,-0.9746601008133775,-1.3691979765297062,-1.2274804538729807,-1.5284597795814316,-1.2383105062255304,-1.6144995884288218,-1.0667834211278147,1.4562101072237572,-1.7216487539931138,-0.604392195701792,3.2836005630728917,-0.9647881452505835,-1.4897666776378802,-1.2630026877057126,-1.4415004570758034,-1.6209509897115586,-1.8707127553854193,-0.8236726119785454,-1.4776008536416212,-1.605372578304955,-1.0267592533768826,-0.7705466836880939,-0.10291158982843418,-1.483381561081422,-0.8186796267037614,-0.03419638321616804,0.03657344231262883,1.0563531132569333,-1.2509540783947564,-0.21926425684294076,0.4645895648311622,-1.2263247074364774,-0.520311167714822
-0.9251324101705917,-1.1758427840138326,-0.33413458866418416,-0.9307661997842224,-0.17249460995704138,-0.49876721908045596,-0.7916197144224352,-0.20130192057939697,-0.5127024339325721,-0.596412343576058,-0.8559799314502917,-0.27468528605145387,-0.9101557780776617,-0.13352055749030747,2.475688659674838,-1.045504161246247,-0.2733066721394353,-0.2734444928804169,-0.5354886261628647,-0.4822692812979105,0.730932141245895,-0.07556224663644368,-0.044178547596114344,-1.0139224301291143,-0.4530133470921011,-0.10444637026775878,-1.0475035387934708,0.06666882829642629,-0.9198147963538547,0.19131548543960603,-1.0556187506938475,-0.3375284119653408,-0.904845132139563,1.8916751122977395,-1.0110875113509858,1.4403920635404985,-1.0768326409626836,-1.0366421938621488,-1.2600250912742588,-1.1068078294949317,-0.8251735028907055,-0.778201658880873,-0.39207024534364554,-0.38354957869396616,-0.5363239362226317,-0.6605715754052036,-0.6173921289740911,-1.2499586178889592,-0.8243090241193782,-0.8079690748658447,-0.8298183969790623,-0.7528397250151426,3.9670518572376996,0.4969050108034436,-0.6683703857428055,-0.9463866514586351,-0.5973080828463799,2.245837634841788,2.1848626177517514,-0.38155140457845405,-0.1784743316498408,-0.6737277157548869,0.2842432911326061,-0.859863358510506,-0.8265613972960327,2.844705820821953,-0.355112264118508,0.09439032636136707,-0.6954693737203336,-0.3065484543364891,-0.7161004223222384,0.08113940462920355,-0.7266756842683482,-0.6604770094613087,-1.0708007701992919,0.22683601288955504,-0.6730509529170714,-0.7810619975729436,1.269317576209349,-0.7406295496919488,0.3772567279526938,-0.47381219877592834,-0.037395375027797,-0.8166850912251563,-0.9395862251689239,-1.3056760009746438,-1.179972820840159,0.6018130281488546,-0.19766995933120154,-0.9403367121055453,-0.6442072769824713,-0.5973397897819861,-0.20122251034786923,-0.561892401323684,2.117328794112482,-0.9616992084165388,0.22878610076332517,-0.8309940749551947,-0.7931140392973635,-0.27833054456255896,-0.7122532192115485,1.8950407442727455,-0.6477587741607603,-1.1093318469358546,2.3618652458511566,-1.1209657315107002,0.7184977938035094,-0.7621332122394304,-1.1213801810102249,-0.5273211752070447,-1.1465211028188367,-0.09610597243978243,-0.5999538162683574,1.7773801922946093,0.9595452423173366,0.2129247095264585,1.069518806119543,1.457165314528532,0.6363735106280954,1.5471570722655827,1.1515535255668725,1.1112685363193162,1.5752862948491781,1.5513131463831056,1.1560446741465418,1.3777079054133068,1.196209978090312,0.09738787601267836,0.28508180747719136,1.3691596141185085,1.2165450995186065,0.2574917061414333,0.22078568484075356,1.5270195485616656,1.7849277916728343,-0.3052883895356611,1.8748428973963345,0.9041652159364122,1.6360328977038316,1.291056517355865,1.2722163739828087,0.2878116586503116,-0.42539611177465925,0.13881201579776992,-0.4091131623610006,1.4514244817075779,-0.2412214901330077,0.2906748483566729,-0.47933235488551573,0.15834677470327901,1.657843256988917,1.5232978495256988,1.575211083869896,-0.7137502006114693,-0.7251289365708948,0.24995632929819128,-1.0765503173186197,-0.9881721764467628,-0.190056471348851,-0.44816710258589126,-0.23929491769679243,-0.4976108515207165,-0.9050604617762079
-0.7082882119360515,-0.966475726383315,-0.40183943857651444,-0.8775615672329803,-0.6978490936497498,-1.1998493907347378,-0.8155676098186455,-0.6758880340838858,-0.76974085914234,-1.130658475601294,-1.0924044533749744,-1.0164854626791777,-0.27537196000064107,-0.7953099579653187,1.8769858512383166,-0.8603493776049432,-0.9606208535424515,1.1338903666370876,-0.2538013092922409,-0.11323261278343132,-0.13015661589191427,-0.9761485496050181,-0.6391451474783724,-0.8325460008910582,-0.3681807168657673,-0.5381965696025379,-0.5798684207443824,-1.0479598399292331,-0.43289552363841094,-1.270060202411623,1.2812068101074043,-0.9028486552282494,-0.8037878855589617,-0.9067910622202845,-0.43166640290001357,-0.8610941584086733,-0.537861587463901,-0.9705025405172036,-1.0293416040020342,-0.9529655333043313,1.3190740042418008,-0.9724823720485491,-0.967820557298142,-0.8649275071531404,-0.909523584700018,-0.8950657755488317,-0.9286409557595798,-0.9951159414401576,-0.9198657757856988,-0.6426990302619726,-0.7597122948614501,-0.7731341718776927,-0.4489087723016205,-1.2745834033407766,-0.6597773159987104,-1.0628946391409884,-0.8689182889623708,-1.2607975582381594,-1.1963758069763681,0.14130595988427821,-0.5431352407474127,-0.5938714462063832,-0.540375801705383,0.08918158755536777,-1.262970228744276,0.571990988248962,-0.355112264118508,-0.3561191183351994,-0.614646349361765,-1.1131618840399202,-0.3340028149703137,-0.25625445803289,-0.5948475920178693,-0.5586983943726261,-0.8098743781900402,-0.8322056522152359,-1.3070142880687232,0.1025691796724319,-0.7784403218551491,0.303528163219016,-0.7178373570527123,-0.7543815535477484,-0.8855665631760508,-0.7236178989498604,-0.965401342828831,-1.0043261788749287,-1.1240660955337014,-0.9201658075475792,-1.24383939245413,-0.08597845906290273,-0.5659664666506083,-0.6632126722145524,-0.893043619808378,-0.6072924937745359,-1.0729380485936786,-0.7706074042942529,-0.6779737604859487,-0.6444696457403344,-0.6554528204121824,-0.6339087906881998,-0.6048360769097074,-0.9276688038749852,-0.5814621729281284,-0.5408126030436454,0.4550020381680367,-0.6811032465427466,0.9856228580927836,-0.6366943671103296,-1.1557290171377033,-0.6029489034018719,0.01846714546947034,1.316820651406619,0.09369456917303888,-1.4694942655667484,-1.7859911208319494,-1.5901142455838344,-2.213957317433081,-1.4911272005892668,-1.6732601459978076,-1.6581180825861936,-1.9761508339733893,-1.6209775359795435,-0.7171228688688164,-1.7583019787115095,-1.837719780599745,-0.8175158601820665,-2.39046717862163,-1.845795468179715,-2.642020895538728,-1.992165007992715,-1.729294334590574,-1.7772464206416423,-1.8497319206434353,-1.6589927735866246,-1.7987025346544496,-1.7190876437379103,-1.200143225764266,-2.481546615304433,-1.7341869266747167,-1.8784516203561763,-1.2594884575036003,-0.15557384528192902,-1.419474864855492,-1.148678807906714,-1.0881435485955853,-1.6209509897115586,-1.7286370332464842,-1.7346386445879496,-1.543527984329064,-1.4063432864205938,-1.58559223602224,-1.7154385314839693,-1.89215495599392,-0.6334048418019198,-0.6671167426663248,-1.0235859751207748,-0.1007624579027422,-1.1023328370088954,-0.7223398548478352,-1.1006173854204893,-1.0826603822390315,-0.7684635595222026,0.24258671814399851
0.1834946650049342,0.23633980644602764,0.7824988537981308,0.4993402529929724,0.878455235606014,1.7385192592324996,0.13217664072692406,0.08918953326910734,0.4367878316139614,-0.3403507137079412,0.8747177414073113,0.5358415430382072,0.3716452014220991,1.0475282300448945,1.726115828672601,0.2917564684882644,0.47863675575238473,-0.6086848381094141,0.013979830557279398,0.47202576313383166,-0.7068650822059174,0.6962348793488703,2.34727354047942,0.4460670638131567,0.7951166660829752,0.6532020111820867,0.08795716381149209,1.3658813465410666,-0.5599915167814972,0.10722907110486683,-0.20878564224574403,1.0475429870880706,1.5173432354056609,0.21879521504215113,0.5631279732663353,0.02004711140792388,0.2527629173460219,-0.2678818660690317,0.20805913451476196,1.020045126779477,-0.41485873282783775,-0.09254446667206895,0.6746978573652624,0.1561841667483006,0.6865061500102627,-0.08405551592330522,-0.30595316492179697,-0.5881203738413865,0.7373023519955328,0.029699460070624174,0.15431954181361193,0.11455578018716035,0.3288359344213812,-0.4590643520377258,-0.28913099855574204,0.7720541919976719,0.3823667132000322,1.9875093755416267,0.4245468719137363,-0.029547680621115645,2.8651477479818652,-0.25767332504346396,1.8292020998867806,-0.544636042412248,-0.06479467985399388,0.10791938169729583,0.5266242717159577,-0.3462364228131272,1.3253856557859842,0.24065541049332537,-0.09198454249106312,1.6796908044843077,-0.4011753439609363,1.4376503704820587,0.15058598732999162,0.941306713750716,2.1440494488725084,0.7960546240323745,1.0644411900878454,-1.057057193566261,-0.0074450319803809634,0.910339366741798,0.5795724422093028,0.1484279009143557,0.7047925270994929,-0.8964066338781442,0.5456418170451682,0.7096139526754661,-0.20635848714715907,-0.16199306160362387,-0.4044139590886622,1.2069861793677803,0.41963869218836763,0.8416594188033675,0.30536582019185415,3.664081793886258,0.4024027701789191,0.6730657411585249,0.9563743345719288,0.028743729164853696,0.2015349964732085,4.197711179684687,1.5993314160508045,-0.22728963035520144,0.18119570892022832,3.439391352557927,-0.39866394462167953,0.18000520324740504,0.2851288667196746,0.6669472054108604,-0.6297983913595914,-0.004711920077567862,0.39671457081559364,1.9480038989735038,0.45483956108248,0.4473502685296948,0.9193317827539967,1.3962533735192215,0.847544086445753,1.6410296336811185,0.6788116727061452,1.1618354485841769,1.2087438992785617,1.3569117054179576,1.2455331156724496,0.4433768583054715,1.241202509731977,0.1823773707279253,0.26695490213940676,1.0741917884337477,0.8850451242444227,0.8657071250382798,1.7275623745795778,1.5322526765867055,1.773999665781579,0.7613412858825053,1.9763351587393936,0.6698819426715615,1.5986619252896321,0.0867336530928367,1.425305073321146,0.6395071784298243,-0.15468128782375212,0.33446190178957114,0.22821611531337507,1.3150339480547835,0.6405773947893638,0.4721170618428807,0.5684138527556617,0.04290168528063372,1.5352767988373006,1.5265843324806638,1.1892678286609215,0.2867914947426486,1.2174050698135428,-0.25828066583839243,0.6507156392247598,3.5962288405985157,1.3864755764200667,0.8628119835888136,0.8812068233967577,1.104520705704346,-0.18566929942430166
-1.9361030957994037,-1.6959195460615355,-0.7972831524122173,-0.7784411261579048,-1.2104451984997378,-1.686887427555716,-1.7923331089939294,-1.5100294716272757,-1.1163995659025514,-1.0184197537142445,-1.5137474120836132,-0.8492839054929867,-1.185995588925229,-1.3308304670408524,0.18244453056802262,-1.493467749239079,-1.0713264414536503,-2.106879436752459,-1.4684775476941279,-2.109507258041849,-1.0536143907894955,-1.2103139048172202,-1.8746924324163488,-1.641416549251634,-1.215372817746023,-0.7333430118799705,-1.8227189126460117,-1.5465560076646396,-1.6582777248458231,-1.6393306312036795,-1.6694170502897578,-0.48694318943112314,-1.4369376664264164,-1.5871869921463804,-0.5481931929861904,0.17045869181694262,-1.381576502832119,-1.4279382548311088,-1.0781992663379727,-0.6493054143253156,-1.5190303630695947,-1.127992408141941,-1.4834230465145133,-1.5567073266393185,-1.6261556285158176,-1.720220430502706,-1.3028377121660584,-1.7523116208329916,-1.4868242028637462,-1.1268693705147899,-1.5327212413044002,0.6018016097930355,-1.0741574292878606,-1.7894050517804334,-1.5947398242692232,-1.247731384805678,-1.4061820281721547,-2.1451008458048033,-0.33759282782726635,-1.3011652287479003,-1.2317840158661848,-1.4026209652750004,-1.0791235189092214,-1.4467364275127899,-1.3734331636598116,-0.26953008870200623,-1.5029902888520548,-1.5203500763887123,-1.3283315333436518,-1.0111907645522067,-1.665169004341083,-0.9488360662838558,-1.3621263719148604,-1.3329993852449535,-1.0508659971299716,-1.884532076300137,-1.207034371600354,-1.5995506318845385,-1.3540254507341871,-0.7943336383731404,-1.0843436408952296,-1.1432466933903762,-1.0154081542790392,-1.6356659902679833,0.37102341586299165,-1.4804337757880184,-1.7265856002170565,-1.0014997475762992,-1.696928638773639,-1.461040225962337,-1.4194144126064143,-1.606995090343566,-1.1867201785041337,-1.3523404181212737,-0.037549084855629015,-1.1801376635804302,-1.4835210114219015,-1.5824138441876343,-1.775866622559406,-1.8303225882662437,-1.2416179646094982,-1.235881234848538,-1.0948799415852326,-1.32769949096565,-1.4093313426457623,-1.2076107799006532,-0.18010430540171032,-0.7621332122394304,-1.4946162581308824,-0.832017238977292,0.769862379518418,0.184003827420967,-0.3447879492551567,-1.4025448137516652,-0.8740427798682262,-1.310086252129662,-0.5514127858694332,0.8653512577327787,-0.9343807443754859,-0.8978599635042702,-0.9179334527043791,0.7836001421882053,-1.2924484654927724,-0.9914907996642252,0.3384656192996918,-1.4503701095005854,-1.086860990611038,-1.1850314452568675,-0.7141715916799967,-0.8117752212549386,-0.7582340836340687,-1.1157601474497978,-1.1918895508018814,-1.9967791099109164,-1.1566217739086253,-1.4509407647520753,-1.7698543672705422,-2.046006735937608,-2.0567572454184777,-0.7075147762993949,-1.2101741274537936,-1.3580716389103336,-0.27032907824239766,-0.9263043624270612,-1.5350946443839308,-1.259489382810145,1.0374253427020654,-0.6896407069295822,-0.5834669385583157,-0.5610590308579912,-1.7904280813565179,-0.8070259424336954,-1.3179520016663997,-1.3822424373034392,-0.9960458722838703,-1.8282515326228619,1.3393042543661664,0.09459371411549115,-1.3391572482415566,-1.0382759750160526,-0.7310597093139971,-0.9973941334793403,-1.33606044141968
-0.10665174969807875,-0.314350989213882,-0.4112218258156657,-0.08642945456595628,0.23213280360782945,-1.008002793238274,-0.5921116884813212,-0.4980783428569532,-0.1570412457029238,-0.8657997636272269,0.18208519095557618,-0.2667263706868437,-1.1113788523174482,0.5819231620922537,-1.1250825622544247,-0.4340717767126041,2.291650571380187,-1.244029195081925,-0.858792706666716,0.33121267531792226,-0.339296002980304,-1.1784363149082113,0.12822852197774956,-0.16147219032287186,-0.7240638655871025,-0.28431066812899114,-0.49384728945795875,-0.015945247092841088,-0.9250144659355756,-0.44415156262892214,-0.8644577257737094,0.3248160784624878,0.8064773160948167,-1.1257630083175283,-0.850525286713082,-0.7183190019414298,-0.34569452117870414,2.554226785521508,-0.29418992009046224,-0.9141349977493466,-1.112819701391181,1.5167502712253422,-0.0036547696376469773,1.5526566676797968,-0.041741184490345404,-0.7897055497745717,-1.130885082773875,-0.5431172740317017,0.10913080342125908,-0.4717617459815331,-0.911875129171702,-0.041265033538990366,-0.12323531990909425,-1.153522863824562,-1.1028917022881493,-0.4003321785187665,-0.6583139260628816,-1.02926793916051,-0.15684324306961903,1.0197595751004465,-0.24681927319037103,-0.924515846113888,1.005938624742208,-0.9752295601873002,-0.4821739261412988,-0.7947773474681169,-0.343849159894997,-0.31714865139641707,0.8441740883190041,-0.4787324049829037,-0.1269777583602755,0.29687123352720624,-1.0306436116629605,0.6751366611126286,0.5304924016595028,-0.21322132816191178,-0.5401529990806571,0.5192915329165247,-0.1502495199902084,-0.5578487251069165,-0.597294679531616,-0.18813325935123468,-0.4220723581209171,-0.8599119920282742,0.0585296326660915,-0.765841748240937,-0.1392282860398076,0.14616365339196047,-0.8189819788305964,-0.12345535703455018,-0.7109965219986606,0.6141987692847555,-0.2774493787495623,0.3505293329612586,-0.1679806251694871,-1.4387848492661708,0.03151840350587097,-0.051210433062951824,0.3028183335029234,-0.6134852170051309,-0.4247864395434163,0.17767525480854318,0.8027233032725141,-0.4025612322430601,-0.2724213916724789,-0.20120807965201962,-1.0829094262430052,-0.10069164582553126,-0.30925436791468736,-0.1831630534371885,-1.1227015740802642,0.2053117271129036,-0.6330492239817131,0.9028894774124986,2.088448978969485,2.565191955831027,1.0167347144293888,1.5704655736704094,2.0473948391783154,2.5535012084421935,1.8997524796929905,1.0552782932622728,1.781871617550505,1.4797307945767995,1.448236941326751,2.6588054824259317,0.9970527834606946,2.574451780255799,1.4122765839011409,2.4643201019398244,2.2568897502818857,0.4020316805892078,1.5867339491958983,0.27818035808829267,2.645539778989889,3.080079655660351,-0.17563762423379492,1.2534684380620382,-0.8963852003021155,3.1254220084456046,3.053925577779053,2.4995021950126164,3.6624093852411006,3.5651765017264734,2.2143539068331597,1.649218799510286,1.362011209360513,3.1946439078556907,3.1515382825481457,3.5827253503323178,0.7953983437352792,2.34789646368228,2.1456981423245174,0.06775584098861366,0.6763664683735069,-0.22044362921687646,-0.28549228375090296,-0.08228532666726834,0.7365223230960265,-0.965563110850626,-0.7007236488915446,0.414208255374355,0.47253351265910626
0.366632266819762,-1.0217376256863722,-0.846956584042712,-1.0765524924166687,0.6812736659578732,-1.0000183588967455,-1.1922015115262354,-0.5451189505572261,-0.6715099010654972,-0.5326097925977428,-0.7160768360923817,0.7833827039851,-0.727723895212388,-0.7541931946375405,-0.816091592084829,-0.7219985652350533,-0.9366016054571501,-1.2093693214923487,-0.47876858526216576,-0.2845258041049461,-0.4196387702534486,2.4054261032378244,-0.8321068284060941,-0.8837984441701545,1.4516332506681615,-0.8306135216212304,2.5366080254604175,-1.0479598399292331,-0.9146377833563227,-1.1684463663925861,-1.041530685078435,-0.4555066877833446,-0.8037878855589617,-0.47649601498370386,-0.810216095962785,-0.623439695835873,-0.9646436990042554,-1.0125963121524049,-1.0293416040020342,-1.0604153026278453,-0.7042799812096505,0.6920724821322297,-0.841597696679182,-0.9287235690215977,-0.9529699142557989,-0.6051433727448594,-0.8202219927051763,-0.7074808264867909,-0.8712024128025401,-0.8300742225258226,-1.1463931059366816,-0.7461731913705381,-0.5820270119082842,-0.930845598260097,-1.051795308850616,-0.46793577743984155,-1.1974101132947512,-0.17129470010560757,-1.079878886201129,-0.8802306024466677,-0.5020956808972442,-0.5495746336963908,-0.4930294420324485,-0.5704230909911103,-0.6438833822383783,-1.5430339460735671,-0.6902662363762672,-0.6404923267612873,-0.5385804502491969,-1.0187125754586728,-0.6909912460583495,-0.6296927462861397,-0.5054886033541275,-0.04867622317023931,-0.3375328460053155,-0.007203188001489014,-0.43588286563751266,-0.6964875817324088,0.9029240924597295,-0.2594468159755493,-0.906372454697704,-0.7602734926799879,0.11928157074022809,-0.5247873311215457,-1.1601590250341345,-0.9545344587349514,-1.0810206546940437,-0.830658096407823,-0.7239745285495057,-0.6597854531930839,-0.596609136627631,-0.9187196624898882,-0.9329724195683804,-0.561892401323684,-0.5762205309134839,-0.262129993618702,-0.7386546941262865,-0.5763976511857646,-0.8975958916600888,-0.6887599401011059,-0.5297706077329124,-0.49217743655833834,-0.2950063450360519,-0.5706682440283913,-0.8639686315493457,-0.6677153623644508,-0.390157723349767,-0.877760712471544,-1.0659237574344562,0.3503291353723766,-0.9478244455103993,-0.9967820874468906,0.11441926339072657,-1.2098883875952422,-0.6215855385522582,-0.09245098418059666,-1.6372887249149182,-1.4534126781403196,-0.7379022338800816,-0.8056385128304245,-0.5351025266880443,-0.871343188503502,0.5697710253444824,-1.0197918327383229,-1.1039623366984697,-0.6434770165779186,-0.9755453518604834,0.29738646166942595,0.2359141551817352,-0.07605641066429075,-0.22864540179464996,-1.486458042120225,-0.2522036991791161,-1.4338795001092726,-0.999252973731296,-0.5727425533615447,-1.3967572740852752,-1.8265046610783136,-1.249590450123434,-0.6290619907606061,-0.8066356719245245,-0.7082550889646679,-0.1946794131767693,-0.6079503197140138,-0.5736553406738524,-0.0501991815661,1.1562993037035758,-0.5648160476306153,-0.4002038567697495,-0.4850346022518228,-1.2565532254531986,2.073453672649684,-0.5734274675597144,-0.7345439655799022,0.09798180287505168,-0.5185447130236457,1.7982752375589948,-0.7986201235260765,-0.5825432807685914,-0.840585967222363,3.130453351990599,-0.33934884957238687,-0.04016455064178092
-0.48822030797599564,-0.5821139248752042,-0.7767245883593947,-0.4894739134915051,-0.10589853976868202,-0.6744717879812224,-0.2933340448165375,-0.5073534795944283,-0.2209109686329011,-1.378546786678124,-0.1837484898333291,-1.8092814650944062,1.643486153581941,0.4998880127763504,-0.8918022954327496,-0.9492823210017893,-0.9687469219088911,-1.2981047158770171,-0.9048985689432694,-0.05926393655230201,-0.24107470757716773,-0.6833369565822208,0.019856322649845867,-0.020032807340942534,-0.2064304177900033,-0.651037814562677,-0.4424555142487297,-0.27580804910635237,-0.829913915734094,-0.9789750897230639,-1.2750417573427264,0.12789289893733102,0.25356531190554593,-0.9067910622202845,-1.4011272618944197,-1.0018002610233312,-0.6455678109135518,-0.6446055013023083,-0.5552583793129942,-0.9635838453275121,-1.0292848031808146,-0.29383576287674346,-0.2815995654719923,0.38615481796641654,-0.3078672879152968,-0.3946791247833687,-1.2328688606600433,-1.1097148049062244,-0.46492869550152344,-0.21527590196572682,-1.3073180775190034,0.1565828264619519,-0.5315399734116543,2.0921166693903768,-1.0258823297043036,-0.4549232843617721,2.0993663470129786,-0.010574437564528331,-0.4354304333886193,2.3950543188674014,-0.42378689866718894,-0.6532726346932368,0.3202811144394827,-0.5305416043583384,-1.0395964489342293,-1.0053189735441423,1.1259453206314527,3.80325451323027,2.801178391391145,1.880597709077696,2.9770688219083796,-0.056621245126841545,-0.6008300119623575,-0.004756200515288571,0.23798463366746472,-0.18947066764790998,-0.5185954039197469,0.3176075791735648,-0.4029533732919804,-0.7572712823121908,-0.8649312554448014,-0.9408609394482605,-0.680682396149974,-0.33707968938777216,0.42722538410769817,2.05816640290581,-0.13413461613798605,2.079882103351968,1.5387938710478795,-0.11713713379084076,3.2261155290681063,2.2235358303807256,-0.2827442817978984,3.3676236589445545,-0.1496762717301771,0.19778601785938127,-0.23140266962592934,-0.2655492666047731,1.8839044660545248,2.3647614205288243,3.2972053656134914,-0.4292001095209574,0.1850205117042071,-0.37850090723065155,-0.4503311169304904,0.48708644758200154,-1.1673453122100854,3.4790004095920173,-0.00140260358532735,3.2227435511331723,1.6036377320946338,-0.7749053096065881,-0.5878090056941778,-1.3910132078273632,-1.2914640109876596,-1.1234091154604218,-1.9499526354204173,-1.4156780275394305,-1.121866911009183,-1.28983283314728,-1.4950824241371596,-2.7424526887420684,-1.3161346489880879,-1.649063127290902,-1.5018980858904543,-1.5280670297516097,-2.105189911056732,-1.5181187712235071,-1.4225081138830458,-1.1681400292412139,-1.3219170565408016,-1.4655299796222605,-1.4845493973580968,-1.8889918514350126,-1.4494911623564584,-1.105051432138944,-1.5639331938157564,-0.3801316031943011,-1.4770964405655227,-1.3689992544997938,-1.107881042054406,-0.8117413317977648,0.352505455526623,1.3045763992754462,-0.726215641833879,-1.0845135020139056,-1.2205456315745664,0.1976836813452892,0.7781623836806397,-1.0756915930451614,-1.3502575765398945,-1.2347092725151385,-1.4318736571613286,0.030952171129526244,0.23738201504586398,2.1436164308054235,-0.33574434642735246,-0.2785175438148777,0.3548387013558706,-2.1819114659231222,0.2243506930694879,0.18073647634418008,-0.523703174080993
0.014492928320056019,-0.6052256694159242,0.13906895445123926,-0.34563725908261167,2.9561785519173966,-0.43940020365787646,1.2930960210132885,-0.5073534795944283,0.14113460835364292,-0.4982301099281688,0.6651693290616337,0.6983811223448596,-0.01247759724950888,0.012027669081480022,-0.6949304939492074,-0.617981595456447,0.34142358397785183,0.09433574609563117,-0.7193286588132234,0.09022487571139214,-0.2890156117619479,0.48426956036131236,-0.43450025325929664,-0.16592962558242288,1.224217956575432,0.7913729052609952,-0.5383728527826906,0.01567347829396609,0.4928799931359723,0.47215324288648575,0.07880646718748234,0.3407102376769941,-0.3449579271136786,0.13790976392266646,1.9312514450427092,-0.6530662875194365,-1.0097128397683222,-0.7848858743115132,-0.38301629639443713,2.6312642906811283,-0.2954733503313753,-0.24488240357588442,-0.18709773665977955,-0.0035104652154570523,1.808795674931323,-0.14330256109934833,-0.2720723666871807,-0.4332120945287792,0.13126741706379233,-0.5185034940012596,-0.3395563888869719,-0.03664588935510922,0.06259945520805375,1.0852925023270308,-0.26064232174998314,-0.0403085635062944,0.2936567493670842,-0.23205056664405202,0.44075271609316174,2.447359165779756,0.15377709964577174,0.4580565013662073,-0.13419411212813018,0.07389609555988734,-0.3805123280974309,0.558374848842434,0.6236892975160482,2.600852160438475,1.1070425242735502,1.139641980733043,0.23646776425473018,-0.15308782818513053,-0.5194908112457644,0.11897238242851842,-0.04137889363026445,-0.32524288297776704,-0.6925362576972244,-0.28819784003127435,0.13411847651416325,0.569271233720651,0.5840511042285117,0.1989795745678498,0.4421084161275926,-0.47076707985407784,-0.1641519925389861,1.5775414696192531,-0.45574110238403837,0.525265687107522,1.033113207702141,-0.8349076164139149,1.9358271002793128,0.35831376481357896,0.41437173071094685,2.7464772071939976,0.411458179215566,-0.008187512364527123,-0.34020839470253084,-0.49577948287092627,0.3303320272580287,1.170618685493039,1.2500450750451013,-0.09652057511362126,-0.021390303901633313,0.027730007973005344,-0.612361611919542,1.3159721444670545,-0.4127754710137176,2.7462068924578675,0.048921482041664036,2.7570984914802543,0.350459032794223,1.2762970146811692,1.1859525080086784,0.11689653850244246,-0.2813552788925218,1.236341067062733,-0.13902099020926828,-0.3876824176900855,-0.4202190977679217,-0.18412980449862623,1.1471349358948604,-0.3324290218920318,0.6440093556059505,-0.47962666955214756,-0.1150172157614307,-0.5460833806824136,-0.032460411459391714,0.1986500708562544,1.336419550034441,0.3024729867887985,-0.35727119130970236,1.7808190074371848,-0.29592134403772186,-0.5633162730931249,-0.48022264079459803,0.222013293619323,-0.7956222531176318,-0.43817921391723885,0.024098471959814807,0.025503267860594363,1.20858638898877,0.11011556274823975,0.42527093920073317,0.3133496366465644,-0.19534339166027834,-0.01539328911279035,1.2055121188765356,0.4309545577334323,2.6861938316304177,0.12021988276625037,-0.33154557571337956,-0.28350766406484856,-0.5297061708511767,-0.5948253560369645,-0.16244307608011366,0.44195099080111716,2.889996345589982,0.23836676469711476,-0.2730681313581342,0.43370650312868564,1.1447400445921305,-0.2439377659737074,-0.5102303272318217
-0.6904613279833143,-0.1488970380424276,-0.7972831524122173,-0.7208244613357611,-0.17249460995704138,-0.5941838287039397,-0.699571070280772,-0.26173308890271574,-0.6843098251270051,-1.0856880741383943,0.04664763817903005,-0.43966291511321004,-0.3770235791584538,0.15685662078280627,-0.9395879752880798,-0.015964216332112705,-0.8638700492421705,-1.1113634466717657,-0.2651906843174019,-0.6085475585979827,-0.6707019473094673,-1.5055216892371504,-0.8093076275217297,-0.45679209426289763,1.1437277901876386,-0.6458167053692601,-0.19269770266901975,0.10602869028023375,-0.5561650316604521,-0.23003093579325087,-0.6329148840011249,-0.1801217466026655,0.29770019296515293,-0.7946441598254099,-0.7151316291766765,-1.122791847576751,-0.8262860376423696,-0.09509531804694202,-0.4479154571468506,0.3014154942165228,-0.20041787925231186,-0.778201658880873,-0.3705080494966402,-0.9667894417194961,-0.32003070351958673,-0.4682090036131539,-0.3317037846075196,-0.87984117446134,-0.17025048115438318,-0.7092010906369545,-0.3279362600007275,-0.7461731913705381,-0.22193451548614287,-0.22458028285333562,-0.7376181098908591,-0.5495998857566798,-1.0925752162939752,-0.042542583868149894,0.27189544477487204,-0.691050657441465,-0.5020956808972442,-0.24305114457107174,0.7858441565371163,-0.3035525354012795,-0.37677318581609565,-0.8179842798424448,-0.7507997711825013,-0.8191421415343924,0.09189656602813352,-0.9816000354566394,-0.45897068886166703,0.08885859343839712,-0.3022577022054733,0.3615388148105232,-0.7948823730094466,-0.489637085354308,-0.9177524895790211,-0.10866074026195464,-0.4876491528446411,-1.270425284775382,-1.2962588286899908,-0.15502425176956486,-0.7990875105075727,-0.40215576694252025,-0.6609290917881611,-0.7579634963984496,-0.2511172815782866,-0.3135863161032275,3.5363003632280017,-0.3207357544949466,-0.4648820629886423,-0.1642109919410889,-0.6206986593941084,-0.4228442172650166,0.15059509858784978,-0.09720346107815105,-0.41756341205369313,-0.0010893564102403114,-0.34739898243148537,-0.6216114721799308,-0.34339562504240617,-0.8685106984930429,0.786969059602842,-0.9457024053646625,-0.6727281673310974,-0.43669246286731656,-1.2352736362303218,-0.497152924189503,-0.5145355672149714,-0.5273211752070447,-0.5665668608047906,-0.8742494738962173,-0.7115948173090361,-0.752703520886075,1.3372540757306952,-0.10838380370106626,1.2808975512196248,-0.9847218245877604,-0.1099405583477156,0.18892630972617683,0.9811909636197057,-0.7414341591787845,0.07515305482762069,-0.25588377760144865,-0.4575045487036002,0.10878489651352764,0.6706307591841575,-0.27015069971357447,0.4220605996070137,0.9465364125421054,0.824422965359093,-0.2763818412844035,-0.21571350626646674,-1.0553576376056892,-0.4452110515705571,0.18962371946532053,0.28649571536327995,0.8608835521305129,-0.8809865771953573,0.6363463840573369,0.17990876635065958,0.7910589130979152,0.8937850304346779,0.22920022607358204,0.059587377204388156,0.6950259495207374,-0.7038010826711598,0.7882465068263099,0.5628213205486537,0.6333479070988006,-0.7702334213277613,-0.07881029716719382,-0.5941818897615166,-0.5948253560369645,0.6487366665317887,-0.6756268887785173,-0.1859562214500092,-0.15913913303095598,0.2258441276289076,-1.223283273271619,-1.0939666011624554,0.454356529885164,-0.678706130925372
2.6701463410980018,0.8867096286899906,0.5501968418260801,-0.002606917169535095,0.2745059786003943,0.8109079039366156,0.1067156231400779,0.8515000854531084,0.0784309206328101,2.8717410864119652,-0.23863739379184015,0.039782586003889314,-0.16279251255758928,-0.02753714269333097,1.3879721173069752,0.5335019331277433,0.2230552139633666,2.24237777352666,0.82988330977397,0.23177863694365994,-0.2890156117619479,-0.23605175062491385,0.16256786998726913,-0.14382626470577325,-0.13936756953817644,0.3881537767391623,0.62736712791542,0.06666882829642629,0.5537042134063632,0.09370748431048055,0.23624163533665357,-0.17196393584680547,0.22638204387003788,0.2633604624496204,0.3838147805374707,-0.6203319723832288,-0.3151377921393484,0.03128359488567802,0.6145842981410438,0.5809301595538588,-0.6390033503069467,1.57069896028414,-0.11119977815798542,0.1561841667483006,-0.28394971326265134,0.5710991526516486,1.1228934878132366,0.6926726821206483,0.44614134540332945,0.4101589243330134,0.9044548659659816,-0.6279053467598245,0.048942995781079385,0.10810456829235297,0.5495652867739402,-0.0060550846221678065,-0.01865979189816989,0.6412918140884292,-0.5582828058535866,-0.40592078105179186,-0.532750562455643,0.8412207116908813,-0.13419411212813018,0.8249440378541936,0.38131231639243957,1.4859250631598808,0.018830768210304636,0.021535195163931962,0.03391611651214493,0.365407186167246,0.9033034251375732,1.5472745932948642,0.9349463706694074,0.027263826647844318,-0.24376912687744456,0.9224178488333278,0.2867211396617754,0.4014265032568516,-0.2447730069015009,0.323724734171825,0.5590470610530338,0.287030852694,-0.19525449478448234,0.8893671109158949,0.22888324182450273,-0.22130267007535767,0.3197939414443521,0.35900096175002155,0.02452283908623514,0.9047225792370193,0.5417910015213302,0.32313545242575625,-0.07285119251476269,-0.06875782584076776,-0.19129492145356644,0.4405749799983267,0.3271331186121352,0.7732822317471298,0.357349951711595,0.3282572435441716,0.5283513574807063,1.1314981013217367,-0.17350222656940256,0.3887291464511197,-0.23547068859965334,0.0766753752571728,-0.4777377411178515,-0.21705395414159653,0.22531509746918713,-0.45289572014022794,0.5672466389637385,-0.4756722104135459,1.6193280805313341,-0.10734145046971333,0.29693380251409834,-0.5410640603614916,0.6479432612964721,-0.051262910420472124,-0.49587406008179535,-0.48625230177758655,-0.487291048471284,-0.12854296767573106,-0.27592501287424553,0.07570412054138442,-0.3542108385338338,0.060240070022559,0.1743730159632454,-0.5542286245442186,-0.5841359569103974,-0.349549144464858,-0.8047569247420263,-0.8182452067917446,-0.8739256811363495,0.4265201228342403,-0.3330624971424084,-0.17432551329991378,0.4148634796824765,0.2731223319634864,0.008941837066638965,-0.45383331056156,-0.560864388723123,-0.46169242339155475,-0.14602146477655284,-0.237652250875055,-0.36428773507217255,-0.03160144235570311,-1.008145514361028,-0.19561220278045446,-0.42418399218909786,-0.15285124054595123,0.2427137292254667,1.2247865377350726,1.5186410424149757,0.6418093720723496,-0.45123353704002284,0.4866257860263364,-0.2221461009943639,0.580853359082454,-0.001671556863208312,0.822427246033982,-0.3502954336097089,3.3131129790990697,-0.13250364659967864
0.5668235093520858,-0.9820233969749682,2.1673706754933217,-0.676852036554703,-1.0609617229060158,-0.4015045049000238,0.11312260228312163,-1.185618736998358,1.319622457210828,0.17528837291045987,-0.8559799314502917,1.3655712824895603,1.4224760652763837,0.7289316220267853,-0.9794924332586494,-1.2828095416930605,1.7214906760923296,1.3397822134888633,-1.0790020172798287,0.8466070861057426,-0.569255160710729,1.484817218857634,-0.38350845344667095,-0.744532916080013,1.32733524905957,1.4864680705969786,-1.1035688359984481,-0.88890387069165,-1.2737845197179645,-1.042665737477211,0.4187439344512096,-0.5192410714238329,-0.96928147140521,-0.42740981965277974,-1.0605410671869768,-0.9032077507903086,-1.2764496071383282,-0.8964154488767471,-0.7859418665852199,-0.7818535481760551,-0.026444406794092518,-0.765973116031196,1.0100964958862206,-0.09688773299163285,0.10741509315866525,-0.5520415265316729,-0.9527694473464439,-0.4923992225131415,0.028515424906210275,-0.19156940158958544,0.8446296938093338,-0.07426520682253453,-0.5564639202981948,-0.7849221798513988,0.5831299825662772,3.6071111821671575,3.441222551136656,-0.4048441753023113,-0.25380815474468527,-0.36968007330987673,-0.7462033072360106,-1.186555905937147,-0.6946933624814153,-1.260064277837346,-1.1042504963308115,-0.007199037870705656,1.2547764007725934,-0.627462201131249,-0.8270486797046115,-0.09957864311957237,-0.8753814959063706,-0.8156777300249031,-1.0559576086206357,3.6396889602441362,-0.7801341511021677,0.8528552701929513,0.5894862651728762,-1.1741794995415669,-0.8689901209902302,-1.4818374539939307,-1.008327705607948,1.571071736920121,1.1532994988103131,-1.2074447956429035,-0.9524366701612169,0.9957306862133068,-0.1598063095326768,-1.1949508877916424,-0.9641082107150784,-0.7774045553988498,-0.6281150930158919,-0.4734513583624918,0.2758008961083961,-0.5768179693998725,-1.0729380485936786,-1.3345482505559692,-0.6311934871896263,-1.1435280094951423,-0.470099350157319,-0.9711690774641717,-0.6709151460529429,-0.9482129287314788,-0.7921829698827073,-0.331511138542866,-1.1002023914628685,-0.8179297526823831,-0.033068811156273574,-0.722523992250379,-0.6537256516335306,-0.724425219213882,-0.29800475771102974,-0.18401836962016624,-0.3010873915696008,0.4758182268172759,0.8999132667845154,0.8304890424753872,1.1319088305888685,0.8527334473585337,1.4125986579510008,1.025082088017559,1.7491060148409758,1.144763326861997,2.43271588963487,1.2988157246769094,0.4402668227359308,0.9864259915823589,0.7991305335640717,2.5167306287674447,1.139102567113753,0.9559987361460708,1.8275778208925204,-0.25017129513495046,1.6036536670669126,-0.22901579931483795,0.7135296667889754,0.5279686062804276,-0.20613599802560065,0.5528761359731351,1.2265456296535575,1.6838833365163313,1.1771889680191598,1.0317447745236334,1.8004938334143399,1.732024536576574,1.2163564286957167,0.9004234407439251,1.3927905901860609,1.6066951357129582,1.3786028755665514,1.6792660609066439,1.0805742676370884,0.7050079846697986,1.6686640124598542,-0.5387955098941255,-0.8860546713501215,-0.9268771101183372,-0.7868536688444574,0.7588974971082936,-0.23095183346322948,1.171990323442323,0.1905312191152036,-0.26711950441788873,1.5498726767822486
-0.5413563425652027,-0.3616872509340262,0.8531477407641754,-0.37372161996131437,-0.027418034440798555,-0.6109095680132576,-0.18749246914145615,-0.448196892448771,0.09114287201266258,-0.16038755731678228,-0.12452685104322338,0.44319610446468133,-0.9358795636357057,-0.3843153471682925,-0.3749064635586447,-0.10899098364250544,0.2472530585733314,0.1441710763235603,-0.7250473383000209,0.09022487571139214,0.22258424210211272,-0.5482046102795733,0.2502289104557427,-0.3614614929266896,0.12862489892868986,0.11284133544883229,-0.6131365999275079,0.05663361123916622,-0.4022984009324933,0.8342532985021165,1.0526154496150313,0.05642865842100945,-0.18743891832343232,-0.5152186246496251,-0.5291348069848617,-0.9092015274783399,-0.45403737867704913,-0.6305861306415743,-0.03348498801859759,-0.9023418318761092,1.6211568377983694,-0.48272371177917733,1.3439610149926893,-0.14409161627103856,-0.344782686118594,0.10471956889183648,-0.25321379393295135,-0.25292207814283685,-0.41368647950858667,1.2264530723436138,0.0207171855719318,1.1865810438598032,-0.3365377992732265,-0.2715395655564675,-0.29541560531050215,-0.5216651043595733,-0.33640826420242625,0.0716765963895933,-0.60282522885895,-0.23415523642140995,-0.6690817542347339,-0.41154638994701986,0.056810335713478516,-0.5249490351823052,-0.438939197010318,1.6634413753921309,0.031368253737097174,-0.09465779500806247,-0.0774898699337646,-0.4787324049829037,0.05687652306218703,0.0016584011482293536,-0.4697758615426625,-0.03756046906574225,1.485775004262637,-0.08719873677443649,-0.7073510891642397,0.15120249534520888,0.08588532777511614,-0.1159566178996988,-0.9728745954162829,0.4890651085679548,0.02678696037447908,-0.08839051996628233,-0.14919272220682542,-0.8982768882759462,-0.4171936534128203,0.2914366142064466,-1.0597372820805697,-0.2563974235977133,-0.3346901817529987,0.0302306372922084,-0.20122251034786923,-0.06875782584076776,2.0596016837360946,-0.6810525346199863,0.2540052183323846,-0.41961769078749733,0.09463943776068111,-0.06316982241155251,-0.22300370064930058,0.7897671081264895,-0.03165135483761544,0.24902733213955136,-0.6481459688234013,1.3986497100396278,-0.4143584421173848,-0.3730034786601559,0.23401640217487524,-0.4366831742735104,0.24113292779069748,0.35878335381682186,0.17423018589042089,1.132067960637758,1.8198918441497853,1.7344545208926345,1.4073432463849962,1.5724499992803873,2.011993958438923,2.541228659108349,1.6563594021951453,0.6297640530173857,1.9841722178612264,1.1685616789934412,1.6384773419759522,2.0945223670912676,1.158088936653223,1.8600923565669223,1.5020800013778592,1.8088135037553679,1.5148095356282132,0.5737303583746998,0.8158268704202648,0.6243655538912375,1.661128707411308,2.2906543435737357,0.8376344870585614,0.021434908968669106,0.3422997979905179,2.437045165275002,2.3799764541491477,2.1523002758575895,3.109876023908207,3.357464967794074,2.4570385143271234,1.638065937671853,1.3842282001957529,2.5746507056796775,2.6428706853774893,3.102232441037684,1.0732252515047656,1.4078571755234972,1.1469765471462072,-0.07196276855432404,-0.2344682436045649,2.8426218830274745,-0.59677708172258,3.0022068294947983,0.10035779653036235,1.5319379627470846,-0.7948624650401805,-0.16242206804475043,-0.516935123790605
-0.6301577946100813,-0.9209324645971995,-0.1995358843111515,-1.061053306677645,-0.7514108913313997,-0.980303278976479,0.706486635860095,-0.4842865492503407,-0.9386412490355331,-0.34363178960920393,-0.5820283684913776,0.775754011766026,-0.4920894087810825,-0.8164893264308637,1.2051038762744335,-0.3518967205843724,-1.0103161859618643,1.0641058771818712,-0.6315612733350765,-0.6233777054605262,2.9507472486455923,-0.6679443931829537,0.6535936865522595,-0.9014443697872532,0.31306057454952907,-1.082201042817003,-0.5705257689348296,1.1251701242499585,-0.2105492578309003,0.5559899155803432,-0.22342661466892044,0.957514599919986,-0.8037878855589617,1.0496267343052847,0.8413568615821303,-1.1347951515716683,0.3867919210952999,-0.5193527933969694,-0.7859418665852199,-0.47189606956356034,-1.2474522386871125,-1.127992408141941,-0.5814129576410886,-0.8386080579014118,-0.909523584700018,-0.3744321598995141,0.8054749598566384,-0.15476499645642403,-0.6521301646275586,-0.5424745433561888,-0.8712686670487431,1.0219323846411466,-0.7132974179026544,1.8928874449482436,-0.6160682515169581,0.5789338557567324,-0.6729635930410817,-0.28281648848706514,0.29694773773499994,-1.0730336188763054,-0.9879608201661231,-0.3335095743585377,-0.6410321980209602,-0.5193819447696723,0.7518460359445154,-0.4818805123874137,-0.9162792804373775,-0.42810818875322615,-0.6954693737203336,-0.46946276922215896,-0.5593514802610516,-1.0120771211886253,-0.30702821078566606,-0.7328968452103364,-1.1552333801781447,-0.7342996496827308,-0.4642172022380117,-0.3863360166420523,-0.9469446023650753,-0.3873615134970804,-0.4926013810447596,-0.09494213753531337,-1.3096048434448504,-0.24044369209824268,-0.5787374281467736,-0.42153524044138174,-0.2511172815782866,-0.46007189860844255,0.6140604464518099,-0.5046418363528188,-0.6201550061011041,-0.7675968782656252,0.5195306794595304,-0.49016670817895275,0.018431911056381662,1.6585184727438487,-0.4578455220664786,-0.5931030401167131,-0.5293740338958877,1.206488395233086,-0.5419816888233745,-0.858990526519185,-0.7544511180144852,-0.13435800996774172,-0.8945109741210315,-0.7364891377252482,-0.18969901302133993,-0.564068195667357,-0.8172218211817414,-0.832017238977292,0.04308907453663558,-0.8360283302362651,-1.0145056137990005,-0.5739416863593867,-0.674293765373799,-0.4138573065500746,-0.3706227371474696,-0.22930859437446335,-0.6659744202060176,-0.2001521526435223,-0.5243135307075252,0.9342040561497401,-0.6544102585924964,-0.7848598254407942,1.0358615976204448,-0.6658564317133813,-0.35188426337735457,0.027853836810828533,0.6933567018899882,-0.5106631470740406,1.1168103996948409,-1.2179988072443568,-0.5067627338515388,-0.3595326113926216,-0.6958903894457036,-0.745030268050198,-1.0134211963171877,-0.54805862039118,-0.581707409577244,0.15772631620858726,-0.17307010111214338,-0.5002025103049881,0.27904234288019564,0.006825780593930214,-0.4679067348571981,-0.48212960008722644,0.7913567855512987,0.058404078206101134,0.03606562034540801,0.05677639690026565,-0.8944042472547943,-0.645738549449019,-0.8298644539558938,-0.5948253560369645,-0.8186796267037614,1.8949148277818089,-1.0210181237546556,-0.9084186134240556,-0.7520418194077152,-1.701048625229546,-1.2685884741933113,-0.47900841003405475,-0.662021471722301
-0.8214756887681983,-1.0794880213583653,-0.10837455318637682,-1.4563026205676515,3.223180813160485,-1.4978911912853763,0.12268068809227999,1.7063067436548973,-0.5127024339325721,-1.2334463303253633,0.17147901771855445,-0.3305914931574031,1.8861483576712454,1.7261036862508623,-1.354758085648816,-1.5146327231259766,-0.25414341526885287,-0.33455002519017674,-1.414427196959182,-1.0431242736708815,2.0960946339328497,0.15310693544797357,-0.8788484886788256,0.09788602149823995,-0.5097127670907006,0.07714114626398225,-1.7005176193814235,-1.699399458032039,-1.438441872797268,0.8005043124142249,-0.8497143813083815,-1.2934520990294995,-1.2626178440042448,-0.4251192909638689,-1.0918039401478188,-1.2110306051568558,-0.733127811051518,1.7090280634987927,0.11457081604234151,-1.4247775065878765,0.35601503736586493,3.8618108868163916,0.07550083877663458,2.4268996035063717,-0.8276149274809985,-0.2824499673288759,-1.3317301016514294,-0.49417893124841966,0.8426201349465312,-1.604046845689962,-0.6505234895447377,0.07460836355999265,-1.1175079960477978,-1.662505546044087,-0.5285867629231372,-1.472324057393573,0.04604648290839838,-1.6861059622664571,0.5617485042461382,-1.1410766982242155,-0.2141991262537689,-1.1970298901125551,-1.0791235189092214,-1.4001793971730312,-0.8265613972960327,0.29952358407653823,-0.2364480452696646,-1.0953396767995802,-1.3283315333436518,-0.028941136033759963,-1.2493511733616718,-1.1122908519726769,-1.417249227659481,-1.221314666075273,-1.5011320999226727,-1.721692100409468,-1.2219076455786275,-1.5278932642827268,2.193545388962147,0.8405272940685545,-1.3880339438395932,-0.2870236549554791,-0.30637400182040936,-0.9171578256636971,-1.384990269009456,2.1465070970508546,-1.3377855624832422,-1.293660259396808,-1.201080398682494,-1.4695235846566475,-0.4648820629886423,-1.4878763980367782,-0.8086479998890987,-1.0367496372402891,-0.34795216509816795,-0.9540775425419771,-1.2898921183576129,-1.4510594786062103,-1.3034170115968169,-1.2716795670322332,-1.101669396738584,-0.9906461309123665,-1.3086700478552356,-0.9150199355785518,-0.5334974693011727,-1.3532108107556107,-0.5334841512458859,-1.0115955418858489,-1.4654614612643275,-1.0806901919072074,-1.2734893147553688,-0.6831378596644903,1.5025863682247635,-1.2440516549297576,-1.865458074052578,1.5599254142876966,-1.802281520251324,-1.5426480247907186,-0.8790708051396232,-1.478157139734699,0.18874735643615712,-1.0335396231353562,-1.8396652118370012,-1.6387048713850312,-1.5157518831430465,-1.752785477087024,-0.8985671269167499,-1.2912452557697165,-1.1902677406230102,-2.052721285377461,-1.729294334590574,-1.9361739676669574,-1.289308532592062,-1.7078570020868336,1.5548195968406127,-1.7985772605741195,-1.4740573873320835,-2.4749863050050784,-1.5352998998572527,-0.46587420621147074,-1.455945410655195,-1.6186797172050194,-1.9532165502832928,-1.6496539138108868,-1.502983167455266,-1.8954176493175618,-1.7414533270072456,-2.0576777046359673,-1.8957203863766667,-2.0101024990697667,-1.5629556253300574,-1.6189221864596077,-1.375735645627522,-1.0102164736055896,0.714610703212838,1.602602566578556,0.5947082583858998,-0.7747846215367069,-1.534058530923843,0.12197448055877617,-0.4821973859313546,-1.465340812194863,0.7673638877029774
0.6161293905580288,1.0082981565882574,0.15662260362818464,0.5418658342731595,1.281915964491916,1.0290493952837925,0.5349627449174357,1.1106598204860367,0.3360074842359962,0.4483176904783172,2.0718019019749145,-0.3943864784770519,0.7156600482511127,1.8390147830735486,-0.3535260765794428,1.803234931395544,-0.02823168217493506,0.6998727634025449,0.7742713160929311,0.5157261150423679,0.061232999320410264,-0.563937404810544,0.4247850921719047,0.7842009684587725,-0.7454625170970675,0.19220903847537635,0.6060428362504541,1.0745668094497824,0.2730955204730598,-0.09035093742561062,0.29855504000290933,1.733341527641042,2.511384066542926,1.7325171943119828,0.9475801633998793,2.10901191114945,1.025877232290511,0.07929939505654932,1.0108380685604252,-0.25675499725137124,-0.3173186770320137,-0.5355530098129414,1.6390686915024308,0.1335648213244293,1.2820981153954112,0.8275137825020363,0.3574593618523124,0.23070892614554733,1.521983467282384,0.8087847924657783,0.1994552347213134,1.9473988459533578,1.1679335402789521,0.4533541736634679,0.19440066983806686,0.6828520501053249,-0.3970981198072179,0.3432590186376317,1.3642564683253744,0.9318835786675729,0.6914921633508212,0.9321374944853509,2.9407409506957607,1.1436963335454549,1.1351751981141691,-0.4567357167900842,0.2795900347343728,1.9440003574203903,2.210484976797896,3.6174599677320205,0.8553519497423279,1.825389431164696,1.0966255041757005,2.4789416351019002,0.03915823865151105,1.5902686216943074,0.5480997472594669,1.6774591166982282,2.4143108680559315,0.1745328819205563,-0.03728037456099536,1.688062091492156,-0.12197621927212222,0.5372379694950538,0.48134180009576244,1.262395728686931,1.763168386412004,1.8406148427505304,-0.2635087652777441,0.9356186298604178,0.7522265365507329,1.8644182230477504,0.39302146456169834,1.8648392735525336,1.0014796132026378,0.04689040250029039,0.3853763979278806,1.7502175416858128,1.1926381913726656,0.5630768123192257,1.0327529766062287,1.111582922595489,3.3635485081288397,-0.03627873273652143,0.5387918487540957,1.1696437925232432,-0.20553271636414047,2.011175694938307,0.8667812752454904,1.8074568849672281,0.939273457521409,-0.25928443319788697,0.17809815983896984,-0.8002400874926373,-0.7116379446264324,-0.5046819374255644,-1.2126476340511332,-0.907532009681055,-0.622585752260523,-0.4222504984428231,-0.7792871846453931,-0.1650140089093524,-1.1335851241019594,0.6024216052285695,-0.5825732609158459,0.12178169372698706,-1.0441227913635849,-0.7863558938310812,0.7823055570545738,-0.8620858741190213,-0.7646741043107943,-1.104790152958294,-0.8486846868475207,-0.9509901477467234,-0.6224469600827792,-0.2773890160963948,-0.42049191880617326,-1.2725159708885958,-0.6118654303693878,-0.6003469852914022,-0.3281167345229721,0.6076605719312038,0.058254013211642496,-0.1610286307520497,-0.23353632418361198,-0.43403203725197226,-0.8347618765404705,0.40335090360479664,0.08675326807532964,-0.15709147772735912,-0.43010960453015257,-0.7068698818637754,-0.6858910925326777,0.9507947800133242,2.9168865981060805,0.2947611355515517,0.997729871874831,1.306724600287033,2.435076568117277,-0.27483643749932674,0.20477197879373557,2.6968260119910754,0.047791337266376306
-0.26018761143728036,-0.1047319918597141,1.6299251239859534,-0.7152287353781163,-0.012304626940580625,0.6077355187456012,-0.06694667348383591,-0.2387463954116515,0.7398303334697526,-0.5172018136734389,-0.5266135203441002,1.4349621933787098,-0.9777709321639376,-0.37024341665587124,-0.7451494911234117,-0.13179993858263644,1.494344869390361,0.7578822849069099,-0.35654818205773514,0.12398454555435727,-0.339296002980304,0.8726071176657676,-0.2559551073715323,-0.3040241885109922,1.0385056958074237,1.248709825833975,-0.6927270621994177,-0.23705381977531564,-0.4260277438042968,-0.4012910998590148,0.47672827676198615,3.444842687786016,-0.3174085297189241,0.3076887379341635,-0.3778035313900102,2.284424268188026,1.5533415837945668,-0.33513245873029707,-0.2888399914465021,0.0018367779511384795,-0.032098196677749755,-0.6019422123581529,2.1637578719659314,0.6145239871952604,-0.15074017215806612,-0.11027208393076511,-0.38682377592149464,-0.21165783420056286,0.22132554174031444,-0.011011275935297639,0.6914087990291882,0.4704766009748357,-0.4952848526081044,-0.4830182998351929,0.30051565064421526,-0.03163961287923108,1.149618930199124,0.411905735660746,-0.7855186348351848,-0.19908787395263405,-0.5431352407474127,-0.2675188632509608,-0.3202813335002913,0.21725411230944774,-0.49416564500280225,-0.474626802877733,1.0726490185813626,1.181224000517294,0.1364784779558946,-0.2673519870534891,0.27846032039989027,-0.26599836510618924,-0.15819919220691897,-0.3475637737962962,-0.619658766167195,-0.09820938257661281,-0.2710691314543502,-0.22603420369342397,-0.26687730437976775,0.6270058236663938,0.1152538238786223,1.5265971342909384,1.271255544464948,-0.48851839525926977,-0.24134016560753685,1.8338226621073481,-0.48209392819297314,-0.3399588187374217,-0.32737474979693915,2.607686551506002,1.1614265910806911,-0.2519628609248837,0.4506697993526375,0.9588896071904618,0.0717185974225662,-0.6468756480002624,0.922985220759279,-0.30588905512736914,-0.18513766424253048,0.12250481941908126,0.10500440815090628,-0.5052757525157903,-0.3208217918332685,-0.16163629706593913,-0.12125575336590012,-0.5605147761177768,-0.11369573950917357,1.71669040841006,-0.006534941534104607,1.8347651083952647,-0.30267342033044464,-0.7512993590740267,0.5667530818250646,1.370065658407556,0.9324945268869093,2.504873780183184,0.8441205202557276,0.9089183666369761,-0.02153389246653669,0.7465193312043065,1.0357945190000724,0.7262447686216563,0.40416239361963957,0.6006557860193241,0.6329241392468323,-0.039608247893920874,0.32850028220339206,-0.23707783784002523,-0.1909734087705274,0.5295921231579583,-0.1654166201978311,-0.20113167089188685,0.05250302280652769,1.4697156081626088,0.46254462735708574,1.4863853270490996,1.0374479273241393,0.35828259631995346,1.2011794459647556,0.14915924059076138,0.3466059445297634,0.32404583100234635,0.6334671973780186,0.47790839223174253,-0.07982526103686154,1.029349710416592,-0.45858405660225776,0.37196428148756594,0.5285070716650182,0.4996893381330062,1.1211316508377542,0.6309665521237617,-0.03981037415208711,-0.02604603518352167,-0.29194794534761515,-0.5233090023246856,-0.4637062742164946,-0.5913009890873219,-0.29460734678336387,1.0437941908450896,0.09702714381491262,-0.47900841003405475,-0.30551523785740536
0.9511600893037552,1.221552721576695,0.41277867778544364,0.815082037745396,1.4090622955218357,1.0684983356836295,1.07028775603899,2.235217463712177,0.8910754300519502,1.164930993008725,0.37338153448024225,0.3395863637730087,0.5918164116369505,0.85783768131619,0.8568537632585712,1.5290253124080229,0.7407156213388472,0.869690519050455,1.8323340648049469,0.9664970107623932,0.9949767877734186,0.8306254553652949,1.639341862211013,0.609191545861639,0.2555345947156406,0.4347651555609346,1.1215099648577518,0.9789873138790427,1.6745053355329682,0.5740151190269653,0.9351603346570745,0.9882943890440452,1.3189219949497746,1.7936366464443045,1.6085260063406286,-0.19808119484217365,0.3525343371365887,0.4569795173313893,1.1431901256901915,0.5763950790773558,0.07302247756021456,0.024163991117904893,0.7318838321361875,0.8909137153626641,0.5764818822271907,1.4960583715297033,1.3853267294585228,1.4557586535136324,1.3225954014629975,1.7023304526889806,1.1125831062179528,-0.1810243919050128,0.7260994046728186,0.6265696558595122,1.173966741851545,0.787965772205878,0.34921577009443083,1.4063009125145023,1.2347076865204958,-0.18605829909194058,0.28539401702654893,2.1134389284721062,1.1451392759838928,2.0292556074016646,1.006394075943623,0.24104536700210166,0.9467703947167234,0.7937421726915964,1.0756382108940008,0.6375884010144838,2.4623490267205512,1.015214472907713,3.002883431012002,1.2981606705725053,0.2260030107762128,1.618990328347472,0.831829985659878,2.1690219050691826,0.07764595167168475,0.20144749207438964,0.04746632646894751,0.789201324144076,0.23543019355742154,1.910458843418064,1.3450632888476626,1.0705395011234167,1.1637430435944616,1.515013696808791,0.44985495269034503,2.0817761231587104,1.5645928208368602,1.2757876891966775,0.3984019998767257,0.8498767780575635,1.0205729856778276,0.9735053460324051,1.2465573635055076,2.107782386427416,1.620164460653048,1.2915833969328359,1.8252228310287804,0.5798592970268004,1.1183959350145984,1.523054890576835,0.6960160774449591,0.7226414905089606,-0.04613945826391976,0.5863108198604527,1.7581925066256263,0.18094692578655944,1.5898082634984378,0.825019511585622,0.8046668244528224,0.5295349422175925,0.6835591530836104,1.093457141743695,1.138778642866069,2.1753874625887555,1.2596988892089755,1.1422001939522979,0.7880560248928105,0.9437413200441367,0.7888249074532375,0.25970264106126506,0.5919955577914093,1.35444985270485,0.43632500065764374,0.6582248999083748,0.5619573342849106,1.168368025724672,1.3976440047650087,0.22536155907515507,1.579248625010842,1.7323770118029989,1.045721181786881,0.7633550391285827,0.6604162784123419,2.0462868153955607,0.7215894307855854,1.4449000778387129,1.193480786312631,1.3175517882789953,1.726246379252949,1.692676521604433,2.759691005677332,1.0035144293978957,0.6700612467990499,1.4391634984551567,1.4110016278303754,1.8157012698908934,1.1370923713815009,0.5092448468008389,0.584423247835041,1.6782509813254245,0.82159339814506,1.1245843551583459,0.5354228617110358,0.946011454402685,1.2910233501200385,-0.5456533070148991,0.11897525387952142,1.3047874469951724,0.09092314806914815
0.17519274458913248,0.10254114799664203,0.8121940760605377,-0.16721503711535346,0.3717228343832566,-0.7355698390655084,-0.12974625856427932,-0.16488910632141288,0.3397029532878012,0.004729072842993503,0.9406841564390217,0.25445451072270464,0.4756316509605907,0.45633040298488237,-0.9294009744545947,-0.3518967205843724,0.3679134142378587,-0.36639262676176754,-0.5115081757334624,0.22023918806906884,0.2806583999642271,0.27746859879550856,0.4011400130944019,0.014469253799118967,0.05162077906590486,0.3422875932054462,-0.24876299987399708,0.24355570659835002,-0.5989498464296401,-0.8123196850978369,-0.23660991878757262,0.41217447819331676,0.7944627115867756,-0.6122412343930295,-0.9139693399670287,-0.45448723123826795,-0.4897598675956904,-0.6493401827305877,0.1714884893216056,-0.18934269334912096,-0.4159119239791184,-0.1030834871266266,0.7555238495058376,0.33593703849174134,0.31501559022732434,-0.6418244427567023,-1.1017912678789694,-0.7625827578617242,0.5651234925037121,-0.30411514603765416,0.22445412619294705,-1.3104710973178144,0.25055413097734647,-0.8659723016610585,-0.2545384749071478,-0.07272300485471551,0.1470923393481446,0.6478673754905511,-0.012154242136296402,-0.09316529399564735,0.04034512832422964,-0.3439835585339457,1.1451392759838928,-0.49736379534588937,-0.9666573493133599,-0.036086357158791084,0.6132674310395302,-0.0421923960422736,0.8250219257738641,0.4082909441791539,0.222228548904714,0.49696335332514224,-0.5110713344772756,0.8685445352538844,1.0216560829230161,0.03874012265613232,0.13869413144870885,0.428396924021486,0.7196797576819894,-0.5474531420988427,0.09126513877051472,0.5704170471127225,0.36009904390573133,-0.447480131801896,0.5100348448941915,-1.3295503884235393,0.22712551907997444,0.4444929565553814,-1.045599740645152,-0.28461759782934287,-0.48930959391118645,0.6215516530285226,0.3656749077949402,0.33754678699205604,-0.20552280244015173,-0.7981069015556064,0.20312060402803717,0.3537477078585018,0.6262634673822066,0.42301530898714274,-0.28681625866421073,-0.049943800306286326,1.2190230310626602,0.18855011626018045,-0.26824821729137616,-0.2798496157662941,-0.5426902381494392,0.02610828610916181,0.2767374026096071,0.0139409905696489,-0.2478431400861076,-0.5474945936628351,-0.16648742366202482,-0.5441895821464687,-0.814168487272413,-0.48855405574785843,-0.9919237931599875,-1.0400188437034839,-0.03988977812455627,-0.40997041211513313,-0.8203709984678641,-1.1943107110287483,-1.192295037609501,-0.7279390276580369,-0.6525131452987993,-0.8928638696670416,-1.3070824695044476,-0.8323171663146461,-0.8663289062018715,-0.8966012272048502,-1.1339465777060282,-1.2092210206931644,-0.8379725177615309,-1.198933098196273,-0.028231461461251234,-0.7179255581093152,-0.6228459802650709,-1.7239325858217547,-0.4266138207073698,-0.6249020221864003,-0.5851970799075238,-0.6113150366124618,-0.19923161914015186,-0.403563579576461,-0.705919670027625,-0.5549464927289,-0.18304547927472767,-0.47771005730320387,-0.3907899154013906,-0.3506956899579658,-0.639881407847921,-0.9242529773070085,-0.5713834729221541,-0.19709483137002823,0.4511773182561464,-0.23543815669962995,0.8287203625086362,-0.3524034597140594,0.1955033624213271,1.109240365625179,-0.061681500342692604,0.16425078875860885,-0.05239835761961574
1.0290736984919986,-0.6648953638433661,-0.8915820697644515,-0.3859856024304713,-0.08979730058689332,0.5683412758138711,-0.6610546306490367,-0.4706371863497649,-0.33429129610751396,-0.5326097925977428,-0.11025800422541986,-1.0852981593433682,1.0789373535876683,-0.22676803916785873,-0.7631460006968841,-0.7004452216072083,-1.0803291906689605,-0.32672807004302745,-0.19851604215681792,-0.5229963024703808,-0.049288195153810666,-0.349041965606838,0.2502289104557427,-0.2641109718555019,-0.34823833775090723,-0.6458167053692601,-0.33410276925225174,-0.41434461503938314,0.05228558827213175,1.3289877002684294,-1.0485516980071854,-0.16386219296175328,0.25356531190554593,-0.7347644084907669,1.2138146365464966,-0.9784085502470596,-0.8415082925126768,-0.9031507249541326,-0.6725595236958865,-0.7722259657843663,1.172425930285625,-0.0418342433229438,-0.21771898961873018,-0.22894412757952284,0.4328596969865338,-0.29653629062414766,-0.7633899803017191,-0.7976155999638918,-0.5365819105688576,0.2922729040485659,-1.1706390754629588,-0.5685313518624023,0.6329994052746036,-0.1423191993518192,-0.748639051635526,-0.38812824759752157,0.08241854800970541,-0.39739430167664946,0.3742948065431865,-0.5212885780009732,-0.23858548375729338,-0.23580469157071474,-0.24237188747373262,-0.3365808765850277,-1.2062746231912558,0.0724441795218611,-0.38952065493801724,0.06849398040240309,0.30085799115397854,-0.050935919529042195,0.9406827409527582,-0.13507620760503466,-0.1971227375563154,-0.14108808202945577,0.5937581052895753,-0.08719873677443649,1.0249372828409977,0.6637860973824505,-0.5717882702415358,-0.03143990145058551,0.14993596866061526,-0.8211513674355904,-0.827007968699992,-0.33443960240811926,-0.10521403142746617,0.20830381836410286,-0.40459605450864716,-0.1646136738713104,-0.34682554604808874,0.048824953881424646,-0.06322322061399523,0.34082454915814125,-0.2827442817978984,0.18357303485720008,-0.5369008441600382,-0.6399304382990303,0.15038523936391474,-0.15727642468815367,0.34390184148918085,-0.327877636337024,0.194627422767674,-0.045817748123813076,-0.3208217918332685,-0.30350538850271896,0.14868256117782258,2.9172932445422957,1.5394592154366433,-0.17195673046291154,-0.5747130554520178,0.0139409905696489,2.465381526064201,-0.6721435832130453,0.8451440783725558,-0.33553061892266023,0.9004152301049663,-0.9514820352711346,-0.26378320396785565,0.30121659281506863,-1.2322137504021133,-0.926011498369276,-0.46751419727824106,-0.08252290352018622,-0.3738158362721366,-0.5550514767480068,-1.0898089791775976,-0.3938299620922408,-1.0886499124721833,-0.8198916851993766,-1.0636555623123611,-0.6788869624791533,0.31560525995480115,-1.1332586318781508,-1.0204562433956983,0.8100216262472064,-0.6568555260062773,-0.7547301482668736,-0.583579892507491,-0.8131572176172904,-0.2630118459074732,-0.6544435118478786,-0.8066356719245245,-0.8925828290483224,-0.61869263471085,-0.3692040487875475,-0.5131608293469613,-0.2655861254315166,-1.3034555761364266,-0.7363073476650607,-0.8374555066170047,-0.4504626279701228,0.09921358684634358,-0.9856213651313658,-0.6155310748021191,0.5575369845249027,-0.4627690230301526,1.3083503035393393,-0.29534528434824986,-0.7071629273341191,-0.190056471348851,-0.591223812090934,-0.35543457410679297,-0.6572722092742341,3.1167995152701655
-0.7263958457332873,-0.9977618412888347,1.4015809696632255,-0.7208244613357611,0.47200439127477906,-0.5941838287039397,-0.5715368567621454,-0.697206263358836,-0.17158586832189077,2.241926533028113,-0.27979133834464126,0.8967868564671848,1.1435691373146968,3.5380846048337258,-1.0656291604021741,-0.5692350043019189,0.5166306213749269,0.2540871816079255,1.0038833913612062,-0.5938869028391078,-0.7068650822059174,0.398051051565513,-0.8907814965408236,-0.5296080976242792,0.24907461054106145,0.7575157793343318,-0.5751882476102964,-0.9546272906764885,-0.9783024373591502,0.2574536741128034,-0.5814737167014955,-0.8438964239864347,-0.7280101252533587,-0.3979520885106895,-0.8060026916149302,-0.4938176794508053,0.8896738372413348,-0.7458014100802695,-1.0486588683721603,0.08438355337927105,-0.3879841711504148,-0.30059490846120773,-0.2815995654719923,-0.03821707665812907,-0.6635543195726884,-0.6480426779173947,-0.7755941003513388,3.202721388889596,1.8980496285640387,0.22414820626737136,0.08651541134835777,1.52199939547982,2.227844194296882,1.230026862591211,-0.4644131023383796,-0.31397307625413984,0.1656699225198246,-1.370524879750399,-0.9755262303952855,-0.8007776512526871,0.5779271313877957,-0.6199186769422007,-0.6410321980209602,-0.6419737254850465,0.29102614970675783,2.567638577098835,0.031368253737097174,1.3480088011696836,0.15820583523070586,0.046254457172817995,-0.6909912460583495,-0.39885123512825166,-0.6497109683235227,-0.8094571500440473,-0.7948823730094466,-0.8507463255380993,-0.3810614713211412,0.1025691796724319,0.2571850406587962,0.028853051747665236,0.2507591205103711,1.018564560585373,0.3383838089332776,-0.7674355108793183,-1.0184441363380936,0.9044370819590247,-1.179972820840159,-0.6014982493324289,-0.18304254138913903,-0.16199306160362387,-0.5288073179884241,-0.9794246632693708,-0.22098725291698457,-0.23157640161936954,1.192628922425212,-0.5092185024234088,-0.6779737604859487,-0.851113814946798,-0.7365241445282412,-0.6716042691329857,-0.38073909217998625,-0.812734953125973,-0.4016986888897773,-0.36529942742648663,-0.22344883424638257,-0.3650824994358926,-0.7620153039384349,1.8727845138413517,-1.0021253771995597,0.561186911621791,-0.3750366080229071,2.8469480535805145,0.9642974046479261,-0.5096992693852165,0.37227979499610464,0.3286717225944173,1.0479779421491755,-0.9321555824444436,-0.5816862043313036,-0.5455902277853873,1.837125206484181,0.6916772329920542,0.2748441609793464,1.1016634964622778,-0.05705288887308057,-0.4126892602090751,-0.3378392875025228,-0.9158378951400981,1.5425550983082257,-0.09552256719684386,1.7375621130621473,0.23529537499343617,-0.361108439874905,-0.8204085837863337,1.3122390889568878,0.6394519685985137,-0.6511476651588474,0.9041652159364122,-0.7723819735013606,-0.8114289922244299,-0.23458602390204653,-0.15330340825786123,-0.2508325695343446,-0.1327939745133932,-0.07702042348131673,-0.5133598025810672,-0.12452874681601815,0.2866885160617081,2.2547143240965335,-0.2740219107479928,-0.5579970389641646,-0.3662826063352551,0.20765201963054697,1.0220021304358793,-0.43982412445866026,-0.021466698757667938,-0.80306535726142,1.5177728442544598,-0.504865431295475,0.8113790844818006,-0.06545019896722161,-0.7227988240959009,-0.06126630749268078
0.7474494534119421,0.03356393207084636,-0.3879282488583623,0.3606550901072476,0.25652423942321634,-0.02372825637589019,1.729636880672045,-0.16848557537322828,-0.2922535400885158,1.1392682724377847,0.18208519095557618,-0.5183990063355888,0.21480932414271683,-0.22676803916785873,-0.09667993327834488,-0.1685621622814279,0.10542933595418622,1.4069702076532773,-0.07109668251356119,-0.495701795827263,0.22258424210211272,-0.022139486186302244,1.5809537004307557,0.05517815876065106,-0.7208683571908295,-0.34859101085937205,0.28892498469853395,0.16285395651993673,0.11905161321229613,-0.5146368542321854,0.2843341895379609,0.23046181873482355,-0.18743891832343232,-0.2303921094767288,0.045767685913429,0.8986609593137284,-0.733127811051518,1.7126546039215804,0.6832683326154688,-0.640151601798939,2.654977069296928,0.6761918330651333,0.167159214222551,0.5574608378546351,-0.2721895131513718,-0.4818010602737441,-0.12890064360911735,1.2324123281600752,-0.33256375254116055,-0.11385131123548967,0.6541163986466352,3.195042764001639,2.475026625906268,1.801637745695273,2.06113995262901,-0.23419464301387383,0.8858601536813087,1.5619673999466277,0.44075271609316174,-0.42386637827188967,-0.49203937535543946,-0.181622216263591,-0.0035611152254380386,0.019732545878618054,-0.8054097169066563,2.6191027012448345,0.06420222079508042,0.10393488422770016,-0.0021628947205973807,0.5484674126066512,0.11894498727554595,-0.18977958138579554,0.8070053424115226,0.06880019930898862,0.11312361429842707,-0.1719118066256942,-0.7788942962711006,0.634764009733631,-0.35980773761338725,1.9413395792644963,-0.12809651269216013,0.2104122784021369,-0.25061523459162677,-0.23312030254545327,0.16431061695527358,-0.3220614150959326,-0.10398748073390525,-0.05839671888203579,-0.07907559453778318,-0.19830387121129273,-0.03937610198308371,0.2502853420222109,-0.4069603609740829,-0.03156740561324872,0.1574947356743694,-0.9211334035137555,0.08164902037055656,-0.23929746883266037,0.1494558796455525,-0.20777146638499322,-0.19458506127967706,-0.5735420349795537,-0.08428554808147293,0.5510746250951333,0.230621311578114,-0.01011188635793087,-0.5786426416822822,-0.1652259073994014,0.5719078482813619,-0.4155771261425267,0.7289566784845041,-0.2286110566089041,0.4980577585335097,-0.18135136672543783,-0.06366874081825243,0.19974945457590504,-0.605617829993193,-0.16107517528757226,-0.18026702666892128,0.3057904973250964,-0.45174260909620323,-1.5381021171404397,-0.48899071358640744,-0.31361963821888317,0.2721559216782022,-0.12323659811545287,-1.0092024707020613,-0.020085067737700673,-1.0207452372339463,0.004912949987829815,-0.9095431596437071,-0.8052957146338695,-0.4256700561731919,-0.29798869092176355,-0.24082207556611185,0.340977283795787,0.3757868081924961,-0.17002681572134679,0.20819543994957676,0.2815824736258297,-0.1631990304262646,0.0011446176740922626,0.467463338241121,0.1499304399426556,1.2096019035614751,0.018090043905848317,-0.46096018977089903,0.2762397236906485,0.5755529748136265,0.3235337115963388,0.09599137308153119,-0.4162155704442775,0.0956088691797584,0.8044279239234714,-0.4173727030223444,-0.02463671002387446,2.6357688306961116,0.10875364752973088,-0.05559370780577331,0.31907818262660587,-0.622054304315874,-0.2439377659737074,-0.09600112244857278
0.4613761533928426,-0.9061037778354364,-0.2914086458505053,-0.5309975704578214,-0.49309239681501554,3.2279282276894214,-0.5213329845131098,-0.654908203725467,-0.7496728686548414,0.7277283906837066,-0.8559799314502917,-0.17161952031260583,-0.595414821589614,-0.2514360733573107,-0.5188285961344539,-1.0745087033042338,-0.7024773620946391,3.4011149043716538,-0.6718546112867486,-0.2902653815380096,-0.9790847961612376,-0.4385321591315925,-0.8670161825054279,-0.6775563374304535,-0.17641323334283698,-0.2341324786951557,5.260267550884732,-0.7963339088537696,1.1145629397807717,-0.4201174682765966,0.5170216303728432,-0.7341615310596117,-0.7653727032610307,0.3542239852680811,-0.5661517605362417,1.848929259085587,0.24816543110494765,2.3509224630076764,-1.0982831203947956,1.1358625622841874,-0.555741695599144,0.12998440331604819,2.271884378743927,-0.7548892865013591,-0.2958413149767983,-0.11027208393076511,1.5112605775148815,-0.3846554158910493,-1.0502217449689892,0.8628410656297103,-1.0710297571539358,0.448534016274068,-0.798027657350617,-1.046591393595215,1.619281445129544,0.04598791155156731,-0.056597945558307994,-1.3929199560218783,-0.8514041139074661,1.6744833753093615,0.7188505516773808,-0.13637132063733973,-0.8097496603073023,-0.46506303634024165,-0.8882990341379128,-0.22012655978461282,-0.38952065493801724,-0.6670613797681122,-0.6747849752167406,1.1264490947033359,-0.5252059125860545,-0.24657402963205252,-0.3022577022054733,-0.8906602348548224,4.826884252879168,-0.022849973243663602,-0.3658276244001842,-0.5275668240698199,0.34891309519633473,0.45291662961609047,-0.31716617044711015,-0.45613598534680494,-0.5136468137275962,0.8651113674895484,1.7566162934790326,-0.7393701182070391,-0.5645417356617722,-1.0155059242868876,-0.2745346964815932,-0.12345535703455018,-0.41757161073576743,-0.7320141820434504,1.8582119009756939,-0.721158856359305,0.6087923587212922,2.7267118010412816,-0.18837094484550657,-0.5274631245094973,-0.578540872718661,-0.5352130909344848,-0.011483880260942474,0.05204072446759029,-0.7178457599611586,0.4123586734702085,-0.589192311684776,0.1447378856343156,-0.5709422472594042,-0.09449929356035086,1.5519885391972736,0.24158269552596223,1.3325461076767937,0.16504493316573293,-0.6499994801009056,-1.4261767667791254,-0.907814870170247,-1.1532899436781927,0.5553697098305527,-1.4885364157180971,-0.9819410827739576,-1.2688008104395943,-0.3369022879383537,-1.4283987797120863,-0.5532067870285035,-1.365904227893611,-1.4363309798324126,-1.0676725519994703,-1.4768465381967522,-1.3011838536563909,-1.0647568442538224,-1.2816511570554197,-1.0156737094642136,0.7385919531185348,-0.17146797032583388,0.20514525238982909,-1.488085115680231,-0.36494189537171434,-1.6753604389407233,-1.305998212995878,-1.7145930942858822,-1.2600149560464802,-0.3375314463334141,-0.7205868479395618,-0.8175139469457907,-0.9478922301039033,-0.3212558131476967,-0.6843420921841941,-0.09997292961761738,-0.6944393520483649,-0.35634913082908215,-0.6709616722803495,-0.8457213737689762,-0.9893133280919589,-0.39419188452158943,-0.04554879535603143,0.6366677360435796,1.004884960535904,-0.34610091608777266,-0.8108020832506453,-0.5825432807685914,0.5386198531008871,0.10335090797360069,-0.3067329421850085,-0.674498447250877
4.3387163789088055,-0.6648953638433661,-1.0041375365690073,2.3127360354506226,-0.5042393259028778,-0.7387141900985069,-0.6448534786009059,-0.12945262549608022,-0.7298202811503436,-0.3752821618126011,-0.6168272984661891,-0.6807646285874807,1.1154348083196093,-0.536515902902652,1.5262143302021798,-0.27509654466268596,-0.8675788564595713,-0.8982093929256587,-0.34830408132509916,-1.032820656699436,-0.447874607631982,-1.299556741690907,-0.8907814965408236,-0.7217372985026651,-0.7823757552985744,-1.0485610034478212,-0.80003159281855,-0.6036119868252233,-0.46077064626441844,-0.4405100249768345,-0.34831854350134284,-0.8730040497705234,-0.6562225617679561,-0.512763373680714,-0.19152317999419813,-1.365833829064297,-0.8727425202830607,-0.8572802004313821,0.29511245822306853,-0.8535864071645104,-1.212982274277381,-1.1873494847569332,-0.14559036291242802,-0.6468455179105603,-0.9529699142557989,-0.8143457112234929,-0.4653917513811479,-0.48530318977762427,-0.7790613613457518,-0.2639316726716076,-0.5796003024152174,-0.7055674117357196,-0.7900203376069753,-1.0716021740485018,-0.6243499321939521,-0.7237301942504123,-0.8160317760296312,-0.5188509731984194,-0.248463931282455,-0.9861133272589819,-0.49705759103965536,-0.19552841746901353,-0.4930294420324485,-0.21166518636822515,0.17159135839786588,3.3072300949882742,-0.8391051778738575,-0.471640334172496,-0.874062854488737,-0.3979513326055604,-0.09198454249106312,-0.40958009404187107,-0.0796786903509703,-0.6604770094613087,-0.0844983243461474,-0.2806354172462907,-0.8716270564729448,-0.352934484511503,-0.7273479974018201,0.6864827981462416,0.3643925191606941,-0.37209170972046735,-0.7201383209363073,-0.4217853919052179,-0.5787374281467736,-0.46252461873123546,-0.410879490974312,-0.830658096407823,-0.5492999189550627,-0.2775075311985164,-0.4109734353129078,-0.8413145778831308,-0.9535522596787559,-0.6228532132711379,-1.031918982532698,-0.5727061392149515,-0.5747636932403597,-0.2458136876505023,-0.7365241445282412,-0.6134852170051309,-0.338148125283495,-0.7599756240319202,-0.6141624689825761,-0.46025447608781767,1.0971588715447294,-0.5847412663066619,-1.1045932094107107,-0.8325406340659296,-0.6215888693683174,-0.8144687197438351,-0.760604803108296,-0.975474187754954,-0.8469127496122673,-1.0437476828576335,-0.3999870567038202,0.33682875176312865,-0.2546162333208817,-1.2128090192407637,0.04846783789976597,-0.6557052668878706,-0.5540613992784317,1.2459342916393599,-0.5723722710280843,-0.863190113073638,-0.6680433232279814,-0.5679949341061008,0.26221831326231293,-0.7681722283466675,1.897955228819106,-0.46580140732155595,0.7262338339538841,-1.1448001482648655,-0.9208757628212644,-1.2874911079130376,-0.9300361616769365,3.153783926873639,-0.6988521268818293,-1.3210762407355783,-1.1715657275577163,-0.15171395654399772,-0.5459712937854366,-0.6374694361276046,0.021188625329467924,0.15875277629308035,-0.2597731027682346,-0.861906915587184,-0.9340383215499671,-0.13456482958100793,-0.13603661837124595,-0.14862856133275762,-0.6478973141870693,-0.6479010704645051,-0.9502676811787597,-0.5572351976934148,-0.7251289365708948,-0.5233090023246856,-0.8306749377863228,0.8134421619282788,-0.5431698079132812,-1.3756586358027734,-1.332451926300883,-0.6154136053892264,-0.026433834669367037
-0.3552674544721913,-0.7403681384847576,-0.44476841670838774,1.0503114482339668,-0.37670544936749495,-0.37390270610270476,-1.0089051414273378,-0.15772539468637653,-0.6843098251270051,0.21018388231946689,1.3460382677228595,-0.6892682897271605,2.3737902101396857,-0.41303887222796737,-0.49104071875602473,-0.5982395463599047,-0.7750459040364228,0.39396988752497064,-0.22766441565748813,0.17301446572122,0.11234480937830263,0.14624385247934413,-0.2559551073715323,-0.7996955876339816,-0.3740869258655606,-0.40998696531166023,-0.7944387299867705,-0.49757936614825904,-0.7285396798102682,-0.6016713535559706,-0.9130393218856114,-0.41485441965537806,0.16076428907429247,-0.1071438713874651,-0.458207373256872,1.050649311603647,-0.6062489925666451,-0.7512562016303094,-0.8343014945753496,-0.6914777918049303,1.4372093285538676,2.6706537533869605,-0.7681135745757075,-0.6321876931551786,-0.7154810707394897,-0.44145518870380757,-0.872257782804742,-0.07489962672723552,-0.6321386622351789,0.7088379956820232,-0.7180222738227716,1.4124414991904726,-0.09107427446296101,-0.6076004716190334,-0.9083849078009193,-0.3177478270855489,-0.18924812796704898,-0.4564733340277388,-0.60282522885895,1.0242925935985023,-0.6633385570021039,-0.04025856764826266,-0.24237188747373262,-0.20735486714770743,-1.0118629510793422,-0.805020274368429,-0.653862884528792,0.04192492739557821,-0.5021626243567229,-0.5165999194635644,0.222228548904714,-0.49831932376027294,-0.04799046474166803,-0.5917726842287648,-0.7728490062090415,0.9142459846493137,-0.5709686895798636,-0.14681496478119496,-0.5150168277836297,0.38250925060853724,-0.6155463605453394,-0.7140675062823738,-0.046946445280531136,-0.12807800878611164,-0.500931457933117,1.9445113802227674,-0.12400716307963437,-0.5392065380024781,2.28456415880587,0.017782528858211428,-0.1483317744420598,-0.05823796202028979,-0.081492691377791,-0.5471671825003537,-0.005214286375098318,-0.5924613889644464,-0.3214976485174548,-0.2655492666047731,-0.14717476974232993,-0.31529070142945526,-0.0319653833618364,-0.3815901849217233,-0.47342606079605776,-0.48852975954775896,2.3064558053508857,1.564181461505355,1.2362308784896123,-0.45844422748218305,-0.6215888693683174,0.043411516071342304,3.063361426679599,-0.0792684265825434,-0.3289694699449736,-0.6927511228363396,0.1668054047725354,-0.32771478298520174,-0.367916710926921,-0.44730271877580285,-0.1502767981095508,-0.3339325157052618,0.5848471796487482,-0.0035636078267166854,1.5521368841368492,-1.0102263810728902,-0.3662043177442183,0.631455226505838,0.04729946805805371,1.253401764808923,-0.05939086617879627,-0.26602885354877465,0.5415469412933848,0.11085403541069073,-0.2301481118820246,-0.1788671543307145,0.33557160481085524,0.9769265406021794,-0.5689534398624023,-0.5030574691311657,-0.5452761316494484,0.0867336530928367,1.071421989418243,-0.0027137358767796373,0.40879397340761775,0.24568267531826432,0.1380677011379439,-0.48897463249422574,-0.03953180946574539,0.07982984242994333,0.10838616765230676,0.29119994130246823,-0.3212363011813691,0.5394954553130732,1.2014630566992102,-0.04554879535603143,-0.37386845577537764,-0.6541870641595914,-0.5879280393602175,-0.1902786188221267,0.05873851861817436,-0.43320400245182683,-0.5526850585769555,-0.18413399518926385,-0.006318273602272546
0.7921561597468848,-0.8344277512615847,-0.6200352897571189,-0.8023793296227048,1.1282742545153088,-0.6278893788829337,-1.1536560323862572,-0.35789924103631204,-0.5721796373722612,0.2528399598633047,0.17147901771855445,-1.0494063401781433,-1.0718562349950136,0.012027669081480022,-0.8339248390540037,-0.5409294353504219,-0.7024773620946391,-0.4611002356396597,-0.4225661058545229,-0.1643466819323037,-0.049288195153810666,-1.3947882855560676,-0.5803063062902838,-0.7522409220837277,-1.1567863063094204,-0.705038496303919,-0.67234272800427,-0.1810706886904738,-0.6958669719567536,-0.7046868455016432,-0.8094747646611082,1.4208327899265423,-0.3174085297189241,0.8309377906299282,-0.7324723739113177,-1.0034986000078112,-0.8039218681762664,-0.3475000346251124,2.250882407842239,-0.6047796226291234,-0.9739084363150484,2.202783597244044,2.0399283695853483,-0.5343852511419895,-0.47799222722318013,-0.4074999873332709,-0.8808351661479598,0.03868745143950561,-0.7461380559573964,-0.5364430897835909,-0.8208116625900909,-0.24809698919492656,-0.2823715615949659,-0.6131772917059468,4.161638249992913,-0.6381730920419275,-0.5704147204756478,0.6766328480708462,-0.986598602987453,-0.8872809774007712,0.20691263917499503,-0.25767332504346396,-0.4035679707300494,-0.41815848046848564,-1.0489461013593744,1.0588814917222278,-0.6046084264190651,-0.4605823775065069,-0.5021626243567229,-0.6823827941473668,-0.21786381518616177,-0.6676337139396336,-0.23725236592531235,-0.6604770094613087,0.2889008186408695,0.07838076758401744,1.799846448421857,-0.2464821504605072,-0.9672882846748208,-0.8066236211168281,1.6835311948562812,-0.7254235646919449,0.8869288540279621,0.2520335702779858,-0.445185204759014,-0.6334732526136774,1.577310244612589,-0.029412914400869995,-0.9940217883646035,-0.13618044653303002,-0.24328225030004508,-0.3866372531863466,-0.081492691377791,-0.6228532132711379,0.5182457077806611,-0.6024686074935885,-0.266771806244917,-0.25236086249338,-0.32612977136638716,-0.32471805290288636,-0.06967322878202785,-0.5456598556353074,-0.5496113320037888,0.14620696499293054,-0.5120536779167049,-0.23541178834476237,-0.5719008700621554,-0.4775786211206659,-0.4710257480415349,-0.5517255439435613,-0.5462272449553008,0.3726475942377979,-0.5999538162683574,-0.47839494318653647,0.3141059305705549,0.749660613284889,0.5161514789924946,-0.467071122630383,0.6456352092922093,0.8593006590923576,0.47657544883784964,-0.20492232934782373,1.2179489500408907,1.261762501064693,1.8157878326552324,0.36112776060076,0.9811768652770392,-0.08244432784678606,1.3629543731486167,0.24608629682609512,0.2941714476683869,0.9519440066272451,0.30188464221145644,-1.139689406836897,-0.5294069459901709,2.1121595677307106,-0.8315178122999799,-1.011495715057369,-0.43934242903205667,0.2756376421278977,0.21727720577417783,0.4299791987566665,0.8636832399925184,0.5389464953152108,0.6344158917945772,-0.12082731876240121,1.2025769043540868,0.7905178694106059,1.0167754736183532,0.6830097136583424,-0.1367786199962713,-0.062187959755036194,-0.2809550320282752,-0.3499347842688206,-0.6256297923949566,-0.7140762203562393,0.6363436406642986,0.37388296314121455,-0.33869816033486067,-0.9711544940354485,-1.1054115501583661,-0.38991844214974797,-0.3738915242793063
-0.4233234688345865,-0.6895627994406972,0.03435557160814584,-0.3377458331325191,-0.5268404601563773,-0.4108586687352993,-0.6129804562954341,-0.025274839063944104,-0.17158586832189077,-0.596412343576058,0.8208094836635655,0.1581375678953501,-0.2187173189862271,-0.6953921902687737,1.5282542331043045,0.4178074378872577,0.003851085624859793,0.6395393298643841,-0.11199314112003189,-0.4299030954891075,-0.49173414570707885,-0.28188824170781823,-0.6391451474783724,-0.6490865384190233,0.7235250328692748,0.30623695993963956,0.026423014448146237,-0.4439792311900317,-0.3322448410741363,0.24949474581771303,2.364404723859786,0.5565074537307194,-0.6916440023797749,-0.3218965892760344,-0.1196814458313005,0.6603167427045301,-0.363629817053331,-0.6734940348826285,0.6557344693648466,1.0904035355706898,0.07521058746381137,1.674281096997364,-0.7886206787059579,-0.5078686359245729,0.6025048725636221,-0.32518826883571617,-0.2790041590351967,-0.16736347514928354,-0.43905305644049636,0.5661040559760998,-0.7200703701050218,0.6260328737189932,-0.17781643376314174,-1.044351138320377,-0.21384350538941607,0.9142628337989616,-0.08540990886873584,-0.7028993696648108,-0.6654730976059146,1.3679255066647433,0.0035665449230118792,-0.009819611762710914,-0.6150703924920238,-0.03134246833888578,-0.10333139476324486,0.24606114754263878,-0.2059406089607355,1.4308906479149859,-0.10360686581272945,0.04042162564890564,-0.1093880816066426,-0.8298973648920275,0.05357148197130739,-0.39008927192932874,-0.8970764427264535,-0.1431156074829025,-0.7375151846909249,-0.5399324667498189,-0.3719706875628935,1.3223972222394098,-0.6533526634154075,-0.14529827655458058,0.5186039039637202,-0.3213213001028127,-0.6929856804735781,2.905016336348358,-0.37976368062182975,-0.4991044596784537,0.39253143992022876,-0.2151344274874497,0.7933147795585572,-0.5035062661476862,-0.5769798362426822,1.2184060533837597,1.3694900093215185,-0.4297093163979451,-0.41756341205369313,-0.11505323619699745,-0.4585204954092812,0.3962398592183972,0.2913339300824836,-0.701825066377378,-0.7544511180144852,-0.004964582339999554,-0.5227185411730785,-0.5023581181485607,-0.284861953393747,1.6810284866859309,-0.6215888693683174,1.7719212707818353,4.672333109512594,2.0369550272054635,0.34044088935786365,0.5130217248454468,0.2739201051137841,-0.9727024350304722,0.8974780776341672,0.7779940850687319,-0.41372330085234627,-0.5694780782501765,1.6400191289519435,0.5429420605570882,0.01891086047094055,0.31922265393816684,-0.25088889539859993,-0.08007831846100975,0.29948600818503995,-0.644661029981382,-0.25165884158429386,0.4033321358712117,-0.5663184934891926,0.5162477678374485,0.5345980774188736,1.1980130584564688,-0.28024825428017447,-1.0555244610473853,0.6438247643665794,0.6721447074390474,0.8910880101984855,-0.9651971519365777,-0.5430208789367583,-0.7372840294574998,-0.80868995420158,-0.6329276297580695,-0.5301006218530254,0.22931216968374543,1.0147452217679307,-0.5816117631549327,-0.37225572090004744,-0.5996671334438209,0.2832053217704116,0.89190020967966,0.853181231732266,-0.3339134679572854,0.5167383731150269,1.0518148666808773,-0.8140190737846276,-0.8169614172320984,-0.06478456250261513,-0.2717134565931819,-0.22798869877336855,-0.605163411046461,-0.4970058419871228
0.0048710229451581445,-0.5097534275106976,1.9708806303513722,-0.8023793296227048,-1.1713394613881982,-0.8688006772549604,0.9292325747276097,-1.0954677864641251,1.381601529194622,0.2663905635382654,1.1833372086759626,2.015788332142029,1.717363871303089,3.941651721780599,0.3538604523561643,-0.2170786154511308,1.8318189424137263,1.2327839056336312,-0.9015421421471205,1.086008770546895,1.0193901296874044,1.3925229238811032,-0.8788484886788256,0.8789230403767255,1.8446260020337781,1.8211388750687254,-0.4851318882320796,-0.8469195470607015,-0.8790168789451134,-0.4737632146052653,2.426821507263803,-0.9972029149559126,-0.5230779808582804,2.4945036776307514,0.5156232125916073,1.3540686826698427,0.08992378576303024,-1.0700110769996551,-1.2600250912742588,-0.5460604800776641,1.1317102333039073,0.8356429719507811,1.4931964762710224,0.45768821719215713,0.9353374164858465,-0.02174590463377027,0.4966794137856002,1.6861117353544222,0.5922703072927287,0.08477113530890677,1.1013294966102558,1.2364072207601147,3.7809237620091936,-1.2215083376167417,0.9325139861255103,0.02438936858029534,1.1712509259281414,-1.069182071559876,-0.055166833510226436,1.867568175458894,0.013702981234035568,-0.9161152284296549,-0.540375801705383,-0.6667862375077854,0.32546824459342205,-0.3465568012201697,1.782668248168108,1.6759551520524476,-0.1994097487094575,0.20084773405767153,-0.7674989522698994,0.21429774088815623,-0.7772097252384453,-0.5264211534434959,-0.483353459789656,-0.131756795396955,-0.7841638091612713,-0.8704717979531019,-0.7441276829197121,1.00698045981042,-0.060873283684187346,1.6996837599003534,1.7602168219117897,4.669959453418014,-0.27339675429295396,0.95866707603605,1.8632800496332174,-0.4220532858276748,0.21434332769642822,-1.2071694636071315,0.8878221283679688,-0.5035062661476862,0.8030914061184292,1.6949223770783761,-0.9448305136868468,0.3650764708882686,-0.9094474820067063,-0.7723393629102883,-0.0042615166300543125,0.4213598596555981,0.14520867377125277,-1.1556324854766373,-0.8311128564639884,1.6132508865058097,-0.6360761218906309,-0.8815419975437949,0.3792962256068955,1.998860385569572,-0.03772644649677043,2.052082482693466,0.07060795438667739,4.582387981418923,0.5720580183790788,0.10873278222781284,-0.5036448096489182,-0.6725015496375655,-0.7073032370055709,-0.48375344215054056,-0.7496414417318897,0.061011897947868855,-0.38639877688013896,-0.038384742974198006,-0.13761873083929016,0.19445443843932184,-0.14923970416169635,-0.48157099013249854,0.5558160752912005,-0.05039544299804392,0.45784761219590886,-0.252004190897167,-0.10886049798909099,-0.4549324535125714,-0.39805573664031374,-0.29655535834216,0.11702035970953988,-0.7020780000212,-0.2902093167770808,1.2646549237166689,-1.0686548494281138,0.1335250968867872,-0.5489310306554408,-0.40969474349969887,0.1535640007781914,-0.038822558088345636,-0.22707591681716408,-0.5402579278438332,-1.2250532064432367,-0.03286152804251433,0.13470788532252445,0.016366565321420164,0.2715803086178867,-0.3545587765505722,1.040134491208294,-1.2574065530625433,-0.7251289365708948,-0.9136657527120744,-1.083710834118271,0.3260284574852324,-0.8450947403567528,1.475808738801543,0.23261737914978883,-0.8158518941677209,-0.3711375554081187
2.6299678430106637,0.24838371764814798,0.6885369296320136,3.6514337478670185,0.33261709727171773,-0.24123362302966148,1.0333037830903278,0.25601168720929773,0.6546371724719321,-0.6424439306293447,0.04058237312674595,0.10156298085919396,-0.4443712535117627,0.29895479969084743,-0.5591223797776264,0.4382362009880392,0.34020399413107666,0.1594612253462982,3.8183600583580377,0.08594175515047982,0.2374124633336996,0.5434326556650192,0.45723229128746085,0.399756247288771,-0.18992550258183935,0.1596645132699025,-0.21342464671237746,3.332627856306306,-0.04797697991078186,4.354927535682071,-0.054024304635061166,0.20711850247902525,0.6002513871716427,0.02131590561276996,-0.10898307907259636,2.343276208759768,-0.5433673967883247,0.1512532281148227,0.06308223720029023,0.3694550621915519,0.4014926252350527,1.6322561398533346,2.0659771716194713,0.3983822819883717,0.09919661771708704,0.06276849029707472,0.12330750415645186,-0.2365640618881615,0.21619859234122035,0.24493686815823576,0.06941086180410201,-0.565797389620751,-0.07537464372376215,-0.46499445723212696,0.026133445251692457,-0.19984755864090767,0.9226364522559718,0.631724946460099,0.6991076740395366,2.658616275874689,-0.06257750328946,0.20651719711247912,0.7025575193073592,1.770899274700516,0.8637180556259643,-0.8258501237196196,0.9183659724790483,3.5025107993288853,2.078433664238616,1.8538184204258776,1.069477144276869,0.7639771058068706,0.35267571978826867,0.5383402605432376,-0.03492338123303903,0.6511782748126231,0.04944909630596677,0.697916447421598,-0.14021113265013202,1.0931933130204223,-0.1608216633635224,0.41001522458371203,1.5239621634345617,0.1995655926653427,0.5838995431358978,2.1492427344074816,0.2461988887078907,1.4538075260588887,1.2589754944800524,0.19673803963654057,2.7919542895100666,1.5239626945760427,0.10048006309243034,3.408108412972033,0.2932630967752908,2.8583241384873177,0.7112303078011701,0.4318173898911559,1.2116912334796117,2.318056992729344,2.7157321566356205,0.014066676522993794,0.5027366020955896,0.24378838474512096,0.33426397224538434,-0.2310729138902896,0.897652857495967,3.2889480168717586,0.5477959293571928,3.088614493373769,0.606597962140128,-0.5182494736466194,0.6460918529430064,-0.4577337048318461,1.2795963194745203,-0.592354588139942,-0.7217502059567349,-0.18947890719747582,-0.7024152724605811,-0.31541259794385157,0.3624358905093579,-0.2563215293152539,-0.8059137271819758,0.5390920943625689,-0.6759345655433844,2.9372046647195535,-0.7235990860904187,-0.44420932532225504,-0.5561453283875443,0.4160971005140963,-0.9210449699279493,-1.1108583342182816,-0.7843725444751801,-0.7286017408371382,-0.6719340261022808,-0.2980241360457295,-0.626720177941859,0.45374775766177516,-0.37636639085551066,-0.25171502956964575,-0.3786344292534108,1.622900069763893,0.30594954153612,0.36638767462881067,-0.027745185642908954,-0.06070339998460573,0.8077752130030869,0.0008176409505668201,1.0502961545245255,-0.15285124054595123,-0.2921095753719675,-0.09724528348836275,-0.6330621325427482,0.6086794682376947,0.163660745019928,1.4810905005570483,-0.20993861705779346,0.23836676469711476,0.40858962938344384,0.05531959265985002,0.3165167444704893,0.25493099166624006,-0.22942725140063977
-1.0755732202901378,-1.2034280863039333,-1.056527238310992,-1.0158505278799579,-1.096666462207276,0.10626933159214301,-1.3228618631056392,-1.1548801059715141,-1.0061791167223582,-0.18585153825922046,-0.9841150377922541,-1.328912460905176,-0.7658519201135968,-1.0292409564060903,-0.24187033277876266,-1.300473397426687,-1.0623977897797412,-0.9717662486051201,-1.2478886582551625,-1.2085195538384197,-0.8236552330590705,-1.7388160762138627,-0.9028169349073506,-1.1735556598224046,-1.407272291820048,-1.1352192868675928,-1.2398917440665032,-1.4102704040415845,-0.46430147383504516,1.9006495385270912,-1.069893418625184,-1.2934520990294995,-1.1576700133570808,-0.5551658656193762,-1.0300340191092452,-0.4894440367076843,-1.3407107962446247,-1.1609302823186596,-0.7242098069587842,-1.327598921782255,-1.0890958358705876,-0.19874946223020562,-0.5475435227296014,-0.9862930216177587,-0.28394971326265134,-1.323875093212525,-1.2933594178261871,-1.4129377546698587,-1.3243040108193669,-0.9871249059662812,-0.6798027613901721,-1.140187395279942,-1.1862874000309258,-0.3322892964242253,-1.158887413170585,-1.1101579441575873,-1.2866948796924984,0.5182490593647543,0.6349894608996939,-1.0110665255137865,-0.7584943789515475,-0.796537191462306,-0.8716697675575574,-0.9592034389137594,-0.8265613972960327,-0.7308089247524888,-1.007986268005175,-0.653690587680502,-0.9735540346856644,-1.370653283375494,-1.2147263344901393,-1.0120771211886253,-0.6128783929405954,-1.069517614502022,-1.273191003446472,-1.2828946298868469,-0.9965160943154898,-1.066257700231753,-1.443633514425809,-0.8497843815236386,-0.7305309457447564,-0.9408609394482605,-0.9612223070412553,-1.0308861669583014,-1.1306930517218063,-0.34218288021733895,-1.1914506177093045,-1.2271199694755506,-0.3527228970943678,-1.0236030253711375,-1.0736221107325705,-1.1310766932218808,-1.2269170289932347,-0.9919674058764427,4.083187915030596,-1.0808829196869383,-1.2191433206788778,-1.0703332319322807,-1.078075725212152,-0.9711690774641717,-1.064325929601004,-0.8495623383213572,-1.0948799415852326,-0.9264522303582717,-1.33464383332795,-0.3168524033018973,0.08520282441132977,-0.6846757753368696,-0.9410817587348449,-0.7640721218687235,-0.3003367593472244,-0.8235529346128411,-1.0769445017576735,-0.7989812050860423,0.6420754765393382,-0.5792144153865081,0.14822746471944873,-0.7636016840003431,-0.08737468780927173,-0.4222504984428231,-0.4067712977553767,0.24033402028287645,-0.5532067870285035,-0.960529416086014,-0.5507155098599171,-0.9304664608696874,-0.8523593009199523,-0.7824244518099631,0.7415398138630627,-0.6118354313848026,-0.7724897985197272,-1.0430912223792015,0.12732404755378718,-0.5985650701430104,-0.029344698798989252,-0.08763939622396258,-0.7281312613447235,-0.5373603328102463,-0.2418706314694419,-0.3832777914218319,-0.3566495780640253,-0.2792724011028993,-0.3366695527415263,-0.2135589700194096,0.22398956923475882,-0.6486232836249711,1.0185095886190627,-0.3562582059145549,0.2328358160360734,-0.3379323747541864,-0.2807447086364242,-0.645738549449019,-0.5355192217566429,-0.9851571308912083,-1.0354449201392188,-1.3993441649141047,-1.392100207999582,-1.1380892200599853,-1.0152756447679914,-0.24546775820026773,-1.5010449127058343,-1.2263247074364774,-0.099757193907907
-0.5259224063698915,-0.5043527158731037,0.08592491936994211,-0.06791023353200575,1.14892645282781,0.7233356496992058,-0.006735941166919284,-0.6088868657603075,-0.05831078319531663,-0.9718756141286762,0.8929139903670785,-0.17522282372518871,-0.8922005989150136,0.05015343727745193,-0.3842424932729414,-0.6898150651588116,-0.20867742565063144,-0.19449545258017142,-0.6745926411990664,-0.33117797861188897,0.322162408795026,-0.6611865023802066,-0.21096344103629353,0.0405539000171277,-0.5806949873489519,-0.3412109401228974,0.9790566838971752,1.0358125801187457,-0.8916163883559501,-0.8809613895556913,-0.5929511592880593,-0.0412792278917533,0.2713910401218508,-0.5911869765864441,0.2871421815485243,-0.3443826216155944,0.11829263696754608,0.012651336095546719,1.3030715772976056,-0.11260485559677706,1.7475079990703626,0.18365689965746823,-0.02435176516551097,-0.0035104652154570523,0.06567298699516799,-0.751929362161858,-0.9650180438226631,0.13237624548299085,-0.3014917411895324,0.6065006825298505,-0.27708628006267094,0.9678887990673034,-0.09503812043437813,-0.24494686073506985,-0.8689403945375683,0.23607722062166006,-0.2924696562013133,-0.7028993696648108,-0.15684324306961903,1.1952458172960398,0.5473249265318757,1.9664750897993906,0.9226519875124499,-0.6574224044694517,-0.8697007359342334,-0.2594376795450829,-0.010919502643195118,1.6691224544374523,0.6533180455221494,0.1700324087603936,-0.18090452723669317,0.4733765008777161,-0.7005093071448137,0.17679894576858865,-0.1774215944962735,0.2702496549422389,0.3610565730673389,-0.2464821504605072,-0.1913034571034601,0.511746627869726,-0.32226244116837155,-0.13566449206522124,-0.21237468752027472,-0.7416908990432735,2.1817346685666283,0.9019468089925863,0.04588997283444686,0.12694717214259665,0.14419735945810147,-0.04352057506044181,0.79778833548421,0.21253276023900783,2.6588519356993667,1.2837067867048042,0.17793940565709152,2.7745373267363105,-0.020407548516505756,-0.04555055770567527,0.3166382860679348,0.014707355971022388,0.5781580260707446,0.4097235379677109,0.315938168001534,-0.06395828902454433,-0.16916847654832665,-0.03480027827755748,-0.6881115694945975,2.0648575381161516,-0.09676171191343773,1.7949723429880828,-0.6675274191725511,1.5296512560223081,-0.3837613775527891,-0.28448557496321875,-0.6215855385522582,0.3100025128016191,0.12401855297178568,-0.4146452422918617,-1.0783397287826777,-0.9850547383719092,-0.5973160436855218,-0.3511025742957355,0.6171888524174012,-0.9862314509765294,-0.7609375623298603,-0.9765465173354801,-1.0203618417118399,0.44212143885108524,0.27828788102060215,0.39713515674246613,0.233182593038489,0.5359533226346146,0.7244615404721786,-1.2874911079130376,-1.283001020710666,0.3137588965501395,-1.1970736166893188,0.12493346101346746,-0.5407951960216162,-0.5943138298955382,1.6537337088205368,-0.5751663179611191,-0.2978214571781429,-0.5754235205735695,0.09358380571198449,-0.3582915331869424,0.5751425117761709,-0.5142833825866282,-0.26037012220785216,-0.19386361591079385,-0.31318867956312463,1.7931164906375463,-0.7557113643499606,-0.48482858687481,0.163660745019928,0.0036016399279912917,-0.253324219734281,-0.12113982595719887,-0.05559370780577331,1.13432562857564,0.27943194569809016,-0.09945190168139516,0.7191117123688479
0.6358328760790808,1.3214110841131932,0.7643968825085234,0.3606550901072476,1.7822135073013086,0.3986340450028262,0.3596101149211803,0.4790156890235433,0.9101575027948191,-0.5268073724979876,2.340871865784499,-0.09154010663257303,-0.1869594597857559,2.5134170084670298,1.0171975816787686,1.7853598692834294,0.56728525032649,1.5318978440816875,-0.23507058505284625,1.8524181761419418,-0.7832365782998509,-0.4332847499995572,-0.3182818109567381,1.3599146137046638,0.4545944923984225,1.0179501860139242,0.8254969923694353,2.0405372353042703,-1.3092535000060703,1.5158215700757511,0.4516336636583002,2.3034196404497855,3.2852293894665463,-0.6499522803624098,-1.1871086233436243,-1.7143400419743153,0.38481224195804414,0.07757718142720423,1.3838756906557024,-0.43682864628593426,-0.22286880828208908,-0.43316435976425854,2.914580031915413,0.013467377609392124,1.9818038834786869,0.059208970906863494,-1.2746244460363758,-0.95727247020062,2.1132390458818167,0.3823867071600719,0.31352921837409603,-1.1225192436909075,1.5006437685239955,-0.7534280346304175,-0.41322936751653944,0.982012231623766,1.0917435603614927,-1.1535600176421974,1.7562334384342668,0.34750383527977585,2.438117295382411,-1.002819080963527,3.612819269118437,-1.3443717889874698,0.7087297800991031,-0.9199694701014595,1.1432197017077597,-0.7366699347027317,2.81642813454966,1.8945846774480553,-0.7288002468137375,2.7992850200891355,-1.4866510939632829,3.293589173843541,0.8749600638637174,1.4354608854436637,0.6174935965316805,1.736494260687296,1.971321610182075,0.16208545652832743,0.6501592890713603,2.064291539555781,1.1384722446673636,-1.2722426480759497,1.3235349854962626,-0.49444439214435415,2.6511535112913256,1.4222170703153065,-1.4466351900693575,-0.8618703720561559,-1.1222553159370692,2.770892499667773,3.481455523676204,1.5427380146252183,2.0270290952245853,-0.1425867344294843,0.12328047431191787,1.8790582578901889,1.9361886744800532,-0.6054155912462005,-0.22780169282329846,-0.3815901849217233,3.6807234847271544,-0.35221344761326084,0.9342534566526393,1.3244549918054058,-0.19090624577361004,0.738305701634661,1.3145386609837266,0.7600771773203082,-1.1417182277603417,-1.0706620082066969,0.4765342592145868,-1.0437476828576335,-1.5511654081748865,-1.397410276286324,-1.7811628121255227,-1.5540930952602623,-1.2293088959842926,-1.0481730527967419,-1.6426606930461873,-1.8008391132345516,0.008100249836538785,-1.2445036467352222,-1.1331231302477864,-1.7133533599295951,-1.406866843564279,-1.6535603462978927,-1.2111241104355337,-1.4602794533280385,-1.6615408385210721,-1.78121946074679,-1.5620269011730132,-1.7314048287521573,-1.496956122043297,-1.391788962564236,-0.9302771564930642,-2.0540424974121803,-1.5260933244106156,-1.6124953226353702,-1.25318031285712,-1.3827900695037072,-1.278393387407286,-1.2843387889078108,-1.4820960142144721,-1.5380838883324248,-1.4845989691580392,-1.2691578613827577,-1.2177136166163827,-1.3708074410152622,-1.5361175487516403,-1.6340263369345556,-1.5742166059289815,0.2551513632425384,3.742809216717039,-0.7888595616207347,1.001407585205298,1.5210193521680715,3.2128846515625806,0.3484150414876555,0.2676164959894943,3.0477049324345313,0.3608130216010614
1.2420083432450228,-1.4711910219652544,-0.9303478175910216,-0.6661337906647218,-0.8660729028554952,-0.24123362302966148,-1.0940237157976953,-1.201260358144179,-0.8174306889694829,-0.4395587441761345,0.19257912744926398,-1.0113870794817144,-0.9546915063022603,-0.9780921253015203,0.4627834246162347,-1.300473397426687,-0.9687469219088911,1.5015564265918087,-1.786038342513303,-1.5125423451755056,-0.744343524997204,-0.870484045702292,-1.0831539276340194,-1.23255156419755,-1.1253384439458458,0.07257438292400624,-1.6774660297096673,-1.1752816115678646,-0.9947662934525435,-0.21439070667417917,-1.4139963822872985,-1.252086488096353,-1.235614015246622,-1.3473397919799739,-1.022021843432449,-0.6080249768284278,-1.4391007750712315,-1.2878429680394294,-1.0682756371203423,-1.2564678689537938,-0.8398979004621526,-0.8694657690092776,-0.634223056665758,-1.0262948089729282,-1.259146284957837,-1.6358286110849922,-1.602369193933316,-1.268532364562521,-1.4303439590511193,1.1349763805627444,-1.2698801346087885,-0.9581267976594159,-0.766377191146584,-1.062428256807146,0.14845759454313445,-0.9743214328557408,-0.43852932980086995,-0.8542109243516522,0.8734853515939527,-0.6495782784893329,-0.9805862138535238,-1.4861983157262995,-0.44747016992367794,-1.7105464653944966,-0.6585997101296925,-0.46028656667632545,-0.8987149703044879,-1.0071927314878204,-1.109758559653208,-0.29070443409519364,-1.5989337806166963,0.057738283136849644,-1.7786387854949461,-1.0225148731507494,-1.0122646114372198,-0.0386690201328062,-1.4691286157266943,-1.2118739898464834,-0.39668966272520306,-1.0098073305494661,0.8085573787636053,-1.0765764588543953,-0.5977201823642362,-1.5569090879595713,2.3929560215176084,-0.8743021963293783,-1.2625462051284744,-1.5949523860355128,-0.5423541445158977,-1.486650535835795,-1.5211561113153502,-0.9187196624898882,-0.9432092978589544,-0.9919674058764427,-1.412607518121625,0.7500375427872039,-1.1850226238357053,-1.51517232733973,-1.263429195467016,-1.4242666261644654,-1.3986436690766053,-0.2666563341727108,-1.0467879568504437,-1.352922988415589,-1.5476054006674407,-1.0605045096622736,-0.9083797008539022,-0.92551779065239,-1.2766537401729938,-0.946496409025102,-1.2734893147553688,-0.42559877722003214,-0.6891763665397324,0.6789586953076262,2.787006807528985,-0.3517260426079523,1.4718043165827634,0.9801515717663878,-0.15733447920303875,0.5463871134709938,0.8009592067810832,0.8220290257758277,0.36084387624107145,0.2843018038677621,0.0872508315485853,-0.22217075678348644,-0.029510026472822328,-0.3309792539018291,0.017131575241789588,0.76007076031176,0.9133966222052294,1.0834318538663796,1.6217214520085372,1.3319354202837277,0.5099981001448526,0.743680841378924,0.055379248671082335,0.484052035727144,0.8095096253163448,0.5363590565766461,-0.13610089472228148,-0.589460017597703,0.433401333801972,0.011793945029676026,-0.4167690992575982,0.9487823928693289,-0.27801721769319215,0.8744500440341657,0.033163140910305346,0.5707901308402031,1.0058159760789014,1.1731900928058352,1.8896682153137505,-0.6139881890540895,-1.1190055736538003,-0.8876639492707438,-0.7603976250868438,-1.3215728525093702,-0.8291534271688966,0.6060743643400045,-0.3710241009059797,-1.3129550431257926,-1.111445884873652
-0.30991691779344444,-0.7665459270607694,-0.5858078338929009,-0.6661337906647218,-0.5042393259028778,-0.6655884348299776,-0.7334132533915687,-0.21989155981204336,-0.5843080850622148,1.6266478905221993,-1.0924044533749744,-0.9177000190590903,-1.0590405598633532,-0.6041744150966427,-0.9666805306065307,0.047858231047302385,-0.7447697514477215,-0.1979665093011794,-0.34011972097758253,-0.7568771951662302,-0.4196387702534486,-1.1904479692128906,-0.27127897531571593,-0.8159944415345409,-0.8369199349436878,-0.7566652791344302,-0.8811177789132311,-0.9104328236111173,-0.49656017764123844,0.671069364410531,-0.8794055614171111,-0.47637093067625197,-0.5551653151873543,-0.1286766579687025,-0.6495431186177365,0.42960840301097775,-0.7607850087193245,-0.5114702785560922,-0.5291696975320996,-0.9809443691387243,0.6332995444062768,-0.5633345461724887,-0.7281948376530166,-0.5078686359245729,-0.8375153456750097,-0.6828001473933781,-0.6707848014876858,-0.7887738871269089,-0.5274044620391425,0.08862294280236094,-0.6352149595944167,-0.8442102471070679,-0.5315399734116543,-0.8940290473486172,-0.7861316363447518,-0.6589161901129348,-0.8217654342913019,-0.42559117790433904,-0.3434356404397023,-0.8230275716764338,0.2551368581621216,-0.11872677879933292,-0.6410321980209602,-0.2356476092129128,-0.7188214988306393,-1.0992787279441039,-0.766400315937895,-0.3462364228131272,-0.39868762798145446,-0.837936392454822,-0.032482788278621555,-0.7738174829034078,-0.15819919220691897,-0.22753360281743845,0.7660649749034475,-0.6345915263107988,0.9803434568103545,-0.053119557191652025,-0.2502593564325985,-0.3403813412609999,-0.734807436710217,-0.8859093593492274,-0.6952780453944837,-0.23555671826688024,-0.7257627019084397,-1.1119846188519282,-0.8491319195723636,0.7268333783099844,-1.063297887183324,-0.29176498781554727,-0.2924818710599407,-0.5341563591419751,-0.8452791527600786,-0.34715818649423286,-0.8992525511070832,-0.7513624212683288,-0.39783436336185324,-0.43451705441411836,-0.5537559408428381,-0.5974018110955476,-0.2767908430130427,0.02943407896114065,-0.6308455621332827,-0.5144427494773853,0.7670404471623906,-0.8179297526823831,-1.1045932094107107,-0.5912732154522724,-0.8825648197813766,-0.724425219213882,-0.6053053823645457,-0.7167362702017842,-0.7965446054111461,1.3322488293317674,0.2995727625420127,-0.679873500468159,0.7193910466887108,1.0802463887385898,-0.22918334303401944,0.4085725871810834,0.9392668308743517,0.8260807065917465,0.5176932162368914,0.9582505943474365,0.8462989327091612,0.4609205035179781,1.0184830917000787,-0.6864513806883776,-0.43832143240094623,0.7076624514847629,-0.02846729196846979,-0.7033787554223173,1.3404729152270836,1.3244985910953446,1.3684578335636408,-0.7845296524147812,1.5132817622594101,0.2992568988251671,1.2408944592587734,-0.5725396053304089,0.02958843210586458,-0.2896964422827942,-0.491703528470673,-0.21953781867091843,-0.49648367988775627,0.9420343239736877,-0.9854077427242623,-0.04321887647063926,-0.26442301831901144,-0.46760211667972795,0.9333518821413167,1.047497146225351,0.256586957752461,-0.18265199679927796,-0.8518237076139669,-0.1765333248879459,-0.9183268735085931,-0.9881721764467628,-0.5302857804101282,-0.8831806579001207,-0.9088611624797702,-0.4159880671703024,-0.8283178063675884
-0.8516034643126367,-1.2034280863039333,0.0020925492174621867,-0.9038354264700785,-1.2104451984997378,1.9310498056429726,0.47383295110611445,-0.8328844190248165,-0.8036790892270177,-1.1241245145171006,-0.3315422664953185,-0.855047081484834,-0.5697707168357489,-1.0292409564060903,-1.1781384186076929,-0.9895590989328605,-0.6107473890230669,-1.1593007669102198,-0.8652651414898872,-0.8336119669928055,0.11234480937830263,1.3148382334094388,-0.9772832810849575,-1.2085605726880655,-1.0851479832545987,-0.5065562590386121,-1.0612827228223733,-1.3020333840670226,-1.098648960844968,-0.4863605857256913,-0.9737270919066879,-1.0997718347534056,-1.1080773193766251,-1.0826720443573243,-0.8984855453400687,0.519618843886779,-0.8300676834065086,-1.0489743308284698,-1.0682756371203423,-0.9809443691387243,-0.5030023781323496,0.6371632766971778,-1.0431933250863406,0.8228808815492984,-1.1207323947000276,-1.2769060941031263,-1.034715045698001,-0.40621175784529323,-1.2263258010234217,1.9215411915878549,-0.9290324624102549,-0.7362631032562603,-1.032613670359911,-0.28905114013631145,-0.5486905771140108,-0.80479212248619,-0.7029551034442936,0.36973179075209184,-0.47473113812584183,-1.1462018577826667,-0.43331590222162863,-0.8628659433413204,-0.8097496603073023,-0.7920576145170743,-1.1594769443232944,-1.1803817686074787,-0.6467071517606898,-0.9260430630216955,-0.9228515626013395,-1.3810439136397024,-0.9612071822805548,-0.693476808872495,-0.7399598172869718,-1.0225148731507494,-0.9396662227301594,-0.8885611986242838,0.3904316628550428,-1.1741794995415669,-0.17059320229995487,-1.0056670323395844,0.6232768907994128,-0.13566449206522124,-0.730276340326154,-0.9596965639037681,-1.1902325868041532,-0.5418927093811692,-0.979295346766508,-1.3281003024315645,-0.3254469251890668,-0.999288545928205,-0.9605574783131656,-1.1540071736193243,-0.8641115394614876,-0.9919674058764427,-1.279025511472287,0.6560232689043568,-0.03559158997969856,-0.9346653175634189,-1.1494918051568073,-1.1054942665148366,-1.1797696362459729,2.2624996531955253,-1.0467879568504437,-0.30098522286532775,-1.2651114256491158,1.45219046605037,0.9066296831671912,-0.8624189517565237,-0.9410817587348449,-0.7973059136535064,-1.0855715211500765,-0.7868841637074611,-0.739149314542103,-1.2188414219154748,-1.4099948559764441,-1.314229306572943,1.0419624784279442,-0.5317147073203957,1.3552790911102777,-1.151852105985782,-1.5515293569671786,-1.6633156696772282,-1.3455947299309539,-1.0565503369589841,-1.0913680416504348,-0.6366881927683935,-1.6729602463095463,0.7029459668694399,-1.178118813545897,-1.1775415146263135,-1.4771233560031976,-1.5596937156394022,-1.3474925250579048,-1.2050773487510065,-1.4663838432243017,-1.0012498446975815,-1.1153875665813702,0.5265890315334579,-0.44460179068040917,-1.25151410040493,-1.1982407693861112,-1.0907571380956216,-1.094232602799899,-1.1615856234021664,-1.1172170641941999,-1.2761180552304006,0.7829743021135773,-1.2877032512076183,-0.8810530977876325,-1.0397260065576654,-0.9673815756493167,-1.2975897235567286,-1.4190278979371684,-0.8545015230192565,-1.1190055736538003,-0.5233090023246856,1.805771268618904,-0.17032661501882415,-1.051921632566239,-0.5527698035459343,1.76829372838297,-1.084024469168655,2.1840381942655167
-0.08555370853920674,-0.16534171353255564,-0.2246590542025638,-0.11481930695968906,0.12271697634808378,-0.12265315087026918,0.8191470548673815,0.5202882777618091,-0.21094015394614743,0.5190796105028008,0.48047038363948197,-0.7934433185458432,-0.8710946781558315,0.06870866649405595,-0.16567402768144796,0.0017886294595729805,-0.31267964483118094,-0.03331281355310404,0.38416968726625367,-0.10823146252589691,-0.17310214628340848,-0.39174252220361533,0.31255561404094967,-0.3349699550653289,-0.7913412292581067,-0.32663504950636585,-0.20994587390993624,-0.026663720956317687,0.3889251430817228,-0.32928970022017084,0.11888411638765634,-0.16386219296175328,0.04036418214575723,0.09316271627256761,-0.09310369196606992,-0.4781874525002914,-0.4590551358033794,-0.23648210974647427,0.07114122138368645,0.8516439248282058,-0.6562480925133063,-0.4251946024813191,-0.16911977551995439,0.3613130642352097,-0.26055784239005386,0.039450597310862985,-0.08769573257307026,-0.035992002069597656,0.6150926035225879,0.9339083974418839,-0.025763968370897908,-0.13630967563355773,-0.3314901634341565,-0.1490399918955282,-0.0564770816571504,-0.3329843462262739,0.1302698559297715,0.3131992590649468,-0.5438647222267959,-0.629735329465271,0.4120644342643007,0.566852061219598,0.027001971128186607,0.9604209753391357,-0.37677318581609565,0.46301351938953805,-0.010919502643195118,0.061916137608086334,0.04572211022566428,-0.29464441948052955,0.4859311336461498,-0.13507620760503466,0.5907302056280507,0.30274514624265325,-0.38358312491460594,1.1643341302476204,-0.45605628406140214,0.837770313603143,1.7643076947476848,0.2934176048257341,0.875629004443332,-0.2796319376187377,-0.16468260969986534,0.21843368646632452,0.03248401068779034,-0.44386852518488257,-0.27357425884198194,0.06100654802794024,-0.7525192676591191,0.54972430556514,1.4201422027968593,0.17383626678320258,-0.34857606433305827,0.1607968742226079,0.0717185974225662,-0.43935058439464475,0.1835689004975576,0.5430520154809767,0.23174084546189477,0.1769590687151891,0.31362822162080756,1.057285453359183,-0.15058214931410488,0.4810867491196203,0.14868256117782258,-0.0528089699542017,2.0999981637566982,-0.06419557257162031,0.038998932181066745,0.35809911233950503,0.2440676807311136,-0.6831378596644903,1.1808011212585354,-0.5181683444482748,-0.5748243903330188,-0.4178258423550144,-1.3039905890785788,-0.5466893854532194,-0.5911007407100062,-0.25168336349956705,-0.6874160692452275,-2.0342304796537727,-0.39019914344725176,-0.7137671790512804,-0.4640627749717205,-0.2659953477659368,-1.9656644262226892,-0.6080933847460548,-1.04842170329864,-0.6554573627626776,-1.0137505403756606,-0.5649371142227001,-0.7913374216577054,-0.850209666333772,-0.4070809165515773,-0.1861782708917978,-0.2912502805145529,-1.4193604584288058,-0.6031904498834647,-0.5399139717274946,-0.3860788864999739,0.08930517192970251,-0.006220349542946223,-0.2105805004499758,-0.3072860766282006,0.30154791416913174,-0.8332324047446924,-0.23493105877238166,0.07296060175005444,0.0073658398753020295,-0.37644568006362206,-0.6699400110056624,-0.5374670282989794,0.5356895480962931,-0.09506803143375353,0.18754079046826064,0.31729563964126106,0.765240085792561,2.50689194905113,-0.8521731015142282,-0.653439563344217,1.81613469030631,-0.58027694737675
0.7218401323808514,0.978116361267904,0.5264020986449488,0.48295012541632515,1.122309461949527,0.7173602919147588,0.7170951712484642,1.4353522176756408,0.5653296766926208,0.48940219714508826,1.0520160184859453,-0.00045381857905417856,2.3576444499744085,1.0032254513050396,-0.162481478240948,1.0780859622233798,0.3595547868852157,0.30859896488910443,1.154078258997496,0.7958206953442064,0.8099060215402027,3.537777303728953,1.2033913757233545,0.8023880214983081,0.45808384695540905,0.2903198396022787,0.7576525587296111,1.1423052603723933,0.853880007569681,1.6004524605870458,0.8587269919939747,1.0845167932983395,1.658885607548884,0.8676523655956541,0.8936183988163315,2.406139808942215,0.6100029355403099,0.03495266494200885,0.8864179566370723,-0.08506014997656808,-0.06827240229072562,0.9003220216242922,0.8063328632725905,0.7163478450648093,0.9521275728214413,1.0174336728259803,0.7102558597679913,0.7321358558451971,1.0918540593934474,1.1092885198750637,0.9721802965111426,0.9717461532184193,0.7347757514188591,0.49272557724590105,1.0639880472052317,0.5594752363533059,0.10446690056606621,1.037520493329503,0.3913270498759085,-0.07863873442880225,0.2689793889409076,1.4249062764620208,1.7842947570637842,1.2349154285292945,0.3623791113973773,-0.024869651789451934,0.7040897213512879,0.679500298489724,1.3077969854614258,0.7169342726393833,1.7715308339742917,1.2084656838596846,1.5121673732253378,1.6794038435957037,0.6941312953964605,1.2895504985759947,0.9567781979725289,1.9116976863640807,0.6812029248870444,-0.6010597758801325,-0.11222407533204254,0.8860704595780798,0.14683858278486142,1.1425065618794088,1.138812118705183,0.3402004483010034,1.609326189993271,1.2441598764755084,0.21003898683554909,1.3628546523567424,1.1979162281271332,1.409259922860093,3.1497978435842673,0.8250377018591882,0.81677765954515,1.717328564812623,0.9959839222408823,1.6046709363431975,1.4875962759035346,0.8544212440430964,1.2667267130840791,0.6181312567084982,1.9803662160076294,1.1622768560463277,0.7259613347613016,0.6378036619861158,-0.3005824906222746,0.48637168921584717,1.1106454884851054,0.1929791552524358,1.0547022222670177,0.10056178407528078,0.4214615557508558,-0.21077218617291282,-0.49699919117305835,-0.2279196612706305,-0.8551737715116805,-0.03413889865012664,-0.28787143609094556,-0.017597189511440115,-0.6219658456437971,-0.9132102132891623,-0.7022535986265985,0.10726574531878241,-0.15352552896834515,0.3649551775497136,1.1574955751494596,0.7840474709151405,-1.0425289649677252,-0.505956360644595,-0.6833963978195405,-0.780933681824811,-0.6002997047776877,-0.3379934796585033,-0.4532940707941172,0.10115323900661892,-0.08455561246882692,-0.16904588007105395,-0.1947251879815992,-0.3991883825803936,0.010206583319616208,0.037032741945138226,0.17365111278776196,0.40650043628591964,0.30551756067890923,-0.17206620414994783,-0.4309341351210612,-0.08832928510810595,0.13988004615746633,0.4062807825442544,-0.1764102164314473,-0.6203453455067233,-0.3354241881421787,1.4036920890410913,1.7590002966253506,0.6918966399938287,0.41189609226139595,1.2059533519185452,1.677349709965225,1.082567214704416,2.258623286856718,1.654811930954248,1.503446286382198
-1.277814240297456,-1.2221534862974428,-0.8433258092808371,-0.4715205841566471,2.018681973638575,-1.243500683220712,-1.1235356064552326,-0.9063311780415522,-0.7496728686548414,-0.6087832398603925,-0.7976297054971674,-0.8948612904016752,1.312664058914769,-0.41303887222796737,-0.5274756527695302,-0.8976421692113938,-0.9525552025999052,0.10633966448285861,-0.8652651414898872,-0.4045004155691043,0.00745330560327458,-0.5504354555526979,-0.9272022445135897,-0.6490865384190233,-0.5339103666604278,-0.7333430118799705,3.6119102939873606,-0.9546272906764885,2.8396680960456897,-1.2950255868185643,-1.1675935960532988,0.40222674869786906,-0.8037878855589617,-0.9236568164365513,-0.7221967928069674,-0.8884242562800037,-0.7062902076659381,-1.0960976475169286,-1.3188848313034829,-1.0909709398529093,-1.0365045598105447,1.3838086864935586,-1.1667355670445034,-0.9571572272584642,-1.070042467938627,2.025445788324011,-1.0500342404465004,0.5728222135281076,-0.8712024128025401,-1.0552496037474757,-1.3568486958845494,-0.7008129948633011,-0.766377191146584,-0.819285151364816,-0.4272273664283696,-0.6279535746686614,-0.40449855400507745,-1.2058929134711767,-0.9012671132572272,-0.5006800637023479,-0.7584943789515475,-0.7228214044301342,-0.4035679707300494,-0.908524198287154,-1.05458157190536,-0.3125461737063672,-1.0564798489616598,-0.8036441021717529,-0.874062854488737,-0.37227239252029976,-0.7938134192431185,-0.5213576225175507,-0.6908316161765065,-0.8494434233743221,-0.12977046084589772,-0.7958269434126242,0.16626163117683718,-0.7241740682696645,-0.8503004727037926,-1.0712770563745502,-0.36155923906053244,-0.8993712336897861,-0.7936050569947418,-0.805148196795857,-1.1902325868041532,-0.07116418981984395,-1.2625462051284744,-1.1949508877916424,-1.0385930380142632,-0.7520486147131425,-0.8098742306911889,-1.08621038899103,-1.0403971737935678,-0.721158856359305,-0.917259259558709,0.7209545747902247,-0.41756341205369313,-0.9132977932289892,-1.078075725212152,-1.0276674342817087,-0.6574253954683422,0.04456321747738761,-0.6823015775961084,-1.0090226733238084,-0.6420929766159017,-0.8026292460426874,0.19089221705230547,-0.7097200715170915,-1.0659237574344562,-0.5036564477689118,-0.9975978478842716,-0.07259879786453037,-0.921785172613476,0.9944270400854912,1.5637510121470266,1.7824687356840316,0.7299755170930529,0.8678711936720215,0.6363735106280954,0.7273685279231469,1.3343310639881312,0.8380792489444248,0.8543587364666855,0.6237489907726991,1.9940098869681728,0.32734419009141275,0.7109393333766741,1.4456020141276167,0.5305378952792382,1.1893936243765026,0.9692980250624437,0.7266011596390916,1.1889232596225852,1.2336510004469607,0.4830431360985591,0.26712394596131983,0.7095755451678442,1.0239298729252866,1.0448698955152775,0.40442065371966357,0.3477448576670999,-0.12427446776502929,0.4752349634026589,0.08864977066733072,-0.03311005757737931,0.6990511488183376,1.3488095341107171,0.7539345287632863,1.4949476045617947,0.4563850981858179,0.7559140940253217,0.814398348448706,1.8128656933928011,-0.49368623225898217,-0.6957199253338314,1.49581403598683,-0.33574434642735246,-0.6805500141187666,-0.6094163067299873,-0.6034894413478009,-0.4588773802809296,-0.7005744946451404,0.056930416398131276
-0.1173477429441084,-0.43103749786984996,-0.07242515258670619,0.33989963439796667,0.017376984183920693,-0.07644113710164131,-0.0383028360772828,-0.10177199993219477,-0.25623829502405243,-0.394015822947824,-0.16860823017854512,0.5024341401160881,1.811865022695728,-0.4729604999878571,0.39973861853990783,-0.004099223824736397,-0.18862463556532555,0.24003680796829888,-0.1613659859451317,0.08164428575017217,0.19993402054241252,-0.1924279492262655,-0.1817515519285743,-0.5233467647562668,-0.4708609290148782,-0.16839421795862627,1.2900135360869827,-0.41434461503938314,-0.21340876006103757,-0.09897350685246988,-0.2634704162400099,0.28135312958092135,-0.3449579271136786,0.3254988689663277,-0.564761222180839,0.6597284322361688,-0.22530989409619634,-0.7512562016303094,2.3541416592040534,-0.6957088254750163,1.1291819536299665,-0.6219671053265272,0.01666589595384965,-0.1344985575855809,-0.0607468195593715,-0.3895869315581281,-0.25718941349995733,-0.17299983060408242,-0.38062246084731677,0.03770108271891514,-0.7159779115376379,0.46024216159495085,-0.34161112293708873,-0.4927777969762068,-0.4244145453098097,3.233700839023311,-0.18333695594840793,0.15849178859621782,-0.4100609891285013,-0.7182877157660172,0.017063923813357716,0.027686143272193754,-0.13419411212813018,-0.10623942585120444,0.0017766694978829194,-0.11986045896504316,-0.3106535433880026,-0.19986557758679305,-0.38221928646157094,0.8146564202147026,0.23646776425473018,-0.26599836510618924,0.14437680424740987,0.11897238242851842,0.15058598732999162,-0.043980975336340704,-0.20941648247079153,0.0005169769418823625,-0.32407258854038373,-0.7837553711168856,0.9247508323466744,-0.3286679279188686,-0.08118987885766733,0.03948925695932657,-0.1792662839768453,-0.355259478405368,-0.5645417356617722,-0.34885631906778636,1.415173263312007,-0.01398417464067497,0.0068448348497463065,-0.3044349746484389,-0.32614620166556896,-0.35941543502810264,-0.33714829237911326,-0.21026368148996769,-0.04324365370037407,-0.11505323619699745,-0.12854776947340757,-0.4098061803815008,0.16662068041913075,-0.52525890587808,-0.3471924518757738,0.13871899965710596,-0.22344883424638257,-0.11267709093029062,-0.40647382495343237,-0.3946699068503667,0.3017638533245728,-0.469452020380736,-0.0030579732012981937,0.02325007021034151,-0.5140130693788213,0.891292831847711,1.3060891435359612,0.4048038029530307,0.8276225992862859,0.8508319110474822,0.2411974629247178,0.05491692073943488,-0.27432397016351323,0.7333204335480968,0.33742127817135975,0.519307461280235,0.16310761853857011,0.4516012698025216,0.5835977383787231,-0.46944399839213513,0.3544924274103277,0.5147863573735786,0.32904255138567484,-0.3193281767714113,0.09827605073751768,1.2204055250206551,0.8265586583415172,0.22244244255741952,0.48050597404471546,0.758185270330841,0.9152533228078293,-0.15657491760689676,-0.053956735165995154,-0.1716217727287218,0.09556380400836036,0.05082712193022771,0.05464183013350579,0.5914486318841915,-0.5663115130046761,0.47341370666619076,-0.12903178566196868,0.15678629150224782,0.9494566706989779,1.1805941114098162,0.7889576837452346,0.0058928284151448075,-0.4627690230301526,-0.39646530788351203,0.002716056493344468,-0.5500644647828202,-0.21035597561667652,-0.06491306541400907,0.3818723784573999,-0.007374087452030122,0.14912326372952772
-0.7263958457332873,-0.9511142599175527,-0.8616124374317661,-0.9376054279943746,-0.4388225064103687,-0.9120763805381545,-0.9154895541780158,-0.9317492991221028,-0.6461727699811216,-0.9949101973342187,0.5262477914842194,-0.9130894830516688,-0.049700926960881284,-0.3843153471682925,-1.273938590452266,-0.6482311024118947,-0.9687469219088911,-0.6442837338580718,-1.1189155977262617,-0.9059011429869859,-0.10933684524987897,2.647667172500565,-0.3182818109567381,0.39448436401365117,1.2664615317706045,-0.8435698058874707,-0.49384728945795875,-0.6917187481769307,-1.1046953993556203,-1.2166833846610878,-0.9737270919066879,-0.5982332263164646,-0.46108326944336736,-0.8446794618495488,-0.998286094829013,-1.3312423388132792,-1.2281340006603865,-1.0531326128045742,-0.8018572492538503,-1.1257881636024614,-1.081352357268287,-0.8290729751505869,-0.6896528866364612,-0.360183672208227,-0.6805832793604699,-1.2119991331980107,-1.282617940875702,0.08866397610287093,-0.6930677640842301,-0.6492085028020207,-0.4307718902329408,-1.3353368709388678,-0.7357007415792999,-0.758329475030001,-0.9623640484285747,-0.9672675865220332,-0.5021963325539371,-0.5524618347878049,-0.5438647222267959,-0.38155140457845405,-0.7834386296560146,-1.0346685478422004,-0.06711144207405506,-0.955229535469988,-0.4480154879732861,-0.6063447185699512,-0.653862884528792,-0.3561191183351994,-0.15747913268535665,-0.9456810338095747,-0.5028297973570783,-0.5805662719514362,-0.9575412990236584,-0.40456985277238783,-0.3648815208495342,-0.8048356390417313,-1.041064752579212,-0.515298167820889,-0.9672882846748208,-0.6537393520735102,-0.9963340411856603,-0.6223444914829017,0.08879684579689766,-0.9255517512968666,-0.6503982440779312,0.5137855558981386,-0.8759407091014443,-0.6121429093202126,-1.0316270722567453,-0.6644886518791043,-0.6523410400355416,-0.41503766683518734,-0.6206986593941084,0.39479520172155913,-1.1155351529266995,-1.450454853466161,-0.12207081606126725,-0.7628017628212135,-0.37987940559966177,-0.37963984499739073,-0.6507331237453562,-0.8495623383213572,-0.3208217918332685,-0.8775313077022362,-1.0268740464414357,-0.9670935858417423,-1.2725820481293355,-0.3946699068503667,-0.7547655934467233,0.16872639089292008,-0.5783503200175524,-0.6942334672808738,-0.9442036233827797,-0.5096992693852165,0.5877460897770592,-0.9257385160055444,-0.3496746689315067,-0.2103860192332895,-0.9881155003359455,-0.7870306978879297,-0.8304605536763362,-0.20391963598636065,-1.1186838288693766,-0.21098249191758073,-0.9003098181900083,-1.1480093604850978,-0.3008291452100543,-0.42642036200751005,0.03424996653653938,-0.7567295964544943,-0.946420290849877,-0.3296719896489233,-1.1946591251134284,0.03341729211722745,-0.7494783642765953,-0.3258072566693881,-0.9007013610266233,0.1839281442918105,-0.524266299693478,-0.8374614153196107,-0.7683954260722661,-0.7892255582747796,-0.5698689381993622,-0.7021480573425972,-0.5301006218530254,-0.5133598025810672,-1.068434363267055,-0.7541363431006045,-0.5055764160914162,-0.6500781662476823,-0.583641914697504,-0.28350766406484856,0.13102558644432688,-0.36613313528270464,-0.12821211234395857,-0.4402706666451264,-0.6995868428653333,-0.7866160089934486,-0.41933674794887343,-1.3883630034875358,2.784882880975452,-0.47900841003405475,-1.0175805071264477
1.6251163950779377,2.532552403297581,0.05973452635398065,-1.061053306677645,-0.9925148225305938,-0.7482006633445029,-0.9026190841109508,-0.7520565224800306,-0.5244458489077839,-1.1241245145171006,-0.37683176892078124,-0.2030498134972559,-0.46001143685739526,-0.9780921253015203,-1.226094955877696,-0.40881006608736453,-0.616627214010607,-0.4480029134780482,-0.7193286588132234,-0.6383813082649527,-0.09908259551396945,0.6002115509289516,-0.9272022445135897,-0.39414427578478634,-0.4300891779879093,-0.20850329825767414,-0.9424848737791266,-0.67359738406583,-0.7110024964245868,-1.1684463663925861,-1.0345551159173938,0.7648362897625122,-1.0839413124758248,-0.7231216880478081,3.27563947889475,-0.40916848892366225,-0.7572813182969168,-1.0047568720229674,-1.283241453457941,2.075373195051412,-0.9919150666144276,-0.778201658880873,-0.7681135745757075,3.183244110296943,-0.6140436586173352,-0.7931963335298988,-0.9346277613825715,-1.1377831780721281,-0.9449039620179904,-1.183102983456011,-0.6257521827388601,-0.4687315884022296,-0.728176887387524,-0.8263149488221806,-0.2352142057542582,-0.8353334177561341,-0.5616160293352978,-0.7890967652424662,-0.6104453380067697,0.4923360259873684,-0.43331590222162863,0.4905160280952947,-0.5896551921022105,-0.7114586774790911,-0.9105541215600353,-0.5190207629268095,-0.5638753085734622,-0.8428385919687564,-0.9479542411847949,1.174079689439497,-0.6662596657321246,-0.642232403016008,-0.5364957594356944,-0.8906602348548224,-0.8023474000298085,-0.39147037661658984,-1.3070142880687232,-0.5649609311471254,-0.7871809574712967,-1.3292415948397738,0.07744752100855415,-0.22934255218091815,-0.30000665431568463,-0.955377649748418,0.20573170697001836,-0.7517169649425074,-1.1685961512487923,-0.9334114571966339,-1.0561872269343198,-0.5955915941157924,-0.7638435572926189,-1.2249102168561812,0.17702596198550893,-0.8676444406411056,-1.0940317943642879,-1.0392122365379213,0.5162979874940288,-0.7723393629102883,-1.0099069756949919,-0.8912762560832079,-0.535861680118423,-0.8309749213338479,-0.7921829698827073,-1.139902329094393,-1.1792876685139437,0.13269674489246178,-0.23177096128623892,-0.8624189517565237,-1.023073279635735,-0.2732065539671415,-0.07588347415569675,-0.2286110566089041,-0.7161369499120271,-0.09587102276322582,0.12704264767340706,0.36960837782349304,-0.43922782081833683,-0.7428145509484655,-0.12211049146000154,0.9861463100626833,0.561027900908476,-0.1267030953068514,-0.3711201442949282,0.7173277968384806,-0.3352026233520929,0.10468937109532436,-0.2316845472698338,0.6545455220441614,-0.1092879086680925,0.4928265201109707,0.5151291818996587,0.40898669131307197,-0.43478681062238944,-1.2981573268832145,-0.05544650546964555,0.8193055697801738,-0.9772805883453847,0.03139359426997926,-1.338494088674003,0.8075784269136445,0.8744041465320159,0.29206425546019604,1.2425962542666473,0.994242759969084,0.32496934921829657,-0.15661494471970858,0.8031891246745195,0.7758799812636471,0.93309257588964,1.1192308544137037,-0.7080682249878972,0.2604547598114217,-0.028397684593387106,0.07982122474467392,-0.8860546713501215,-0.7196690843879028,-1.0075979419951508,1.5900420039514729,-0.8450947403567528,0.6049567851670786,0.4656586212698486,-0.7919341836996346,-0.4872450382216428
0.7550223302865762,0.19639724357844737,0.11564107155296816,0.12746142219963802,0.5552940196069213,0.19300930737682306,0.10028041932822253,1.1229168007015016,0.19780018473282263,0.22024725822958224,-0.40503275210322726,0.11775735111080608,0.7601210245757615,0.8835126727270158,1.3870049637274948,0.3970170850434951,0.15864668413102684,-0.2154840787858136,0.7450136488285218,0.20468998658217663,0.19993402054241252,-0.3031566037910622,0.7082793905153868,0.0030920143898202045,0.5060794878901066,0.18820659124968755,0.9039617364977297,0.02603907653810741,0.3123604228498073,-0.3805199946094479,0.44724732600819783,0.15899757821850197,0.4221313334270398,2.2310907815676173,0.18206023531105087,-0.5929127244924858,0.2200793714724799,-0.31101920894048035,0.11068369704278386,0.11093314705770932,-0.48313715354985776,-0.29383576287674346,0.05136154576217723,0.4663325028791982,-0.09980761749613427,0.38983517464505774,0.20537718870575297,0.21159348760324623,0.38901943644927983,0.9975265415609083,0.3692096409210626,-0.06629998289006411,0.08936363846754138,0.012863133576940104,0.48990987039770306,-0.04612797970816188,0.282869615035718,0.4782754297390399,0.3393363941423498,0.48990189812497986,-0.26344847764934753,0.9000226144861756,0.27198757744912266,1.4209210052220176,0.7742217403307564,-0.3834922627951288,0.2519883147950461,0.28619164220077153,0.37582086347027177,0.30246181831824376,0.9033034251375732,0.17122398573341568,0.987012364916506,0.9661988300903084,0.8796656290896976,1.0093685048587726,0.14878877996216952,0.9180056263757003,0.13017546048787249,-1.1045756316697712,-0.1463389163117885,0.2104122784021369,0.12724077349440868,0.8486782101054752,0.3605680587493772,0.5317661522719562,0.09789338918235885,0.6340834379713327,0.21679602606635434,0.8685324177766784,0.7797857336491548,0.5993873728390984,-0.03901449844676412,0.2840233752677354,-0.22478221257514955,-0.04529534542051482,0.44137033185100893,0.8402267595382859,0.5750437317763564,2.6668614595711855,0.660335756123425,0.7209430896178093,0.14998417297088165,0.9930720065091998,-0.07208404167119503,0.1447378856343156,-0.30751218837547034,0.00988980177093489,0.2469687756693979,-0.19093303040431625,0.3611151286874435,-0.06596591659861614,0.5786514482238336,-0.43460733582689626,-0.4038665498233403,0.2223697196178618,-0.5230389589643859,-0.4946642245486649,-0.10873491009175969,-0.24317304450125943,-0.6420695764548313,-0.33804880759459727,0.2449808257681785,-0.49596057620068745,-0.43058808548911787,0.13779934224711946,-0.9288017421883425,-0.7016685313696266,0.4138739147039203,-0.5346658142934004,1.5255936625149509,-0.8270457346372125,-0.6472227975915699,-0.4444231439980979,-0.07478529786484515,-0.2272034046989193,-0.17382436835243179,1.1895062030419994,-0.4872856195628404,-0.2302546555514749,-0.27353298871658155,0.8507957982415116,-0.002518856537110908,0.06988505158616888,0.1982754859289337,-0.03570048924278088,-0.6968148079412005,-0.11427571161005515,-0.07818313726963769,0.08229338054890376,0.5989508822655253,-0.5031953152108357,-0.3958027728855575,1.0220021304358793,-0.0317789053497473,0.297202772043851,1.1716561492572843,1.0935100632085957,0.5703550521354109,-0.42779638166046186,-0.42495540051406344,0.26518118600900437,-0.4136001258437555
-0.5649027828080977,-0.6771697840080872,-0.06072251067308853,-1.0922779516203305,-0.2984742563079934,-1.294089227899652,-1.0508445455008637,-1.5001290391097906,-0.5843080850622148,-1.6744344680279986,0.04664763817903005,-0.5699483270670349,-1.3242025595576254,0.19014014904155704,-1.571122303882785,-0.9103409336569332,-0.7991924506180328,-1.477905250102951,-1.4684775476941279,-0.21758226351565763,-1.0033339995711394,-0.020481020245172274,-0.514643206221538,0.09788602149823995,0.3881608850982243,-0.45903906563777414,-1.2082688796079188,-0.5783386354921564,-2.1400199845637338,-0.3646530863657256,-1.2750417573427264,-0.16386219296175328,0.21719918903196267,-1.446079582979211,-1.3509083731434868,-0.27268471127761323,-0.2175687970164876,-1.0205223776828336,0.47662028636485554,-1.1510398147905505,-0.9223542721468655,2.462039698049548,0.36430324712068934,-1.046816016979907,-0.37012405667732373,-1.6633385708084891,-1.9570302643685966,-1.0686517515657237,-0.5365819105688576,-1.3028574239532373,-1.691558555960138,0.2793509096318393,-0.5439240574924408,-1.6581266161110368,-1.6564896284808157,-0.8169019940330478,-0.9775911480074502,-2.4489804925536354,-0.08641335927435471,0.6161909953998025,0.5227530014035453,-2.195030120815019,0.5943797439617557,-2.3298645158229134,-0.9140049315828354,-1.2441397429313703,-0.6184851168159086,-1.0357392641427687,0.33888271262539,-1.4566175887131643,-1.3578269069411917,0.00980056126884574,-2.259884788328577,0.19553268726222933,-0.60748414494286,-1.1620770915708816,-1.093989498091575,-0.6162522689598515,0.43082195841992776,0.8304127262150217,-0.5381888544552756,-0.13566449206522124,-0.6245401634104542,2.2044272002391967,-0.6609290917881611,0.5700565010258444,-0.6990121836793182,-0.6665593735926869,-1.6729649852578479,-1.3397516584447229,-1.8974624515610121,-0.18877943028487135,-0.5913410463680788,-0.14714919048811156,-0.6450245302930933,-1.7490293114582902,-0.608357382005758,-0.7723393629102883,-0.470099350157319,-0.7879477980135121,-1.3986436690766053,-0.45390547687664057,0.4551776269024564,1.3117029838346945,-0.685247833585336,-0.5427161091126774,-0.9934282985017404,-0.3946699068503667,-0.9611382305105446,-0.09549618460918786,-1.914623741483286,-1.0111998035359098,-1.0390342227445462,1.3818157892666236,0.13272069456263422,-0.8127139721174966,1.1613847080779904,1.2314740683515353,2.4616213424397415,0.32601922025117297,0.4486900027613913,0.8582141654547576,0.6129202351901046,0.7345472639448015,0.20235764141648716,-0.5554167560706686,0.5219194010091311,0.18315981268893863,-0.24691508293373682,0.6291020847947557,0.4725780300373653,0.8013327624653592,1.760854310526986,1.2502764012485583,0.5800370706650666,-0.9208427544954884,1.6823204426935556,0.5538217456903265,1.2583886193211293,-0.4024053211344917,-0.029803310260978863,-0.21418686305914816,-0.7699854496199194,-0.7474946437515473,-1.073896259605689,0.7685275493355364,-0.34279472327987065,-0.6407576367524795,-1.0359660533505806,-0.6500781662476823,1.090143984081825,1.153398830366323,-0.3853937239220709,-0.8659096416909878,0.2950735359760108,-1.314380628628516,-1.197674529117028,0.32294302331437325,0.10853631918155586,-0.6710573837361511,0.9742665000651725,-0.05916047154681164,-0.03498468691173772
-0.05461522366258852,-1.855552823473367,0.5152267536258406,-0.732103881932079,-1.8462830984455083,-1.5357868900432288,-0.37137693542774536,-1.997156527441138,0.6670505186983768,-1.717464974358776,-0.6168272984661891,1.1394301437401397,-1.029795552777672,-1.139694924172177,2.7751641104292366,-1.1581742644626196,0.9998610041303092,-1.9731624917988242,-1.8697386123768633,0.42018867340027605,-1.3500833081547177,0.574629792920895,-1.4063757507682961,-1.1850968986472965,0.4833442883763101,1.2710896742404643,-1.7122070352496783,-1.4765706104240328,-1.9968638082503636,-1.2894244991462878,-0.23993109760367293,-1.2934520990294995,-1.4369376664264164,0.4630066080482634,-0.5304866158231192,-0.06606874988988362,-1.138609047043527,-0.36486131765513335,-1.6317081793231933,-0.7202221094360136,0.1814489100201617,-1.4246447748066446,-0.23650272283236926,0.23210233400366323,0.9296813148773944,-0.5122276439394594,-1.2680036237399237,-1.0287722377801842,0.3571801379134023,-2.291681582788299,-0.10108010216373041,-0.5336083002683092,-1.2349266049152623,2.938550429137781,-0.32993900329645687,-1.304366378559895,0.6038249218467112,-0.06713353252122402,-0.2431480592716658,-1.2759095012057347,-0.6519293681824073,-1.9394913212886242,-0.4930294420324485,-1.8343966017315256,-0.8249246295183467,-1.1316090313739522,1.01699023285388,-1.075084539084794,-1.0813453867463954,-1.5022151319587755,-1.830954337813378,-0.9960127430626902,-1.9882565150492864,-0.7144215084020367,-0.984354850486085,-2.112428828301959,-1.3812062717950835,-1.780740045796059,-1.2979466193514382,-0.9819949332489268,-1.5611567038343839,0.5783635821521981,1.0554962018532417,-2.0830845699368097,-1.4561515075863218,-1.853388505550838,-1.5940340760861285,-1.6373795391884198,-0.49705034553698757,-2.043037167587379,-1.6935563032440508,-1.4878763980367782,0.7113562966069773,-1.1832352215220898,-1.4413724644748764,-1.9446039887220108,-1.3642706118240109,-1.4200878895345044,-1.1133586292959,-1.4489932583872642,-1.707155994652214,1.4520556178893715,-0.7921829698827073,-1.2640423116520152,0.17316522680577537,-1.2538671324134072,-0.38938876743205825,-0.8036753381289895,-0.5443041941551806,-0.9887162176069336,-2.0214571644014225,-0.2515425100254794,0.5370833025087399,-0.7754709833306452,-1.8724816479016935,-2.071921068869715,-2.278347241490281,-1.4342434240900561,-2.0303834221897556,-0.5989920149978446,-2.14316029920205,-0.6563878813066414,0.2683426005380694,-1.1465227167742476,-0.5589252697003082,-2.349318286155062,-1.112377797313341,0.5665800117861954,-0.8642729350290356,-2.2108439679287253,-1.8613902854210294,-1.6345235436827898,-1.2575848549914654,-1.7278152810293397,-1.3307163155029011,-1.9547039087773794,-1.186417517095277,0.5446818058028982,-1.5419582574424506,-2.0922033731822616,-2.0159727723052483,-1.7569804690249518,-2.0479685301219948,-1.9073839560250236,-2.038485359396842,-1.862157343882536,-0.8236550194294736,-2.2289168742300345,-1.9754401833893842,-2.196029569098293,-2.1675945296077432,-1.1925873570453314,-1.639756471534192,-1.8592908008276485,-0.43982412445866026,-0.9537361837862403,-1.1353035234426074,-1.0680667438840714,-1.3391572482415566,0.4652216705955678,0.682939789648101,-1.2431792133046349,2.1753231990929605
-0.4808259996474079,-0.8205609446490907,-0.8112265449925637,-0.6931320667095442,-0.2984742563079934,-0.42503834371717647,-0.4632807534251487,-0.5166941655451501,-0.4721778973074708,-1.140530165742651,0.33796106406222454,-0.49210933361206066,-1.1573203778449634,0.06870866649405595,-1.080094292215348,1.1387473573058493,-0.7217922649821193,-0.2978702059937979,-0.7778617968805465,-0.7568771951662302,-0.21791544990155698,-0.5211342289856479,-0.542408865226185,0.12543733624608833,0.09599197422125691,-0.37492303166038543,0.13085624192920825,-0.08730363431795699,-0.8108271983892589,-0.9586017657682433,-0.6919829083267165,-0.32820979466605915,-0.09170496590824,-1.3007209878065178,-0.8840840945434013,1.3858949967658085,-0.7643023057406139,-0.22193724651665123,-1.1394332916185996,-0.839295423923249,0.9483458830375461,0.5928047255335284,-0.634223056665758,-0.6321876931551786,-0.47799222722318013,-0.9296314293038445,-0.6635802661202871,-1.0183289931082506,-0.4305419623371059,-0.9221699696619452,-1.677027047159962,-0.2666435851910411,-0.4603021071507423,-0.6131772917059468,-0.793774211672761,-0.41682845995463286,-0.48184052443513004,-0.9657578436807223,0.5967476215557745,-0.6470666809301434,-0.6981932311710798,1.184175052070668,0.24709643933327838,-0.5028312506953149,-0.7311356996733404,1.1796784264151843,-0.705128276139481,-0.627462201131249,-0.0774898699337646,-0.6225785767372477,-0.6540319581088794,0.04985529115225736,-0.46706908602191954,-0.26636068898552173,-0.5046955188866964,-0.33824643096639606,0.8477846682662712,-0.37512273813672536,-0.6162862676884583,0.05967410210552668,-0.13010296319490344,-0.6591159261833407,-0.633659268267829,-0.7022661597934026,-0.1792662839768453,0.3270058235529885,-0.6756053135117015,-0.46973288614031317,-0.9543007120086363,-0.5777929790247546,-0.6281150930158919,-0.2519628609248837,-0.635707767551864,-0.06875782584076776,-0.48655634892682403,-0.4422589019876549,-0.608357382005758,-0.3830591091799989,-0.505382254241067,-0.6974340376648547,-0.6048360769097074,-0.3815901849217233,-0.04199899794419796,-1.3427824888830562,-0.6241491167372802,-0.468995636885039,0.9227331835037704,-0.5912732154522724,-0.6618752854479019,1.2140440900578575,-0.13718990397449518,-0.4345494868858076,-0.6163701836265327,-1.2256299492914045,-1.0678998147277028,-0.7825965864137027,-0.8453571106259326,-0.5156208034385945,0.5167009323163456,-0.8214394702971028,-0.8780875427762785,-0.7016538231379318,-1.3974560444456081,0.9740207029389459,-1.3016411281077507,-1.2171440007036767,-1.299852114413359,-0.619742187828523,-0.8073878377300145,-0.7105211418858625,-0.6320410043747469,-1.4701142629006636,-0.5793890208262525,-1.12594702794985,-0.6147393892989732,-1.4223950299999801,-1.5088618384456183,-1.6204335000241419,-0.5097475023436299,0.09866686918552522,1.021766617791877,-0.7123477900830436,-0.4109628883270878,-0.4827448257136964,-0.8114605924514634,-1.1732497119310246,-0.7466669193254246,-0.6139842948289115,-0.6948132167382587,-0.5087513821888557,-1.4347074691378965,-0.9874646712724373,-1.3848031276689616,0.17855520302656563,-0.06294393190417588,-0.5621071390019242,-0.8140190737846276,-0.696414182880038,-0.037389697731368673,1.5872572193523298,-0.2302390053911291,-0.16961774294660695,0.3116000399873242
0.0048710229451581445,0.2241817332466851,1.2082694588069818,-0.24730043954474648,0.4042813976247088,3.383987017536975,0.0643709509538456,0.5665210268305849,0.34339105350310906,-0.16318896680682857,-0.11025800422541986,0.8865811694600124,-0.3435708019815478,0.2063938557474401,0.10335850287400375,0.09761446219200595,1.4139506844636254,-0.20494087842399875,1.6609080656535908,0.2657869342544538,0.387824333255957,0.10393361574195069,0.5286933591695405,-0.14382626470577325,0.22939325573342506,0.7469917872047486,0.29585972166394475,-0.021293081358397265,0.033828943680345516,0.11146194956251518,0.31855044979882025,0.08291963729363544,0.37371268066445373,-0.0362254898917683,-0.048475264433722506,0.05265755145000994,-0.20228231017957732,2.193790545205349,0.2400926490294765,0.2338230701841439,0.359756852886981,0.07670439681365247,0.2103153797387795,-0.029444250231387106,0.12768784479330025,0.11839979195614173,-0.013937306427871535,0.10723772277643276,0.5049527279094608,0.40710026082970924,0.6948966164688323,-0.012394663263425925,-0.09107427446296101,3.6166366252307136,0.3535087702340122,-0.03741093448797939,2.0455611300588856,0.288354373870649,-0.34931272194371255,-0.3798430249514537,-0.2973735821559872,0.5402210375955819,0.5943797439617557,0.470318942194282,-0.23379225545692722,-0.06823081730861398,0.6544457989174559,-0.12589231444294946,0.3200101536991196,0.760743209099926,0.4489718456966798,0.6417761846544618,0.5333195760621018,0.6084840707959102,0.21386098656756466,0.10740967905156995,0.5425996203929984,0.5318558225779296,0.1262188712299106,0.5987379728717735,-0.6081954914203472,1.1107564827306289,0.6253305391499442,0.4194772635729704,0.0713800776583846,-0.3604565095494633,0.028079433278494468,0.30291615773577013,0.4387093585010676,0.3965771328740221,0.2609245346458292,0.47549894141960414,0.5219042522400015,0.2491946617241327,0.12255845753543865,0.8365833402632473,0.26024205680751195,0.662969155982691,0.5692431278738457,0.06985999897040797,0.40503246311329955,-0.3932766705572309,0.5356122558094383,0.3468656314552525,-0.23547068859965334,-0.12821120209808926,-0.3555081337403643,-0.09141992425984835,0.09751587113453383,-0.2775568506915282,0.2644072965806033,2.546415113926181,0.22895789460949403,-0.2777413233326168,0.930248640581096,-0.6314057960940845,0.45841794463448077,-0.6461507688207515,-0.8862022723043188,-0.6294899289257526,-0.8104482204249616,-0.2144904873010438,-0.7579192372896978,0.6640320987013031,-0.0972969017445479,1.0837503831579713,-1.0521045092540162,-1.0912801525813811,-0.5781752426127722,-0.4387870239646793,-1.127016776329672,-0.7382961316793906,-0.6952193755502726,-0.33468647463048656,-0.6677896319596901,-0.6775893897944503,-0.5850566512817759,-0.04489804043553211,-0.5583367970799191,-1.1863115562165387,-0.6423728129716244,-0.4871903574108499,-0.5698689381993622,-0.4175830751088474,-0.4479496764370595,-0.5947108386951521,-1.1409917997592758,-0.42997942969231046,-0.5548596775626581,-0.4115563889772921,-0.043867714199960675,-0.5979254940757074,0.09268469999472696,2.3576234598301515,0.28378747081134803,0.03725188925911689,0.31729563964126106,0.30101459734430064,0.3201737827884695,0.6565202102437481,-0.44743243128501803,0.2954390798695237,2.464678303255764
-2.0456917872760467,-2.1112305833874943,-1.5000867292716895,-1.7191091901838464,-1.690159567645908,-2.166162989097646,-2.1661977418098375,-2.165461240775158,-1.4731906460450754,-1.378546786678124,-1.706285669038813,-0.8084849371269492,-0.355599051443324,-1.4808492465817502,-1.7701809062507934,-2.0455454195128095,-1.2673218152355417,-0.2586723858752376,-1.332991084457337,-1.7404705895273695,-0.7068650822059174,0.6734567646213467,-1.6935220845622545,-1.677608292916252,-1.2409361664179346,-1.2519969219350473,-2.0475622578542665,-1.8733878009298632,-0.2048508171562094,-0.37596126571074506,-2.4164367893077987,-1.4270438342274696,-1.7105820175463515,-1.7924851660816004,-1.493401229902222,-0.529730777825175,-0.6674684286278167,-1.6389967090235695,-2.1142358596459534,-1.4247775065878765,-1.1741946972731752,-1.2972412716276622,-1.1240193172269155,-1.5567073266393185,-1.418291007539346,1.0182692016175292,-1.2354364595836942,-1.9064772032887451,0.14219482208253012,-1.6838559575219436,-2.3663734827101477,-1.8887769940002188,-1.5555152327187072,-1.153522863824562,-2.1383509995261694,-1.5928582853518747,-1.7619569479816646,-1.9577397521352278,-0.9012671132572272,-1.194114369146863,-1.0720351106039716,-2.103826498324059,-1.4264068235376994,-2.2586614115674726,-1.1614841122323794,0.6031986373992179,-1.7012892876194197,-1.2983254237592963,-1.633922494273093,-1.0968552484685072,-1.9337765109981477,-1.4181747571716572,-2.1762950368888565,-0.9771057556428044,-0.19260179257367263,-1.387441254292443,-1.978707831048834,-1.8653144616365938,-2.0946417017263053,-0.3521005273180006,-0.8159856143184674,-1.7650552605948584,-1.5266682979788975,-2.021448874749286,-2.029410439165402,-1.5205531591936763,-2.019087987940512,-2.116994066860651,-1.7782959564282956,-1.6808302911797006,-1.6935563032440508,-1.8048529132450406,-1.6878515620702923,-1.4815498606163782,3.076264715252444,-1.973900042020706,-1.7070491639664445,-2.0256132276675634,-1.7483529288043007,-1.7199546762373232,-1.5503787730501037,-1.5259422104617788,-1.567774813932522,-2.154755381222597,-1.532892436108992,-1.4928080836819617,-1.3404051417861578,-1.127882055063794,-2.3615199580128166,-0.6162975402892151,-1.5105601109812319,-1.7752338375042562,-1.7370545611194568,-1.522414176027383,-1.4568092528388168,-1.6840636845448813,-1.5381498152021185,-1.9075113494128284,-0.8755316377092578,-1.5965922014531306,-0.7887040742684499,-0.8191004562120009,-1.3659059861475826,-1.9672428114584533,-1.3445622745668517,-1.3642964721563111,-0.7297947265971932,-1.9235310182255148,-0.3946086816487018,-1.0207056508745291,-1.049296446181041,-1.7577889767926778,-0.1724487157633648,-1.2666925335056147,0.2687537885123962,-0.9863735659274938,-2.5006104317929725,-0.5071013059579907,-2.3479383499013813,-1.3265326450453176,-1.572152466177922,-1.5365961313903775,-1.3230863344672799,-1.4616389991201484,-1.6865172885441284,-1.4418472629990429,0.07021493745143029,-1.1694265630094978,-1.3114432962068798,-1.3569327293956293,-1.7488595015923314,-1.2975897235567286,-1.2540526680378516,-1.5920190943084338,-1.2584057858246127,1.4661874053932091,-1.7932252152377592,-1.3102310555652954,-1.3391572482415566,-0.8213008720895129,0.1628597422429012,-1.638808156577669,-0.8879104496337151
-0.32269272681547606,-1.5178386033365376,1.7507019509826127,0.420624646722343,-1.0609617229060158,-0.6985117694627428,0.9510087131780407,-1.4050015523035309,1.2030041467869563,2.3857444512247636,-0.8559799314502917,2.2485031180795554,-0.693953329336639,-0.7146283828627296,-0.3759385797616891,-1.4124270478786731,1.7242197971655164,-0.2225681085178526,-0.9742109144799025,-0.31935491412344036,-0.8032477623207976,1.7218141140291103,-0.9272022445135897,-1.1176499972672986,1.87016989149867,1.5155250022844216,-0.5026247225311745,-1.1752816115678646,-1.438441872797268,-0.7031168145473417,0.49874063938851226,-1.0304107151331987,-1.1080773193766251,-0.161680091113587,-0.9634991420451415,1.46863110251681,-0.5657315662544287,-0.29634995267317804,-1.4061784924119218,1.7487888721389482,1.1883570120080895,-0.4173033662511823,0.43227462482524065,-0.06944603758655664,0.13966869117489855,-0.05641679422474749,-0.32025742999535883,-1.3193169028844258,0.45470899204176474,-1.3999352281886326,1.294880832012184,-0.22896994645383706,-1.095597093200334,-0.7916925727886829,0.7861872730067133,-0.41267997048415295,0.6961038439960107,-0.6931821179557619,0.6654225013575988,1.5770793179414297,-0.6864685765031945,-1.284194501061476,-0.8097496603073023,0.5596407840260887,-0.05044603510695041,1.5311082367146538,1.5794212932684082,-0.758511000048429,-0.9228515626013395,2.6693753240773774,-1.5145758490023784,-0.6804990800568701,-1.4985884283760742,-0.6256843862299124,1.0985661739030599,-1.1620770915708816,0.3883560604293398,-0.96530359909279,-0.8689901209902302,0.19205957745731753,1.119879141709431,1.8448100563009409,1.5222606283914812,-1.1014788972590062,-1.1601590250341345,2.0074282538939237,-1.5629182657336458,-1.0155059242868876,0.901561460558286,-1.4780601309001649,-1.2400891986125844,-1.0426080939093825,0.5360283589354199,-0.8676444406411056,-0.9541756169935535,-1.1329808579285874,-0.8281142379900974,-1.194577464567943,-0.578540872718661,-0.43382454148441446,-1.306585986327608,-0.4170780916812559,-0.8311128564639884,-0.7162439953223331,-0.44040177382469237,-1.1209657315107002,2.561321292416121,-0.9013044618137697,-0.361148542758287,-0.7973059136535064,-1.0061033285235597,-0.3068115881949879,0.001849986700097355,0.06152876428454571,-0.2772455540301236,-0.5662905516234931,-0.7081820272444871,-0.6424477035979216,-0.8632810655044861,-0.11974174289545503,-0.6854150193803744,-0.059145153251342925,0.5285654865505452,-1.5429897319631805,-0.2563147096544582,-0.6333105664881747,0.2819625147772956,-0.4164300531140398,0.5045684607200753,-0.045558384310079095,-0.33985145092648567,0.45395729252092737,-0.5716140384981663,-0.9803950762048207,-0.45025207165475334,-0.4142946557065434,-0.5776986975513135,-0.7737393902785962,-0.6034982496997534,0.07369887076797764,-0.4585713033237355,0.815734237759709,0.0011679770520853549,-0.31616601080530116,-0.5131608293469613,-1.0163131390065592,1.4133248881597533,-0.30355252626394574,-0.36313144442523826,-0.15496915526958868,-1.3276559033855464,-0.38178222111763854,-0.8473955116965229,-0.3990769003511865,-0.8860546713501215,-1.260852130424184,-1.1660091735751723,-0.4897665611300805,-1.1679424183854745,2.3291157067339383,0.8625442561892102,-1.2096934466278533,-0.6914793112516969
0.4710792572411641,0.340868241902653,1.293740909026348,-0.04970402844782299,0.826350241474115,-0.15393564164405768,0.4713337393709622,0.49437173051865513,1.0052998183863642,-0.06515022481037075,0.5700049372523647,1.1484461928908298,-0.3616710052151473,1.0654490610076028,-0.5853472653414458,0.41367870157741443,1.224656577166726,-0.35035880420243504,0.20791697703336362,0.3866934697815762,-0.24107470757716773,2.945214789003236,0.45723229128746085,0.4205872339442214,2.0444590188847096,1.0728851658982022,0.10959323000490405,0.3153004704726928,-0.045488764125736575,-0.5277543890177354,1.2348103961679553,0.7084236622669032,1.3189219949497746,-0.0894760837241854,-0.0397358982966357,-1.1999802517943376,-0.3796199421219836,-0.31101920894048035,0.48533620766867186,0.5420593011832863,1.6571907522232023,-0.4173033662511823,0.8013546554068617,0.5002899462211972,0.6178186228245347,0.30615304938635907,-0.12481780960778883,-0.3393364485887934,0.8676583211788227,3.9632929059216955,0.7722605588291686,-0.8780782783822613,0.29181129914626897,-0.5510037736273733,0.5643284128694813,0.04598791155156731,0.4017184142900769,0.4577392884592634,0.3393363941423498,-0.11495843392057752,0.7265603693753224,0.325036204523567,1.4169012212778231,0.21725411230944774,0.1318984824652187,0.11177900198593717,1.1920121794186014,0.10709671372967342,1.177481980142034,-0.2596750860537081,0.7342209679387565,0.8494541157646921,0.7093870068495696,1.2692656062045278,1.0125810089180272,0.39313494760280243,-0.3810614713211412,1.0935327448944017,0.25364300998373956,-1.1437340471648645,-0.20371176288977744,1.3663899079933437,0.9514708927693436,0.6546315603133824,0.6017956703810164,-0.39782547617223063,0.4457858095521099,0.6476987389159475,-0.09168773978692961,0.15092372882805882,0.01361612187270747,1.0704833413919883,0.48076515125755165,0.6283732582332892,0.9722077370305033,-0.3836086279665235,4.781795358434939,0.7856983311521224,0.8542048137886342,0.0004987530438185342,0.33864375344229514,-0.2017447946342642,1.3051066808738199,0.08522657765238001,-0.0252002314653402,0.3126356168571742,-0.2286031903483577,0.07804173967317479,1.024049602036243,0.10457899150318317,-0.15767201125675961,-0.0792684265825434,0.28270267226175466,0.06986514528374438,-0.6374078086069848,-0.18339135280157065,-0.7435300187117859,-0.03765641813417316,-0.6030464266137915,-0.02557560660531579,-0.3696391606844385,-0.18839383056222828,-0.6897416648739272,-0.6729456902358164,-0.10690896717855479,-0.22669663013353666,-0.18334986160993327,-0.48641938674783064,0.22712191387333722,-0.5727402909822469,-0.7269833727890572,0.9621612491918679,-0.36009570444197186,0.10272738493263275,-0.13103625691744458,0.16608219569037894,0.0038577385336668654,0.6076869414931576,-0.26120808565001136,-0.49046192205662265,-0.35183334154174734,-0.4126753656574411,0.012141671090442946,-0.08624600102313915,0.5136693673675248,-0.06600283562806988,1.2387454009872805,-0.10927487534587188,-0.06835310180683064,-0.04837347408338902,-0.021554967111140806,-0.6224231999670268,-0.04131195795514235,0.5833312427061348,1.0518292121562243,1.1600082458136824,-0.03231193734776826,0.13247453982601182,1.0617430735200173,0.7432991810881994,3.6872455462953044,0.9952655807190534,-0.18566929942430166
-0.7541034751886276,-0.6228369362724544,-0.7767245883593947,-0.5169777435965495,-0.07390382513297096,-0.8758979458920205,0.5704492406433386,-0.6865041679545081,-0.7364141620918784,1.4403349147755224,-0.6168272984661891,-0.8725428516535286,-0.5723040772488579,-0.6579473854501536,0.9823256051150593,-0.7057965942835195,-1.1407419110013548,-0.3074075789348858,-0.7307951206067103,-0.8161587261118551,-0.6707019473094673,-0.13328011144388605,-0.8321068284060941,-0.5359063707228775,-0.49983122869768776,-0.9697208768018466,-0.9299647242043496,-0.67359738406583,0.8700924583881653,0.44056230389946555,-0.023663939982678944,-0.9334685313154242,-0.8433167051505713,-0.7824389805700823,-0.7034435546050535,0.4253648858443629,-0.13651693251368258,1.0136190292086837,-0.5163243461946859,-0.5842112068090554,-1.0839246110927765,-0.5355530098129414,0.2720772709424269,1.1441504315160025,1.640589026403563,-0.5783139230183107,-0.650878009607144,-0.6170091757466929,-0.970437986008778,-0.7718874978786684,-0.6917319420113598,0.5590042366544966,-0.5315399734116543,2.629549917176887,-0.748639051635526,-0.12802869358008193,-1.019104263644914,1.053849213520419,-0.649440123180037,2.2730194502612595,-0.1285810338844986,-0.6265175437560232,-0.6946933624814153,-0.6026979960422656,-0.32048165532876394,0.5836715542359485,-0.9340927380173712,-0.601889593434016,-0.8270486797046115,-0.6712684268383334,-0.8205557824329501,-0.30562579361954667,-0.5888926775495661,-0.8494434233743221,2.8739717469055943,-0.5042248476666937,0.2912176631814542,-0.6425427307253079,-0.5717882702415358,0.607704264937271,-0.13817962618221358,-1.0928385122474407,1.6678883734948076,-0.7823857582633463,-0.3914914333002719,-0.5993971020032034,-0.3196950060371599,-0.830658096407823,0.8578853433156308,-0.16852340825028345,-0.5361410327276519,-0.8413145778831308,-0.7820307722624293,-0.6228532132711379,-0.6032313375525545,-0.8523918618726897,-0.7263136604021447,-0.23929746883266037,-0.6686639564359461,2.6466718914332277,-0.5297706077329124,-0.3932766705572309,-0.8311128564639884,-0.32638002561385493,0.20230266200844055,1.1006942252432976,0.922420434892681,-0.4397304042071573,-0.873043184120088,-0.5517255439435613,1.1868996787387567,0.5134209340904391,-0.5522011412738328,1.2244334248911222,0.4252648555450507,1.7484390925189939,0.6065015531741855,1.2155411940692624,-0.03227416736119246,0.9709949692945598,0.5825556703532907,0.8614013529558202,0.7637853692306096,2.5934616146804172,0.6655645223241692,-0.16508357775273066,0.4933288341997519,0.4578091344494077,-0.24146326867998072,0.7924967934512499,0.7864692722200534,-0.513392454761716,-0.1114245019475043,1.4307409722245137,0.5006017785194965,-0.5092066445137454,1.131383259988722,0.9387133878568664,1.2102149388606651,-0.41866884731899423,0.5189149892059238,0.0572026597643327,-0.3157490259363683,0.12984372037230954,0.17415174187525287,0.7336161080696336,1.264059274530014,0.906085003359461,-0.45133089951819705,-0.3926461013925594,0.9211484063332438,1.2534891963259,0.6948074571505554,-0.5205848924681462,3.7282547965105373,-0.7196690843879028,-1.0210181237546556,-1.0514547194625787,-0.6647485439532065,0.5874598459725345,0.6162863237547884,-0.47900841003405475,0.6067164642120614
-1.6588123143253009,-1.6689150303418911,-0.9224739879933237,-1.4234927290924224,-1.0609617229060158,-1.5487097629339848,-0.8898610213313008,-1.8351128469475257,-1.0215284300849885,-0.916246381941648,-0.8864951928001729,-0.8814093112026579,-0.6298262337811338,-1.2631719548468616,-0.3989792851689524,-1.6265863735779633,-1.2047183864305886,-1.010428163139931,-1.8462892554907544,-1.0124584289079004,-0.339296002980304,-1.0264101901437843,-1.4237936140194458,-1.4175285168948353,-0.9993716807096545,-1.1724390823293604,0.07699509927113335,-1.2873032386381915,-0.4947448639143516,-0.9934833153422467,-1.5850829617367086,-1.5777336782854847,-1.788526019435892,-1.149901823560237,-1.016045920205279,0.2870661571097092,-0.16334128736615278,-1.3737765641855548,-1.5714464931791339,-0.8481902089044558,-0.6361675252785652,-0.31428676321191046,-1.6949210063141433,-1.2132802585563869,-1.418291007539346,-2.0227471290134718,-1.4394703166577083,-1.3193169028844258,-1.864200034491039,-1.6838559575219436,-0.7098670931293302,-0.7851826945474837,-1.339961129701941,-0.930845598260097,-1.4332316651461685,-0.7577058933253357,-0.16005162520090452,-0.10221101714342372,-1.2674722507136948,0.7226607688920018,0.48614281937901466,-1.9016210806262326,-1.3297810734679374,-1.9631444369377304,-1.0965105783897848,-0.3064935747251439,-1.4079092856709579,-1.158628997187367,-1.3283315333436518,-1.7341451252438795,-1.8815619953729823,-1.2573758086583338,-2.078866292429528,-1.4548506859160617,-0.3556733639634711,-1.622557468262907,-0.5532673126834868,-1.5047188307448498,-1.6469955550786595,1.8229382215107302,-0.5794513479816403,-1.0448127283109052,-1.2354948295885981,-1.2612095547141366,-1.6931879781972097,-0.5508891873676957,-1.692150395631262,-1.5537205243308156,-1.5954532831058497,-1.8387183275246266,-1.5123150574466007,-1.8048529132450406,-1.4915175974746748,-1.3523404181212737,-1.597601235229624,-1.5768385233118138,-1.5255547576976611,-1.8475364991472867,-1.7213350043507336,-1.8303225882662437,-1.6920884613724347,2.8576914079544724,-1.3086700478552356,-1.4474208057544637,-1.33464383332795,-1.2076107799006532,-0.8143859098461794,-1.127882055063794,-1.666690558453022,-0.7091134297571767,-1.8253056624675834,-0.3991391427851543,-1.3725484274213622,0.27926960547693497,0.6196963510417232,0.6188322404889479,0.08683792715358855,0.678415669015764,0.46527644984007765,0.01235795905820293,0.6053191332149312,0.45160748030243997,-0.18946581544009714,0.005680652793512949,-0.001274164389996656,-0.6571910491878826,0.77052966101762,-0.11356118258218073,-0.23369178467861845,-0.18326593634114516,0.3607825118403326,0.9937410517533889,1.077527998304515,0.9339803610228284,-0.052562101829098234,-0.8506707260994142,-0.07766248922668659,0.8315110380283325,0.346207757682444,-0.6674142388624276,-0.7835047204047051,-0.9488435494352154,-0.4670418408454386,-0.8336256675671891,-1.032252816760115,-0.02548839940423104,0.5523208063504769,-0.5281457886535605,-0.6010835371477617,-0.612868296081734,0.03847336209020594,0.07828080415661853,0.2505160140633101,-1.5549048119148592,-1.479002095889764,-1.6008273525938992,-0.6515584720583342,-1.120016685056056,-1.534058530923843,-0.8169732658321553,-0.8031536453272462,-0.8650990623637238,-1.4882761415356611
-0.3820084500055878,-0.21597988626347162,-0.9069092091212738,-0.3535869248653511,-0.20719344699110062,-0.4108586687352993,-0.5312366760263416,0.20271004666861592,-0.3991955571338951,0.22324903202712293,-0.6903177840740979,-1.0441341995985145,0.8202180155639347,-0.03766614016207614,1.1790379709483843,-0.2825545015948418,-0.06306051799858876,-0.0036701287249506923,0.09725429955408268,-0.33117797861188897,0.08710574555639404,-0.8854596445840164,-0.15313586564077417,-0.4108687044144057,-1.1029977677943357,-0.4506702630918274,2.7475122293834993,-0.4439792311900317,-0.1066931587722703,-0.4106607038885506,-0.0910434837006269,-0.1966087139511583,-0.23795020364231018,-0.35393278361000946,-0.44171153797109913,-1.1267721996779188,-0.7607850087193245,-0.1861924034987968,-0.20618162680307708,1.3825129987184834,-0.6679697289177647,-0.6019422123581529,-0.49858945680439026,-0.249828561607201,-0.5980390370039774,-0.10417371883209785,-0.18542286375877853,-0.3345677246813907,-0.29383933846157917,0.19593958361161445,-0.5652240490535453,-0.2261348822155721,-0.31649881403800784,-0.29298841690599975,-0.2754207468158809,-0.2916058444524833,-0.026127766598435784,0.07045597703828131,-0.8226354530763861,-0.5088502281516784,-0.6981932311710798,0.30502461381346097,-0.3202813335002913,0.22784714412470883,-0.4715876987051163,-0.12605381708608465,-0.38952065493801724,-0.1418746869448684,-0.24274611922975087,-0.48807961181896625,0.207864972021176,-0.30562579361954667,0.3221650280337444,3.651016221681069,-0.7801341511021677,0.1729466129048588,0.620951031953223,0.18280449244499056,-0.7611559653985486,-0.17854290820910096,0.21246871222076605,-0.6171983708483698,1.6765504277851317,0.06473630029997612,0.03248401068779034,-0.911494101568565,-0.262296950079079,-0.10297785961574121,-0.49927530947313853,0.23620673546634646,0.18247456263573716,-0.2263791525432675,-0.6900917106060107,-0.2537390206658331,1.840531795848918,-0.08506825225466082,-0.06644515203473024,0.15392529349623757,-0.09197390169490029,-0.009071438702203076,0.1876826112881597,-0.06662471739598191,-0.3471924518757738,-0.06395828902454433,-0.5554074663944365,-0.5252234515890456,-0.5825199956895973,-0.36873557657363565,0.19888521482515345,-0.5833442860473764,1.9972069505277235,1.4115668486309738,0.189616705580194,-0.7444935542185928,-0.7843262733521232,-0.5348820835779748,-1.5079458667068502,-0.780464807414426,-0.19438908761705587,-0.37018794025888385,-0.903397284781897,-1.1018012842506804,-0.42626447016219227,-0.9567567321300041,-0.08702521472516689,-0.5585468612465492,-1.645398110536315,-0.5801999660373646,-1.3996027030007296,-0.6957493525638109,-0.9874233744558109,0.42264552526365295,-0.8304383381525403,-0.8296216037624778,-0.7045436968698541,-0.1646900320819009,-0.5176304620630315,-1.1083630267951217,-0.6820245873991799,-0.7447618922016234,-0.5913803098824026,-0.5822860961196298,-0.12051509488259245,-0.3292108697260109,-0.4638855915085535,-0.6064095966579517,0.26697991352696027,-0.32235913806017763,-0.1430970455722517,-0.14442329527917663,-0.381075040559963,-0.8413048073867108,-0.3719976942529077,0.0058928284151448075,-0.4173727030223444,-0.03419638321616804,0.07393099771403407,-0.7516206322361345,-0.11165901400175762,-1.34463887664794,-0.37627905362579184,0.005245534691743177,-0.6829386388359275
-0.8721363489192449,-1.81000956168725,-0.4694357050559987,1.9808093959390467,-0.896487466847642,-1.8277777689762715,-1.1310076887463587,-1.997156527441138,-0.5362643021873691,-1.3424750338159415,-0.9504959625011445,0.036298040207969444,0.8454977341879842,-1.1996165519320667,-0.9294009744545947,-1.7245284351757015,-0.2668812334862513,2.537158063096984,-1.9431574589756042,-1.2203426183268689,-0.9553930953863589,-0.44513455287396064,-1.2901573084657376,-1.096082512346204,-0.4837749213316367,0.12154323005453853,-0.9299647242043496,-0.24983984916135896,-1.9404252115420482,-1.527504288640189,-1.0771022861252524,-1.632571423850667,-1.4369376664264164,-1.1059938063193786,-1.061570780365156,-0.7277693832965865,-1.019002181146382,0.24313500609095184,-1.513924940730167,-0.40717803464210917,-0.3017792020836815,-1.1472934384325153,-0.4364842678502423,-0.8560889660585133,0.8872584521056597,-0.9691786575259155,-1.3429222763414317,-1.5664363455753882,-1.2908105413381137,-1.4111503835117956,-1.1080784161155097,-0.651571670905552,-1.2601660782954662,-0.6020573485358941,-1.2067495741010223,-1.542968274479152,-0.34335121284769893,-0.6183439899674742,-0.572911379875848,0.5469869684255152,-0.7462033072360106,-1.811750090330691,-1.1570329649357802,-2.1070722714789265,-1.25444626380346,0.5649117367418279,-0.5638753085734622,-1.1806266413361866,-1.3283315333436518,-1.5743036725399582,-1.5774351856037934,-1.2959738360192492,-1.9882565150492864,-1.3329993852449535,-0.5603568870870351,-1.5909763674101691,-0.13795254644830504,-1.700504733023501,-0.4029533732919804,-0.24410261686819404,0.3256413474984421,-0.5477616526385204,0.10111391225825955,-1.87042973816657,-0.3740239661821481,-0.13337232411030117,-1.31221554581963,2.8299192100470045,-1.4079820723680203,-1.84992476663558,-1.6730348561011101,-1.4878763980367782,-0.43130515041415246,-1.1832352215220898,-1.1826701419376071,-1.3198063237274427,-1.2540862816268954,-1.8899453132987016,-1.4749700976375506,-1.678593614842189,-1.6920884613724347,2.192797927146855,-1.3086700478552356,-1.4802950510976465,0.04738155879109548,-1.4346514257127456,0.09465370828798393,-1.215286388778292,-1.2766537401729938,-1.0333498650270654,-0.6999255694453278,-0.8360283302362651,-1.0145056137990005,-0.8634083776836895,0.36508075092636383,-0.31365278924954937,0.7327547502033578,-0.3852913287751492,0.11749079715600852,-0.5890478660566968,-0.12761151774188492,0.042800692695887134,-0.7927291286421039,-1.170152807165155,-0.48274679898094247,-0.5538552802948226,1.18337640793523,0.0521703992674909,1.4365466077991058,-0.1731083637136894,0.3372414336092791,-0.8519772403562426,1.0511455727632508,-0.9428380533718087,-0.11575979591992655,-0.4245276888979892,-1.1879315610524457,0.6883037161007765,-0.22599283365325423,-0.008845845475101595,-0.15537638839015339,-0.5680998719748329,0.2140348825908621,-0.4246537191572047,-0.5736553406738524,-0.021436468165574325,1.2177943433058267,0.5014722234978484,0.0005947759518521369,-0.03509248821243979,0.5568152128984138,-0.2762152733901522,-0.7635954122923948,-1.1702956306037764,-1.1190055736538003,-1.50123971439242,0.06933593809174397,-1.0680667438840714,-1.3165841073714835,2.0284326583068895,-0.6859177564234457,-1.1770775392404749,2.087539013013185
0.0705923949167608,0.6601190179580319,-0.5154242705898503,0.1249058460912044,0.5069847981483857,0.40317801896399075,0.024163213510243274,1.2556490506656102,0.1817863908007575,0.09095278546377367,-0.40503275210322726,-0.6545094447144523,-0.5349979490740304,0.46266482154751554,-0.2024714384924152,0.49747350565509196,-0.1611592431402501,-0.6187416639788574,1.0100687123277983,0.6188764225653972,-0.17310214628340848,-0.820944871132416,0.33273035003062523,0.43594799095338904,-1.190559436482629,-0.3122981187088842,0.1413518298816768,0.26080821032509793,0.8141635561278082,3.9329807527881155,0.15406857972998203,0.1341798415708722,0.48412604484195343,0.41803077328985455,0.3482562101107615,-0.23919263385218822,-0.2793678742908319,0.24858979764099168,0.385990417023692,-0.04195254764266097,-0.719945942799586,-0.6019422123581529,0.021688851905427096,0.1220904386582407,-0.07037844439898715,0.49891033000953017,0.6001619783823006,0.3767096492891073,0.37547017613752554,0.6144416290382516,0.0025705250505310795,-0.7921390801855125,0.12183901655017748,1.4658559504039546,0.3179425338166535,2.943551204830987,-0.3934193051164948,0.4064942146493753,-0.5018149361385216,-0.6597165018752357,-0.2551067033236875,1.0696099984590932,0.5560534319522094,1.073347458078398,0.4307581537219116,-0.517128179600683,-0.06811243357151343,0.21770213959622242,0.35748371450270344,-0.13664639355131328,0.884290275813478,-0.02303923949462984,1.2453986723159438,0.4944202378882868,-0.3375328460053155,0.4164994013556847,0.585941052714518,1.0128374275153895,0.30904592953022575,-0.7767916106787961,-0.6456466744420793,-0.2154196405659733,-0.5631505423137629,1.4207897602154813,0.40194717647468664,0.6236774254744137,0.3410786593032824,0.6295167125910354,0.2979065412775768,0.79474605488496,0.7311021154314975,0.569332465053904,-0.34857606433305827,0.1217531685737737,0.06426140984847223,0.36315955185215065,0.3739133919084576,1.2352178740459265,0.6539806010994774,0.5630768123192257,0.831755570222158,0.3648204386472713,0.7218464062160057,0.2208718099088944,0.11508544433601095,-0.0031667090998523475,-0.7082358422090738,-0.06419557257162031,0.3664131730914213,-0.30870704180618563,0.4256021595593304,-0.9070543620948992,0.072549467219551,0.22637921081213871,1.093147759392301,0.5204949521645286,0.34812235613733733,0.5310282628443346,-0.22633646989787082,-0.07637567688738657,-0.3906628240572323,0.12834463070045038,0.07293907266374401,-0.31459233026103184,0.14022303826252652,0.2951391756253354,1.0117936447127804,-0.21362201593666835,0.6277274070551503,0.3678712252528298,-0.49148762392288015,0.23778000487675252,0.15444486987720207,0.8476034153731912,0.43742050645493535,0.48094943965306325,0.2155374348856868,1.0981489815327266,0.4194803600515301,0.6203671622936813,-0.15537638839015339,-0.2792724011028993,0.3164983712891261,0.20193189364646866,-0.07422288070008061,0.4577786848266553,-0.8978896161201926,0.373415213371654,-0.03164653057014747,0.5041425136500385,1.0083446740341804,0.5058915413632438,1.2609232402814272,0.5790635952931483,0.2666262483076777,0.44195099080111716,1.1946671816595613,-0.035567000448190784,0.38197013764976695,-1.6551606054738923,-0.4881196384654681,0.5796073085614671,-0.45563604862485724
-0.03444258374677391,0.251377107849047,0.00365262432145889,0.14266884877532532,0.24438889734311578,-0.2133365873449916,0.4048064612874349,-0.4001297203776539,0.38708399030743823,0.04981983672015641,0.9886001309869306,-0.4415561274772414,-0.3199635180556825,1.0439070068153566,-0.3057001981740575,-0.20301109077598264,0.09935186877356557,0.21018988368706185,-0.7365723034622854,0.4001966830580186,0.12883385868202113,0.6711470605936477,0.4294666322828138,0.9021677513988392,-0.6737266826863945,0.2813501897689901,0.5435412036415276,2.129094752951829,-0.6598925688797371,-0.8772307620998635,-0.25669227016815865,0.8395363241019822,1.0268993496106533,-0.8510755576703491,-0.7277193986884533,0.9856277061102067,0.6374044392546003,0.9825621597796392,0.4046431809715725,-0.6097158349370391,-0.41696660163922133,0.3055337299201775,0.776125461759942,0.43432231070641697,0.4771498857888221,-0.3694206352943764,0.10619807713358351,-0.99256058826531,0.471675369394117,-0.39899325078175474,-0.20101196682987452,-0.0005046416411556483,0.18976599983288,-0.9609923660722053,-0.64615634892217,0.28399582263939543,0.1470923393481446,-0.3220302279427757,1.6205742669464411,2.010173846827251,0.3069558217962658,-0.7228214044301342,1.9331094248164251,-0.5762282051486806,1.592665421037427,-0.17976973842291175,0.38430296916163886,0.08797744623645143,1.253547879254602,1.1440052077600995,0.04098635984128594,1.1568397295342572,-0.5741240840643989,1.2817256093792804,0.4568875977520362,0.43949000776780994,0.15380586040978605,0.697916447421598,0.5186041471534035,0.9076597220264402,0.488263283622101,0.2849200385314316,-0.03265727916537202,-0.7674355108793183,1.0068607623138923,0.8202581324986853,0.5486412229133868,0.7353677132598664,0.3835048399467145,-0.3207357544949466,-0.6361322419725916,1.176537083596964,0.2968140276880474,0.43734394945475785,0.37532938844182356,-0.14557753058116865,0.5675422849727465,0.5282327575076955,1.1694502926000365,-0.30283911253030205,0.2555013963062957,0.36751977615639525,1.5176491813743926,0.3468656314552525,2.1172565625811846,0.017388828756868244,-0.6243733952207287,0.24660859022231849,0.4507391501695527,0.27882648936628174,-0.5177708913612341,-0.3149184532029215,0.6942490433365395,0.8428161436463226,0.823644842870765,1.0936505893226147,1.0519540733706216,1.8849004380397252,1.9333802933458535,0.3867092580144411,0.7868535060115958,1.067253235905959,-0.22284944993101785,-0.03950348027280424,0.6452111652548144,0.4421965373361123,1.3348332443048854,0.5031069017554536,-0.6801234243108638,1.3086588723442116,1.4796395373090463,0.3699438166596914,0.7344621974689204,1.433801241821948,2.170786104049566,1.0614327370663135,2.672470960538427,0.9905807812927963,1.2297622396973102,0.5324696773344344,-0.03664097521897935,2.138018598294909,-0.017413962536699516,-0.3966138018980557,1.8554171626161624,1.6266143773534283,1.278453890075741,-0.0956656990029382,-0.07489437508521238,-0.15709147772735912,1.0477701813279243,1.5464385478142175,-0.3339385733367015,-0.2868740572572271,1.0706881921653617,-0.24300498371092485,0.062404037096267365,0.0287772176560235,0.6940893137380464,-0.2334233767289066,1.8519400454105208,0.8629705096034362,-0.5069012817687538
-0.4808259996474079,-0.966475726383315,0.7467064136957866,-0.8840701962463547,-0.9276721010478856,-0.35811089474944957,-0.5412079700526187,-0.41740711099095185,0.5190049957587392,-0.9775907794226643,-0.48440852349929603,0.6504611843227471,-0.8538590549902055,-1.0292409564060903,0.2046572920619347,-0.9231784851612738,0.8520568446464313,-1.1152812141506048,-0.013164148972858431,-0.33117797861188897,-1.0536143907894955,0.20878769695745414,-1.055927441856788,-0.6632265357826356,0.11448779993599478,2.9325648605288492,-0.4093468373927017,-0.5700256477048223,-0.35299163261897637,-0.3556962456862294,-0.36874109845771635,-0.7341615310596117,-0.9914551110220107,-0.004663955595827206,-0.8453071672315475,1.5722482340939612,-0.8338651851740919,2.130884828373183,-0.9915699561186163,0.31962351969238567,-0.15002312415789595,-0.08214232048596373,0.03662367305511684,-0.45029918332841196,-0.37012405667732373,-0.5405377354055981,-0.5343204291091732,-0.93750465756693,-0.0702448714516387,-0.5607268206605748,-0.25520592920400836,-0.5322912239986051,-0.766377191146584,-1.4872345135990634,0.058382955258384724,-0.6908219730462121,0.4929966064087218,-1.1756889963043666,-0.7674633801589312,-0.8007776512526871,-0.6294134524954642,-0.30261207593047573,-0.7508512753585274,-0.18180743702154242,-0.9157330618753496,-0.27388908480475155,0.6027583512775856,-0.40701772961234645,-0.4322673685917521,-1.1635607198425468,-0.570892714285986,-0.9801201797608026,-0.21926330431118268,-0.7706300638759646,-1.0122646114372198,-0.579471476320169,-0.7173255620214246,-0.7102695709127032,-1.1686657699377603,-1.04603298570883,-0.6930406348178869,0.8095800851384812,0.7104563577184925,-0.6302550675746181,-0.409170632446292,0.8095479913863686,-1.0393640213511768,-0.9070389545624397,-0.7079634742261731,-0.42728196333479534,-0.3133869187863806,-1.000200533828916,-0.0902096628019202,0.4253546243148135,-0.8640944181802708,-0.0015682384747708635,-0.8281142379900974,-0.25236086249338,-0.43562761960638663,-0.5974018110955476,-0.3699586158002101,-0.9276688038749852,-0.7921829698827073,-1.1443209968632015,-1.1389694852620114,-1.1419451246194086,-0.6673893814229029,-0.006643624196001753,-0.7117848510062909,0.9570923591657543,-0.6803791796357743,-0.900421480828985,2.4510040937002677,0.047287302340085595,0.463335756462939,0.6685717419378171,0.45656882324460246,-0.09141193879443625,0.8186029330663814,0.5290707726137145,0.6231992344030102,-0.07521613524161265,0.3948854348835603,-0.9285093773836166,0.0008147859165516889,0.4810156878608861,-0.4970204912276525,0.38526519424507105,-0.016084605659307288,0.7171286122004072,0.8428826381709227,1.4048053310530495,1.3881184429784623,0.01511825691638893,0.5556749997601743,-0.05583227093258407,-0.5545774525200636,0.9908140209055452,-0.39319668723403334,1.1174732756072987,0.7347478439723282,0.7860454409183368,1.538347046755122,1.2519200488827837,0.631520453725771,0.2100943673682272,-0.13740698516389857,1.1841053658284917,1.130015951537243,1.4291791855614382,-0.3110560232642355,0.42746449163332206,0.21868978563285707,-0.9362880772760606,-0.8186796267037614,-0.7085088364312868,1.2104694975983334,0.03975558155916172,-0.9107247693334792,0.18679502171523174,-0.5431832619038366,-0.6572722092742341,2.2195867105355327
-0.8930425790871914,1.2951797584994234,-0.8253663298320367,-0.6346044717490115,-0.18972184543054665,-0.6567751219853378,-0.8276904088775308,-0.5839953285499279,-0.7900289782302302,1.348785977029539,-0.4146141575062929,-0.8209658332164195,2.12397592753192,1.5402532835483325,-0.7134049893500702,-0.3922657887744415,-0.9208792280210198,0.08491010937948384,-0.13385931658331443,-0.8336119669928055,-0.011115549846742238,-0.8811555236682311,-0.01821262107003726,-0.45679209426289763,-0.4794483130926135,-0.925617421387873,-0.8169639980506492,-0.45906220280891813,-0.35621584790322613,-0.9505654010653388,-0.6945157453865962,-0.9028486552282494,-0.6916440023797749,1.2316765633588211,0.35799298569250776,0.8917248096151886,-0.5323890460725804,-0.5989020436562987,-0.7859418665852199,-0.39373387736689963,0.2958913392888226,-0.9267011119372662,-1.0964227097351238,-0.5753121186848187,-0.8475087269018848,0.26744342391459724,-0.21251999724957998,1.9812565793820391,-0.6622433621572859,-0.6755541774417182,-0.7986063349423698,1.559870728378989,2.003457197866739,-0.8733706004606557,-0.46151098522390777,-0.559079518075587,-0.5272104596114084,-1.2058929134711767,0.029087773231932453,-1.216518117452101,-0.8613476268336591,-0.5464707588803353,-0.1515638712139492,-0.5588949466978996,-0.4145536628180631,-0.6189125085362434,-0.032609639455717015,-0.27043500720870667,-0.614646349361765,-0.6225785767372477,0.11894498727554595,0.033962727850370425,-0.49163615456715914,-0.8293010786566223,0.39697899876771686,-0.8322056522152359,-0.9778968354980133,-0.5903963802359377,-0.9469446023650753,-0.32187796502271065,1.138928815767939,-1.0140116847008225,-0.7101123261525438,-0.6104125471721338,-0.25728039062633024,1.5324191103819673,1.4056602651110208,-0.5804383997071745,0.08345977281113394,-0.5515238426872622,-0.5850195252431952,-0.0023553898096026218,-0.6206986593941084,-0.6228532132711379,-0.6169878892406822,-0.6979249601353346,-0.04324365370037407,-0.6444696457403344,-0.2640745335656515,-0.7508890639259727,-0.5297706077329124,-0.8685106984930429,-0.7178457599611586,1.4286540833420003,-0.2935504710694178,-0.9493981047317355,0.18746469842606492,-0.6484386179078239,-0.8921510093976377,-0.7973059136535064,1.175059885943224,1.4553485791024467,0.3354730430225087,1.4528273646891658,-0.3334202945998155,-0.8766533464049325,0.6218689410436559,1.1922013098600615,1.352955902693864,0.9014672327362061,0.9238629152890292,0.8863256034177407,0.5635055564338598,1.0354049500810345,0.8729821294241287,0.5924273433924871,0.488206739462323,-0.6154866094896434,-0.5429539993230091,0.6235762078876899,0.2216051524956483,-0.1890286898674452,0.3851152609065602,1.3353227363514024,0.5743800694208073,-0.7759056893902682,0.7911715439333377,0.593881840969261,1.1810239793046509,-0.6717806583173636,0.7548618655412144,0.2200839213858764,-0.7088524877368865,-0.23461443440412602,-0.4322464107864079,0.8766713414118652,-0.08914442900840863,-0.08347172045437283,-0.8297532147126822,-0.6569919254271661,1.0260347615099172,0.10173873540531375,-0.09264252918962068,-0.2715238033749102,-0.7251289365708948,-0.6227165183859804,-0.24073761178576425,-1.120016685056056,-0.7520418194077152,-0.6288707880617559,0.240811443330706,-0.6361684884065867,-1.1349695664118802
-0.46617852790302655,0.06160148815382212,-0.5691219961356307,-0.41938904874979344,-0.585227089880302,-0.2133365873449916,-0.37137693542774536,-0.08814608996098776,-0.48943694924465186,-0.13822067513765526,-0.10319984101529402,-0.624361309289462,-0.8285803597097139,-0.7953099579653187,-0.5604139439831837,0.004721525542101201,-0.3698490920559023,-0.06375674829203652,0.6473069275842875,-0.6689254516459111,-0.19526522834185678,-0.967839829521287,0.17942723095634136,1.5423602009626893,0.12815744930835044,-0.6252385043521407,-0.7134540062427743,-0.3997847641246594,-0.17676150409064287,-0.4177450171628636,-0.3355210195710917,-0.5412753381840987,-0.40178484914974794,-0.5551658656193762,-0.2513356827845339,2.7872170086611106,-0.323763598716651,0.0801589537358512,-0.08695447538956422,-0.6197027619738412,0.018488449863944937,0.0012124494394647298,-0.5643499419620783,-0.44407257405611555,-0.6467935435537618,1.6177052968614558,-0.013472863768131126,-0.16174998529670098,-0.364403051077038,-0.554616179262582,-0.1297724752955497,-0.840522957131846,-0.2586909719544752,-0.4590643520377258,-0.21384350538941607,-0.48111195396572504,-0.7131653743640266,0.1852589822391949,0.23310197341924946,-0.9311559426932591,-0.6981932311710798,-0.054725232944836465,-0.4930294420324485,0.07560395639976515,-0.2683865001476858,-1.0511154035913142,-0.5572130770174946,-0.3561191183351994,-0.36595809938917917,-0.21468975696351777,-0.19928035080227108,-0.22740033774527382,-0.06571960017877357,-0.6604770094613087,-0.8098743781900402,0.5279414513255746,0.13615774918902385,-0.2058501087702626,0.009514124903569116,-0.7271363491482319,-0.11616266928277835,-0.748523573907434,-0.5977201823642362,-0.1552463926643967,-0.4270667596914094,-0.7227021881126879,-0.06485589076848475,-0.296264998004817,-0.6124687638951466,-0.11713713379084076,-0.15093570458280847,-0.11621399509220283,-0.8452791527600786,-0.4228442172650166,-0.6032313375525545,-0.2489410046959495,-0.48880889160405516,-0.2655492666047731,-0.2844755862128828,-0.3599568791567773,-0.29692030582940054,-0.7099231202166619,-0.42988817017741804,-0.35221344761326084,-0.6481459688234013,-0.6743872847484057,-0.8312944285233208,-0.4490359032074781,-0.22278460943098047,-0.7321951961810101,0.007754107811599567,-0.49914010568275186,0.14075969531253243,1.3098098815759132,0.4829852720935125,-0.5662905516234931,0.6024909546304048,1.1928030481554965,0.2823895239085714,0.356427680987822,0.20187579870170472,1.1027119378565318,0.6422969166904963,0.9948227605229442,0.323450951025127,0.38075069266250433,0.6213828182940717,0.9909935093190214,-0.011784187528831765,0.5714292973094952,0.10397131382681513,1.1177697253019148,1.0304027130048423,1.3918855046472185,0.9196116899100781,0.02854048525444562,0.7213504527282307,0.27238453796108997,1.2622119688287583,-0.2067213494098228,-0.06804355611323731,-0.21903708519906742,-0.21999659004813127,-0.25295587300817374,-0.4638855915085535,0.8088314856529021,0.642838099701137,-0.30510465658537406,-0.35409980179835,-0.1298399435653724,0.7849444042552248,-0.2318736523812374,-0.07043258485673061,-0.08535040361863597,-0.6392764031895222,-0.31330134499666085,-0.41798984716242926,-1.0514547194625787,-0.2730681313581342,-0.9933410244724765,-0.682252715791903,-0.3067329421850085,-0.797785198082936
1.011091926550554,1.0345429006958886,3.070338970897359,0.341993269312554,0.30970058028503206,0.7001097017926702,0.48626527212883947,0.9707964242828098,0.6452721821093427,0.7618792225000328,-0.6652109305302742,1.1469492680869875,-0.2187173189862271,-0.007568099260323292,0.626328067434896,0.47805778640390206,1.6325499479665857,-0.24953724241481126,0.8145859637035554,0.5340085159394202,0.48488836453331474,0.9014433611164863,0.5545793859913126,-0.035732416660115465,1.6083888708174547,1.3884485876226549,0.2935524728324757,0.15355935287841316,0.6957279377950318,0.5161183409343584,0.7294618871706807,1.7714731202231306,0.3981368940104391,0.20913642021818687,0.44677173891170474,0.5326851976672653,0.3828282261708018,0.24313500609095184,0.7601196546233044,-0.24890818569210096,0.07247444746734595,-0.5824057804498757,0.439194806798992,0.06298260289902509,1.5282397486956132,0.8591626274923023,0.9017349265893564,0.7633462553206678,0.6375179700663561,0.4162562236767699,1.0627015489359466,-0.41274156447951704,0.18976599983288,-0.09819783787963007,0.8765025397351562,1.9557226921988453,0.6255369893773676,0.3974163669617023,2.2370592072809905,2.1981530909850764,0.730397826361669,0.8331638206421312,-0.10018686529520006,0.8359860488195482,0.6945342883599096,-0.5616604911283125,0.9101310072134444,0.32773444949655817,0.022001310263162717,-0.18567553611228563,0.6147571791689748,0.017898349724434628,0.9728571244004482,0.21400802407052838,-0.29370810598295916,0.36938428708880067,0.2867211396617754,0.6522417966236458,0.1728220673756276,-0.46786536617233837,-0.41428698983187634,1.9681559708472036,1.2599559800522104,0.9102154460622107,0.37102341586299165,0.8888888479181047,0.8107484380471128,0.7937540305766743,0.37387255526997487,0.9743390021397725,0.5626440759461717,0.3927102718471467,0.6935505083150068,-0.06875782584076776,0.49313378886357767,0.5648850703772863,0.19011547012739768,0.7385496837333765,0.4917192829105225,0.4491856117400213,0.5336857725958511,-0.2615069296778921,0.3390019532477694,0.4045235693728309,-0.08589001336235383,0.19152610669952747,-0.19636079004460152,0.14114057856904072,0.664442756617019,-0.016685532541217647,0.6044461704879194,-0.09950192646701689,0.38728086133551204,0.36572058281912956,-0.8040869508961381,0.00468070338488692,-1.428730896827471,-0.9046451339871633,-0.7923207177087491,-0.4644170720866715,-0.9164638940669344,-1.3290380175380851,0.48493405868064027,-0.6947519766523174,-0.44456288401722804,0.0385850896810657,-0.42272442927321585,-0.8212628026581358,-0.22673220470890576,-0.5625255712009631,-0.4111309220140431,-0.5833772242116547,-0.9139354681262858,-0.717465689428423,-0.5654020946008771,-0.032169316084769424,-0.021060586255066543,-0.6816743069070977,-0.5811125975113832,0.2499141605018201,-0.3281167345229721,-0.38328463565753346,-0.07949858128997091,-0.1134115489706403,-0.12279986821012716,-0.8259307574884056,-1.0088733471790297,-0.41228209700416807,-0.3297254234486788,-0.161349419499482,-0.7824967292730238,-0.3251804858425858,-0.8113267272631862,0.5790635952931483,-0.17998888170105454,0.45916308742254297,0.04131916016957573,-0.4413839454741002,0.298958477640485,1.8026031063747878,0.16581149040449156,0.5716349526743207,0.09810446939467495
1.872682283771421,1.4140536459792497,0.19083510358021905,0.899329844496038,1.0129589800441952,1.1090166977481983,1.1820966513247715,1.5520486943662484,1.5502267542435397,0.7455638641344681,1.2644853983180735,1.6778445537548308,0.36695634371479624,1.189320873491725,0.8616807558496472,2.317324729805023,2.1110134195284114,-0.10141007106535141,1.3654159054503987,2.452626563343716,0.7490123171977598,1.178888611479714,0.7719379583286089,0.37851068653769165,0.41855397749073114,1.827009284200214,1.143730820822985,0.7996954142657842,1.2363687993352779,1.040138420544273,1.3657850210036988,0.4318215821555956,0.9960229635809607,1.161320729270313,0.8477255802255529,0.1916413414132701,0.4698728903946094,0.3426719129189698,1.1397425588727097,-0.08671325868832533,0.5346650443256951,0.4028746694424919,1.2840467810981295,1.2223207128701374,1.2320701823613125,1.3929093999590065,1.3774822128414936,1.4160318095965019,1.4993944035891258,1.4201183201090095,0.7336851243485731,1.875433374380289,0.6797233243663356,-0.13564728573180648,1.8508334269549807,0.6105825538385146,1.7596363633914536,2.230036441256541,1.2298434074345397,1.418642127327604,0.9546454756444686,1.935925307224999,0.7696401893614344,2.106782427650069,1.6887644977132779,-0.6912383173970965,0.7329605952167343,0.5909924955169963,0.6084783831545342,0.12215430678461904,0.8985707050391071,4.975113234453649,1.5689755793902966,1.0074156415708087,0.5235687370237105,1.7846949981514841,1.2657040346111434,0.8784023552933876,0.7614802930965447,0.8112934990714876,0.601098915346943,0.8612078456293358,1.6587765948139284,1.2590313568193778,0.8317000188504632,-0.02581604644565798,1.5022329578785802,1.068760086785073,1.5495160303995577,1.727177924318779,1.1369710797081236,0.7948621635266708,0.8416865687172295,0.8124040229086621,2.2925441856992075,1.5374939471685745,0.6554517883789258,1.4722927913071113,1.0265370394877622,0.9958669331483577,1.3997434048242412,0.530947424419492,0.9865121270911178,1.4095188378979966,0.46712026240421317,0.9081472053556242,0.1618841915704048,1.0702875201121804,1.7816126288443799,1.2855871028991026,1.7547506495918097,0.03547215391187233,0.43512782584962556,-0.14898965259595595,-0.10277641422507157,0.22588250845383961,0.47341012843946073,0.1355312504106082,-0.24870285948994597,0.10489529372959358,-0.30745317031207076,0.23897748950496883,0.8281426213700988,1.2206464646954982,0.26542159240647734,0.5624119222029113,0.18731381857288873,-0.025649753627365348,0.11485502807250218,0.7682328444680762,-0.383627264802721,0.46583193044042537,1.0579821709672235,0.7546880016815272,0.17144690266184598,-0.18828763270134494,0.270644952262494,1.097758831727293,1.4041554505498484,0.2605974175192248,0.8808690164981038,1.0310988545202149,-0.17891973849233664,-0.2135589700194096,-0.13455577312604988,0.29592560807057794,-0.2137100996615706,1.212512129280327,-0.35409980179835,0.2521339934057013,0.6718003854522964,0.02522340944494677,0.29584286308150065,0.8334573052214566,0.4844724227991685,0.86606481793343,1.998285244447482,-0.06476298722868558,0.6447750859110288,0.18942430022637277,0.4207903618161897,1.280011647356783,-0.00963194235712792
0.0705923949167608,1.0760774699303612,-0.8764854224594721,0.44370784770192295,0.36067587909989907,0.8124811850621403,0.37037103947918604,0.9369047837129194,-0.23093582593956652,0.990338655583917,-0.5052865103161709,-0.6198043843602824,-0.3045463207848938,-0.28956184155328263,0.0740163286870564,0.8115630101800182,-0.047249022726212765,-0.19103505964469217,0.9262260854547414,0.15687848672180987,-0.049288195153810666,-0.26110885106432075,0.08109400096817522,1.1211617988851876,-0.5910269391874277,-0.5903522130318287,0.38692211913328806,0.14419564374277513,0.760527125155416,0.11146194956251518,0.441076305703354,-0.4555066877833446,0.16076428907429247,0.9519517166819269,0.4078334052634136,0.150579131875361,-0.2292053962077494,1.2191550784811613,0.026167767542189403,-0.20240658559000183,-0.6277240569312749,-0.9416726506132741,-0.6802215579407881,-0.2927401894479802,1.3478970188268458,0.8362240844115785,0.9952620629089614,1.3310801544044402,0.3979738201786672,0.2586259908533296,0.24458002366144999,0.006116577307841323,0.4299686696933473,-0.15921441129562877,0.612254922088523,0.2449543264803796,0.08686914455946507,0.04949881854380884,-0.986598602987453,-0.44228804113449416,3.11684173702636,0.8601470487034036,-0.44747016992367794,0.799728543025945,0.7266209494483088,0.2266856371852783,-0.343849159894997,-0.40701772961234645,-0.334036790471123,-0.46946276922215896,0.27846032039989027,-0.0996950002815821,0.987012364916506,-0.09408534067818432,-0.38358312491460594,1.4877169076850125,-0.0004956340417331006,0.01799476383189711,-0.3842637250055428,1.5234223139574385,-0.8065468810320378,-0.9130138097205623,-1.0154081542790392,0.825727797290945,0.3447431360012169,0.14864362592208655,1.4285959239911954,0.5830482288530789,0.2044820149481037,0.9967753436417642,0.8177008049425006,0.5386823720596164,-0.7996964880141653,-0.39703097145198185,0.48036100400865456,0.5871781382272683,0.06037632526809579,0.7127282686904446,0.25342007956450585,0.37401950815867585,0.635982301029338,1.0757223559546674,0.03843563096278283,0.9214201468397489,0.019599151579653397,-0.031236475973155715,0.18975129435993093,-0.24236415228941077,2.1388948415123634,-0.6029489034018719,0.4393244319385694,-0.47103303355751797,-0.02126443667188191,-0.18563494542481815,1.2283306245049406,1.5104439409416386,-0.020518745455404955,0.16455435053969603,-0.7422818225078703,-0.8119261849701606,-0.40426476215725116,-0.11184520425099936,0.12708407217100454,0.5318626131845844,-0.9512604434789679,1.091928648340621,0.44596424181093075,0.24701723251562474,0.7103284800990217,0.10617339038608554,-0.5597326946030802,0.2283485897825856,-0.18085154753755883,0.5113131351339569,-0.058923434650431976,0.8013562820470763,0.03302752189805672,0.983305031501394,-0.23353732289521895,-0.05647313931320298,-0.41132990162606214,-0.7123477900830436,0.1977931273766282,-0.070232431617252,-0.4719429669591915,0.3689579395559684,-1.0074187606135745,0.5244010380066824,0.015546542320859337,0.6922889002734958,1.0660052754164577,-0.09134206564103022,0.8217612682723382,0.3530885872742682,-0.4627690230301526,0.3403380262836774,-0.07123640036384309,-0.763121060846898,0.1644957140974073,-0.16597833475830723,0.379531720665379,0.5474095999569845,-0.838791102008054
1.0369762105780014,1.450958911648738,0.23140256754175342,0.7946675008125687,1.8352912744959324,0.938712526021865,1.4251808377498174,1.1682214911928126,0.792595353293992,0.3135118598503368,2.5386735780636394,0.03513376545001535,0.7124028693064417,1.8287703066074328,-0.14514069161861207,1.2843882400936855,0.27869946484018754,0.5146969663250146,0.8027901720387486,0.7809331771890831,0.412960789063074,0.17138110299979334,0.9979773536952957,1.069075654514357,0.2675156741581156,0.47034429371197994,1.101282969797891,1.658613612879661,0.9196516755824771,0.1716006819222082,0.7982550783853561,1.8219680110544205,2.5045142848080864,0.48435108943789973,0.30645129069184135,0.19952615722013858,0.14450873191657185,1.010573157829296,1.3767394267339073,0.516305191005795,0.6371719265298069,0.06388885943534334,1.4239298378584966,0.4806003879603585,3.607524831808394,0.730670368699276,0.6866483464815885,0.6213788921658375,1.5678101125127029,1.2683865340795495,0.6303932661032324,-0.5630715280198337,1.3046814652647234,0.5550685479106624,0.8290267007281512,0.798440781719769,0.3626146038097827,0.8793075294447152,1.2820942709251233,0.14452103955345177,0.9642463968870476,0.6051404047269203,2.6927810004531896,2.328278834935165,0.6338036721834045,-0.6687228031282658,0.8023609980394413,0.42707136991651495,2.358091010710325,0.760743209099926,1.3333379339243256,1.827780325492459,0.773202456399027,2.360548825519062,0.6544025066214393,1.5451998627404382,2.0990663614745997,1.982581785052535,1.7402308184708684,0.7253836312625846,1.2779048927705037,0.9194343415626207,0.48983845095592704,0.6690144233806731,1.3741552357259383,0.34913354350339953,1.6289403946639265,1.7067035153932537,0.4748067652190976,1.0229470332326946,0.6190453117639267,2.3438121735396686,0.675421287473782,1.606166796862132,1.88766180937652,0.36890068693589495,1.293087431864614,1.689024871420628,1.8668788497681958,0.9035147336595127,1.0273210947305296,0.863829598197776,2.524559019413791,0.5792965557950069,1.5458179840524606,1.08180803069408,-0.3474338613151695,0.617622466013953,1.4639178879992745,0.6296286114131592,1.309202050527447,2.7508325883640867,0.6423887663379051,0.5358778653990941,1.3658233834332176,0.0785233422487679,0.7422601415001229,0.6482108167284965,0.2285488338510272,0.31871496831555773,1.305933835025961,0.3684825091375147,0.9904602038631176,-0.02315443415550556,-0.07573691288230257,0.45743571155481794,0.7567086436136212,0.648229616532924,-0.41351456978943046,0.40494008030083856,0.4687308464181157,0.6890253188379591,0.6846267908417017,0.8064712973104543,0.727761794811705,0.585028163372482,0.30819572968080206,-0.03855558607314765,0.3952054321165833,0.3171433996521523,0.27314370600452237,2.337912288429562,0.7274365084276314,0.570710860387203,0.6544686220681775,0.3894838977573884,0.8369283918214053,1.090416252994902,0.6684922419507823,0.7445041737831053,0.3782361498027466,0.2733314990608455,1.1404411054314785,1.33131630206788,2.077803732310402,0.5256850141815183,0.6284175853027767,0.9082079252445512,2.314030696998267,-0.2733937548053289,0.4527483578571399,2.170663563057009,0.5534425968899173
0.019273854054055784,0.19014031839596277,0.06414731643661911,-0.3182665532222476,0.42024352931775844,-0.24123362302966148,-0.26407549212007403,-0.20499899029353502,0.013526659606428945,3.3060883558097727,0.7812505393750857,-0.43025134328182824,-0.5497443703816568,0.853496709968391,-0.9015311716739612,0.11374227991156004,-0.30601744341474124,-1.1840568626657242,-0.31193266983560436,-0.18537655317980561,-1.106474366823357,-0.9028840624356596,-0.03113547716277981,0.1752545016677527,0.09623479037520742,0.13015939031457185,-0.132528494386575,0.39863062082239653,0.12660212271036278,-0.6045149773425365,-0.4626855494800804,0.5910534849661695,1.4406520115466492,-0.8510755576703491,-0.7293017354849186,0.6161436183190064,-0.4641008471526071,1.6446853769826664,0.07515154562597134,0.38851871714158465,1.8805926182844548,-0.5633345461724887,1.215583499416462,-0.31479577962036315,0.3481736390349353,-0.16652171362990326,-0.545118271389553,-0.31722167774653026,0.652254428465494,1.9318534934914016,-0.5163108316411483,-0.6666783751599059,0.25055413097734647,-0.18691112859868317,-0.4644131023383796,0.04062988338757927,-0.7131653743640266,0.6198367821595593,0.3569680430105807,-0.36968007330987673,0.5362146722750172,-0.47131397207903847,1.7005052339991638,-0.19877957418751369,-0.0606822477237271,-0.5190207629268095,-0.10002265825389177,-0.3966333660094921,1.1070425242735502,0.8506216874180496,-0.23665966661745605,0.9389956891873192,-0.4643679555011438,1.2354608925561916,-0.10511274949890374,0.09779839073336571,0.4900699511100705,0.4680001951037987,0.3390751916739951,-0.42391193628408197,0.8560346921889955,0.4248528115151895,-0.18681403116728382,-0.7164604794636534,0.13398694525210442,-0.45340806294824715,0.33048015674503817,0.33682426026058687,-0.6921635608453552,-0.3134350685543165,-0.5659664666506083,0.8337205839708721,0.04852329100569676,0.3633600328050908,0.026203088000758698,-0.6585456522002527,-0.020407548516505756,0.4750733080765768,0.603714858424778,4.177118137124821,-0.2087160191568219,0.006291257795690666,1.6784678040410934,-0.5408126030436454,-0.17295017019010991,0.11436355488180179,-0.3243851917955525,-0.10069164582553126,0.10703750679582369,0.03175643041496386,-0.19974483721042627,0.31138097428733824,-0.17187460765770912,0.629743215475247,0.6804146376324662,0.0785233422487679,0.5226691876199198,0.7950952032808677,0.7612203170863032,0.0573597865304025,0.2376930966875011,0.5337487152120747,-0.043246855381859656,0.23374424895682974,-0.15223712763039496,-0.2473140353511967,0.26428412905359344,-0.3713903997210599,-0.34180198008643564,0.12452017151732764,0.204808611181041,0.29026328136934654,1.1467285273558088,1.1165704424298022,0.6471678382475677,-0.4618610341488985,0.2735734184041194,0.3750874857727688,0.6326601054024725,-0.34773980964633794,-0.5140168301845275,-0.1762574878465008,-0.24842396724763458,-0.4282044718325438,-0.726215641833879,0.15559704655484746,0.19398984153332569,-0.019236570498920327,-0.446333082116403,-0.3079368131172159,0.17147932552274603,0.4282645694108368,0.7866525994549424,0.13870206530366636,1.2080840180691768,-0.581978124104224,0.31549117093616563,0.7892560876710829,1.0408420807730971,-0.7296818496372719,-0.7007236488915446,1.0401146994657924,-0.47126647103284225
0.21611560414337644,-0.9209324645971995,0.6581373887377412,0.4737355711548264,-1.026262885871956,-1.0120164997235472,-0.5412079700526187,-0.8690976859794816,0.5290298530654062,-0.5923183604023755,-0.5706948994794215,0.7451955152487455,-0.208300227909813,-0.08983327448665457,-0.9881459915600909,-0.7891382254115971,0.7457652428121792,-0.7080568222722099,-1.0253915640327,0.0017212743997052009,0.49640293790763457,0.010865288747384228,-0.9772832810849575,-0.9284725018764022,0.3032337876489649,0.9036101212856513,-0.9808265363024151,-0.7864561085928103,-0.7197387313967909,-0.39200706418446785,-0.40689452250388697,0.7006938053910701,-1.0602250835652018,0.059310535874692344,-0.15534228310665396,-0.009782513160668672,-0.9602577202407346,-0.5538548547038631,-0.9730987340663322,-0.8218647008314774,0.20889494626402155,0.037625719736161155,-0.09996746433559445,-0.249828561607201,-0.33233473975975136,-0.5066408432140206,-0.9940937362297916,-0.5284357214368793,-0.051141913535729916,1.0679421001199854,-0.20230308085023194,-0.5935096540894619,-0.7207093921831512,-1.1335789462033117,-0.1276228394326883,-0.31397307625413984,0.3823667132000322,-0.786464309596307,-0.10934432617337028,-1.002648774349953,0.15075902936582766,-0.907771564523446,-0.7224457899887926,-0.9592034389137594,-0.36437056016766434,1.1554828703674311,0.7471508897363246,-0.7959822608826626,-0.9228515626013395,1.5319051414839735,-1.0058602174625277,0.4250489729990493,-0.6876217220545635,-0.6604770094613087,-0.1662008864868324,-0.9472175978005348,-0.4042641669587417,-0.352934484511503,0.4429208916580389,0.6875665696065809,-0.5483060766420031,0.495955688547293,0.6333047311792979,-1.1259144977969069,-1.0734890112483353,-0.9738702080063703,-0.9990093731407157,-1.0729107052103741,-0.4576917532456555,-0.9061531259325544,-0.9080413758490299,-1.000200533828916,0.08957190114211501,-0.5919494138642005,-1.1047312802076452,-1.069061107862682,-0.608357382005758,-0.9563693521455237,-1.0436039946612197,-0.9656679430793479,-0.8604923660611244,-0.3932766705572309,-0.7178457599611586,-0.899911544977317,-0.41599815601614587,-0.7950644192418973,0.6454389852047115,-0.7097200715170915,-0.042992588719823276,-0.5273211752070447,-1.1321712487593665,0.08898607080772478,-0.2131911563644351,-0.311472210264691,-0.0218617598082717,1.7311123586869892,1.3661901421152813,-0.7241473782541759,0.8533503037146788,0.9014672327362061,1.6295494808937072,0.02558502018025333,-0.25780763595671946,-0.7838871333986456,0.9857547194357945,-0.15869658731759823,-0.19231276459786906,0.14798725465921103,0.8095369562025043,0.39983599512494555,1.3425123648086146,-0.7172101236115469,-0.49139496408189937,-0.44609021098600926,1.2794869275816527,0.11396548901947064,-0.9126252652939348,0.28217001392750835,-1.3673647745932365,0.4385318264759683,-0.30042735094191997,-0.07084194696124427,0.10876862490536393,-0.22856140618631882,0.5265323558436495,0.233105948645827,0.41204338176429245,-0.14488548448583055,-0.03164653057014747,0.06705993519845815,0.31981758669075755,0.7971609247623512,-0.4071775828104145,-0.7987558005038253,-0.5347941905546043,-0.6488853696927716,1.0688614522900022,-0.915357618668828,-0.8450947403567528,0.26609906429740454,0.3013497169495542,-0.8526050106819824,0.5809385529794964
0.5960823649955839,0.7237353835574956,0.2727816082847613,1.1195597651141234,0.3717228343832566,0.1412039264855615,0.7608283974526737,0.23494826833826363,0.22156387323389248,-0.2922350051776793,-0.3139901667915048,-0.39258217392746647,-0.6231107368267959,0.13118162937198033,-0.5078429478313731,0.3499402309108708,0.8857846924575155,1.8580801904779272,0.11646753930472573,0.02891932678387745,0.48488836453331474,-0.5161027680485458,0.4978762953465904,0.34582790367959493,-0.6081600646857646,-0.07685628426523987,0.45359912162434385,0.37537925745054984,0.33603261409329105,-0.43808955992659904,0.6603131693105466,0.1341798415708722,0.3235113507487328,-0.2032249070235505,0.09779542206215196,-0.196290733553752,-0.323763598716651,-0.0777578787063892,1.5110489798005942,1.050882750357115,-0.15150134224260703,-0.21994796985105097,0.7658721254576247,0.5732991926924044,0.7238533953613268,0.0008512728000510591,0.14669572183692522,0.13576911195834426,0.1476239925248647,0.5245037794687726,0.853733931124571,0.36410798604739636,-0.1273293952665118,1.4941293239600852,0.26251410816798393,2.3134638765739877,0.022589498608178788,1.7792347938752942,0.45141281156618124,-0.30855423500862766,-0.034307094830895314,0.07160976775662987,0.2216812389434646,-0.07688715237254808,-0.08134825844248607,0.08044506098969388,0.5322181682836253,0.3749704721232244,0.4890630204869807,2.015158176102416,-0.23665966661745605,0.30354962905708816,0.1308144644582441,0.4794542645114452,0.13471976939458133,0.20909650058331702,1.314359542431937,0.4014265032568516,-0.2894150469633669,-1.5139681903928703,-0.6930406348178869,0.5230601389186287,0.15070785643443957,0.2586476228732548,0.7006431186917169,1.8420391277001857,0.5029017189678989,0.39164843346825545,1.6252174826472727,0.47632232010218933,-0.06563613954398166,0.4346580727924411,-0.13497442462260614,1.456742522553557,0.1574947356743694,0.3141604697017202,0.5266927467742657,0.16850932072690358,0.7132127066647775,2.2653522598939544,0.12343475696581967,-0.2512889317345639,0.2522257372327858,1.135532782970013,-0.15790779880636668,0.12966406152149743,0.2338384154757474,1.5623355574375983,1.2900892180516952,0.20951875600849923,0.8692825830258838,-0.12702003667572748,-0.03538317778250045,0.4224078706115965,0.5673164104531748,0.8738906980844213,-0.41518568176676995,0.3064052470709859,0.5783554364511145,0.9565019502347265,0.1683797071000115,-1.0104696376624425,0.005676331131392307,-0.04047756885820665,0.7452257020762556,0.3617666566318089,-0.8360717219224957,0.5646405033421042,-0.22979860294913265,0.49637558045959823,-0.4052403380071623,-0.07921883111002326,0.1516182317676168,-0.18841799452185715,0.48061454316357166,1.1028165685041533,0.6680924815123651,-0.1977974472190017,0.3248435987827908,0.9404075243397543,0.2756056152798203,0.1237384150470077,1.3718604270483123,0.7306337731342751,0.2366197095647896,0.7327575658761222,1.234626213820999,1.0580917089493775,1.3356150549609327,1.2048689341818968,0.6323588328099511,0.30902492608394194,0.620938459536931,0.2919990876117349,-0.2344682436045649,0.09902872863916651,-0.14530628626913833,-0.6753292521883086,0.17231175185288958,-0.6076143006523091,-0.24843961487182362,-0.07244781071458099,-0.22942725140063977
-0.39561583937924616,0.06160148815382212,-0.41358118795307613,2.347742344587704,-0.4602443899680179,0.11216811074345266,1.4763520558410228,-0.06796704821295772,-0.5721796373722612,2.219939989223329,1.5109473450124853,0.47456548756006844,-0.5534671668524359,-0.41303887222796737,2.3898242555849873,-0.05229569822716687,-0.42277788455756055,0.39602341045399714,-0.17361406492254206,0.13641882788224327,0.16104096723976516,0.6769102917092278,-0.40030050996544153,-0.4221656796085082,-0.29647606838820856,-0.6884853233943881,-0.132528494386575,-0.3853913151494216,-0.16570912110549324,1.047454108318281,-0.2634704162400099,-0.5866193496184231,-0.40178484914974794,-0.42055065587253226,-0.11772952985073198,-0.5959115462591081,-0.289742590763939,-0.20384219174492035,-0.21119254915143598,-0.7441745022560416,-0.3407744319996404,-0.592114432635148,-0.7479759879948531,-0.34867197388545434,2.5094516863982124,0.008294872550985958,0.03654904233208513,0.051952003439015,-0.41368647950858667,-0.5364430897835909,-0.03462830230215172,0.582416619154964,-0.14805583722160287,0.6888483732120217,-0.19864466293049918,-0.26970625471317955,-0.08275440999135986,0.14257628389356414,0.07643703147299193,0.334816596518022,-0.7646847367938366,0.13022492714847525,-0.36120652149558113,-0.1485543856069251,-0.4480154879732861,-0.4374442160465539,-0.5908833968765819,-0.3966333660094921,-0.5021626243567229,0.06357239629778969,-0.3340028149703137,-0.693476808872495,0.11882979030549229,-0.3199454616766561,-0.6831109026166093,-0.08719873677443649,0.10271032829506677,-0.2568072417632197,-0.10575152254328596,0.4944875380550108,-0.6304545264553213,-0.6807413516741416,-0.7613883012667355,-0.0023913019558305117,-0.24928850174486938,0.1714566139337454,-0.1859987622872334,-0.2622254569008642,-0.38771495081586266,-0.23217563448912193,0.6137946566255402,-0.4439689599669132,-0.7308356079072733,-0.47636762898933727,1.168049630949821,1.8420616748391234,-0.478414132323817,-0.2071706594816564,-0.16603607804186105,-0.22501228029717524,-0.06967322878202785,-0.6169185044038237,-0.4016986888897773,-0.14793496810999884,-0.6915664760574394,-0.4911153019024958,-1.0344286078937208,0.4182197513136073,0.4470133046607153,0.9296903812111341,-0.45217434800238787,0.9967675452476914,-0.4071874821299897,-0.8971978466204862,0.4166394077211652,-0.9206895790226752,-0.6717470000723115,-1.2325673813952274,-0.690060262841786,-1.020021517931736,-0.3839757083891848,-1.7502835520635978,0.6625896384234362,-0.880899505688344,-0.9410345827222265,-0.9836407231478425,0.23710899606193978,-0.2708400981546538,-0.0356276632568388,-1.2926552252112389,-0.5644298207590143,-1.1269469066234674,-0.7102921997169803,-1.0477208280344028,-1.2445240768786887,-1.0050109863112386,-0.6820943420246427,0.37327485842933866,-0.8129503838642256,-0.9234345871025135,-0.84650364353832,0.7793190942175008,-0.8175139469457907,-0.9263043624270612,1.1602075536739564,-1.101560329282426,1.2867370877452327,-1.043414249746749,-0.8145458502503449,-0.8264040503439796,-1.0039818056172793,0.14246523699759728,-0.9796921900873422,-0.2868740572572271,-0.7553905006197557,-0.2659907144915586,-0.3391847874583666,-0.3524034597140594,-0.5825432807685914,0.8309382949473996,0.26231675650086234,-0.4606775467541487,-0.44947800214524963
-0.6556159043071256,-0.21597988626347162,-0.6798093787997498,-0.6346044717490115,-0.7378005069069229,-0.45884097288838444,-0.6556342574433268,-0.35789924103631204,-0.838251715354661,-0.4851352791630308,-1.018913967767066,-0.5349350460217094,-0.3316935387207261,-0.7953099579653187,-0.9334606392367519,-0.6080690955269645,-0.8528191042273532,-0.7583739384827507,-0.41818843841394127,0.06430897577403984,0.061232999320410264,-1.175458178163405,-0.41729611151768625,-0.8493582254164223,-0.6098366758719275,-0.7685638734604266,-0.7668486723129591,-0.7287629798560338,-0.35621584790322613,0.781744755348007,-0.6329148840011249,-0.7082528189064488,0.9908082390986599,-0.8007912582126284,-0.7073275633032505,-0.7089831734856277,-0.8648324014906854,-0.4807788962207862,-0.6510532341444589,-0.9593155745682307,-1.1597965832642432,-0.7906197990798718,-0.8972114492731866,-0.7388354372389339,-0.8884479003369417,-0.4309100584382413,-0.3506169653193459,-0.4572774550325204,-0.6521301646275586,-0.6362197641996779,-0.5581044543247284,-0.6804898081304798,-0.5501742719999133,-1.073910059741551,-0.49383085111185004,-0.5216651043595733,0.19188163457179677,-0.8430916594259434,0.3569680430105807,-0.5916734225273255,-0.6183031982386057,-0.4771604710184638,-0.6410321980209602,-0.48110669216679325,-0.5778381242602129,-0.4202463671454399,-0.8474495786937999,-0.5893391165956059,-0.6544263288445937,-1.2908347140293615,-0.4807540417489323,-0.7876402849456013,-0.3507724231293687,0.5668400736373145,0.14268757170098967,-0.48239836855319046,-1.1007645925752854,-0.5649609311471254,0.11025489176451395,0.16732020755859295,-0.961398661394649,-0.8211513674355904,-0.7720006245334647,0.17689741360534683,-0.7936128923627723,-1.1483934120838672,-0.4688502875253548,-0.3578082386986733,-0.36361067964939897,-0.45932049248157375,-0.5659664666506083,-0.5035062661476862,0.7172216624610669,-0.6874019673572221,-0.8469252654246997,-0.7237102061833597,-0.3783701421221327,-0.46480789379922094,-0.6037423775208569,-0.6546990548783324,-0.5793251559609546,-1.0125753658485404,-0.48828913285209474,3.1372298945682062,-0.8791241077166668,-0.3310829082469305,-0.8758423696868582,-0.7621332122394304,-0.21085240737498112,-0.832017238977292,-0.5607193564572339,-0.8486343606495038,-0.5678768920586882,-0.11411782001714361,1.4425714469144348,0.6548240548618273,0.8305255159946217,0.602397807750429,1.243334963718674,0.9361915708754714,1.442224981095523,1.1763495536415338,0.49126651014363765,-0.6159791611969222,1.1822666598797753,0.5832059140555561,1.056330499133069,0.813037847015082,1.3453184456200513,1.0236896436694136,1.750547294991358,1.5145287396424294,1.4393028811487871,0.6842178327292455,1.5223178380160096,2.507008000888375,-0.041696584646776086,1.1302330001497516,1.6368814191049927,1.53791539142691,1.5436114707119482,1.6450658457978753,1.3255749843352704,1.744064937243223,1.6429153574896689,0.6419059947517235,1.142351890649058,1.2988399639957589,1.450277680533065,1.4557373420816861,1.8417869841082155,0.6674170295687378,0.383241260274107,-0.4585723174958317,-0.6392764031895222,-0.5185447130236457,-0.8476091856278162,-0.5411750026172123,-0.7223398548478352,-0.6420055379523548,-1.2152738699072942,-0.584910684338148,-1.0108442321880728
0.3087679326740525,1.5632499198194434,-0.4744427385146338,0.8191189250103202,0.7639709753280213,1.2343614838410264,0.9015478123919276,1.6914018251438152,0.4576872816097915,0.8874160980028033,0.4159489167647349,-0.20826317407272885,0.1281524465356509,0.15685662078280627,1.5853114160272925,1.454709468771288,0.29663086572940695,0.002165931039156263,1.5010433339009872,0.7403671592695684,0.07855346746366504,-0.4125945490955607,0.4754418973680485,0.2890297118577956,-0.45208435186804535,-0.019058287786353056,0.8926476741982531,0.4252255503534336,1.256478547722216,0.5311375591356168,0.9529010097023117,0.3667333463511447,0.9960229635809607,0.8393762069508816,1.0173078638351725,1.8108044157107002,2.374734682935936,0.5275589912666198,1.0958361325967065,0.007584732884537624,-0.3941007591759136,-0.6219671053265272,-0.02958646240755625,-0.11554329502267069,1.0202365257710835,1.3835567460839868,1.5728827364336688,1.533592462850073,0.9632150728451429,1.4523528527155758,1.1943108363944384,1.725591697702053,0.6978164879442065,0.3259692222951692,1.219563296150803,0.6973004477566427,-0.06177221963926963,0.49008284273665653,-0.572911379875848,-0.3918908903822717,-0.04836376853187816,1.443506414574469,0.16918699330671916,1.4372706160079873,1.385564916133565,-0.5776625488299336,0.19489540598481728,0.4566553306111085,0.22127918953515915,0.22836722607099055,1.1282197851136029,0.1565840593901133,1.5829355293143146,0.7008959296551266,0.44370155109486586,1.2315951885798362,0.6397987564458681,1.1109134309648085,1.3458772565640318,-1.023789250837015,-0.6342255200251374,-0.2154196405659733,-0.4367072446806546,1.48361424933138,1.8138978136237784,-0.11024339154139631,1.3162430363530033,1.3001768877340376,2.568921808888537,1.532523127873918,1.043323897566187,0.7071649467953903,-0.41299111578038095,-0.14714919048811156,0.6839733131595194,0.9633398303280363,0.8167359342525774,1.4628725378665386,0.8921677082888347,0.9806367274992264,1.2439250663401498,0.29478968721869836,0.8336372540111326,0.7974298569007726,0.2581659376126271,0.5350988089805803,1.6673143879513086,0.21288360017294625,1.0065777065270924,-0.2645779994067709,1.5288930308548072,0.0324282460845136,0.39200838772902824,-0.26623877770930154,0.10093883895784397,0.1434228130172559,0.7531066222573319,0.9098469429041279,0.22138152956611756,0.5406513411080627,1.335228446693835,0.6747270070303184,0.4410513210459389,-0.30877698680082427,2.483623006193814,0.6225797715074398,0.008753570201479688,0.5197102855240764,0.5113585884048164,0.4701819219425241,0.09074024263785194,1.1082353045943374,0.1041397906986975,-0.5271869056783651,-0.15725621755482538,0.2927423629630604,0.49594096842701757,0.6158087674749438,0.995313142536089,0.4665815054360151,0.4336063328081354,0.5185575856340912,0.925673863969408,0.837218311741905,0.648777314647711,0.07966573813906946,1.6213667808726784,0.7666075379005378,0.6555887402749548,0.8729681352794402,-0.13936150442636766,1.8188264795200935,-0.24191081090851768,1.0188393765638992,0.7765736158726326,0.788624699973967,0.3852749508065892,0.6886728654939346,0.5225270411499178,-1.272051048458772,-0.40844609093583084,1.0290517042526757,2.7025291657573756
-0.5031531280237236,0.06851615244096054,1.0797016933473305,-0.18753969338356577,-0.6465196975900313,0.5944393341353317,-0.2599431303745768,0.08918953326910734,-0.10466863958896466,-0.2370545716931033,-1.054978587441037,1.491101965373586,-0.708488324042366,-0.536515902902652,-0.6504828884792676,0.047858231047302385,0.914909261939818,-0.7301429615657096,0.10690177432002092,-0.05926393655230201,0.34893127995330964,0.9164056354349429,-0.505508841924664,-0.4745357857295726,0.604775236086597,0.6672322563637754,-0.38909639648694316,0.6485623282273155,-0.12515492472566003,0.7128285927803276,0.8140069178829967,2.9107461711356297,-0.37307539316498,-0.2783684916699698,-0.263317687115662,-0.3429389540562983,-0.654889020233583,-0.166539074597399,-0.13330604096256665,0.457706578398558,-0.15150134224260703,-0.29383576287674346,-0.46710552080919293,-0.5277000223866665,0.10741509315866525,-0.1308148777601697,0.1596289328971223,-0.018202843459787097,-0.15645969648672828,-0.45462926930730374,0.07345899761871871,-0.7938864266125271,-0.4489087723016205,-0.5214289155772145,0.7589959001212935,-0.2842549916741348,-0.13732076011781255,0.1830527092520046,-0.5156363900817414,0.3112524369388237,-0.7709053654549672,-0.1452893720687349,-0.6410321980209602,0.016154287883912082,-0.23379225545692722,-1.2197165910715546,-0.0636193064064177,-0.6404923267612873,-0.6747849752167406,-1.216341469185491,-0.05772040525476832,-0.7738174829034078,0.0715355926301139,-0.6429677316074817,-0.696351950375213,-0.5950054897343153,-0.5185954039197469,-0.6425427307253079,-0.3842637250055428,1.9433862912561584,-0.7972185448188285,0.3930598547447858,1.5137047583396424,-0.045708042474520545,-0.3061737757278142,-0.8908222847405017,0.06345818459656369,-0.45047426226999415,-0.4321531081645186,0.05993991083654784,-0.15354571157887065,-0.5341563591419751,-0.030731572206165885,-0.8676444406411056,-0.7727972742036302,-0.3052158072136082,-0.44766960163919234,-0.17577573214444817,-0.4585204954092812,-0.17959521962327998,-0.23745162116247728,-0.7859987632114956,-0.3471924518757738,-0.2082356408097338,-0.08937126094474665,-0.42614869475433736,-0.8273615513375747,-0.5912732154522724,-0.38111062799462,-0.78051222893256,-0.35529776927768836,0.08607466695984743,-0.4917541927059784,-0.120958508609618,0.26055455931389554,-0.3590749916954824,-0.4403382238334406,0.2534184614987831,-0.9943438436247195,-0.5154402621472703,-0.8253945792780654,0.00897190057944571,-0.3826451556697973,-0.7479216726787973,0.26807466316995293,0.15357055560802998,-0.9887943270975681,0.9662545326235765,-0.9374541549831125,-0.489260117189109,-0.5154597350505966,-0.35414126027694465,-1.0214902808993662,-0.0756741534076977,-0.7192060900168475,-0.8744808869492506,-0.4533219732695517,-0.6859654505205609,-0.25013708577583826,-0.4572567845866406,-0.7609311958219332,-0.6566053078312151,-0.1901493591548629,-0.8090839405359711,-0.45588812274908724,-0.6064095966579517,-0.5523382539460991,-0.4852858180411631,-0.5055764160914162,-0.03509248821243979,-0.48955144944984713,-0.14066304612951583,1.3563625556592926,-0.382512477203792,-0.6392764031895222,-0.3092880781454782,-0.5034450502441378,1.8100423220874684,-0.5302857804101282,0.5271379411760392,-0.23929491769679243,-0.4976108515207165,-0.1404308875886283
-0.8618240736752522,-0.4208977840467593,-1.0791897836758348,-0.48045984562171246,-0.5972440364916978,-0.2432531647807266,-0.5715368567621454,-0.4706371863497649,-0.7900289782302302,-0.7977471406097513,2.192778988609105,-0.9505959612563916,-0.21784483432407117,-0.8381054135374143,0.4009437208046851,-0.11871206757371572,-1.0103161859618643,-0.5741766726505244,-0.497360557106527,-0.8161587261118551,-1.0033339995711394,-1.2860154594429407,0.327713815303233,-0.8493582254164223,-0.8067334666218634,-1.1352192868675928,1.1297432515045198,-0.7864561085928103,-0.2766138556538355,-0.053257126742976106,-0.7679655901124606,-1.0304107151331987,-0.1150157692798816,-0.2303921094767288,-0.5010762852220809,-0.5106677837769497,-0.3865602277661975,-0.4370718779475064,-0.8343014945753496,0.20565901437075743,-1.0292848031808146,-0.7906197990798718,-0.7281948376530166,-0.5411085725743979,-0.027706423557657914,-0.44676089169195726,-0.3335211233939118,-0.22332258906155422,-0.8128473835395654,-0.48910705389326076,-0.52661411150666,0.9337630348818219,-0.4952848526081044,2.369758777112501,-0.3939050983636498,-0.5638517004624725,-0.5272104596114084,-1.4823658332621996,-1.3600339684437617,0.40161475894786475,0.046919385986242755,-0.33611972530983747,-0.7508512753585274,-0.2489300685969128,2.479611488594188,-0.2325823839094655,-0.8987149703044879,0.15640028319348992,-0.7164901186097988,-0.23695596998640975,1.0479785492639662,-0.8442543896630108,-0.13079785939814623,-0.8494434233743221,-1.1552333801781447,-0.39147037661658984,-0.30667426010186777,-0.8704717979531019,-0.8319098716531889,0.4699927048156049,-0.20371176288977744,-0.955075949543146,-0.8499799120392957,-0.3800891594162997,-0.6192543688588414,-1.126847416544509,-0.40459605450864716,-0.64454942052804,-0.2950162676251417,-0.2287502876114463,-0.12262058485322401,-0.3044349746484389,1.608088269546999,-0.19915003107144746,-0.5240985261974886,1.3711753724328126,0.3271331186121352,-0.6271338484523516,-0.4585204954092812,-0.5697824225365332,-0.4938168488310511,1.4834797607859576,-0.8311128564639884,0.19217610094977508,-0.750291057124385,-0.9320051253387421,-0.8772306365797777,-0.11954358974057268,0.4655451237009403,-0.1603065072934497,-0.795727515811252,0.31861141586815306,-0.8469127496122673,0.2581127750632016,0.7142914632934054,-0.8061622762798393,0.18356717021477556,0.7043994073515301,-0.45753477280696997,-0.9224448166776553,0.6113385336264677,0.4315297446940437,-0.24238088205379624,0.32151343579889413,-0.5088967205955588,-0.5522961793879932,1.0772242517991129,0.38890177705808626,1.4546687258865072,-0.1282422718084895,0.6113924579898568,0.07805367190451037,0.048467078365467375,0.7498318184925994,0.22586224138391103,-0.4697313689386623,-0.4815875614591042,0.5998816813194593,0.40625615680943655,-0.12309902102895526,-0.6893883542848228,-1.0086735522809807,-1.036392620171156,-0.3759989559581509,-0.676176173346578,-0.25366762458204917,1.2988296223387448,-0.21225093981678783,-0.9141586538834935,-0.7140571935088778,0.12235692692569167,-0.6610327073867897,-0.07461231855742465,0.07982122474467392,-0.9580798388745737,-0.3751377393686988,0.40033531097751096,-0.4815024991893427,-0.9795575038998304,-0.5570008185684603,-1.1771970875440256,-0.7568907418025748,-0.9108694652553807
0.4775027989892901,1.6891125156329574,-0.09452732499399555,1.0128215394537252,2.0316098419591406,1.2667642179574388,0.7463956444509862,1.7123955408180977,0.5089255068074282,0.9645534524368079,-0.40503275210322726,0.06439895251445721,0.14375295735663138,0.08694117965991327,0.4017461419984478,1.279450762160384,0.43143914802401884,0.022357250477677233,1.5552355103812294,1.1512170926819842,0.36205940138380055,0.5981245869809403,0.6415925865182059,1.554909261257313,-0.724704418488958,-0.013988515951598371,0.9643990661293552,0.6359048038234932,1.4532004025709566,0.707750490797224,1.0700184845410523,0.05642865842100945,0.7200634187125007,0.9160577599260903,0.8813069506289312,-0.02490341928476137,0.5104466958561922,0.5238663106169112,2.525734541335715,0.19289595519984798,-0.08230233518850133,-0.8423121856403194,0.0014601400590841533,0.13736495252834752,0.5443903872165352,1.7075380849038568,1.6337342032171673,1.5556280393916002,1.0359568705647912,0.9275951417839607,1.2729134096139525,-0.3610564598344623,0.6978164879442065,0.7128860124823526,1.357109645368259,0.6944266675668735,-0.27285284478545313,0.23694342629751544,-0.7323004907603544,-0.504753130910002,0.8404476206899512,1.5023791323950932,-0.2052250356744049,1.531024607379989,1.6403262935264005,1.05468914446932,0.20579991186120755,0.4177937459527323,0.10318700746091895,0.11670559013323974,1.40802536424527,0.2561579880096521,1.857203012096275,0.43352608453534436,-0.05442941609399502,1.2576421056689768,0.730017171213258,0.7960546240323745,0.7006023397334814,-0.5757749741390039,-0.5794513479816403,-0.3248107822877409,-0.5463474084772624,1.4513099876414557,0.8317000188504632,0.08194499983985132,1.4466555700677746,1.1382337386472379,0.8664639675673997,1.762503776821337,1.0672617612570057,0.8079236681893494,-0.3372981264413235,-0.27635863298321595,0.2963012006562067,1.0580118268155319,0.6836092305806292,1.4264765707000193,1.101734345211892,1.1540195739655705,1.4266391501776132,0.1578275898255188,0.7218464062160057,1.3039731580936462,1.5836494563952537,1.652217935263434,-0.1043979870099291,0.12698881760539174,0.9939642638051008,-0.4260588438209705,1.041437447551528,0.657711324924827,0.7059485800988102,-0.8886008063774009,-0.8523539682849008,0.6652407781161754,-1.3549851687166652,-0.7101798381535289,-0.7163988729144373,-0.8473027529781081,-1.0886745312886175,1.080789029126447,0.26464242460904686,-0.09880209561256965,1.983956469172323,0.2937750920592695,-0.6683289578202557,-0.2626062672487649,0.7583144563411792,-1.0927900211656598,-0.534055291550193,1.7069170681942274,-0.5735481984104919,-0.33303954658545437,-1.1375969210103811,-0.00689690807282801,1.3676250334351685,-0.9806777898781885,-0.39652758005872024,-1.3128207044369222,-0.41132990162606214,-0.3162718934131111,-0.7827089861507713,-0.403563579576461,0.2366197095647896,-0.9049053697404686,1.4395442486795131,-0.5922723278638203,-0.8297532147126822,-0.25982526978487674,-0.6116609634306952,-1.0474261237254643,-1.1765766317075799,1.0061196798328773,-0.11150854223463534,1.3997506707746614,0.4770818068990683,0.35922540493880156,0.434716139123341,-0.5421154328720977,0.23261737914978883,1.2845528524298215,-0.30051585867131014
1.222068924796488,2.581110298126765,0.631803862451785,1.9360372443597182,1.370567685814414,1.9758024093558266,1.9796721069281416,2.4514205789788206,1.9273044846479865,1.4478698800044008,0.32890467468377793,0.2346991808500119,0.6402208884088892,1.1140564530915809,2.1662728650045233,1.9717469543686716,1.1845038422218088,0.6059893584357016,2.1009180851608864,1.889757834859584,0.8988708751090292,0.07421185590302311,2.276481345048623,1.4830363733185827,0.5785557038722433,1.0233700637829326,1.8002941943865984,1.96646433245433,2.1613017893386997,2.067910383489937,1.6799418139444744,1.9015979616515866,2.002301383414793,1.3566064896857797,1.690363715557627,0.18367496988240425,0.8839811544857337,0.9382515524328323,2.081521047829607,0.363432116536492,2.597089492066927,0.40004943195066145,1.210405393699529,1.542321363186569,1.629872999861667,2.40036233836193,2.4398118457681255,2.327782054192052,1.9985752729885253,2.1404703138743484,2.005433386144118,-0.15795720657385592,1.3373069006891658,0.8435051710273249,1.9944155830495198,1.6344804545941367,0.7441323571001027,3.459182797218025,0.6437793376482444,0.2901193659799261,0.679584594103083,2.227908770145276,1.4682782271965724,2.21929831077305,2.3752696250953664,0.225834018151268,1.471911942826949,1.3748665504892923,1.6380827906744513,1.5342105802768249,2.7304546967146006,1.7963945501604381,2.490101488672702,1.9534862282446248,0.768720893822939,2.274963781024239,1.7579385503638776,2.2915220545668156,1.8922494275041555,2.523920241723746,0.12406677160591607,0.642769710931298,0.2459198282571584,2.222674912046526,2.356029591674971,0.4863481358674212,2.349128398588492,2.5195027515001476,1.6071197445169367,2.5110366091322143,1.866763762014587,2.464358871130248,0.9584791610213268,1.1109203372183318,1.2758521581322153,1.7129219632677433,3.51720306113921,2.4536120069515435,2.621544044184012,1.8055615410921155,2.216421303299631,0.8139477054306475,1.7576041920313823,2.1128125822938886,1.2031284147212151,1.2595399558999119,0.2576604527114277,1.1191292777106747,2.0825360837946394,1.1002105390979926,1.5616488348896023,0.784913707342266,1.2340119246865515,-0.07576558030856377,-0.273158497373787,0.038030029450183044,0.8553282819186403,-0.04297237398232065,-0.22775848586962447,0.1825657786929899,-0.30851850227507915,-0.19382923689958212,0.2600628611531533,-0.08582535181596346,0.10884491948188146,0.7776253225611681,0.24118082918043285,1.5551727202994161,0.10705756400409899,0.009541739423859755,0.03922462266235243,-0.5940505734066913,0.28098358101601495,0.12613054037972496,-0.28024825428017447,0.4364239353663625,0.9862771030254532,1.220512596380771,1.7876181668149331,-0.11492534313212316,0.16065025669347435,0.1890493422037984,0.387171534587162,0.6303686758072411,0.9780130675368893,0.020984278007703208,0.11977023013239596,0.22378955567987008,0.37030143051193154,0.5873050759519164,0.12329408338812141,-0.20863197964934388,0.54852699120808,2.0365309084749073,1.0017099464974568,2.4462979656397783,1.618049682004202,0.4313879865828859,1.6827037627151114,-0.3144110380212679,0.37483271001869267,2.1972389853992214,0.18037646733297727
-0.20669838655734252,0.6293159258859135,0.15394193947894536,0.10162865359850538,0.0026255832278905336,0.16390147900430369,0.10350156485144987,0.47680733168269035,-0.16187675602611393,0.0107649423590948,-0.8711201911050758,-0.14465908666467256,-0.4543959334373649,-0.2514360733573107,-0.27407782080824117,0.31447718211289055,-0.25414341526885287,3.112468770959054,0.36249077245410805,-0.01673650327200589,0.17677476286680133,-0.824970996650494,1.0103855759189408,-0.16147219032287186,-0.7741834387992311,2.6697132171040705,0.36967394789237157,-0.015945247092841088,0.3733031452999044,-0.10070683180921136,0.5054242060674338,-0.3563895975375586,0.07147538988317162,0.1290862619778899,1.244336821379317,-0.9336542611767589,-0.07191787562586241,-0.0442916749484178,0.5167905249935109,-0.48198427217887085,-0.5041875314309611,-0.6219671053265272,0.02668933370600384,0.07903645216144925,-0.3830246665211517,0.36068021029904296,0.48447440737311126,0.5545823366476795,0.14219482208253012,0.6431780458151694,1.1197583824785093,-0.5795491795653727,-0.04469819415647802,-0.1490399918955282,0.3658541780759671,-0.16659104409279876,-0.49400185107354205,0.12643082587528806,-0.8710525772429261,-0.6057033131968456,1.648051303995551,0.27835479116322176,-0.44747016992367794,0.2981117229792224,0.221624116576741,-1.142639893463266,0.03965757560248972,0.21201961926174887,-0.026787397849439752,-0.22206262002685634,0.7024909979062651,-0.28567998402034606,0.4239117554530658,-0.04867622317023931,-0.39308054847921925,0.1405517602274024,-0.3810614713211412,0.19836925422773405,-1.0305733342986796,0.41282139931880124,-0.7879980530590585,-0.04112244786870855,-0.5977201823642362,0.2928144245169799,0.21155413414978705,0.33549930138011613,0.5396220222462947,0.3808466553120005,-0.025406999366547642,0.6733372405577089,0.1747079516301303,0.3927102718471467,-0.3715216009380344,0.29765103288797745,-0.19129492145356644,0.07747496060531107,0.6554517883789258,0.19247823291406985,0.5808219826218834,0.13953434118393884,0.22880076364338986,-0.5877876877973378,-0.08428554808147293,0.7619759529219174,-0.17295017019010991,-0.17628933579170242,-0.6947651954723774,-0.28372279694056757,0.43577649676073105,-0.5273211752070447,-0.032388624804933985,-0.3904469396491167,4.038305988008636,0.8254645173767226,-0.2642455452677979,-0.28626255816932134,0.007873792600927096,0.433977527455577,0.03873861778192768,-0.2482697300794636,-0.9149979240988426,0.45950755041835223,-0.2514838603112432,0.05569915528483017,-0.31560346947325124,-0.06350463645099833,0.05544130191542403,-0.9220398396967487,-0.11760543903992521,-0.40780662624804787,-0.4732704610001319,0.4114796759293271,0.21927177919004165,0.867980298766353,-0.13103625691744458,0.11543116887848227,1.3512945149873548,0.33382715604510016,0.3901597777484319,1.1876329760846993,-0.3187957029906278,-0.3028905892217022,-0.4549517454018017,0.05561959443242692,-0.15846019228091732,0.22702803840441602,-0.7609517670687366,-0.1243624655893998,-0.07818313726963769,-0.34301854775588575,0.13568743668620192,-0.02406120254153627,-0.14777302977111784,0.5400851611379164,-0.5857287244000826,0.4023138299523244,-0.2725022480008765,-0.8484697640881135,-0.11165901400175762,-0.41539322083868596,-0.290737868356516,0.036250612051867845,-0.704484042157937
1.0009791878141543,1.2845351570024486,0.6039039883874091,0.7554931900871447,3.476557566814538,0.856413426613761,1.019619477840128,1.379612846330722,1.0561156971694678,0.7531230504232053,0.09387883810333868,0.24132864998706297,0.6047002264138113,0.9490554564883205,0.23320635986591984,0.9978839786928206,0.6638198301838789,-0.07616852142787142,0.9115144450738536,0.8770675390270768,2.7858751102210726,-0.14271509987373907,2.111961206465037,0.6473983580377043,-0.2999593268446163,0.4586446785209523,0.7686987861150056,1.0029768597215667,0.9565798478537866,3.3127312787863383,0.5716421667643662,1.128486420151445,1.5627441874537875,3.065793092933738,0.5259126044950561,-0.43149458597215784,0.0733049186735026,0.77245396120461,1.478454280882137,0.12778205820772898,0.6348509062053098,0.8980455047005407,0.9976091501318674,1.2827680686464455,0.8286219128039901,0.9496200545894337,0.9344301141954127,0.9905222254856968,1.2827814849315409,1.756953786414059,0.8527259918182354,-0.3764815956146459,0.7085168334123955,0.8360443898191124,0.933858602185748,0.604328850355178,0.5881959032398897,1.4217146314408684,0.16490971350584188,0.5124527088783966,0.05345984268835408,1.0894601983470917,0.9650134367469182,0.9678443988361412,0.978289074895263,-0.4910277591833501,0.90599318566764,1.2989948189305318,1.4462132258132885,0.991425871492034,2.12620606195995,0.9986116129842106,1.1931868883114796,1.3224412269597101,0.4009657993095774,1.4430433951034838,0.8748745006135054,2.28745379309816,3.2324603865775186,-1.004292396888728,1.9456333230725815,0.4786408463767173,0.449082649510066,1.909119912545528,1.3557094388285253,-0.07644088464845675,1.270813492876057,1.8123506814684824,0.5117653967424663,1.471102722670181,1.0794751625591612,1.8210975727884946,0.5051694693341338,1.342729018619097,0.6179067160983548,0.5780746360571619,1.6979817176264131,1.2195183649959596,1.8196676085344454,0.986752868179679,1.2439250663401498,0.6097551547444398,2.199258140819639,1.192267193137983,0.5237213597414405,0.6596854627084663,0.08477065225034758,0.6618971479967609,1.203212069723323,0.7554428833480356,0.7250777414855988,1.0736078843643047,1.0471764093716904,0.17485556155007995,0.7941227786961961,1.908259528252072,1.1280087195931188,0.5231621142818961,0.9528231577766566,0.9839338478111358,1.9264094068879858,0.9512118755141938,0.9658309987628617,-0.21433288185313976,0.35210496796895996,0.8949543846702646,0.6706307591841575,0.8815529352066338,1.423042362171853,1.1204104571946247,1.1527268301111973,1.621674509841035,0.14820829022219895,-0.15542283499154885,0.3920205803485454,1.4897429442036174,0.07715128622218077,0.8816570640591781,0.2142120613200339,1.6549786437514837,1.123562618573568,1.0553381277415348,1.5460784365386464,1.725351299582396,1.5156552111690278,0.7852756933116147,1.0374253427020654,1.4735197748808957,1.3991856037200854,1.5657995895181038,0.6276694370489501,0.6081714808090871,0.7068348666349501,2.0158275050827243,0.5347379717707278,0.918520881968133,0.5612567829682072,-0.0027656673598932782,1.4445941873418946,0.15191824349858077,-0.050465914625447535,1.0565285519396963,0.1329708063386639
0.8138741167275292,0.7195910596970567,0.5474799034224458,0.420624646722343,0.9458182592797572,0.1469216681346275,0.2503151175052066,0.6290387803169012,0.40854939539329144,-0.17588119162486596,0.7340193394507771,-0.6198043843602824,-0.6379482540286637,1.1572589531582378,2.2343071708591675,0.4702007385749172,-0.009541986393279123,-0.1255990539561686,-0.004043479335290514,0.19290313413387786,3.1405755018486485,-0.8526267738500752,1.0439526187805306,0.5784999891415095,-0.40600958479870436,0.0907000720096739,0.10421969583550761,0.7685972150600459,-0.05798228201110398,-0.13870654308983954,-0.04844024202359831,1.0003847406675659,1.5933129372683856,-0.29065279812791944,-0.1755981502788577,-0.856866171117698,0.4698728903946094,0.8374804875150333,0.7053587213874831,-0.5735812577557353,-0.5816002965515599,0.9086143253224713,0.5692956932918314,0.8439142320558664,0.5921719051740338,0.026714532700228492,0.010888936659897803,0.6805346801576515,0.7235115673278779,1.0564500242926451,0.6340758060395493,-0.42671617673640144,0.3720207783069598,-0.15241894260005331,-0.17335825435165864,0.38923792175122085,0.13450334947898893,1.6485409662552022,0.3511252303981447,0.4810677101418454,0.7902731612423276,1.3699729378473815,1.614520992453261,0.22482992226582563,0.10055526819118371,0.35825177081100357,0.41531263611233954,0.5630766996830885,1.4422294096349468,0.3849088692890473,0.959058564518336,0.9259036176757709,0.015015801698544653,1.3927487129848481,0.2064969759152568,0.7585996995971538,0.1932373922950078,1.882947165774161,0.5896103058055112,-0.1622066814995528,-0.2215351560960856,0.4431002792847615,0.44769208479985845,0.9023137398624956,2.365349214896274,0.4881316604280394,1.0969232173433836,1.2885606815459678,-0.2950162676251417,0.5283123970840644,0.11261499274402573,1.5402552567760945,0.4222617866910888,1.0880990496855667,0.3865720044986343,-0.3464145353517775,0.8708334997778339,0.7353483403368534,1.21547296118114,0.17491134650130002,0.613663485463837,0.5354966629028374,1.4238628170733572,0.2902911339619731,0.36138184610255614,0.4998314724873013,-0.726546289217357,0.46744991754962845,0.7572960814849312,0.47957542815151516,0.14948042659974603,-0.3818170467485603,0.04000516593356934,-0.5638872304077788,-0.5424724446951847,-0.2663292929525492,-0.5646712343350905,-0.7727398919979237,-0.5385898671025656,0.3269281648814659,-0.7267610910311201,-0.5250323530690091,0.995906751207347,-0.8343154327317585,-0.5551820686169359,-0.6434770165779186,-0.7341296437055438,-0.3177062829840317,-0.08414376355648312,-0.30837389009179866,-0.7101354261389325,0.2752759267192976,-0.7747578317300994,-0.9261903447001856,-0.4432046897421538,1.1983180277590295,-0.10850861670057711,-0.2875438815741437,0.263106862617897,-0.4869070416069282,1.6537337088205368,-0.1198867104216737,-0.00993661900713483,0.13881201579776992,-0.19534339166027834,-0.2354422942941891,0.35845265739734267,-0.2582041887096811,-0.053808758919967274,-0.07546587965444972,-0.5282534898249743,-0.3304221765609516,-0.5413779851961859,1.3791364755056068,1.0892125210960084,0.19816728054005725,0.31368348283827363,0.059154659992568186,1.3463555873432578,-0.6934595439480488,-0.44176219108370174,0.9218152964771845,0.6302401457502899
0.25563189808484443,-0.017026680745385204,0.1485590411806966,-0.44513947397860804,-0.724338872830762,-0.015454228553381502,-0.1953673610043833,-0.009215084233177963,-0.5481587589041307,-0.00012273485641455854,-1.6378676637728915,-0.01016628566297536,-1.0632931942085901,-0.32912665332809365,-0.691891376078573,1.1105234076623665,-0.22499089178141016,-1.533402041767483,0.3314237548480297,-0.6085475585979827,0.8099060215402027,-0.3145547836443477,-0.9520191748591518,-0.7368801650745601,-0.1621243243637393,-0.5199764690742302,-0.7239495941952429,-0.7864561085928103,0.6903880519385134,-0.4863605857256913,-0.4464483809846561,-0.9649050329632023,-0.7653727032610307,-0.6888238466025067,-0.1055979864089278,-0.8211644021488143,-0.8492164483552361,-0.3826532511007486,-0.429882996495499,-0.7722259657843663,-0.6919794730357864,-1.090732015610309,2.7449330946251362,-1.046816016979907,-1.0216574414415274,-0.08805364976697677,0.4353330723489083,-0.07885124298047218,-0.5365819105688576,-0.5730289207780175,-0.10818466068893062,-1.2453651361066018,-0.34671039721850117,-0.9074217535123389,-0.09950612710955253,-0.5783000981137902,-0.8569099390458413,-1.1645697313786587,-1.3282205178984832,-0.6964132784377414,-1.017894343028524,0.0335049990873886,-1.0059388438030166,0.04798754414891265,0.07333993039559208,-0.8828519761134844,-0.8643065794849775,-0.715285510613888,-1.026326558976608,-1.1049788093557174,-0.8477401881195362,-1.0781297956723106,0.248047448090194,-0.6961975445291313,-0.9054359089331095,-0.3847085653328838,-0.7736467855864985,-0.96530359909279,-1.3831254365428296,-0.6859861193139017,-0.9500855120769587,-0.44307769024845006,-0.027943796898939447,0.6166996879366818,-0.7038297160895856,0.3015789754153069,-0.1859987622872334,-0.6665593735926869,-0.3487881062498769,0.02631907510172881,-0.2575294173671942,-0.9589239779033998,-1.017967311126078,-1.2367586332464104,-0.8992525511070832,-0.07657917187881069,-0.6899085003688112,-0.2655492666047731,-0.9447030402704836,-0.32471805290288636,-0.47039330518410394,-0.3586288928959079,-0.6477587741607603,-0.7947146980995438,-0.2766119181799064,-0.7015212799033206,-0.2043038776486326,-0.517187841109718,-0.7901163735212938,-0.469452020380736,-0.7164675486696706,0.9436266691762947,-0.6847499574126972,-1.1879806219799098,-1.1222628289872998,-1.0946239648629756,0.015429583433169627,-1.2292279809087447,-0.4352926475477204,-1.1891982176933604,-0.1221148137728644,-1.3323595258488776,-0.44907594620870134,0.9481859078196306,-1.209752082471226,-0.6265885184757379,0.010177022663816045,-0.45629224730518003,0.7274631549019613,-0.803247671962128,-0.5758474910008948,0.07053289325150716,0.013357016813161742,-1.0188408484967046,-1.3818957593729797,1.340434785003695,-0.7013948965592676,-1.0623026139611096,-1.0038075302797165,-1.3498717247871332,-1.0059593167946959,-0.9864756780459706,-0.950729994560457,-1.0208145187772726,-0.9101071826279967,-1.4833275540000777,0.31386724503303004,-1.121514738442995,-0.5747877559826751,-0.8387651177249763,-1.052838662783628,-0.1148213804019753,-0.49944676008737876,-0.5665427581738895,-1.0763894173664121,-0.5970963209346375,-0.8476091856278162,-0.050035419043963365,1.958502185418686,0.2570577281325033,-1.049541460326892,-0.2749428433338332,0.5224816754680429
-1.2203117094846345,-0.8626193722200025,-0.9462832018179443,-0.9172166522687526,-1.0092732750268965,-1.069776302712294,-1.138518188081836,-1.1397747808610552,-0.946024818302646,-0.9775907794226643,-0.8559799314502917,-0.7627196651540117,-0.8993418369559786,-0.9293231887095452,-1.393001280930833,-0.9895590989328605,-1.1946269178041915,-0.1637280976490099,-1.00684538728295,2.8162276584022896,-1.0033339995711394,-1.2041546735946342,-1.2586476687034813,-0.7836418385889837,0.46029687399441055,-0.49333888111695456,-1.040671254610431,-0.03747420001230847,-1.0170791107722292,0.06537610535804272,-1.1995284265414863,1.186385505798983,-0.9259873973542507,-1.11781816309863,-1.0646649709546427,0.2978117881994322,2.075523725157785,1.8100232559968212,-1.0781992663379727,-1.0806244683685677,-1.0103663497077273,-1.2740235880632482,-1.305651418363313,-0.9961670517818435,-0.9982655705689298,-1.118222289484371,-1.0089000284071976,-0.6306998364853533,-1.1062925821818663,-1.3238545012980154,-1.0879771689544822,-0.874253002113164,-0.798027657350617,-1.4007879211051313,-1.0831664964667718,-1.078413326271502,-0.2504646877125739,2.5374132501675546,-0.8132265621261886,-0.7883763222722413,-0.3863690239004108,-1.1205651948295703,-1.0059388438030166,-1.1907840287890885,1.4877911298813848,-0.9495623355347175,-0.7981951205840719,-0.9088518847504835,-0.6544263288445937,-0.17853822940879147,-0.8477401881195362,-0.9488360662838558,-1.077437232173027,-1.069517614502022,-0.872450613400058,-1.2091922058377655,-0.5271741197076975,-1.0318772909397378,-1.2444770695533984,1.5815921522909573,0.1513488364423214,-1.1782969479098564,-1.1587722504496174,-1.223335334220308,-0.9916816226906071,-0.5017792305902431,-1.0190290554864447,-1.1949508877916424,-0.7594170572075009,-1.0236030253711375,-1.0384866298746618,-0.8040168907739378,-0.9329724195683804,-0.7559875699029082,-0.4036115263375684,-1.1526947874561024,-0.44766960163919234,-0.9784206659817043,-1.078075725212152,-0.07328330687311997,-0.9085075911169136,0.670890585802551,-0.7921829698827073,-0.8052603442663193,-0.9585210656649266,1.984607548034689,2.3338773053323285,-1.0299068859836762,-1.202865300346892,-0.7640721218687235,0.38474216323859267,-0.169513797724726,-0.9671148265995001,-1.649708523461029,-1.7142271921536054,-1.6774382697404966,-0.20448404347477525,-1.759385969658362,-1.484497093125859,-1.7678631852925588,-2.0890412971752848,-2.003983782497366,-1.2971255439526677,-1.7263689043857215,-1.8509038702865324,-1.6661049673134,-1.1144735893565225,-0.0673282833403844,-1.0508471399234272,-1.1474213771715474,-1.4933232322688563,-1.699670722678385,-1.150545029806568,-1.7533886310916431,-1.739625021944061,-1.897486029668071,-1.573473491328954,-1.9107862510329539,-0.2826379163768694,-1.6516053931047745,-1.5122481185488659,-1.556457204509437,-1.7636813426235929,-1.4867879866481333,-1.4616067358045766,-1.9845129991768704,-0.5014090476181969,-1.8770306198438125,-1.431175929718966,-1.605372578304955,-1.311107375359039,-1.6983022018536686,-1.954799869832056,-0.9124511967737537,-0.8518237076139669,-0.9268771101183372,-0.6057040902201899,2.972558194352617,-0.29460734678336387,0.6470400929025244,-1.049541460326892,-0.9163568664321614,-1.111445884873652
0.8538102795735834,1.9690782994131262,0.1404301860189724,1.3227054253444042,0.9629496516798204,1.5674652480187914,1.2334637044247265,1.9361917955274144,1.0611213339057428,1.2245949151991622,0.034479783131587075,0.4135639138062348,0.4848060772115463,2.4336637077889804,0.6891666486815249,1.7447838545160754,0.8281966584868282,0.10501219583824464,1.8364962477200608,1.1771329926193363,0.5412162415257831,0.3334908558427742,1.309604497969787,0.7842009684587725,-0.4604822703804162,0.657903813864189,2.1560911295748313,1.6111372528826404,1.6334802643700324,2.184927242095651,1.2908942611589473,0.7084236622669032,1.2814453183945456,1.0054256091923492,1.308302103050842,-0.27136926020228025,0.5258414491261639,0.7180869165261501,1.7443041269808863,2.1274392150110435,-0.13106775267397466,-0.0592199739449807,0.4460724027679012,0.690517287354743,0.4022746244228087,1.717190368994605,1.9754578881448017,1.8694078423892027,1.3506040866268072,1.364168945323754,1.369499551082319,0.6676745386328775,1.0120195715788827,0.5620863948944531,1.5670717030585675,1.1277460103132226,1.8513239783541586,0.8852138693309565,0.429977993740507,-0.23001745277094796,0.1386146313918265,1.6419768196567166,0.7858441565371163,1.6710273441780819,1.9934583040303848,-0.7096507080565262,0.9142552398298693,0.6776947357447893,0.8055817500100197,0.3230836600148886,1.6560715693100752,0.9215138345596143,1.9939796154151403,0.9451048400875953,2.7796820568058775,1.623999800868644,1.0955202680366578,1.17856703010558,1.6772211791192781,0.05055542599498891,-0.2823759473867209,0.19205770908056136,-0.07621812233148006,2.206546207434352,1.5398209710529653,0.38462786150830275,1.809124968118987,1.5200005305835742,1.1122589537435053,1.906039236880414,1.0872567845303893,1.3780805841375559,0.0748397239491507,0.27022429607812043,0.6269466697282855,1.7481360495998715,1.1655271945678654,1.8277978061143305,1.5310617609416872,1.2758496411596745,1.4800799290511708,0.3234078639986871,1.1423612926131574,1.8957239193078403,0.6766343229394668,0.7674271095994685,0.348177344017931,0.5876964095616901,1.4998070621983726,0.20482879450867603,0.9114464297391323,0.5154631142313145,0.7940298160014269,-0.5878823530042901,-0.505873327097724,-0.6227496224639064,-1.1232949475393517,-1.0014514985728595,-0.6633477477206998,-0.4515617875664194,-1.1312103707112129,-1.439609470711325,-0.7739606710611117,-0.47900622818912114,-0.6298224963888508,0.40736231194795464,-0.8678115805078201,1.5261498817801753,-1.1869628203478613,-0.9799357604883285,-0.5777706600894479,1.4255354355074534,-0.6209283186372464,-0.10662068484689818,-0.8688391376002601,-0.3666860186315047,0.5438935927985713,-0.7685852529436511,-0.17901362222539177,0.3150070205020287,-0.31416973833008555,-0.20456059455101505,-0.34998772359071484,-0.015784844555714116,0.07914527223886265,-0.49069423009725216,-0.7128753797779952,-0.5483313818216335,-0.3907899154013906,-0.08730093209790962,-0.35649632552704247,-0.7511483771561077,-0.7363587028214709,1.3988137622395491,0.4365763689180878,1.1158776815800677,1.1901065937191695,0.2519582682202899,1.0450471247397657,0.946172698228362,0.794493409299491,1.2662886491894307,-0.1688870602414884
-0.15004599329336676,0.18069732763125115,1.1758209341854182,-0.1180204232069356,-0.08979730058689332,2.04445118203483,-0.2599431303745768,-0.0028454258278012103,0.3099303724875666,-0.19880001534111064,-0.5266135203441002,0.7292644797906874,-0.3863561325583097,-0.5697994311614033,-0.3545316796990127,-0.0929658473575898,1.050478052614249,0.5384490892762092,-0.16310760045476058,2.239193314078159,-0.5854845291271704,0.43207625767227875,0.1165926049020344,1.1809916963153577,2.2566720420465556,0.6764622438068119,0.19753324442026401,0.1766684980718954,-0.15203667329748594,1.1339449901746326,0.2489958868301706,-0.4555066877833446,-0.18743891832343232,1.345387710567671,-0.37481108647375816,1.5917959123956302,-0.5215421757729344,-0.3051154584773415,0.23304384952184926,-0.680328538501479,-0.18788527523840048,0.9538120731022496,0.5126162107668145,0.013467377609392124,-0.2433452739964395,0.03763898882846094,0.24533553483344733,0.1301097038608597,0.3292492391384863,-0.14988632617744513,0.7144585808634147,-0.9581267976594159,-0.519307845119351,0.11824151208718067,1.642948416349888,-0.4335886930668754,0.5973438974241657,0.5694157377892535,2.0604150639619148,-0.14228871406796348,-0.35450756529192595,-0.25522419843973404,-0.2052250356744049,-0.042570488210192305,-0.38300983171669145,-0.0137863230108744,0.57069292327016,-0.11799381164669412,-0.22813864938113282,-0.5070120091035432,0.20063586543964085,-0.4532873774535436,-0.0401880820179048,0.1577994685966017,0.7792674738526059,-0.3513687344611974,1.0812385577233918,-0.18592314307476543,-0.6012613734189609,-1.2754789651873253,-0.6418214217654309,0.9946736260796378,0.5288420187474716,-0.3057570642935861,-0.1641519925389861,0.12668920591766,0.005465131172001178,-0.3578082386986733,1.0175162322414735,0.3164613987213278,-0.2125630596777713,0.0302306372922084,-0.19148500009883251,-0.2878457780590104,0.0066719261662353795,3.087793266419607,0.09565939709137691,-0.2655492666047731,-0.0042615166300543125,-0.25136456667360035,-0.18060742604255678,-0.3815901849217233,-0.17350222656940256,0.7755230998519306,0.000642727391938431,-0.508026458812798,1.4070318981330532,-0.37729288160357255,0.22531509746918713,-0.17930686662584278,0.5402570157788579,-0.6831378596644903,0.05531902892339963,0.01060608996788621,-0.13589101717050542,0.3608033472723431,0.746637494132044,0.03350216652837472,-0.11235798701358243,0.25021167523906307,0.14829387546218015,0.6400414235263865,0.1474138967615716,-0.061598420996089295,0.42529411542362106,-0.21429824355492272,0.6661327698431311,1.5344985249136922,1.2234147437324325,0.0393734402395248,0.27847472574417204,0.30536436954850305,0.43815890907269933,-0.4580412536044736,0.5503082545412313,0.26304860456956586,0.27702121440681415,0.4317687715017946,0.7600590906155569,1.3413201773866053,-0.0698193972897515,-0.1133431041055032,0.46634779075652777,0.04360291907740182,0.1585137049680235,-0.1613403903143732,0.7139568704481368,0.8243475081603248,0.3693057850160468,0.40872335993449116,0.1857714254874934,1.492554668958156,0.49804851556810775,0.1501996603297466,-0.37386845577537764,-0.2737497161624523,-0.5923428999840991,-0.7180540433999718,-0.3164805168098323,0.6477522483132955,-0.0806791354677469,0.20238600979770438,-0.2430925790478059
-0.7729532577126123,0.35473504851514714,0.18954057325591397,1.9168186288615114,-0.6465196975900313,-0.10822951777848448,-0.08148200637411573,-0.5403388312021452,-0.2511500341942591,2.7481686101446887,-0.2714227845070122,-0.024298831213676892,-0.7114223094910551,-0.6397148722842959,-0.8689122659310605,-0.3361297151148663,0.012138559501303938,-0.7301429615657096,-0.2613814504006889,-0.29603075491135555,0.04361644049972378,0.11469829658254403,-0.6391451474783724,2.5114954171984882,0.46658808980581923,-0.06605944105165087,-0.23450591460264797,-0.5054262019821518,-0.4983782692019971,-0.8478685812513611,-0.393386643415234,-0.9334685313154242,-0.4311117598837203,1.8898456750108228,0.47452077020515226,-0.14609919462716647,2.515025565617792,-0.2513280168190941,0.1067845992292277,0.09903774057664563,-0.6950356695175122,-1.1976845184541245,-0.04543929300029831,-0.5683916312867212,-0.6635543195726884,-0.5753676858111676,-0.3767261177277436,-0.12717239022970694,-0.6027208218289266,-0.860102892362035,0.160879800240718,0.2283990620299434,-0.4603021071507423,0.96835948285444,1.1280733566294852,0.31338630996195166,-0.6343865775282437,-0.3662749977292794,0.3685524439858637,-0.7583085971148403,1.78812100879355,-0.5874448743587825,-0.4035679707300494,1.7528655961257298,-0.2730546670546506,-0.3340452446687468,-0.332686173477813,-0.5055501035535775,-0.7816844698245017,-1.1721861271713574,-0.78060355626117,-0.49831932376027294,-0.4011753439609363,-0.6604770094613087,-0.975239239456222,-0.1777409515211602,-0.6538631453529139,-0.5903963802359377,0.8534804243413411,-0.4106364275545087,-1.125253308202966,0.04000545085283176,-0.009330974057917666,0.18216475060404858,-0.7936128923627723,1.9538663770172224,-0.4299153685900401,-0.5804383997071745,1.0870463093834142,-0.4352211967081168,-0.3914093068590438,-0.4734513583624918,-0.45625862222332425,-0.6546528986657822,2.9217897177475836,-0.4969336154820249,-0.6543949855239825,-0.6444696457403344,-0.5415154301019736,-0.6380370895711553,-0.6177835166424434,-0.4476702487140463,-0.5339908859698294,-0.18010218533699732,-0.8715178816274294,-0.8102507387407198,2.45279039080046,-0.14207841277231667,-0.4288149253328704,-0.22280995609203033,-0.6966450667808725,-0.169513797724726,-0.5600095506916616,0.23810811134830195,1.711225747933068,-0.5272224423831962,0.8811144660267635,-0.17039182148407608,-0.3577794219147982,0.373853973494189,1.7869530293633926,0.004803152948996397,0.41705106859391694,-0.5891946599106007,-0.08938276092259206,0.9912761260376189,0.2717755189577228,1.2556562853875874,1.4832388809919854,0.35479544668902696,0.9423562741488147,-0.398817100443982,1.1242792101903583,-0.4202303111029325,-0.36910107150802296,0.25648611490171136,0.06701590581932572,0.45078852770295613,-0.4960716926329675,-0.604392195701792,-0.8223798398428138,1.7784206610030053,-0.44896507355103454,-0.6329276297580695,-0.038501821212823424,1.3551440054727346,0.749769935527814,0.058404078206101134,-0.43396001537796175,-0.5238594447827131,-0.131210341953136,-0.8900836121612028,-0.3309762013301252,-0.6334048418019198,-0.7865555271741838,-0.6974495875786483,-0.7603976250868438,-0.7866160089934486,-0.6230472456807522,0.6730322963671639,-0.014025669574434293,-0.5749055171859427,-0.5621137491343102
0.644174951237678,0.6000351591359878,-0.6084959888323013,0.24579207119038343,0.053500607100077924,4.596352826156314,0.16647635508654227,0.4134259354357242,0.017925191156533474,-0.14925024689239158,0.12229533095623474,-0.8873651781369132,-0.4955917306664507,0.46266482154751554,-0.37181786713507325,1.0886102918983567,-0.3038057707741711,0.21139907007756725,0.5233842832351864,0.19684413083191502,2.9075315416566303,-0.11103003569366725,0.2920863459714969,0.451090857525285,-0.4680177328370941,-0.14459592790787645,2.996017026457906,1.2166528620408923,0.4296066385186658,1.71324118608763,0.2373102736720332,0.36157448056990255,0.6140956562374446,2.7031551103672267,0.24943816470686894,-0.022996991535697987,2.0302841465396533,-0.15214457886995708,0.37340069882972415,-0.3352550151840457,-0.3127146020960199,-0.2904774602692716,0.31914131197293955,0.1220904386582407,0.04850669095568575,0.38708727278600275,0.5284350257064947,0.22859798240902446,0.40686644904627134,0.33805665592031514,0.3045224839851235,-0.15795720657385592,0.32363014740431495,-0.695036513152784,0.15105712099222346,0.17646639468942477,-0.35739045455451646,-0.5439638706029045,0.2198297327120052,-0.5171176587474826,-0.07334300640686209,0.5221413840382442,1.1804738208385288,0.3618572573027688,0.3205919867370616,-0.46385099537145363,0.05607385777078752,0.09439032636136707,0.6533180455221494,-0.3307440147899204,0.4859311336461498,0.4733765008777161,0.5835413345435801,0.7008959296551266,0.08538458194316637,0.44328626425897144,0.019163848132241302,0.6695264548446107,-0.026128670463671545,-0.6520829079189304,0.2777146820732352,-0.33253976747358915,-0.11160646873663746,0.16629639061248105,0.7853940321064335,1.699488447327683,0.6214476335648285,0.6789837164974749,0.1957862804102712,0.5125258473030122,-0.02997783247317938,0.8464595786583234,0.04852329100569676,0.15309851048253725,-0.07085650296942525,0.08728700998747722,0.44137033185100893,0.5132524174885317,0.9015101325227352,0.06985999897040797,0.5389981900604168,3.6638077866677237,0.8785942074919139,0.1776191203350996,-0.18822046494747482,-0.07484877432896614,-0.3258069975082008,0.02073637754220242,0.2767374026096071,0.26370531508516537,-0.18908388432384007,-0.3520904770541187,0.004133487685745338,-1.1751486510576528,-0.3405280852465669,-0.4670821524456938,0.9334590704524028,-1.263505231988847,-0.8615480372554017,-0.9550568805893478,0.4045154998378642,0.9509367876918579,-0.9466551957172193,0.8698251567481035,-1.116778569036599,-0.5353007710652812,-0.4657793110037562,-0.7656079734547907,0.7789295598739922,-0.9128492114521676,0.47458391024317237,-1.0023730722189281,0.12997536997089257,-0.9164116172803537,-0.8007908589360541,0.14844607974986973,-0.3641102015206875,-0.079221483387248,-1.2214275923887041,-0.5725396053304089,-0.30727334443315674,-0.5067765168959838,-0.529966075677717,-0.6371407002081835,-0.4719429669591915,-0.6548223255402635,-1.098100866711156,-0.759296627197421,-0.6948132167382587,-0.5769684888352387,0.1014615675088232,-0.3277959385006237,-0.32362139749525015,0.012197938569663284,0.6606676633658325,0.10475257356655461,0.16590506149335796,0.037571603537576194,0.1955033624213271,-0.44584931484249785,0.8012281074426426,0.47611863152506007,-0.31561974306670126
0.4548616261507398,2.0502916854733613,0.03435557160814584,1.1922499967341837,0.8929463116624754,1.6540416551320762,1.0535928440054672,1.999141862224654,0.7457680003512747,1.3731007672506517,0.7400477333631006,0.5295319442421603,3.351064973393966,0.2063938557474401,0.4676093792388733,1.5958982247076856,0.7574570809753488,0.05198137168435858,1.7855081755354745,1.0047921953463763,0.14506322709846203,0.06784791052687825,0.9664677139330401,0.45359391657048764,0.13095827990216968,0.27046374389220834,1.8626652422910712,0.9982153679358442,1.715855486276818,1.6985714533103784,1.1836664385145506,0.4701598863753262,0.985573496431078,1.187766563773478,1.3152132717959926,1.1240353990459513,1.1429638448857335,0.8032001663488726,1.534007888277174,0.14304387779770342,-0.27163736252110854,-0.49994919284281414,-0.013955357005099985,0.5574608378546351,1.9335987885897556,1.6530928808878123,2.02745181244524,1.8629388107332772,1.3312784381480518,0.8133702787903345,1.447499349656347,-0.15271515468573235,0.7191035447460251,0.5535017087951046,1.5984671279082454,0.9119272871855574,0.20570309340305756,1.3234869651549666,1.000744061266627,-0.3194174549037071,0.33078387377932766,1.7842511350665209,3.157680575961368,1.8917364801308387,1.8182256924882156,-0.19036186340462696,0.5433317603094473,0.3918376557672733,0.30085799115397854,0.11397123210041514,1.5764282680604693,0.37509668940148044,1.991956194264224,0.622082570156769,-0.1736659135071942,1.6602118083257371,0.8930788309108858,1.0265790589600823,-0.37810077166385236,-0.8281353410404756,0.9008438648261593,0.4062717335967007,-0.061464247731992945,1.7749775854304142,1.138812118705183,1.0722426473213325,1.763168386412004,1.644030698919373,1.1067341989063642,1.9735231591909124,1.3406024736961686,1.2269577999132937,-0.19148500009883251,-0.0500050216545289,0.6623861155411567,1.430729447934143,0.8991480366885406,1.8306961830238166,1.2040990438983368,1.3193764096934202,1.4038137380984501,0.30633786800140744,0.6706292353660714,1.3795305322576048,0.5700874097648225,0.7427899611397341,0.16737711995478544,0.27506046314384885,1.4819763397484669,-0.15656129031849317,0.9360338476020742,0.11202725077993943,0.6186253643032725,-0.6949252119496437,-0.5239469424550254,2.3117209401285206,0.6824928233638236,0.6047750334955692,2.0500555425534763,-0.497368510173993,0.033338404392527055,-0.03064425932737713,-0.3485941107194497,-0.3912858195530843,0.086014973366638,0.4690059094234023,0.5546636736723924,1.4720358485562008,0.945480164740473,0.35364721782684916,0.36382714692693535,0.030216165270971068,1.5297096627815936,-0.026184341798050282,-0.22153998236805625,-0.28843639568513174,0.7121014203991365,0.1256194752796342,0.13216642693118283,0.13001278996941407,0.5687640111904793,-0.08339245750306444,-0.1247179203710559,-0.05442638731595015,0.18078478196751374,-0.3884241604202037,1.336364155913996,-0.29276273944351394,0.09628245498683852,0.07385846419749087,-0.3196203961572924,0.05715575539471702,-0.30483191958877326,1.3132975485059313,0.03511627219552879,1.1418137857843804,0.7037885866539493,0.4094229478718976,0.7260331208264731,0.2498426561564989,-0.4881196384654681,1.3247011269406304,0.25647246795468176
0.7140447738276073,1.4320436620439727,0.9432820843360841,1.7459126844759736,0.942363201592899,0.7854295119402207,0.963563145663743,1.1616556477793947,1.0435420141766294,0.6115867852665657,0.02216077074147234,0.7229342915261309,-0.21610227480934946,0.6474659458535582,0.7611209353557894,1.053156163732772,0.9488570141513546,0.1581949441397633,0.8689926771518935,0.8202555944440715,0.5735920013556014,0.2804428156428187,1.5005688566785393,0.6348140764393551,0.5804752866268316,0.5454696190526765,0.7287851359464872,0.8300441858521649,0.9035469394115822,2.211232813177,0.8759899562386463,0.9512610099241193,1.3909201768293438,0.5766924887618098,0.5803509096398662,-0.5088766285106598,0.018571720583728663,3.4474266335474915,1.0832642851273704,1.322971456473554,-0.20199933803971784,0.219905347647076,0.7503135565353469,0.8949135148501499,0.5973509289270473,0.8798304832194951,0.9766828919304579,1.0419321159980584,1.1073895012375945,1.1779422115367677,1.013122376481636,-0.14577189442834526,0.6329994052746036,0.28644502630087626,0.8746206448560877,0.5363070073789723,0.5763039002216616,1.3439917038436577,0.07643703147299193,-0.03783979069978096,-0.095151243804669,1.0696099984590932,1.0712073539153395,1.2355761337262607,0.7035819811754864,2.8188479857334054,1.011286236508765,0.9991450559382098,1.2627489666864287,0.7359203053564264,1.9459233685397448,1.1568397295342572,1.160510916810402,1.1146281005512326,0.27529562859615625,1.1961148119390834,0.6414982522871369,1.8045156580082187,0.23215849577443654,0.5092627003139799,-0.22379134898454742,0.7814526971285838,0.6091687808864911,1.2590313568193778,1.3819897186903,0.37403370528377566,1.160016508120016,1.5075014426936217,0.6232584435317097,1.2784483567881986,0.9440545280431007,1.5959654033065303,0.6693042904896346,0.8701548476909026,0.5572766437384865,0.5122343268182833,1.3082714733278067,1.1713173957130898,1.509486507577569,0.8313988831493883,1.3082392386162032,0.49376921776165833,1.0175565303466179,1.1885511217806954,0.7336959864860123,0.5552872593562524,0.02749252851139314,0.5581147108197527,1.2010249733051162,0.26370531508516537,2.0393179433953375,0.1430056008585769,0.44264348770004114,1.8831413078726722,1.1919953267345607,0.21766141768050135,1.0047747387372832,1.3839498673466544,0.7325529512825122,1.0347720759082786,0.62702649089223,1.3527736793778187,0.913259522055721,1.413974149621974,1.3017605063207913,0.4085834063730273,1.1746257438251897,0.6586566575234775,0.4177607958826553,1.005536669188797,0.7107654146280852,0.5289892829987298,0.7745290518164463,1.5013900895255539,0.9697169421409209,0.8085826810107009,1.6382018673004166,0.7784539278926812,1.5483410716442358,0.05665100602975503,0.6413903117688557,1.0193960233187547,0.61652371979138,0.8156079438080394,0.46401495511954977,1.3253983347734362,1.142351890649058,0.5527002668421199,0.5474619440200693,0.7160269146965299,1.4877289204804518,1.3371404992070055,0.48208899526351723,1.6782509813254245,3.0029668446217457,0.8287477608919301,0.5795132932903279,-0.0027656673598932782,1.1186703264092832,0.6850766778385259,0.5523226488989793,0.8692961745387093,0.11505190338570559
1.310745794400832,0.11590238463538548,-0.05740380309743037,1.1817502033031442,0.20724857832488386,0.36160155500749863,-0.20328493541644652,1.3661488769866412,-0.2511500341942591,1.4011834943842316,-0.2467326856424354,0.21308115782451728,0.7945435164395203,-0.41303887222796737,-0.7664608457033386,-0.12197038941557566,0.16726785576433373,0.23294534478766782,1.2508125645157495,1.1660902264391668,0.5682661828060076,0.964470471052141,-0.1817515519285743,0.1186158804887916,0.8799746468410324,0.05172359729840129,0.1413518298816768,1.007720417409116,0.27689144256170234,-0.0335804832946833,-0.11151642420472763,-0.4555066877833446,-0.1150157692798816,1.1005673643341645,-0.2373202678154792,-0.41627440068816424,-0.17613649494933523,-0.22193724651665123,0.6481200658070373,-0.7867216314352017,-0.3941007591759136,-0.3864936448159072,0.12684040361813453,-0.13928533785808103,-0.3830246665211517,0.030366507266254773,-0.2335308411423865,-0.32507929881005937,-0.3724872535774292,-0.1049860158605738,0.09249055374300712,0.7528869833816294,-0.1821414121233689,0.0978543602120358,-0.14415184534983774,-0.014514017983669344,3.4821276409178687,0.6659323810081041,-0.08188947112110428,0.3175314667689772,0.14470132255554644,-0.2601273352528267,-0.13419411212813018,-0.28278193507209276,0.20773315902553202,0.2477270943094188,-0.0771472042158194,-0.3462364228131272,-0.18528122199449562,1.769398487834547,-0.4698262998878847,1.0478738206374945,-0.23725236592531235,-0.2403513148158723,-0.42218451060735745,-0.46802942635027917,-0.7223426424690411,0.24415532250163896,0.005118754176472396,-0.37365097340642883,0.5200067887345361,-0.0797041211598384,0.5262932999485203,-0.26018286182388634,-0.06252270842102745,-0.783455452711473,-0.11395852368417872,-0.1804369014633047,-0.10443405931156592,-0.08597845906290273,-0.16668790146963772,-0.33135355082920465,0.2605159590463558,2.9452747040919207,-0.11835411423318597,-0.34107165666267913,-0.17150956055787725,-0.30588905512736914,-0.16603607804186105,-0.09377918016038442,-0.22780169282329846,-0.4170780916812559,-0.25727449316782974,-0.03417060278649597,0.050421742613918234,-0.3168524033018973,0.003036005468291504,-0.3111279800372512,0.02900625771150986,-0.1380999992191112,-0.20403657939577516,-0.06596591659861614,0.015476556988022822,1.1282610802667812,1.714745325860391,0.7150336976926667,1.7221435478074436,1.688645806363435,1.8896155954556901,1.1624696628528137,2.0046379969924835,1.736099698834641,0.6091649252624803,0.595839550930861,0.4330109237856575,2.3376585299429835,1.6212556019512852,1.555313462113724,1.6381109604750514,1.3942679008929468,2.2910986303397385,1.1336672315760026,1.7617055368505603,1.6302160674561583,1.253500452667904,2.1505442482872326,1.3967169520503768,1.5479566421091533,0.9001223764941287,0.8712084385755193,0.7271872222995794,0.3925885927890531,1.020821467394772,0.6437311273457662,0.6741543535946164,2.891434031441663,1.7643392121341233,1.02105407689908,1.7607254115843594,1.0487867867064926,1.5772763674962669,0.5978404803559879,1.7658240984446172,-0.11249813966750118,-0.43982412445866026,0.3751562977024368,1.7822657824135175,-0.696414182880038,-0.25185282621014976,1.0356889361353188,1.4807251293513823,-0.1200930541761432,-0.14442759993092938
-0.96936136231973,0.27213749129325876,-0.9069092091212738,-0.014189553763478711,-0.5498640698925746,0.11216811074345266,-0.33617549949450903,0.3710147600026353,-0.6715099010654972,-0.022215046692421053,-0.34941063720952253,-0.9254327907998452,-0.595414821589614,-0.7541931946375405,-0.1366055654693898,0.31447718211289055,-0.6710309558277829,-1.2352637266065654,0.2925132697806447,0.07300591360312363,-0.6707019473094673,0.45095919841699333,-0.41729611151768625,-0.6632265357826356,-0.5992738364928133,-0.856720928784866,-0.10032760125994393,-0.5700256477048223,0.33783416501179947,0.11847781481958533,-0.2550043737026583,-0.8878319050230536,-0.37307539316498,-0.5679129589084864,0.07121035078053924,-0.6080249768284278,0.02005526365858693,-0.2154222005291248,-0.24683592699697726,-0.6222237814330465,-1.0268936363463277,0.02642338330293094,-0.5475435227296014,-0.947603007292548,-0.8884479003369417,-0.0141685867299814,0.4382051110318763,0.019163694023554535,-0.3888093205727992,-0.6889158041036683,0.14203343387491435,-0.9623180469007365,-0.34161112293708873,-0.7883011305559247,0.041418753945490897,-0.25179996872714316,-1.1805131902310633,-0.5397390001450336,-0.8611801868053243,-0.7642188963478262,-0.5855430352294051,0.12304889683290605,-1.1174498309187684,0.2605540030284191,0.02825062778958552,0.13648434339341417,-0.8643065794849775,-0.5525860239702005,-0.874062854488737,0.14101818790916143,-0.0076266108767446055,-0.7197773273903518,0.4252701107063368,-0.6961975445291313,-0.9484295340224782,-0.46089848245347503,-0.1474616232106886,-0.8103010853820574,-0.6945061047252097,-0.6064614088067984,0.24826283160491291,-1.1177301233950765,-0.9879107985870896,0.05895468306874955,-0.7038297160895856,-0.7778083895763888,0.05470395685711367,-0.32232445726342157,0.47875127161406583,0.20671299022635065,-0.025308149320649377,-0.6972311650522794,-1.2406839628975612,-1.0367496372402891,-0.27444919896495423,-0.01084599751405759,-0.3030252622753886,-0.0683308732581446,-0.505382254241067,-0.23665043464351695,-0.18060742604255678,-0.9906461309123665,1.626281697201372,-0.4771554237300105,2.2436970585152487,-0.4911153019024958,-0.3474338613151695,-0.722523992250379,-0.529341540746359,-0.8776955370447114,-0.06628950375609906,-0.28281348647997656,-0.5918415746809872,0.5325151394118547,1.3143629776717438,2.103799640721509,1.3086652891651702,0.6018020001594511,2.4951206096058693,2.3785083039907695,1.831598959220542,0.7379930721915656,1.7877451907304138,1.059267812877873,1.5765028458431647,2.6049647946775565,1.0936865369090916,2.2731013454854976,1.467719958807514,1.631170860046052,1.5921217874296472,0.7955139623872522,0.4652452318935038,0.2447357993201298,1.129890293029064,1.5541893598277083,0.3033362474801592,1.2513570061756274,0.6708950274878639,2.04202747853037,1.5404306325451038,1.6680393696194695,2.7287582876342054,2.3016444033864696,1.889712987736664,2.658450949728712,1.3907893240782419,2.324259368304266,2.095410262500082,2.504593940431461,1.6153701411984052,1.6715258435265068,1.7498821110884903,-0.11936436229539167,-0.6957199253338314,-0.28155829645508795,-0.660983739189102,-0.7346660678214645,0.033164563840966194,-0.878555190266312,1.8819086371135254,-0.04601226937669555,-1.0175805071264477
-0.79211721770489,-0.47241744506580874,-0.46197166972539766,-0.8206886909635964,-0.8074081366828942,-0.6509379491640698,-0.8772134193557325,-0.5451189505572261,-0.8036790892270177,-0.9054389731684864,-0.6903177840740979,-0.018744401318242537,-0.10378476394571183,-1.0292409564060903,-0.9540652378175567,-0.6031440389582379,-0.22499089178141016,0.1645121621269182,0.10001914006746561,-0.6844746531328033,-1.106474366823357,-0.47203724368383665,-0.5612295499656561,1.1631349374411877,0.14436640538260265,-0.15048506256864327,-1.089311750727099,-1.0479598399292331,-0.26609277713543283,-0.9997650748203594,-0.5065098934573116,-1.0645811931505023,-1.0139952736326374,-0.9511193377048288,-0.6705255355388375,-0.7277693832965865,-0.7365391252338843,-0.6191090596805507,-0.7624379788374801,-1.0033217117892885,-0.9223542721468655,-0.11915668199171187,-0.634223056665758,-0.5753121186848187,-0.9753767898881961,-0.5753676858111676,-0.4156874918998607,-0.34092968232949544,-0.7140345036906881,-1.003847013987768,-0.639022543567975,-1.2626693005030518,-0.7820768218857829,-1.0996875535384931,-0.48788875689349354,-0.8796448314608329,-0.8569099390458413,-1.0358220746937394,-1.5755840728720596,-0.24110680566030734,-0.034307094830895314,-0.4654951162638436,-1.0791235189092214,-0.16299137990317197,-0.7188214988306393,-0.581706359805446,-0.6755780256261374,-0.5525860239702005,-0.9735540346856644,-1.1465071870860968,-0.1093880816066426,-1.1472557711566582,-0.30702821078566606,-1.1182299166243759,-0.5603568870870351,-0.9876958307708443,-0.9902789748983075,-1.2504993017515995,-1.0305733342986796,-1.5659042641488667,0.3176599433938138,-0.47381219877592834,0.0908613365529004,-0.5908768821947171,-0.9142200889106213,-0.794872111162374,-0.6375127680666484,-0.6889053694316231,-0.7226320715627861,3.471626444847595,-0.4648820629886423,-0.9187196624898882,0.5219042522400015,-0.9919674058764427,-1.205984438221687,-0.8222164745423906,-0.5419306820426274,-0.8013547022390458,-0.8519237038854109,-0.7508890639259727,-0.6574253954683422,-0.887834298003055,-0.8311128564639884,0.027730007973005344,-1.1792876685139437,-0.7580616317062933,-1.0377984948245451,-0.8325406340659296,-0.9213058062641926,-0.9887162176069336,-0.9276948877545221,-0.8742494738962173,-0.7770595935552304,-0.6165996975354614,-0.9719397467247992,-1.0608176584832338,0.33755920288572855,-0.30232765276707463,1.0837271562822415,0.6503213912941725,0.4092111725196951,0.07752729982779054,1.1591311333658219,-0.8427435235144731,-0.7975135443415615,1.1270364309191345,-0.24928651191022352,0.9520231963346422,-0.639087475211243,-0.4534767910017587,-1.1772018327636322,-1.1133039358247954,-0.7885415953591349,0.17235922375252752,-0.7746680315137591,-0.6415528910525126,-0.5924796629183522,-0.6635322377426532,0.035743731623330464,-1.17849077837149,-0.9140468323988477,-0.1997840469886753,-0.9662027762003601,-1.056000113046841,-0.833870873720898,-0.6652519560452265,0.1272167441302842,-1.0577717628414536,-1.0311443116944374,-1.0049857663614048,-0.6740921855487245,0.7755162468257737,1.2676114506889584,-0.6932472670795671,-1.055716447569795,-0.8372634595775053,-1.090922315879081,-1.1948197981967206,-1.2943664638464545,-0.4349182438606215,-0.5306629176665884,-0.8904664268323951,-1.2376312578710578
-1.3383445832152514,-0.7020767242497412,-1.0212987771515623,-0.23293789577113083,-1.2925907823252827,-0.8002014837073973,-1.2642550213944879,-0.8448456007584285,-0.9909561365891847,-0.9577117911305003,-1.1717802247710432,-0.8478483930112325,-0.6796382371035299,3.563315105145535,-1.0997857833199494,-0.8850792230316936,-0.9606208535424515,-0.8821412600257793,-0.7136387889170429,-0.842428451293832,-1.2210972327647667,-0.0338347432365223,-1.153627049437573,-1.0338772951156054,-1.02274415786386,-0.925617421387873,-1.1035688359984481,-1.0724152311912236,-0.8740142500675312,0.4746189119119634,-1.02762440603222,-1.4270438342274696,-1.1080773193766251,-0.7001533057355335,-0.7460371762355636,-0.029210213828730677,-0.7965882018344719,0.9891240026143593,-1.1928275534335417,-0.9593155745682307,-1.1155027886478122,-0.5175532860612061,0.3531826994684975,-0.9287235690215977,-1.1207323947000276,-0.9894256224097701,-0.48037081408696025,-0.9326065166968124,-0.6124523855691812,-1.251705940988723,-1.005690942398913,-1.527330368044747,-0.8645126852958857,-1.0855373900323826,-0.8347245201735736,1.3033923197365094,-1.2499729973535414,-1.370524879750399,-0.20670624241937974,-0.923648237483474,-0.5963696199508475,-0.8041575607768944,-1.2403196021655383,-0.7049760403548855,-0.7435430144498684,-0.7403689774594188,-1.0664073923839652,-1.055222729976817,-1.1989489098366257,-1.3603584206509858,-1.284720689220919,-1.0781297956723106,-0.77377875206582,-1.1182299166243759,-0.5489479861807883,-1.3605828602256762,-1.0805479049020033,-1.5514161985801995,-1.284344235219508,1.8990859817846215,0.9613667414820263,-1.160620734480733,-0.27497490692305987,-0.7748885186917065,-1.2843630571202624,-0.9769669413526639,-0.8669424591283159,-1.132659176461691,-0.5308665902143314,-0.7271562456239289,-0.9080413758490299,-1.324801592126474,-0.8736626830058833,-1.1322021907333106,-1.0522386016237495,0.11682265136482183,-0.5970727903464539,-1.0008305534409585,-1.224480142273695,-0.6546990548783324,-0.9415416936391057,-1.2083918145706902,-1.1449353990074154,-1.3327102760605096,-1.1589269725298141,1.384591254703638,-1.246072430468634,-0.8252320511352963,-1.087846019081662,-0.22280995609203033,-1.0146711209316792,0.10056178407528078,-1.002454406940872,0.7625864695168864,-0.19950330228937593,-0.5441733990595516,0.5968575861182679,0.7352575681758556,0.12793993315792898,-0.2918839321098667,0.36954233716017937,0.5620730714565072,-0.21083082375577075,-0.23739138784258626,-0.045105148077436305,-0.9148156431456097,0.7666900836546175,-0.5252732263806767,0.8892206128698662,-0.06831099842449026,0.8186409413608533,-0.4848198422284501,0.23914458870061137,1.0520233561418673,0.6063050109502381,-0.07772202477713186,-0.0565284030234794,0.9655720545049977,0.556307112205274,-0.7400188526052975,-0.44786540462373103,-0.4067235091438251,-0.9819370819903899,-0.39315370686102413,-1.1935366248789847,0.019055845089566304,0.07566517039209568,-0.8576950913238158,-0.7922113928993355,-0.8387651177249763,-0.20161551860936372,0.7508253827554414,1.0782207276517968,-0.6730271416610195,-1.1634357197286687,-1.0749705453052771,-1.0484038154464506,-0.5236792948847341,-1.1679424183854745,-0.7922637418919545,-0.8903902293801296,-0.8650990623637238,0.5024298388533088
1.379996176911536,-0.6771697840080872,-0.9069092091212738,-0.8775615672329803,-0.6216354723070857,1.436005500504128,-1.280761286316897,-1.0525980318691994,-0.8663827769478505,-1.2016254811715883,-0.5484092932002681,-1.5664671822010983,-1.029795552777672,-0.9780921253015203,-1.0972983973141455,-0.936157890934344,-1.3804267714375833,-0.6391287728483466,-0.37321913838943455,-1.1968044640494364,-0.744343524997204,0.2363283113317807,0.07508919538503622,-0.2838810589629149,-0.6957298036959098,-1.1724390823293604,-0.06894615886628261,-1.0973549189703018,-0.6515839853485272,0.6911687704324352,-1.1289614429507755,-1.1360454336668242,-0.5880259122478498,-1.1580516984472955,-1.0771181650765265,0.7797428282300329,-1.066934150691783,-0.6422498288007477,1.3030715772976056,-1.1567877697239504,-0.9919150666144276,-1.1472934384325153,-1.0302728827104208,-0.7388354372389339,-1.1470124282163277,-1.1736504921447153,-0.6861378810345367,-0.6189567106929988,-1.1062925821818663,-0.7160288760316601,-0.8854330541582616,-1.5916344479962956,-0.798027657350617,-0.9858440188154186,-0.7861316363447518,-0.2769553647667474,-1.427635767672317,-0.5783504884921131,-1.079878886201129,-0.18605829909194058,-0.7709053654549672,-0.0970210007680317,-0.903863073509544,-0.9316537386306784,-1.1042504963308115,-0.3720953019840205,-0.6902662363762672,-0.2613429381926647,-0.6954693737203336,-0.4975056989699239,0.25058475307284384,-0.9801201797608026,-0.911002461954027,-0.7706300638759646,-0.3556733639634711,-1.0293475078619807,0.273134229135728,-1.0318772909397378,-0.9672882846748208,1.5566902566866845,-0.059033458983201,-0.16156032994762587,-1.2005927075645189,-0.9596965639037681,-0.8169496473675593,0.31761661957599957,0.3757916004692467,-0.781865768365357,-1.2111235650754417,-0.6786965164411405,-0.6896932590320425,-0.5035062661476862,-0.9745653912584076,0.16844159039287257,-1.031918982532698,-0.8303674019394703,0.046019151446624794,-1.1186953067986531,-0.6686639564359461,-0.8759384608576545,-0.9085075911169136,-1.035008765036329,-1.0467879568504437,-0.19879890318557106,-0.6727281673310974,-0.7153645481100234,0.8610713970505391,-0.7355234002267497,-1.0021253771995597,-0.7015686730701429,-1.0061033285235597,-0.5474945936628351,-1.1297364294504462,-1.5611903239693827,-1.5696909104150465,-1.3701784020819627,0.027019672570533664,-1.4732263962571799,-0.368969548982455,-1.7326722046054897,-1.0065614692787563,-1.1473902211086167,-1.3841466299100118,-0.9928120319867246,-1.6405641701553544,-0.9103875211471896,-0.5866557857783953,-1.2340747373483838,-0.7629795477574746,-1.8477486563105447,-1.3606083633798647,-1.646967031211687,-1.1715221108502434,-1.2302803260936008,-1.4329936683904305,-1.4161827889349374,-1.1818916994140019,-0.7663086544464548,-1.117006339828692,-1.0351122500500671,-0.9774264732536417,-1.1942433809287185,-1.4716899103434762,-0.9698690892311992,-1.1098746835140978,-1.4418472629990429,-1.6135933196263506,-1.3259950265728426,-1.2296548584280134,-1.570800604023255,-0.33647488813887466,-1.5528179707841108,-1.6748234416952883,-0.25633262234295007,-0.5857287244000826,-0.9335367378143742,-0.8590579956913439,-0.9958212292027101,-1.0152756447679914,-1.0339014181402761,-0.43052408356566363,-1.2431792133046349,-1.1510917732067174
1.0171171507263082,2.493587496204381,-0.015230216901476893,1.6091946640069255,1.504734294009151,2.0748452882592368,1.7795121855937428,2.5695208588908613,1.2532427861829367,1.754861214330161,-0.16860823017854512,0.35609561016216057,0.9347013831496628,0.7768094892216606,0.7472777921371122,2.164208928733485,1.0124101096893152,0.30304218492329926,2.2742833175620394,1.6837512864635342,0.3356337587368359,-0.017173189712248915,1.173471094764757,1.6380260367791866,0.17011656682821122,0.3523205888174843,1.6742870890493686,1.440240294324432,2.1505847436250947,1.3473128108078058,1.692748783809715,1.4313110718049264,1.8635944043404287,1.5412412641542528,1.8539430040147575,0.1072038355014505,0.8359002002362772,1.137035147595212,2.0002458889662655,0.5106347811530435,0.029021358767494974,-0.4251946024813191,0.45290793366659193,0.6043520300711477,0.6817442302940117,2.1478322257667646,2.416243808471773,2.414665009213499,1.8160395218707324,1.6642756495590003,1.8453720549733978,0.07935927291635558,1.3816211272132741,0.8238626960240802,2.067714408466811,2.7230466499578254,0.29544281393083677,1.1998969517243416,0.5641201965342872,-0.042023273038942655,0.0069543392722655065,2.307579371844108,0.7858441565371163,2.240957822302138,2.6355057956464147,-0.5209171968829067,0.8552457679570614,0.59491899181443,0.9180654750150624,0.8435206800401867,2.026642066752807,2.72802764499844,2.4383544288731542,1.3774406528529075,0.8277541727196291,2.3146765090198143,1.5092283817543488,1.5126493880851362,0.6957830955895917,0.012517012024309057,-0.29216212727163227,0.15672309649540775,0.48317168109656,2.157620321240483,1.8801623731139008,0.5649297105885376,2.364636801515512,2.0031980081405174,1.7651403229083986,2.617450028201503,1.7049705517312452,1.7660596276749891,-0.051569215981619905,0.1217531685737737,1.0516814405446446,1.8433753273668596,1.3411270288575967,2.341378339844608,1.9221091885108728,1.8150471494647236,2.1245505086058194,0.6408015662102263,1.593869543183562,1.842015117375758,0.9266472305634018,1.237288353965529,0.19808160269645453,0.5932163295982884,1.7728754791954782,0.04051401277509721,2.498893802774526,0.3680438987447267,1.0404456819805679,-0.4514937524795993,-0.31940604248050936,-0.171673120410421,1.1137038977391294,-0.3127845079252386,0.43220371794720386,-0.20339057264501018,-0.0205984875811242,-0.42655587792546973,0.29757034709665076,-0.3194768192002415,1.2763298307023314,0.9724406634994324,0.9819606040898524,0.08598975562214933,1.067671760463645,0.6047113912949884,0.20201196846571826,-0.04034225612310078,-0.24744739636269208,-0.03231529538397725,-0.48658571289662145,0.8403441739934929,0.9990292398040664,1.3633585212847097,0.4357706046336833,0.6607470525628036,0.2986765971481954,0.328138532120722,0.25414243832657196,0.5013645513373027,0.7258392315584816,0.15394203481598967,1.256535493142626,0.04067356730709216,0.01998350492355048,0.666091389853178,-0.05856954107456459,-0.06695523625078945,-0.3814286502840096,1.9059557073633093,0.9460584362718928,1.6175970940613082,0.9884767581571204,0.26034026987235875,1.5304949638480703,-1.2518210430098033,-0.30527455178139046,2.068105210393771,0.12337781513231966
1.315391501660006,0.5560007078826597,0.12258856036978408,3.8883831933852497,-0.1555049991119825,0.23199902731831692,0.12901817700374238,0.3468513528024165,-0.11408128914078502,0.33817014841200516,-0.3315422664953185,0.21840977814345114,-0.004091637935749569,-0.15606643896607533,-0.42268442672774736,0.3737144867799423,0.0021859662581157815,-0.2884129126956835,0.5119371907968878,0.20468998658217663,-0.339296002980304,0.6616540314112532,0.3624583885866977,3.1931617338630875,-0.3343916625008826,-0.09885827973813217,1.9244971004046152,-0.005317225563742577,0.3820073791246261,0.3433648312591138,-0.0021087879999014043,-0.4350053197431064,0.1218002443055504,-0.2032249070235505,0.03371657930696388,-0.1550877304001431,0.7800132102035257,0.17346722686391752,2.873313754495372,-0.162738639456165,-0.5307480948569185,1.7202225190797198,-0.24283478406531245,-0.2710893119253964,-0.33233473975975136,0.2869462498126874,0.7507294192499205,0.5079021760641899,0.04621949353375465,1.131335493673415,0.31597309671769447,-0.5244281195730848,3.5387902946364225,1.1125499646161139,0.36874043661133915,-0.10926713731002947,-0.5021963325539371,0.9697096243749611,0.8924410927253361,1.0961266661863969,-0.35002037888878845,0.41055535634368195,-0.44747016992367794,0.34964419829569104,0.5651384417424952,-0.10516217329924783,-0.15668615085100857,-0.32675295697907886,-0.2875857815973656,-0.5708570827592269,0.28535600806726547,-0.11728030024359894,0.5883383460096414,-0.0711883611956481,1.6924854155460474,-0.12048707295025211,0.44719898265038927,-0.18592314307476543,0.08588532777511614,0.6451464994508925,0.012962827371249373,-0.11666661830166322,0.23543019355742154,0.15022616621442222,-0.11972674889449719,0.3556719580014917,0.3689232670110434,0.08110252913170377,0.4295124821141212,0.5322306002650472,0.11261499274402573,-0.05823796202028979,-0.3372981264413235,-0.5041415765414431,-0.4384014503931551,2.1335281394063537,-0.005380857464192281,0.16850932072690358,-0.05627092358155489,0.23482056472509594,0.1416051485976432,-0.7685731235890538,0.11391720721216332,0.14807311364665696,1.1535697496053563,-0.21390010931353778,0.518611054637445,-0.3946699068503667,-0.13003283643961408,-0.40523424324840845,0.3950917744380942,0.15131770456587865,-0.19095206686134147,-0.14644207131292689,1.9807161117939336,0.3286717225944173,1.4111026100863489,1.7936576664233275,1.9977536773595919,0.7842099553223318,1.0789586503624444,0.8863256034177407,2.358674128103407,1.531716004568117,1.7055250988596506,0.34046996031026233,1.2014930167386961,1.5731270342811363,1.5425550983082257,1.1875734364461712,1.0243238473650904,1.999050679280594,1.5091896681866628,0.6749383717195319,0.3780918384431536,1.7730337098477962,0.016947365878465608,1.2030848061928652,0.053703417363168915,0.6030651135267461,1.082916071538806,0.587196295969309,0.838581461466782,0.8805398558750023,0.6866218355219452,0.0939669605540681,1.4868824868526778,1.1808923642590774,0.945167715914743,0.7610437901881192,0.2723604984608042,0.6084728112273616,-0.21803148980402415,0.1154327536996007,0.31728609438416494,0.0816945563313223,-0.31198291450983806,-0.545607720854806,-0.10215870061707556,-0.051955489722596,1.3805287162115405,0.10768077917957623,1.2181828309024187
-0.36856021503490227,0.24538332535853039,-0.42546189616817365,-0.09895488435204734,0.031953808248194986,-0.02206854403659208,1.6004160740141122,1.9199743949950023,-0.4325222541843584,1.3269818047534612,-0.1837484898333291,0.6834685499126513,0.39884627717421955,-0.22676803916785873,0.5278973238275426,0.15311884760253303,-0.5316104865099437,1.491516839253646,0.26898248563624066,-0.2845258041049461,0.7400118792389956,-0.4068597585081108,0.4844587770646921,-0.27395025066473305,1.37779458932446,-0.46748872743136966,1.0065646825404018,0.4803911461436373,0.6022357694701813,0.5042282072527519,-0.22670735288864668,-0.2649640323588207,0.21719918903196267,-0.011243273728332533,3.3168677694323554,-0.7124708613354023,1.3570844143892813,1.327768800179468,2.0658443761088408,-0.5283431889899591,2.0730242508195458,1.0384844727691591,-0.050773937105044166,-0.0470556177527562,0.02222665743938622,0.01200031680584764,1.9088152298141154,0.37385954869151417,-0.10932137930533195,0.2030453461784313,-0.44672283349375563,-0.5468838209221042,-0.0831935539890825,-0.4242668525753963,0.08978039639792597,0.18352024102313327,0.04372655167954181,0.4297571840526256,-0.4814337686281949,0.7313264162490567,-0.45745545058118553,0.36114693335217135,0.3437221894030404,0.639653126493873,1.841261370637168,-0.7647070956132155,-0.4129947534030402,1.1337461483463755,0.24163783590730545,-0.08312790838023593,0.9314172567315002,-0.16217617764275405,0.27881354111644935,0.267952523011257,-0.34655775293360735,-0.07627182292916664,-0.22963317014407486,0.06085349010166475,0.8784681050675729,-0.21395426559770256,1.4172790298930062,-0.25059120040921795,-0.8855665631760508,0.16629639061248105,0.0585296326660915,0.23194739461983285,0.14788325703059343,0.1838558899205147,0.035974708684506314,0.36376651713679303,0.7215838665737102,0.22205758486495128,0.41963869218836763,1.1582807421095782,-0.1496762717301771,0.40321772639084397,0.4793180636684157,0.6043144439377846,0.06239186718072729,0.399620844423717,0.4653633255943066,-0.07507334062552551,0.315938168001534,0.13684113631949674,-0.17295017019010991,0.0572945127485742,0.061979474292366526,1.3564383224654255,-0.19902005755252222,1.3989403569229433,1.0992736292611796,-0.14807943499319093,0.3552039371258428,1.2100187444983237,0.38780890490078146,-0.039102444196271464,0.8434128357063282,1.1371079282051788,0.604750184283976,-0.20826979858464953,-0.04794393286993391,0.5933695701735873,0.28767868025770993,0.2183890248810023,-0.10369080987009222,0.737692248227843,1.0979399385874435,-0.11583082053374265,1.2531553460347242,0.4068115270306035,0.5212463303045292,1.00672503272969,1.5580101977593177,1.6206215171816167,0.35940271121536577,0.48377189378182683,0.46984570521146923,1.2892647052979964,1.017722631937917,-0.26816096100293396,0.13243258284267295,-0.3575938039526389,0.17212124512300025,-0.03624121811410925,-0.2731354434621703,1.0400210991387495,-1.1024893947946761,0.3025278399201054,-0.04583014797080392,0.308841209508306,1.3619410053223728,0.7026737297885187,0.5340865325634223,0.2919990876117349,0.17631484977235215,0.37286569036287026,-0.4754651169522444,-0.5681369997867495,0.09213158543099939,-0.5303133955209393,-0.518308410684759,0.575627457895099,-0.34416415236071035
2.9706392980396244e-05,1.0182029712038534,-0.015230216901476893,0.4607013174398263,0.4042813976247088,0.6948821814853287,0.5108169240547766,1.043297392431025,0.22549497279052338,2.1502102366886904,-0.5266135203441002,0.050162475726502266,2.061395696898372,0.8315180625668314,0.0145629268348059,0.5611848546907957,-0.029946820958211325,1.7878677586182987,0.8492517064283631,0.49093706508682794,3.9320194420749597,-0.6072816392575311,1.14570543576011,0.09088564104535801,-0.9561625898904386,-0.3122981187088842,0.36967394789237157,0.4731738594741495,0.7780550683831973,0.49413188796548185,4.205688534814695,1.0647520365109566,0.5066662074525808,0.3204358312232737,0.4872644139850929,0.2667499805432318,0.7990279641191487,0.17120086911110297,0.7150542189389265,2.294153832965819,-0.5763564925887923,-0.5633345461724887,-0.02435176516551097,0.34233239137804233,-0.17181585652114162,0.7709109581013301,1.0470330625924347,1.075555871063053,0.5611982959411005,0.6989352638834263,0.7415071060606241,-0.6367090275041185,0.4600051881708867,-0.05610146354712819,0.7718995705154618,0.2668234344078654,0.027327231562153678,1.3556524382248174,-0.44836015502776866,-0.03575746239850266,-0.45259075621576306,0.9706856121751904,0.142058268954073,0.9191938380727209,0.8654707987811284,-0.8969535607768593,0.13124819123831152,0.4339747776472004,0.22127918953515915,0.38919672368551445,1.220390648757762,0.1268642586211972,0.9834880318159734,0.22315099938186944,-0.15145266457955342,1.1551233150783033,0.3525360185114649,0.7854495281369561,-0.43479441346213943,1.999423783636028,-0.4862964971899523,-0.038214415401363035,-0.25362466785070303,0.9670125075345227,0.6106620567833844,-0.03392694867805558,0.8349751082984675,0.7268333783099844,0.3367686312887323,1.253338975755156,0.5898567929347205,0.628869771234677,1.9079144126840544,0.3505293329612586,0.17116636821288103,0.6788075478452629,0.9541705669846265,0.8520566837836409,0.9383084023128611,0.5819772016804025,0.8359724623984381,-0.07507334062552551,0.15883755750688533,0.9565892721976079,0.10937539975254254,0.8996328082407565,-0.5002889818255815,0.10531012985730895,0.6835076416588283,-0.1754696292118887,0.41298608863761516,1.0710382677977697,0.3777609980652999,-0.6384110180675764,-0.7280221225373293,-0.4842124391810912,-0.6882973150428033,-1.1270633370720058,-0.6238249198590881,-0.5841160336540229,-0.1221148137728644,-0.6179492499876225,0.5659800967208242,1.3686576064697777,-0.8594721752421178,-0.16722144849346315,-0.6155851897379024,-0.8620831923043737,-1.4356797926293443,1.2557151795597494,-0.1564553272842139,1.1522986050697448,-0.7352396060664466,-0.6539034009559349,-0.7941688787617307,1.4693902588767513,-0.03476140586062444,-1.562080654783591,-0.3019257707647946,-0.38485596532365957,-0.20537523139703007,0.5296171041894061,-0.1590415967999228,-0.04140937280681898,0.7337776778705094,-0.5889191848262242,-1.1024893947946761,-0.2989123080387088,-0.22664622757291575,-0.06570718726227627,-0.5666988108125731,-0.11388412956741352,-0.688275208416996,0.8477592318427535,-0.14518729709252098,0.6596887789032475,0.27495740945376534,0.06340411256010331,0.8028646930150999,1.305848026283248,-0.5719840568334793,0.764049943648953,-0.164752132310675
0.6075805706389296,0.6859454029171909,-0.6084959888323013,0.36475861821070965,0.8893394942748551,0.21200178462010869,0.10992262531262997,0.9601066942304739,0.12876277864542485,-0.09118270471110658,0.034479783131587075,-0.8098638776691792,0.6327968262128233,0.37029817712881813,-0.2749907364464669,0.7680256254325936,-0.14195829844967506,-0.7698674771364815,0.7117692411105441,-0.06890904527090842,0.2075395428536164,1.5254109891896905,0.6928713238045897,1.2857260035978797,-1.4087095904946485,-0.3560338914635311,0.21242144303892208,0.3356468431560332,0.45434290887537127,-0.32063777701172175,0.9446214170755471,0.4701598863753262,0.8877400073573797,-0.3030577380025775,-0.10656422951114287,-1.0672754103634539,0.9285511723503035,-0.07668807741630367,1.1904949339116926,-0.610955798255124,-0.5221941617303408,0.7908758528792611,0.08501243506439667,0.3295068333740739,1.2982648153279843,0.004578545918521181,0.6636243233762202,0.18786577158064466,0.870754183590589,0.6170786068397904,-0.016969159342961757,-1.1427393459239565,0.23925762541764234,-0.06375275126192335,0.1877053486485199,0.7436137421272381,0.31487209425223256,0.6780518665536137,-0.36117131625056104,-0.0042551558359608475,-0.03780672847217247,0.8055756880495054,0.7532157532911323,0.622319868043092,-0.09492210250192026,-1.4357781726848162,-0.015227663653893218,0.23456270316662167,1.0215404713903309,0.06070465480316647,1.0479785492639662,0.7834014412810074,0.8429020959068038,0.7992476682367102,-0.14416751968642727,0.4087533866608561,-0.017594904385557737,1.1535385657082733,-0.3842637250055428,2.284857595288635,0.8618478640917034,-0.5101145096951524,-0.33889874916570345,0.3276439307792901,0.6282347521452405,-0.7595328754926503,0.5928157809754622,0.739616291851174,-0.2810136610116914,0.8454151448844315,0.3308465197782414,1.0031779932235065,-0.19148500009883251,0.658024045132808,0.033920109962119256,0.9846952834536659,0.45231425330786806,0.7918646846719124,0.670368242235561,0.33719926952424717,0.4109015366339529,0.25930178045916485,0.79749434681423,-0.6512025327521519,-0.05846464288250152,0.017388828756868244,-0.8092523343232139,0.1504460775693615,0.5018956488325553,-0.19093303040431625,0.03084290574986688,1.472056301609832,-0.12178674836347333,0.4813736826848368,1.28538916830784,-0.041562311467304526,0.0156840053287851,0.3375471258928545,0.013818515066075716,0.08853733847402195,0.13418004040242312,0.482111623681269,-0.3551486580788081,0.3358448181233167,2.094440632840185,0.07047418479391711,0.9103037392273964,0.4823942767594531,-1.066964764282432,-0.11060851682814642,-0.05610993656923607,-0.5819372338849753,-0.09786256570759402,0.8665493774262869,0.09821295962365188,0.5605640276091557,-0.11947209034117084,-0.05558139674844301,0.40682584967089397,-0.26264475663675474,-0.11162145709126275,-0.07084194696124427,0.36254247205005413,0.3626747868831688,0.014236907393753022,0.2193712266271498,-0.41419628097652894,0.037507660541960065,0.1627897025241254,0.3651099388217952,0.04811827670641454,-0.2774248878604211,0.25220735548907935,0.8007584955969446,0.32821761688621587,0.2474183457112497,-0.02217976381135872,0.5660373322626364,0.6614054302267905,-0.3740467264335674,3.0041200827205534,0.20238600979770438,-0.45563604862485724
0.4548616261507398,1.4638032049662193,-0.1295102417893803,0.45882633903003944,0.5069847981483857,1.241881658659224,0.7463956444509862,1.3061660873139862,0.1817863908007575,0.8022760532705951,-0.5266135203441002,-0.29568622568294073,0.10920929140166141,0.2765693993608301,0.1569186367818993,0.7432957800058431,0.09935186877356557,0.010863711823946437,1.0601400642249286,0.7531823848940203,0.12062231248054651,-0.38489739446039073,0.8742763950141528,0.22594909138527108,1.3450465124321245,-0.18360387423252256,0.7449059425045425,0.6735020160063936,0.9442174563528276,0.47116529835698595,0.747575282839701,0.07635249524123551,0.6140956562374446,0.8018180661715252,0.7986861164768417,-0.30220804909268656,-0.033371511777545805,0.4760284788459209,1.0958361325967065,-0.09784332127870503,0.49897465021795034,-0.7420622658302949,1.3622329067419352,0.054873019644049045,-0.0607468195593715,1.1625708592732769,1.6385513617014367,1.1680414962405483,0.730425396627477,0.7856287172966196,1.1622544229181988,0.4232646279451475,0.253358368968218,0.20590664191757832,0.8905225572444749,0.361927452812541,-0.33640826420242625,0.5560514509036705,-0.6336596470606366,-0.5360872864762313,-0.4190490308951998,1.039221152946814,-0.16918721236752773,1.073347458078398,1.0058581100525037,-0.25087317548015137,0.19123942755700424,0.2091664764650499,0.30085799115397854,0.15165621782854935,1.1199553501382467,0.2561579880096521,1.2066241552778674,0.40200837902906916,0.545880067559942,0.946658236681913,1.100244999101636,0.7586178985221385,-0.4675427268149085,0.4041010357759756,0.941174178029719,-0.20168488217116223,0.31613609867418313,2.0197837714770692,0.5748684550144688,-0.04976279158099077,1.0711964392803242,1.006468375455121,0.5499395447251314,1.2277578282129673,0.7275422583456006,0.6862014780152443,-0.43130515041415246,0.2840233752677354,3.7740368283301358,1.0548745704437,0.8039599686985277,0.9812676932370892,0.7752679444655118,0.7140340518858611,0.677113325102063,0.06682600561704659,0.3616399211192686,0.9781573164541986,1.3849395031035157,0.42540304598579837,-0.22293171414689383,0.04464747197540996,0.6056554538743747,-0.016685532541217647,0.938464395965069,-0.020531660261130315,0.18195183440572404,-0.6798425390485139,-0.845263182181832,-0.6780240131698159,-0.11665818003090571,-0.5425202956802193,-0.6325599116813156,-0.40187431772809135,0.8788271000248689,-1.4927286151995673,-0.6743929907723488,-0.7976333867951905,-0.6732946266555254,-0.014410863230895719,0.1997612887235096,-0.41395184718403333,1.2840740341095997,2.3536962661740435,-0.5758474910008948,-0.20851962990278408,-0.12780282408740767,0.9526471038646049,-0.8543350642893826,-0.29882814028161847,0.30359271216726463,0.3209987814960925,0.17505209338616062,-0.1762918595741246,-0.3375314463334141,-0.14203247217893977,-0.2629699548240451,-0.044001685541580536,-0.006549335429679487,-0.5698840281621136,-0.36637464479623993,-0.5524240166807866,-0.34293768349461645,-0.11546220487922819,-0.49821757223340685,-0.5571989924834239,-0.7796183003316084,0.8967449397253427,4.103407791715236,0.6116144935331989,0.0875924484138636,-0.5065481077131325,0.1644957140974073,-0.27966165305710755,-0.08260035476829038,0.5143644866744549,0.6316001613423422
3.6415889951201303,-0.017026680745385204,-0.5691219961356307,-0.41094057544508233,0.0026255832278905336,0.21065582894254864,-0.4074476298828422,-0.28906614844730116,-0.36645874420424407,-0.6993549764295792,0.44873430747990606,-0.8492839054929867,1.3323542832593354,-0.19082132617873618,-0.7549168984723025,-0.07089172151292525,-0.5261727555532918,-0.5839287423539098,-0.3040067651286528,-0.4045004155691043,0.016613753436703446,-0.7597906758462334,0.1340104681531841,-0.2641109718555019,-1.1972548545538522,-0.49333888111695456,-0.584566423152499,-0.343172398414104,-0.38563441664436965,-0.6159696882894169,-0.397228792486132,-0.213329546779951,0.1511271550395228,-0.6390623316632149,-0.30674025415240075,-0.8724835920888895,-0.7399633366649987,2.0835036717273323,0.005184596099022596,-0.4463803808478205,-0.03272904432866994,-0.33527365815029125,-0.4289582743059992,-0.12973111789216382,-0.5667342130920914,-0.670050333649975,-0.17634744375838274,0.22859798240902446,-0.3404501751385525,-0.11385131123548967,-0.0202591345229889,0.949144973438693,-0.2775902289358976,-0.38636224019929416,-0.31447132679920087,-0.3921804469339859,-0.653480238617836,0.13568534589085748,-0.3976131331028462,-0.5425274188882954,-0.6748509978024014,-0.2190604099802727,0.1957194334145287,-0.2030596984653681,-0.3001574519249048,-0.46742910712774505,-0.3106535433880026,-0.05690993095696573,0.04572211022566428,-0.3389270894741233,0.13410287429250073,-0.38819928625859673,-0.13706998601511852,-0.11738054840278256,0.1764280676631044,-0.47519593619914124,-0.5100748493638728,0.13515880954393236,-0.5012515369765719,0.2339768673651041,-0.565458644266029,-0.5818871440193396,-0.4367072446806546,-0.06048342915372396,-0.04856551031763255,-0.9058024891037572,-0.1546309773714251,-0.0009919379585506675,-0.1669028347569309,-0.11713713379084076,-0.26616565711757506,0.07263819737267556,-0.4251630578996916,-0.06875782584076776,-0.6032313375525545,-0.529991501558599,0.12328047431191787,-0.15116476184526853,0.01268164939247111,-0.25432996294253274,-0.16677982198704633,-0.24117682168535434,-0.15058214931410488,0.5091831176111512,-0.2724213916724789,-0.45811355970238204,0.5013241434635015,-0.3560587466210173,-0.07500808972644248,-0.5273211752070447,0.49974584504392056,-0.41671412505403255,-0.5215395842647663,0.799654911433421,0.30892163110916054,0.4020081667822021,1.4081508657578279,0.8475998846531034,0.11573429189967546,0.7005904397883018,1.9575852796665696,0.8357643148441827,2.415247954496638,0.8049918298391716,2.418400661602568,0.9293020972832964,1.0972874256676202,1.0997812883312104,1.3790943250659795,1.0204852374444962,0.9851555176475414,0.7973204198495922,1.2507061541501778,1.211011381361785,0.24196946665115465,1.0860255043257039,0.0707464345243232,0.8746234945614201,0.6573209024046002,0.5070474097781389,0.6603319563552482,0.6015677662861565,0.8318219978194361,0.9211997103740516,0.988466547214722,0.991748835490239,1.3753842663454403,0.748243641949958,0.6699144791165577,0.9925644477295469,0.38210668585766044,1.091879443223805,0.6766810142871249,0.31776312249256483,-0.19783463010815,-0.23543815669962995,-0.4598167918581673,-0.7290913533041911,-0.1700449130369894,-1.404492181125701,-0.9088611624797702,-0.4247996249738887,-0.12077464404151725
3.082631243105283,1.3547289864211227,0.31595456029056423,0.8521839773051558,0.6465748289238129,0.73519138566366,1.5665378037751891,1.4105054410785178,0.877323830309485,0.7537507262380435,-0.16860823017854512,0.24132864998706297,0.05261691515392707,0.29895479969084743,0.4545513258546557,1.1059439700070328,0.5869028745130446,1.6015467335958389,1.4301728512083929,0.5520340127591051,3.1038464624038937,0.23351788475969826,0.7828778314653954,0.4308522572032471,-0.01907448801761397,0.13869148913441798,0.6740399044665899,2.701683283658809,1.04466739750124,0.44208910494868203,0.8706620162160322,0.36157448056990255,0.800483245826885,1.1580574202330063,1.2506174774790997,0.3297798355576757,0.3254341865646969,0.3009708461672252,1.6265992106039346,0.8588431796364354,-0.2180007845626608,1.9175716568776968,0.5318305376355444,0.4974971881862608,0.4886558062952444,0.9363231724274311,1.2392305305552276,1.1787143092831327,0.6595599781785567,1.2584367580272295,1.2557988310870347,-0.11348866564197549,0.6195144815201349,0.7556975279794964,0.9396677556144547,0.6382711850236658,0.2756098748724024,1.4383559029202635,1.6790865973266085,-0.06658000105741926,1.8396174775666658,1.2127096171173186,0.24709643933327838,0.8888703408451996,3.2790976574304453,-0.18770252645696434,0.7040897213512879,0.42937768663073955,0.4466740646861204,1.731445186732854,1.2086572879363542,0.5201816460871368,1.3505653985348538,0.6751366611126286,2.9890930389512222,0.7707253601315055,0.9501531062833,0.9943254285857329,0.4062351803989951,0.16719299877218868,-0.17770194751832022,0.434017496281582,0.9022358518436862,1.031245428381805,0.9967204011550638,0.168549748187642,1.1144384713019193,0.9039721083428873,1.0137425512154268,1.3381858268699707,1.7270689378869015,0.7948621635266708,0.3984019998767257,0.5288146026377041,0.30536582019185415,1.1105666596285182,1.0034584888427815,1.212734867892196,1.0604244532531584,0.7766431701674235,1.118377312529992,0.16448843403153895,0.6706292353660714,1.25584704839174,0.17047411660059836,0.5391686724778043,0.719898875992734,0.584922971658296,1.142939560650082,0.2460576432590561,1.6082114509981775,1.3041704659601137,0.4336181691294339,-0.3961997654212316,0.0077359057622068085,-0.32771478298520174,1.1297453212685233,-0.45530982076139914,0.14248560016160805,0.03263253275043593,-0.8153891076054973,-1.2799266405179301,-0.6938888895469185,0.5256846082309791,-0.31667856555234714,0.7877917726509119,0.8927398862839577,-0.46152703266401646,0.19831969708021233,0.03403984512428523,-0.693725138361679,0.06490248318924881,-0.5033129097228572,-0.4383984950747475,-0.26842177746656004,0.0499437455105935,0.44573229324150154,-0.828921753149605,1.8628618363353047,0.7112507266362074,-0.08054572754019124,-0.026201242750278186,0.056522060592082014,0.14327155525426796,0.4707694802537915,-0.3135315483813416,1.0120385789062514,-0.13842106599667198,0.08401178930263555,0.17688865956268612,-0.30999178777936615,-0.6927690439826482,0.9291102551111546,1.0929234778114547,0.4703329173495428,0.8208278455632801,0.3768103325687149,1.565855929694277,0.5703550521354109,0.2781070568910516,0.9542334800376897,0.8243323276787708,-0.0436386882299164
-0.6052511677151515,1.7583601615113384,-0.43025382950227187,-0.3067458570454714,-0.5042393259028778,-0.29496525569473275,-0.13352579211611604,-0.015615588562240247,-0.4325222541843584,-0.42182630139817057,-0.8864951928001729,-0.81124476175052,1.223846475229404,-0.5697994311614033,-0.7180892210992251,1.3542073823226664,-0.48102052004058227,1.492292300223746,1.3622591625290146,-0.2845258041049461,0.387824333255957,-0.9666590799290392,-0.18899766604360346,0.1322154808812546,-0.9663332543107358,-0.6562902819572315,0.2074786542950365,-0.48978111784459627,-0.07569689818058713,-0.2559709750144052,-0.48333218998825295,-0.6829013267823749,0.06118365204817387,1.2609276816209638,-0.3971250714153563,-0.02681457762862193,-0.7893134410791638,-0.4127542396018001,-0.18142044049196454,0.22023768243450978,-0.7656429126880423,-1.090732015610309,-0.6991644829242233,0.2285958240859848,-0.5822715296349036,-0.17078953659222582,0.05992610235284239,0.4649450081221415,-0.2125305336996053,-0.19627861121677104,-0.43394397835339,-0.3978381743569599,0.47356874363726914,-0.4152061954244527,-0.05338894730501889,-0.30272976020190095,-0.7659219585819192,-0.23525710228756908,-1.079878886201129,-0.938745700950715,-0.5855430352294051,-0.015847472199798186,-0.3202813335002913,0.05147392092758891,-0.34227937226607974,0.012288019657865856,0.127401855297361,0.13818880455896948,-0.38221928646157094,-0.5759227816847629,-0.024155585175506453,-0.15308782818513053,0.1923830110643069,-0.26636068898552173,0.5509518179397768,-0.39147037661658984,-0.3734214661331159,-0.16624683768794993,0.312421520926934,-0.7989169469969856,-0.9170781678442184,-0.514744844145584,-0.6758688925754076,-0.11692805855728262,0.3865672511330223,-0.6593385423394549,0.13968485713566117,0.02688765349627939,0.7812284167080457,-0.17180036450300398,-0.06805427560003971,0.34082454915814125,0.7054562584381275,-0.5041415765414431,-0.6239307845224841,0.26714646616814985,-0.11399245137910899,-0.22635673795627798,0.11837799538689373,-0.2192367740095876,-0.31736929724157537,0.4501774090697613,-0.597703316738577,1.1660586986475514,-0.6182381310360061,-0.3074747837609112,0.015825154198262595,-0.4305255071663687,-0.2840044549230884,-0.6866943901571748,0.2629661399804308,-0.6942334672808738,-0.4917541927059784,-0.2543259445904281,-0.3477047175518058,0.602009153804619,-1.258224131583201,-0.7192209994081297,-0.25090504582109896,0.18469087301702056,-0.09089295155128711,-0.7094431324580893,-0.3711201442949282,1.0956015138243318,-0.5201948486067203,0.8746317597179297,-0.725994287599424,-0.43315055388440155,0.31810686446500813,-0.4938595917392801,-0.6093652712836644,0.9205420839417437,-0.8083964872945361,-1.095878574578295,-0.261419931354268,-0.0350905248266857,-0.4940936380990258,-0.9263768605034084,-0.8900846564428672,0.25907915706590723,0.19610667898117162,0.3925885927890531,0.6754160337971844,0.8091783944827549,0.3885918148151434,-0.09189336806688256,0.11457052989355121,0.16805428439629097,0.5628213205486537,0.4895980186709028,-0.4653798662212909,-0.06348459100131999,-0.3958027728855575,-0.15418632858304257,-0.8351201375046436,-0.3173278351562486,-0.5280586228055769,0.8928952435876091,-0.5302857804101282,-1.1231657545093543,-1.1406139030029396,-0.3067329421850085,2.2217371935441728
0.0751461077298687,0.6644596891696868,0.2916792604535661,0.4663067498175769,0.36067587909989907,1.946547375308774,0.9848371464580011,3.08300307742424,0.47835321331162617,0.6229037326562046,1.5956210654594472,0.27655478072551415,0.15734221348856917,0.2063938557474401,-0.21341583548717935,3.0911546034063386,0.35715473047606255,0.7785229125037268,0.9222327868256182,0.6984763049651297,-0.21791544990155698,2.2123222594941163,0.33273035003062523,-0.07192416032473349,0.2904016714103908,0.2903198396022787,1.7062820287020504,0.26080821032509793,1.0476426643392982,2.25078857492627,0.25951032801366286,2.268047965451827,0.39004399909796583,0.9808527946056035,0.4392677717261949,0.21854431897303453,0.30618594004345623,0.12430170918448093,-0.09608993918651054,0.8406924903991891,-0.1434070937430155,1.063594805033948,0.08501243506439667,0.5251316999524039,0.5498066191658141,1.2370919925349482,1.0493340576212424,1.7007699587743428,0.9370476930254221,0.8672526943578964,0.3527938855953244,0.10275262675977667,0.3340146782670594,0.3881227013717656,1.0453744038706405,0.27544481823782935,0.4484480311999659,-0.815768124495348,0.9210486979725543,0.12169648852787868,1.8891101719508654,1.2756499598514326,0.16918699330671916,1.3681490303674189,1.0674074219072047,0.1532123550952747,0.18757277472447623,0.02837703357964003,0.06901548504728885,0.5466104135112613,0.7342209679387565,0.797804854579399,1.5834908097580938,0.232231987943435,-0.24376912687744456,0.8065002100279438,1.5593058024873387,0.324766610676314,0.6464455623846584,1.405428790953981,1.6247751435400055,0.2570729088037343,-0.09121587364143077,1.0186574692518655,0.6712619452905483,-0.4523424092274806,0.771014729327176,0.8655543044245055,0.8477986942706505,1.2135992119041923,0.973054964241065,0.5386823720596164,0.5383630661609393,-0.1780529898950489,0.6839733131595194,1.9151220361021757,1.1146425802635178,1.1067595428709216,0.6374118773910065,1.6438945224326758,1.1484547738880577,2.1123356033042957,0.23576658498878786,1.0431076558873258,0.10363281912694164,-0.01011188635793087,1.364156689549608,0.20423941746490662,0.31820540546800985,0.17118584565800216,1.0310153683540464,1.1673988744156751,0.28444730494196047,-0.7989812050860423,0.3633563342923762,0.34690728548173916,0.5853052427755778,0.3533176512081731,0.28064718057047877,-0.5743314195803351,1.4923101740217761,1.2140106136803697,0.534735678912786,1.79767201103874,-0.018205342906744904,0.49344824943979937,1.0936865369090916,1.0385569455594834,0.24160528297461098,-0.2058772875726882,0.02454892075770657,0.07400486400620679,-0.0957040625866247,0.6961936342403293,1.0622649503716957,1.218699571402564,-0.4144389931866713,0.8006269629107582,-0.45135879242778654,1.1123028490857616,0.42944296622121403,0.33221355412949183,-0.6552041482559984,-0.3759989559581509,0.13347087964172466,0.05591960645627405,1.4379531051493977,-0.39492976362805854,-0.5217027034303283,-0.0735066560491473,-0.14238526972534113,0.5662852333288033,0.47560821668429365,0.3875827870203568,0.163660745019928,0.8903244465318113,-0.02217976381135872,-0.3594615909629133,0.9222922392308495,0.10295663701048599,3.046773475143099,0.8818526975174628,3.654791772214657
-0.12814416952054405,-0.12461870213530553,-0.541914148563711,-0.4025578496805659,-0.18972184543054665,-0.5296765447514115,-0.4823763051162624,1.4364219883216705,-0.23093582593956652,-0.10043633419709223,-0.4146141575062929,-0.9146239189072471,-0.4667943300544381,0.7091509770276699,-0.5475887158790611,-0.3361297151148663,-0.5904154006208294,-0.6890804429791089,-0.42916458685668696,-0.12329378919292036,0.604981542559313,-0.5240219748424016,4.430814998527026,-0.36683961107041274,-0.17876235227599546,-0.6051334075890928,-0.5612533632919754,-0.2118647185728718,-0.3989468539903955,-0.5198635744390467,-0.572378965066859,-0.0707507366698065,0.14142142872635965,-0.2682220417316251,-0.7876290411094585,-0.22421265271640475,-1.0378716729209532,-0.4406141154277766,-0.2520108063546611,1.1964860699966957,-0.7965675601510634,1.7253786019273347,-0.2948258241907611,0.2285958240859848,-0.4499830507090242,1.0140860298449124,-0.45327368059615886,-0.6111829635563132,-0.2786694449596732,0.3348357102453923,-0.4859571237964383,-1.1225192436909075,4.522802526673495,-0.5562459826299387,-0.48788875689349354,-0.4506214622082753,-0.5187993811406659,0.6361506033536944,-0.48818153502947453,-0.043073093296548605,-0.3771840307394533,-0.3439835585339457,-0.0035611152254380386,-0.31995512036303636,-0.5948126848921289,0.8490582319720809,-0.3779461241281591,0.32263293752780015,0.16893409038509258,-0.1435201672351587,0.3328328459125278,-0.28567998402034606,-0.2880507047466022,-0.015601933314099956,-0.5954707817263993,0.09779839073336571,-0.2432939240252998,0.837770313603143,0.7337828554112273,0.8804867537477443,0.8097948711052771,-0.567121412342864,0.7341051703885646,0.6191815770649988,0.33409698602035404,0.6358613897149584,-0.1859987622872334,0.3644930293460234,-0.4695814043433312,-0.16199306160362387,-0.1483317744420598,0.34082454915814125,0.009682324469242514,0.07298903689985048,0.04919467171661804,-0.3662216796064024,0.13689618665016012,-0.25236086249338,0.3166382860679348,-0.27833054456255896,-0.019637448045743907,1.4877652744254064,-0.26972321360698437,-0.7162439953223331,-0.37350764035673684,-0.3650824994358926,0.9760065173526685,-0.30715853376386226,0.038998932181066745,-0.19093303040431625,-0.17431995690468394,0.46971490172974484,-0.5678768920586882,0.6041740631335598,0.5556887875114187,1.449684515049825,0.7992997987121557,0.8546288686381143,1.5468164347595161,0.7775725426880387,0.7523482648818978,1.1858402137826496,0.6881660492279705,0.39512665682978565,0.8724579475167002,0.6566720371596096,1.1600135309047348,0.7691485889327999,0.6302031254399517,1.2560469541676416,1.2603345654537097,1.2536207982669618,1.4473286719170282,0.9533822385738486,1.1417396845507704,0.21511653616531043,0.41058528729784854,1.202757249199223,1.6601934645387153,1.4711540494815152,1.1944032442306676,0.5830496249931911,1.4401859628690123,1.2136595012225806,0.7337776778705094,0.7171590437683012,0.5125916532446136,1.339177127926266,1.0071004553894207,1.3610297672527258,1.079803805541465,0.8026256688309003,1.1666419728697468,0.6540425656035433,-0.61215927181925,0.9702247059087509,0.9563686632985816,-0.007372218577375026,0.11666770311191421,-0.007617821181882303,-0.5306629176665884,-0.47900841003405475,2.8151500188411704
-1.0880037303569225,-0.8000378329121984,-1.2760711045323445,-1.1575812679828013,-1.026262885871956,-0.890229117256206,-0.12974625856427932,-1.059647123570274,-0.946024818302646,-1.0546187651388506,0.5410490773723559,-1.2351074770817507,-0.12094649579639592,-0.7745500106226197,0.27401873317462117,-1.0745087033042338,-1.278116183445111,-0.05913736923536909,-0.9813819657809232,-1.0023972524984113,-1.2210972327647667,-1.2562695459391915,1.2767901119278675,-0.9562027413198357,-0.8339981701508901,-1.231418720917928,-1.3399377243565307,-1.1487666727051606,-1.2091782491533045,-0.7645514088261687,-1.1064298556119372,-0.9028486552282494,-0.539027271332908,1.1121410620220848,-1.0729534305047286,-1.1429025571421252,1.818588298007406,-0.27348581357262347,-0.7859418665852199,-1.1625872765107064,1.7826773392147899,-1.1873494847569332,-0.8095111153105429,-0.5078686359245729,1.8636347253231487,-1.1549033594962126,-0.975321558065943,-1.0287722377801842,-1.0779524067569237,-0.48910705389326076,-1.1226603173479606,-0.8704435655427134,-0.9174581860702992,-0.6201963319083804,-0.9756922221572047,-1.0476025102945112,-0.9185217176878666,-0.3013992991003715,-1.3600339684437617,0.5686559294359548,-0.7462033072360106,-1.0960974761496813,-0.8716697675575574,0.3192658732843343,-1.137558640069095,0.17865127816896287,-1.1069214768806193,-0.7223640927013862,-0.6954693737203336,-0.863913951629845,-0.9759572282292661,-0.642232403016008,-1.0645067592331319,-0.7706300638759646,-0.9662143325279298,-0.9078484982284781,-1.4156406719153685,-0.7241740682696645,-1.3540254507341871,-0.46091968550720586,-0.12409869151853953,-1.3529581000215591,-1.0730366171556371,-0.4590699485059767,-0.9395862251689239,-1.0064705007178223,-0.4954748111039752,-0.9876263328320576,-0.6804488726088149,-1.1521488599506593,-0.9392542153465475,-0.6972311650522794,1.5011533650205864,-0.7559875699029082,-1.1598365872152399,-1.2726657892690825,-0.7140767716638661,-0.9346653175634189,-0.9607401368722193,-1.136877938308031,-0.9249187609435985,-0.7772470463664396,-0.7921829698827073,-0.9457024053646625,-1.33464383332795,-0.7436292689056864,-1.2016389169430866,-0.9936697285546299,-1.087846019081662,-0.946496409025102,-1.2006970320542223,-1.033155395127236,-1.199723632673244,-0.8116700890866945,-1.1146106285196329,-1.022655413932521,-0.3143691637637964,-0.18748527482350502,-0.46147478710281103,-0.8342797189029316,-0.7067663003172202,0.5373725001354374,-0.8119851327561945,-1.4512800543974933,-0.8884060767711656,-1.115115351718208,0.7837877676111412,-1.1226585602558576,-0.10187458719114707,-0.8902024668336412,1.226092455922561,-0.24274966968091277,-0.516355111783752,-1.0729954401022903,-0.912281038281376,0.0656413177099802,-1.174402469136449,-0.8162360194646976,-0.49659230473398625,-0.028641591802954364,-0.6893883542848228,0.621725929179213,-0.4670418408454386,-0.6329276297580695,-0.8452535682266451,-1.0039003494130923,-0.5092314792439578,-0.7909027821440738,-0.5464538592019684,-0.6500781662476823,-1.1019977148344209,-0.8980544524688174,-0.22826389892531374,-0.8545015230192565,-0.8860546713501215,-0.9537361837862403,-0.7346148367064461,-0.7747846215367069,-0.6932503457811195,0.6323190800347523,-0.9420924708780577,-0.9562218602121507,-0.6871962656348088
-0.49566247623850895,-0.054424872716631205,-0.9146614339550423,-0.5939515405793997,-0.5972440364916978,-0.5481097360379474,0.6367043463993519,-0.5073534795944283,-0.5843080850622148,-0.8224807154528601,-1.2139852216158473,-1.2351074770817507,-0.9954576069124494,-0.7541931946375405,-0.19913303614728395,-0.4129828032314654,-0.48885322594155284,-0.6442837338580718,-0.4073179330773527,-0.6233777054605262,-0.433659987844964,-1.282661601478597,-0.19628142247874497,-0.6490865384190233,-1.1653736903871563,-0.7685638734604266,-0.5070369781884956,-0.7101046670788722,-0.3306638393729626,-0.48130288951803063,-0.48124963538287624,-0.256199687527532,-0.4917283521410963,-0.8319836140210182,-0.4404515144716661,-0.8724835920888895,-0.8113154018443003,-0.4265489268990548,-0.10529184330374992,2.5708662539465057,-0.4877640351943791,-0.9193189951784628,-0.8095111153105429,-0.4948304953204574,-0.8475087269018848,-0.5094311603508775,-0.18971750890933228,-0.4332120945287792,-0.5551351238270767,-0.5607268206605748,0.07446875221446013,-1.5312203426237452,-0.4952848526081044,-0.2792812492982526,-0.45861593782926213,-0.6908219730462121,-0.9121784968029713,0.5505017138247129,0.02097404854508827,-0.6520989925750721,-0.16291308530001564,-0.35986359450444977,-0.6946933624814153,-0.47573536821276907,-0.3349812450633086,-1.0646242917535453,-0.653862884528792,-0.38635336963588934,-0.5385804502491969,-0.1928587422096188,-0.4162509078099992,-0.5685342992963839,-0.42189885191440685,-0.5917726842287648,-0.657194977735285,-0.7603465667718714,0.054877947007204234,-0.5903963802359377,0.0735040082905291,-1.9096577962137413,-0.8750914393948077,-1.0448127283109052,-1.0730366171556371,0.0036773141660555245,-0.5787374281467736,0.2206685546247076,0.7195639531099607,-0.3668152474123888,0.07383608464336007,-0.3207357544949466,-0.5215213802315051,-0.4734513583624918,-0.9960304526097832,-0.5326370054289781,-0.7648589737581659,-0.1682616009327149,-0.3214976485174548,-0.5036323685765185,-0.34739898243148537,0.024083817000350168,-0.4762093846320781,-0.45390547687664057,-0.6477587741607603,-0.373206324881058,-0.15046997779280158,0.8257640571975221,-0.8786212465402952,0.22568752090623379,-0.41502010808579504,-0.30870704180618563,-0.7065143104389017,-0.8742494738962173,-0.6585790987645883,-0.14086889068356162,0.3081780470094267,-0.2817890019341359,-0.49445475129204636,0.4261998129171723,-0.5211953273538226,-0.11974174289545503,-0.7267610910311201,-0.16798871261499385,-0.5732553139875971,-0.4661063336892288,-0.21540369360578335,-0.7212812078452482,-0.8469853501068066,-0.611253547543608,-1.622510463992107,-0.18266448321853296,-0.30638991462841597,1.013150015238571,-0.7733970047257233,0.1634299903526004,-0.19568323142770205,-0.14174533808203438,-0.08945564863615671,0.44369187003912486,0.06709166490615597,0.24837733615584684,-0.3351688828110598,-0.4277213963729047,0.08889048321295008,0.0142704589415578,-0.504789934236559,0.04474025792060895,-0.8424816473116252,0.038564214391586464,-0.0024259711193882496,-0.010877501267052366,-0.037375619436076944,-0.4878485044825641,-0.3339385733367015,-0.3339134679572854,-0.9960458722838703,-0.056797478158598515,-0.88235118039567,0.9911171090501177,-0.6647485439532065,0.03659039413180842,-0.9469379448430396,-0.8402340551068088,-0.40202877805162834
-0.1667505628744859,0.6901996924522109,-0.08767468318253058,1.0150633192939813,-0.004816900187300203,0.1325720993831168,0.3268433825586744,0.3757948793577174,0.031058370443658775,0.6382833698638841,0.23347843912233174,-0.297320483098605,-0.3435708019815478,-0.06865390602110903,0.004222155926163521,0.5828708417912898,0.257836801589647,0.9921302590379952,0.35590511656065094,-0.06890904527090842,0.8910931506759928,-0.6859280630418143,0.26081099812399994,-0.004560736615631712,-0.12663341760261698,-0.11289603206135435,0.09882264503029067,0.08650251500599854,0.3351308132127183,-0.2753547052357961,0.5366171097128808,-0.09334821364125769,0.4221313334270398,0.03728610853206688,0.4492631778845539,-0.47390142910035576,0.7272645150098555,0.05658148843285394,0.6931339283239188,1.3053962122592822,-0.07158904776292037,-0.592114432635148,-0.09996746433559445,0.7484258518138275,0.1554361985439724,0.33371030790474127,0.721887759048391,1.1382595662135313,0.37547017613752554,0.37300517580237674,0.6672805374889513,0.042762467334628226,0.20163406795665226,1.783969813916832,0.3461864034595739,-0.03741093448797939,-0.36448826591906197,1.7923910195935588,-0.5582828058535866,-0.7323176064355374,-0.1285810338844986,0.26720287021380057,0.3892814615118109,0.1988782136657021,0.32871105110553916,1.498407224830654,0.21661054708216265,-0.14996050794133653,0.11437969492739754,1.5888912147804997,-0.16273175560041533,0.37509668940148044,0.2542594101912914,0.3366568482438002,-0.21979427736017737,0.32890605411849116,0.12596071975553438,0.24415532250163896,-0.12039360646971298,-1.4791124387612895,-0.565458644266029,0.17572097025896666,-0.21525972427788143,0.14482367262076132,2.813195925647712,-0.6175630081180892,0.512180156344895,0.3808466553120005,0.1895361737213192,0.41375811372186516,-0.09252762611372489,0.31421451062758976,-0.3096485221896794,-0.03156740561324872,0.3639714614909635,0.43067159391155757,0.29103010743421787,0.3621769556185702,0.357349951711595,0.21122749170389823,0.2686470145502412,-0.5456598556353074,0.6412228277083311,0.6910395392293922,-0.3107785858551947,0.1266223118190493,-0.6041778693210976,0.05247090848924362,0.5888823324817852,-0.2907550732005981,0.8554626475201836,-0.014178796419134953,-0.19646751773414525,-0.30194307195805525,-0.1551027246255458,-0.16973697394194315,0.6115851438348804,0.597088848894124,-0.10693025090801422,0.07667137841475859,1.1849812556211923,-0.7159218158450013,-0.5081637084090103,-0.15181015726542932,-0.003369131844478993,-0.17366194286392078,-0.855915748335113,-0.2078639570374256,-0.9101241445760082,-0.2021624221632879,-0.6523017290605857,0.010360621628715334,-0.21360477034882144,-0.39498395317990675,-0.4137747294480235,0.07798889524099953,0.29067252570354385,0.26257334613903077,0.11959187742287004,-0.2612710924789225,-0.31416973833008555,-0.37751479425728296,0.3085979765073381,-0.0006646176615872305,-0.3212558131476967,-0.03364858263029909,-0.6816372700741731,0.1355126680007843,0.2956050594287521,0.2648548515724257,0.10370335416044912,0.035676241491248144,-0.2110773524604573,0.7214994175714671,0.21338208772361028,0.07000031725506226,-0.14246418367598254,-0.021348768814086053,0.14078437937266047,0.290615717041886,-0.8633520568032752,0.3633281447465859,-0.5271112945521269
0.3979452423030232,0.3183647327889339,1.858496419842767,0.21564312207989753,0.25652423942321634,2.0336940380485014,1.0867940209614002,0.6582596070584371,1.3390805382557927,1.049943154066116,0.32890467468377793,1.674462196155342,1.6905922832488653,-0.08983327448665457,0.008762256723354896,3.0445261286932186,1.8398114555903775,0.28846493697070913,0.6641897051010901,1.0255834675972233,-0.039611658370922107,1.4382818880407855,0.18500226796581104,-0.05166635714276239,3.248519111328282,1.4223572005937135,0.3477688579359556,0.3516905388104991,0.9587167595865129,0.6604584829066483,0.7409020623053948,0.015541359099045872,0.4221313334270398,0.3229698866885546,0.13983614432940158,1.6772952453785002,0.8346950066523243,0.002193472986166254,0.09895017024017284,-0.3352550151840457,1.9735081824757725,0.09347891564564229,1.0100964958862206,0.35502003748413524,0.6527164142035545,1.1438014806210153,1.037010797234599,1.0325109844490046,1.1303472484970518,0.4313839917066932,0.7150287982175773,0.002444007092253676,0.5131861136596801,0.9301614555407741,1.2443119723430713,2.1232806655251837,1.2373526788213114,0.6935432878688443,-0.07738591511804498,0.5972313759717426,0.32289067766188606,0.8640947207722499,0.6223464950256891,0.9914620968432616,0.9837314001533373,0.4086087591726122,1.5249192305284105,0.6027270528555174,0.1364784779558946,1.475097067638958,0.5101171445199436,0.6311242357848083,1.5884776499454745,0.232231987943435,-0.1887828578246892,1.7727209101392334,0.9646824817827265,0.5129713398620208,0.5709206575190736,1.6209686099988039,-0.15665683063988278,1.857480739688729,1.5577490166222525,0.8445363009525276,0.3500372110391474,-0.02024918269480191,0.5213923974100866,0.6567057476296643,0.578811851088146,0.9785740744990639,0.7522265365507329,0.6506187817930681,0.9305371123820888,0.3633600328050908,0.6967264848591067,1.2146413366972548,0.3507118935741015,0.6007851777005011,0.6594630724315029,0.579089453026259,0.7556337177064778,-0.009447952567433325,0.462085749012477,0.4900164350573858,0.14868256117782258,-0.1243053834142237,0.7729495004371106,0.7668229245204192,0.8188459202137033,0.7173438032859716,0.851110210665355,0.4133073092855216,0.849208090471745,0.09102580497840644,-0.5614730112203798,-0.5711121041062591,0.208997262843113,0.06656144452026427,-0.6982731072420023,-0.1437392550559271,0.3318548148649038,0.700949272434156,-0.31791465085014725,2.058977748141334,-0.12901214694833096,-0.40997373902208445,0.04878760860355775,-0.7416489095984097,0.8139715290979139,0.32253822448793484,-0.3710056573920114,0.3489474285074357,0.019946360812603234,-0.6739389981000273,2.247838068681218,1.2038548267036373,-0.2829584882056557,-0.5820435365601282,0.09388119242190558,-0.6587458759925053,-0.5140168301845275,-0.4936739989337042,-0.26786956752641866,-0.3624467867251294,0.9219542515393352,-0.6005408058781165,-0.8256558194025877,-0.5422274960953481,-0.3768531944797821,-0.3532676347585592,-0.3706957768942352,0.33731359534560773,-0.6647705594743262,0.44019950973303507,0.370833773173605,0.4570247865132532,2.53388197571522,0.39255533605517556,2.234998704525958,1.3025597436581307,1.0272369536478625,0.9218152964771845,2.9212893412007497
0.09764801926110472,-0.6648953638433661,2.677986636166142,-0.7843759886888657,-0.9276721010478856,-0.9570951915983669,1.1912936737478048,-0.9126400280201038,1.4476650391747363,-1.1241245145171006,-0.7696935554701667,2.2466154360947304,0.5194397869605462,-0.8381054135374143,-0.039864206646659794,-0.6080690955269645,2.2960841928585087,-0.4721322240713235,-0.6448333036795828,0.6046388356100338,-0.9095836161510483,1.5361323974793168,-0.4519181165104476,-0.5810664535655455,1.8967002532267454,2.50895017900335,1.8983763992963767,4.703967025483823,-0.9146377833563227,-1.1200279375104798,1.5401852132668066,-0.8154902554974199,-0.7280101252533587,1.6739493591121537,2.1913922365268106,1.2699147685563936,-0.8225201160224456,-0.7035950233836801,-0.7624379788374801,-0.5483096672922012,0.4666873839209302,-0.6019422123581529,0.796354173606285,0.6952560074544987,0.7238533953613268,3.214131866243108,-0.0005408967884702066,-0.5542315775678679,0.541391054307137,-1.0906003357397374,0.8672531727454731,4.031323130282255,-0.8307160267701192,-0.4891058077675305,0.6988572362779901,-0.9463866514586351,1.986115257580438,-0.9413311464236948,0.429977993740507,1.426914861083172,2.4958394965036454,-0.928737756642765,-0.6410321980209602,-0.7278173452372272,-0.282431032917611,-1.2949940067219876,1.8010914788618106,-0.7511787032059631,-0.7816844698245017,-0.3936303032377188,-0.903495327500299,-0.8881770111670997,-0.8226597084269852,-0.3757635665772567,-0.5265518936555303,-0.7958269434126242,-1.1351989926955703,3.514672491605837,0.5601028078336062,2.4650683399146596,-0.9224853997706159,2.2605435594078327,2.3061909940694654,-0.8760049632893875,-1.0184441363380936,-0.2884691976112419,-0.7802492609650268,-0.9602678858716023,0.5457575414032864,-0.8510211141292487,-0.8481134252994326,-0.8795332879990782,1.7204869699723024,-0.7919584098703214,-0.49892952982916444,-0.9480166080222744,-0.9956151681343349,-0.8111638376875858,-0.4585204954092812,-0.7327951550141265,-0.8448769092983921,1.6270053066430485,-0.6477587741607603,-0.4658669327742211,-1.1589269725298141,-0.8026292460426874,2.0656545504668653,-0.6366943671103296,-0.22278460943098047,-0.08861617320992468,-0.21266760331606477,-0.2515425100254794,1.2465545359623673,0.11406744755060874,-1.8050732438475905,-1.2977866742879771,-2.2718994785558606,-1.311271132616155,-1.4600441567413154,-0.25339496866699046,-1.866700577341691,-0.2839320737333763,-1.7226094101695415,-0.9048675224970367,-0.20149691493884767,-1.446635647634089,-1.045376393721594,-1.7352687262442412,-1.094609132875759,0.8861899140739088,-1.6353229453780622,-1.616356555349206,1.3873864695239904,-1.3880273251733224,-1.1761741151296043,-1.6343885585015425,-0.5865360122755116,-1.968252312612339,-1.4237579831501201,-0.7567325763749618,-1.52057489284292,-1.4794049166375922,-1.6378438614929864,-1.4208431331704348,-1.4515066184695498,-1.5844784680446369,-0.7522446942259231,-1.7905406478896402,-1.5963916033624799,-1.6411578490687226,-1.6355547817436469,-1.857550141288728,-1.5360012766930733,-0.6630207147464663,-0.6392764031895222,5.446733747895465,-0.2725022480008765,-0.07472998491965416,-0.8775281505062598,2.2098983083067525,0.16728386899064804,-0.5453596402620174,0.4657172332587874
0.7994411533823425,1.9698616076017086,0.5681242490697955,0.9901433370969749,1.4915134809511643,1.4783922300325152,1.1912936737478048,1.7097894902314001,0.8992775793922296,1.3654203421005568,1.5109473450124853,0.6316315766881657,1.485783809699714,2.142302015670553,0.7724388674691685,1.6762332340848392,0.7925994965065173,0.028060336153373045,1.445798137277024,1.309353313115256,-0.07887521090305247,0.27865946021194765,0.9536628764389616,1.0802543346012732,0.19984459008765051,0.5387784372731196,1.2438671130199526,1.32238650042386,1.1880785055151184,0.8445741469548047,0.9600255623448608,1.4499404157106313,2.2661834522714766,0.8577446581330566,0.9001647394345352,0.3071703045237804,1.5990750701582426,0.6933065736198037,2.3803112837121074,0.4860786811205659,0.879381180936945,1.7698363188699533,0.9955142932524185,0.651906407848577,1.0793318863535908,1.4386630574527763,1.6835446612836837,1.5137062760182407,1.5423481214861012,1.2700379586728903,1.3637605612305608,0.7371268100855275,1.0753767173659161,0.33197830980105947,1.1401847110602326,0.9841967834523677,0.9809470403509065,-0.04389464320431646,0.8470447800015328,0.556799611646168,0.9546454756444686,1.3574985560221453,2.2819473689760943,1.5454616016762357,3.3683719941207024,0.20515819145409026,0.8113312340569774,1.2659806240312674,1.9503341647345054,0.775981981589428,1.5764282680604693,1.612197799835388,1.6093240471836594,2.120398270348157,3.2074164220212453,1.579992900336229,1.1690638494920833,1.8320075018956903,1.0270449419862664,1.8150621250943058,0.6098853839768021,0.9872895805461114,0.43083692588976086,1.4089030750880496,1.312650486685913,1.8413966319515869,1.7701670140908499,1.7392059826952797,0.690287088646301,1.7025556499847256,1.4504389761669672,2.0441623348302573,3.711890353178976,2.0357975319622343,1.3473996440292155,0.9633398303280363,1.2684573244700241,1.965730598088254,1.7993357141206912,1.5069988848011475,1.5350673389710543,0.3888498032829542,2.275362900639864,1.3117029838346945,0.9228224814832693,1.9527157456844382,0.10103589516407874,2.1511888925865246,1.288032552158243,2.9080464568294757,1.7454512180657011,0.17320676038995864,0.7117494731048557,-0.7927195671361609,-0.5519118270376809,0.24435646656816984,-0.6596857964901479,-1.2063673965531294,-0.62880323517918,-0.7748324812363546,-0.6383639202214061,-0.6607202987295353,0.5461437681114795,0.3317273001526871,0.6204259643095196,0.2121206654065877,-0.556376148193114,-0.8506127902149156,-0.3711186734491131,0.3856806596793875,-0.4429911462278221,-0.2817163523300262,-1.0235638093779633,-0.5165582755744409,-1.0354268364639236,0.3629961958593737,0.384215026574254,-1.0267880144026995,-0.7357508894137499,-0.6501620838646444,-0.43203253295649263,-0.1353339863203442,-0.529966075677717,-0.29366793212908043,0.06941077509534731,-0.5045731546020467,-0.5868146745849384,-0.6730462833475856,-0.0716177262327728,-0.14442329527917663,-0.5451164336025164,0.5881172101589456,-0.9026085875707707,1.3741756049471232,1.9199260314045774,0.8933233159088145,0.8619081960380955,1.8118136324176601,1.9716259191846432,0.3770905798429249,0.6099007130111008,1.9878772516788552,0.6095243269352032
-0.5889415186196021,-0.43103749786984996,0.06120761264527909,-0.3615956965124339,-0.22491644711518335,-0.42029177159501796,-0.45382577606162205,-0.22364107030119382,-0.5965165890919194,-0.6639979390165474,-0.8559799314502917,-0.42837982964011323,0.8380987646745397,-0.536515902902652,-0.7549168984723025,0.6954754339450516,-0.20867742565063144,0.49043315948232086,-0.12371460659157686,-0.11323261278343132,0.061232999320410264,1.5220342997122809,-0.4519181165104476,-0.14382626470577325,0.0600245971614345,-0.20850329825767414,-0.4424555142487297,1.557218351799253,-0.05422041310653276,-0.42249546898863244,-0.5952613888392195,-0.41485441965537806,-0.6216979635365875,-0.016200348339904736,-0.015672779615913974,-0.07264086290550326,2.2556963545219313,0.6515540386951388,-0.4662086370910253,0.5167393237325685,0.029021358767494974,0.03316356892814591,0.8831085063122027,-0.48193485090864285,-0.6302926350202107,-0.0141685867299814,-0.34326034143979406,0.04954970535137202,-0.39704849285585253,-0.494937038692562,-0.5510297784735915,0.8427576131061844,-0.372605514126717,1.724899890515862,-0.2741821678941863,-0.7692805107868843,-0.4462593415159927,0.0011817107736404515,-0.17649170640507902,-0.12552516984500772,-0.7584943789515475,2.9320911573341304,-0.6410321980209602,0.03746833228561057,-0.5416514595743149,-0.3465568012201697,-0.355112264118508,-0.38635336963588934,-0.6954693737203336,-0.07661485961430287,-0.6060104706194045,-0.44223944177165264,0.14099950998625668,-0.5586983943726261,0.08538458194316637,-0.6752991283048366,0.024724817307513833,-0.2776641594646053,-0.6784304854127591,-0.36648437761829084,-0.7972185448188285,-0.34032797917697716,0.22481787029069153,-0.12807800878611164,-0.3397043575367602,-0.8889695708455789,-0.3675243127216645,-0.4034080107896094,-0.3448661952675229,-0.2287502876114463,-0.1587840700559931,-0.4734513583624918,-0.2513881883984452,-0.2537390206658331,-0.45024528703588823,0.2728706039690863,-0.4578455220664786,-0.32651055276550556,-0.3689742357956037,0.051766090058561885,-0.2668428444713349,0.04456321747738761,-0.7544511180144852,-0.5586543806277681,0.5880525944320745,-0.42614869475433736,-0.21542996697404096,-0.5481528783907298,-0.5747130554520178,-0.7167317949885819,-0.5813148296734816,0.5436957459002955,-0.5600095506916616,-0.6734739262273961,-0.22962865005696056,0.21173605374289492,-0.8892425347591723,-0.9935851887430164,-0.31389272577379657,-0.2197568891720211,0.10330739929832405,-0.5294465637227695,0.34693038260447595,0.2617869824339626,0.4020405283829197,0.29922056913342726,0.17449490566003628,0.17648453651438348,-0.36182707430429745,-0.1434612022470152,1.0288831206366171,0.14545068172908682,-0.6110397353983961,-0.7093005917145384,-0.013917052490883625,0.5087508240446157,-0.7749845466293594,-0.20052106577978265,-0.8338022189743783,0.516737912108585,2.4969330652415667,0.05356733299919654,0.5627546195902187,0.3477091674354779,0.09835390041644364,-0.5348122246752155,-0.7488047130009438,0.15332556757902507,0.29343792277186864,0.3651099388217952,-0.7046060584351429,-0.29088452446322577,-0.6442322904739864,-0.5296619236430634,-0.4173727030223444,0.3213545197613232,-0.7500056477309365,1.6610367146382088,-0.21035597561667652,0.2891759527672317,-0.06923418647183616,-0.29073728849399927,-0.4464186882982016
-0.6385813559656883,0.06160148815382212,-0.07579397496743308,1.5134726696862104,-0.5972440364916978,-0.09045782301758527,-0.380311451982303,0.12428101647324213,-0.44376594622714516,-0.2781875204367205,-0.7425228765307085,0.3266949002327325,-0.7799630117010793,-0.32912665332809365,-0.515150377704082,-0.11546275908179589,-0.38403001365396133,-0.48776081792414516,0.16311757734978946,-0.2731231208807041,-0.5375436249423897,-0.11286343121949396,-0.34238761892533,-0.480516497134785,-0.3851662287155408,-0.585480149220145,0.003263195004001319,-0.4439792311900317,0.9565798478537866,1.5911340861161334,-0.0852648013681502,-0.7082528189064488,-0.4311117598837203,0.030922234993101077,-0.1055979864089278,-0.02969023654129679,-0.7062902076659381,-0.3826532511007486,-0.22127432551497392,-0.7786284009805288,-0.485447013188654,0.31660335920399124,-0.45169002374500883,-0.5892760653143994,-0.7515620609964252,-0.05641679422474749,0.17718758698254194,-0.0006394826295332721,-0.3483851298726932,-0.3666455647491191,-0.06393111794902151,-0.8295489389299316,-0.2823715615949659,-0.5668211323462358,0.06770391572858545,-0.38812824759752157,1.3866961778450098,1.0907198299984453,-0.60282522885895,-0.916220830125216,-0.888414946396495,0.09022866617901845,-0.4930294420324485,0.03217457282080103,-0.11072504546266256,-0.9739322718444132,-0.4736745613097842,-0.4442164118894966,-0.6954693737203336,-0.6823827941473668,-0.3340028149703137,-0.5926964658779085,0.20853274168942781,-0.3475637737962962,-0.7030456756859295,-0.46089848245347503,1.404510333942092,-0.4910458114290721,-0.9469446023650753,-0.4059767085421038,-0.8207472025164125,-0.4474118403301938,-0.6245401634104542,0.25037463220638784,-0.20997301965374562,-0.8148356684974926,-0.017552299085744703,-0.2454980257235614,-0.09645173308247756,0.31416725383860705,-0.034667095067245884,-0.3866372531863466,-0.5350959195327261,-0.561892401323684,-0.36435821583432987,0.4588053035906371,-0.15484198957758852,-0.15116476184526853,-0.35814780436627774,-0.2425136705125846,0.008677085347049278,-0.45390547687664057,-0.3471924518757738,0.17212351849330873,-0.8791241077166668,-0.4314069210189998,-0.5261926328098218,-0.5748461203856936,-0.3349633953035187,-0.7640721218687235,0.34374932745295145,-0.20610825368799462,-0.3321140206948523,-0.8675464368672428,1.1984000895025908,1.005301888702209,-0.7871686973478522,0.13024805439428971,-0.5496809269451467,-0.543235393293119,-0.6904302064741261,-0.922474052241415,-0.8917178831092887,2.2309040075085385,-0.5507155098599171,0.042952836589731834,-0.9649579689377661,2.434958091478344,-0.5434665220954319,-0.4045352035811149,-0.5691621317083476,-0.9182747406530664,-0.03475776069885108,-0.9462217758627238,-0.8366146418863543,-0.7259643639036972,-0.455219233165621,-0.21667259851992227,-0.4616302853316278,-0.2905782683038438,-0.5790543959945067,-0.25118635536936085,-0.11633115856118338,-0.06758382540256626,-0.182907939944909,-0.7817340795041188,-1.0817738343580778,-0.38978934599065873,-0.28082180815193974,-0.2004927329029779,-0.8623261932067333,-0.6245078559270515,-0.8931175601364448,-0.31806535845767614,-0.5857287244000826,-0.17294436883444353,0.6069732100222726,-1.120016685056056,-0.6932503457811195,-0.6751241423832196,0.05151803813841677,-0.37283461624916786,-0.9780801819489904
-0.1173477429441084,0.5747261078761681,-0.3696748709559212,-0.21876433832625128,-0.23387450301972693,0.9787126798509205,-0.1796598021026545,0.578854256859692,-0.3773067614899062,-0.3974552617215044,0.3424584311568265,-0.4135350442276288,0.6076206285749187,-0.17910787378719584,-0.49104071875602473,0.1811785249327012,-0.3983987674842365,-0.543053244712024,0.22287662335968825,2.4761400625040264,-0.49173414570707885,-0.6313860993197782,-0.1250925316256899,-0.3996900243274894,-0.9629294265122013,0.6425296092681874,-0.23450591460264797,-0.2118647185728718,0.06820325835779857,-0.09465308028654508,-0.12638178640841624,-0.2302909753743691,0.1218002443055504,-0.34316352634948416,0.36066582424503546,0.15701166206613404,-0.37731828181161325,-0.09619294891459292,0.04270730030447202,1.2044759036948702,-0.8898605006673425,-0.9267011119372662,-0.616340982087526,-0.6616877226520835,1.0527233184062004,0.27197082877570816,0.6374532088622026,0.1659362579081308,-0.09616385620810987,-0.3194871838410121,0.4608130794453671,-0.8896504764649207,-0.13144035345665786,-0.10782083603620664,0.1292186459867269,-0.24825515240963708,0.4813187698950339,-0.4370722060009311,1.4342424893335042,-0.6420705732795485,-0.45259075621576306,0.19299304219957975,0.056810335713478516,0.3108481070550971,0.12915686184231542,-1.1207071881744408,-0.49246535133382235,-0.38635336963588934,-0.27246575745928503,1.515632443920876,-0.1269777583602755,-0.3258429830942408,0.3726240597888822,-0.21483738754749374,0.4989110256767165,-0.11488518575309364,-0.47655881025128,-0.2464821504605072,0.5242246377880496,0.5889614641248584,0.5270884215341842,-0.37209170972046735,-0.8384212424049167,0.18391566032297962,0.6238613873344746,-0.43028938402878925,0.4195667636485644,-0.11814519013335399,1.3234314823101885,0.21167319485879313,0.13302408994561687,-0.2263791525432675,-0.5419556502037889,-0.5326370054289781,0.014525775895182972,-0.024905450080824013,-0.020407548516505756,0.27547052362912167,-0.0042615166300543125,2.6869392418656433,0.09381829379108884,1.0625887810177055,0.509382626123207,-0.021583841676277835,-0.37350764035673684,-0.08981175748980487,-0.06355081530605008,-0.34356789155420037,-0.2840044549230884,-0.469452020380736,-0.14329695927791197,-0.3230802804271472,-0.17457867605624602,-1.1220411778127377,-0.8631190219333915,0.7942362529970725,0.60300250538577,-1.2723953343031653,-0.8114238449361444,-1.170334607224207,-0.1315687792940032,0.13889619791888394,-0.6426741642375425,-0.9784180911107399,-1.2359303148046108,-0.4113306004361161,1.1359092008487475,-0.709983866640029,-0.46715302040541345,-0.9499282643062269,-0.8373072206330711,1.0160646686722838,-0.7365151054710298,-0.5346665807413682,-0.17826911932943756,-0.9157496148175454,-0.13402842796315773,-0.7851585586477285,0.6347888387196268,0.2845398939376895,-0.9272718417980327,-0.5506619239263801,-0.479291021052908,-0.733712771887652,-0.4091131623610006,-0.796221422046155,-1.3155597790906932,0.7477677550026145,-0.8530630851481947,-0.45614384362698984,0.015276057633050684,-0.24554562989422046,0.9977633941416799,-0.1898556272706332,0.30623889224766393,-0.3213676360513105,0.1617095734692299,1.6931931881108837,0.08385712648339451,-0.6242996863353192,-0.017606294473022012,0.4096670503013177,-0.7132867048661975
-0.992130640665898,-0.6771697840080872,-1.0387584890095098,-0.3942398560349628,-0.9276721010478856,-0.8271381137524739,-0.623527714411135,-0.21242429949180167,-0.8174306889694829,-0.2766373188534433,-0.9021123304370597,-1.2078032829672416,-0.6796382371035299,-0.5697994311614033,0.34488521924834653,-0.7004452216072083,-0.8901019849630747,-0.7814795079676438,-0.742379189188004,-0.13853507838236104,-1.0536143907894955,-1.0226362235572697,-0.9520191748591518,-0.7217372985026651,-1.23505810199466,-0.7333430118799705,-0.547474179263073,-0.5535624972331009,-0.820332229907899,-0.5437221755324274,-0.4324388026310739,-0.47637093067625197,-0.5551653151873543,-0.8256832207818632,-0.8034813852220519,2.2909880443612365,-0.6363415561405192,-0.1061479501600541,-0.936946096306816,1.9329568238337214,-0.6390033503069467,1.4206546138162173,-0.8746327860364528,-0.873832754849189,-0.17181585652114162,-0.8179052306137041,-0.30595316492179697,-0.7326401259762215,-0.8953045365072755,0.44336929560476185,-0.7221222140495298,-0.5781647133638985,-0.5627935031388495,-0.8019427808690001,-0.9318342426489072,2.2440387473578878,-0.579295261080692,-1.0424148779168991,-0.9645748697619577,0.07543941529718808,0.4291728807616334,-0.6668715102104049,-0.6675646381287698,-0.6793840215792829,-0.9313686868541593,0.3166840129475925,-0.6325168572411007,-0.6670613797681122,-0.614646349361765,-1.4791837036572038,-0.9612071822805548,0.09653788962092878,-0.6685276423584954,-0.751630586703977,0.06544980887384617,0.38526160052753783,-0.7841638091612713,-0.933049968718442,-1.0090888200893762,1.387798667740707,-0.7434298304635546,-1.0605705114609307,-0.7936050569947418,-0.9171578256636971,-1.0050014967412157,-0.029549197235886344,-0.3675243127216645,-0.9876263328320576,-1.0473578374173915,-0.2287502876114463,-0.6687882113056027,-0.6632126722145524,2.0575377681861444,-0.6874019673572221,0.28102663890170787,1.775211721560986,-0.9663199756113843,-0.5274631245094973,-0.8822167390087258,-0.8759384608576545,-0.3225326685207627,-0.4231202774710085,-0.6477587741607603,-0.220115909400121,0.12076331948356327,0.6248185238032736,-0.5011687856529269,0.055062827335582216,-0.9213058062641926,0.28521841789988067,0.8003125795589204,-0.7167362702017842,-0.955596280858276,-0.47920155770221895,0.22313151482372356,-1.3438595020686894,-1.1157311494158095,-0.32343023879714156,-0.963732244030948,-1.1656788582695758,-1.1702337066498159,-0.3366152118316893,-0.06384633651536005,-0.7780800858222003,-1.0116242993768574,-1.193577246743567,-0.00485034513705707,-1.0248787292353683,-1.348417049186862,-0.9294690352091509,-0.802004151071965,1.1254571975417547,-0.5658493192223361,0.014395227537910867,-0.17210383347557387,-0.7099639260416984,-0.8752588943812342,-0.686628357730466,-0.4086647487701331,-1.2600149560464802,-1.0865902178501565,-0.9810068735817485,-1.0823735345976748,-1.2700733317540698,-0.8567580050892724,-0.258944846889189,-0.48537735423712725,-1.1572046797441222,-1.0856778208754532,-0.6432109647221372,-0.36271357497780865,-1.0005193971594086,-0.4423826631912196,-0.2715238033749102,-0.8518237076139669,-1.1364697432760071,-1.1353035234426074,-1.0351716677367053,-0.7520418194077152,0.41582554831668994,-0.5687397000298569,-0.6572722092742341,-1.0593830885459365
-0.7541034751886276,-0.7533902515409152,-0.7565785987157448,-0.8710920293202788,-0.7790913204434347,-1.1129405865032296,-0.8035445880148716,-1.185618736998358,-0.6715099010654972,-1.1946731846987877,-1.2580666007511683,-0.4901159715947793,-0.6447702702353281,-0.7541931946375405,-0.4653120614571439,-1.1042476150459053,-0.9287119339219895,-0.8170516331779789,-1.1148601650541998,-1.244320763490539,0.2876928545520548,-1.1462043728690812,-0.33430621349486855,2.6414703221487135,-1.1080236296780306,-0.6994858859533072,-1.3574305586556246,-1.0004291773310543,-0.7374063075506246,-0.18287326484913394,-1.069893418625184,1.8588315199539596,-0.8037878855589617,-1.182821633753508,-1.0391089450497732,-1.1307732290256178,-1.3144567016377575,-0.7678739710625566,-0.8343014945753496,-0.5551045529903295,-0.01157348818036002,-1.2514600115163796,-0.992384311319588,-0.44407257405611555,-0.9753767898881961,-1.0738174418274837,-0.7968085324588275,-0.9547859945074189,-0.9576077699510285,-0.8079690748658447,-0.8806916838687386,-0.232763673962887,-0.608262893115976,0.3015313534075794,-1.0258823297043036,-0.8796448314608329,-0.7551348242505539,-1.2448333309480226,-0.6654730976059146,-0.44603174814239954,-0.9515080100755229,-1.2398406661623973,-0.7508512753585274,-1.2101808524339313,-1.1081341894126733,-0.3402800302423106,-0.6467071517606898,0.20343620361011291,-0.5021626243567229,-0.5810115590449656,-0.04085236918812787,-1.0781297956723106,-1.1304900391271209,-0.7706300638759646,2.880198286207718,-0.691910668763175,-1.283226000908638,-0.515298167820889,-1.412981350063325,-1.605531761676968,0.22800615789541145,-0.9989542736841441,-0.9417087959155698,-0.8283283179772312,-0.8647741309396382,1.1712534918021142,-0.5364701160607277,-0.830658096407823,-0.8694688195206227,-0.7774045553988498,0.2858975417127566,-0.3726301067547215,-0.747610572253344,-0.39703097145198185,-0.935563612998019,-1.3451958903222112,0.1835689004975576,-1.1186953067986531,-0.5537559408428381,-0.886141052056998,-0.7842417455499773,-1.0814846861525713,-1.0005112032854682,-0.41066812445765133,-1.0907392217189207,-1.218979216804657,-0.6408939728661481,-0.08835165180971442,-0.9410817587348449,0.5461406611010694,-1.0855715211500765,0.4066253407655999,-1.0898939575150703,-1.4444235640330425,-1.7029142778567168,-1.5498435213597426,-2.2346410841841173,-1.5898254055396899,-1.3089695655209497,-1.2084589858397443,-1.4724263616521553,-1.1777781494578294,-1.7924317562279648,-1.956210819069026,-1.7138796662374154,-1.7628851513796784,-1.8688113494408167,1.040434046433842,-1.1331020141892245,-1.790533681058938,-1.4613285193780985,-1.6104281672370382,-1.049031861228888,-1.594143054393988,-1.4793243110061172,-1.610578397651706,-1.5177931689202666,-0.9345912369945061,-1.7810898476043837,-1.3311511948339545,-1.2406900486130732,-0.997509325791917,-1.2357481787705413,-0.7945924906666375,-0.9791232726255372,-1.3191165093836843,-1.1140869131119624,-1.5469112585477311,-1.324721291324446,-1.4582703508073185,-1.6088767224559752,-1.6926910481360264,-1.5821006538714155,-0.25633262234295007,-0.9214462253781579,-0.1982912644788265,0.4724517505094176,-1.2990435735774273,-0.8612182439247086,-0.9176641396947568,-1.1287315558087918,-0.9562218602121507,-0.12466304385851879
-0.2541199932278062,0.9558680749347748,-0.7972831524122173,0.1822026371695128,-0.17249460995704138,0.9203060192914331,0.18485130054605015,0.63297241881875,0.8155718182696078,0.056779205766324836,-0.6903177840740979,-0.5496366287470845,-0.5497443703816568,-0.4425716162259866,-0.33464968410494894,0.4341787728749579,-0.1630981624311098,0.19435117901319024,0.5933066039476904,0.06430897577403984,0.2876928545520548,-0.4190095063587072,0.21799484806790773,0.05517815876065106,-1.0393119358468648,-0.5021282334148507,0.032145642539234895,-0.1391861087001085,0.44451011397012274,0.6629169964164815,0.2287313493832345,0.21884794203678254,0.019221916931069418,1.1960375280659234,0.33674417518387045,-0.4790475267575981,-0.29392598316548685,0.38320821357113916,0.41692731862083654,-0.3044002496213977,-0.7556127084231433,0.21635343939396742,-0.3217573880342659,-0.4948304953204574,-0.5822715296349036,0.9363231724274311,1.5390960750094498,0.5018464843380408,0.2110511760240043,0.1451601937421488,0.6254643245284089,-0.3204469060795903,-0.00038396763236876345,-0.22641321868617836,0.41190886129251897,0.5627435454701585,2.538910678065672,-0.6504707953473949,2.890408055178688,-0.8327858957267388,-0.6864685765031945,0.6505054409359006,-0.44747016992367794,0.8044375054313881,0.6769430108216052,-0.20107573961505282,-0.4129947534030402,-0.3660982319211042,-0.5385804502491969,-0.8838014449098555,0.07261462497289069,-0.3258429830942408,0.9202071889589113,-0.21483738754749374,-0.696351950375213,0.01850200997922727,0.4900699511100705,-0.30948042211543464,0.15749666640405482,0.2086758304211639,-0.8065468810320378,-0.7963609517531607,-0.7720006245334647,0.3150894805223195,-0.11972674889449719,-0.5484800936900989,0.5213923974100866,0.06773591297181453,0.12781560665019906,0.6768600747759059,0.8166038087876268,0.008583024035905667,-0.34857606433305827,-0.5182967707580383,0.8830199534895692,0.2780495950566056,0.009491710963749638,0.5057007398952748,0.20233883992140542,0.19723956273833398,0.2881173006720535,-0.3529720081417346,-0.021390303901633313,1.7968717525998112,-0.23547068859965334,-0.1360681100025593,-0.7242351061983673,-0.28758423069502514,0.06856009707813981,-0.7015686730701429,0.19161501387945679,-0.7338937801550881,-0.3904010037141015,-0.573021826637155,1.0996955029696338,0.12703167497656626,1.2896971531976593,-0.49706309887835304,0.5367141641497442,1.6412456300686482,-0.07731972871027032,-1.102129378631528,-0.5583847904569317,-0.6737715607981577,-0.3485684334688086,1.1474193796694634,-0.21546041181983897,-0.2749890106922459,-1.250861378870405,0.19930373176218832,1.665296364279788,0.7124050150915162,0.8919398215107878,0.39486044499525247,-0.2699872291793097,0.5479110313462985,0.09673418304215907,0.27288767767725286,-0.799836672276168,1.6520196529860158,0.98040327089505,1.1868014059375034,0.6860552840509158,1.246527191095233,1.5781640901280192,2.042595515224931,-0.6239005780600428,0.49580448689373885,0.8610044380371946,0.9424997346383677,-0.46216782923389144,-0.10274340535291784,-0.23019821998958404,0.07982122474467392,-0.4862295802241448,2.3235054273569746,-0.2986510259759663,-0.8614191221341136,-0.3164805168098323,-1.180140408963182,0.04818081940623465,0.38206941555883905,1.1561962863980162
-0.21252022675435261,0.46565188933107154,-0.3254426891089059,-0.11162767551522161,-0.2984742563079934,0.08235791599208588,-0.024188823836815955,0.2242893270131514,-0.3026737459322217,0.6630109843421658,-0.36760688616928977,-0.2525612502988562,0.11105916403205533,-0.3025849044618806,-0.2972104795449521,0.07023270317471346,-0.08631404757285412,0.2540871816079255,0.19402769675120252,-0.31935491412344036,0.10400028122997475,-0.851587252534427,-0.18899766604360346,-0.24470036086688565,0.06759264705035836,-0.44238078688203397,-0.023322307044133104,0.036320056710044506,0.07944385878541844,-0.46379651868737193,0.8115020436050502,-0.23886409643208759,0.14142142872635965,-0.16913277482975442,0.0017455198520042391,-0.5242358930384803,-0.4342398069394216,-0.03414579671589822,0.34783909734772084,-0.4580318793588435,-0.8179186983494225,-0.4742479289986421,-0.4214826222323604,-0.31479577962036315,-0.42269213795155164,0.28396531013303167,0.5159529162896362,0.19545972514200458,0.1476239925248647,-0.1049860158605738,0.6004892965242057,0.04135253967589393,0.4134123184869243,0.5624747056215855,0.1501912438189135,-0.1600645916892492,-0.653480238617836,0.5694157377892535,-0.7855186348351848,0.9964046014159561,-0.6690817542347339,0.15150532558466834,0.1957194334145287,0.13554931616248933,0.4116203165176736,1.2291713746008486,-0.38952065493801724,-0.2613429381926647,-0.15747913268535665,-1.0037192671386255,-0.2461387654771836,-0.4532873774535436,0.23553342208976516,0.17679894576858865,-0.14416751968642727,1.6731567809797314,-0.5271741197076975,0.28863923920640344,-0.40925140573177565,-0.28628681977169645,-0.7698708260760476,-0.18813325935123468,-0.6710807901933186,-0.016665817224266063,-0.2815222130331635,-0.5866724773666622,0.29451004125557745,-0.015133442143414721,-0.18304254138913903,0.31186923697956315,-0.08022400928467345,0.2502853420222109,-0.6900917106060107,-0.4492795284936305,-0.39791800135350464,0.006979879220002846,-0.2847852392595295,0.23459899654452737,-0.08296814345923587,-0.10416477991170063,0.0635049090902555,-0.5664964456183105,0.5027366020955896,-0.04262100917337676,0.025839544106221163,-0.3168524033018973,-0.40647382495343237,-0.22062395804470164,0.018942460405365808,-0.5095057353617297,-0.3900624905183181,-0.0792684265825434,-0.3706076663263164,-0.6981986921928669,0.10974268303659057,-0.6579621156933848,-1.075590557097401,-0.5690744533577218,-0.8790708051396232,-0.6745134737115785,-0.932830356154925,-0.9103133186806678,-1.1643175861145554,-0.7976333867951905,-0.6750535207777687,-0.5775308972772446,-0.20577733132445458,-0.8737204424472761,-0.39440268051832017,-0.8744479530849527,-0.42082183445261323,-0.0236467059377455,-0.5451812795723974,-0.5531379918595943,-0.8561318441326922,-0.5897028643681563,-0.10683456400888153,-0.12264943561479706,-0.428951907195719,-0.8615679017514815,-0.8712651541122503,-0.9177407500424414,-0.3366695527415263,-0.7110835015746662,-0.8004281409378161,-0.6103439491383819,-0.9717142458103218,-0.4516913966574016,-0.4845195949918876,-0.433606449603466,-0.2802318766546309,-0.05659953121811873,-0.3719976942529077,-0.2715238033749102,0.163660745019928,-0.25061895636593984,1.5642110953967734,-0.64468220519289,0.3548387013558706,-0.5632195404489875,-0.7907443495621386,0.30536515396422254,-0.797785198082936
0.2787058024713248,0.9297080835063031,1.7102331837746223,0.572693290854246,0.487117798774997,0.41445779232827284,0.532566043964908,0.6659439401052631,0.5323594338838025,0.19594424742001315,0.6050498470733274,-0.1321427576863348,2.380418478668389,-0.047893958678410196,0.23664500433826596,0.5165735081268522,0.41902811759696246,-0.42013728452402493,0.7643471709883308,0.15687848672180987,-0.24107470757716773,-0.4598318471782173,0.9600799126311971,0.09088564104535801,0.835069173629169,0.08168418605105708,0.06315405453440066,0.4100972834378392,0.4968233177086838,1.2660809618642819,0.7706114322699507,1.0533072966163606,0.8650120013976959,1.4779183142106196,0.20416620046375356,1.3302091653540187,1.4211507099371683,0.5794989586914658,0.907331759060283,-0.43493511441388977,0.2868932787500235,0.6731788364144119,0.41478434896021116,0.5521337871860991,0.013320435750244919,0.5495087241010691,0.7580770368003359,0.98564136204431,0.4800755689736744,0.2517982054586239,1.034333311070456,1.0224182455540802,0.20163406795665226,0.011448508656453388,0.5992666357832857,0.1717373021325361,-0.2760944480048933,0.5312620379145347,-0.5296511573320052,-0.7323176064355374,-0.42378689866718894,0.5247405100565105,0.027001971128186607,4.749942639890332,0.6945342883599096,-0.5114733778206717,0.262410181271563,0.22053160482901532,0.5931794196671732,0.04042162564890564,1.0479785492639662,0.08885859343839712,0.6132352443477235,0.3366568482438002,-0.4026784757464015,0.61126231234297,-0.09450407695233012,0.6406116638445728,-0.4742058645735016,0.8029357156993827,-0.8449911254980677,0.5909502031228377,0.7640532122086757,1.0366021056374946,0.6106620567833844,0.290842079117252,0.7169368033824062,0.9115361267125964,0.13767151143362383,0.5746026795709591,2.328781271368937,0.8716272732981043,-0.16282981998504079,0.17603340152919994,0.10826937966729244,0.22192002760610616,0.631562241296173,0.6493909406079141,0.8250882826400281,0.43125724136199983,0.6335214418100182,0.5008488852415143,0.2844957162337664,1.0725458783491693,-0.15790779880636668,-0.16000955620087481,-0.14967138382765982,-0.04070595366480573,0.5581799972211605,-0.2560437478768129,1.144925135705455,-0.2907598183300734,0.16253939662879496,0.8934589346473347,1.894102496495894,1.7023371856842546,0.6570815786297526,0.8288918710679565,-0.007809072024643144,0.6381188929373383,-0.08719414500307758,0.5239407321239481,0.5862245819624644,0.2638649399027198,0.1716788537652174,0.6161215904997841,0.6316797617672013,0.2119623054678876,1.018897235234375,0.3582292810011625,1.119636779478668,-0.22512068103985253,0.014609307719705132,0.8195232892439065,1.0403637024465349,1.2721749244088019,0.9520434254327277,1.0879217497265963,0.822938841743854,0.4273077402690568,0.46224302380121735,3.739656363690869,1.0804018904166703,1.4891507399426303,0.7726141919465683,1.2217613170801171,-0.45339675620817127,1.1331059389340032,0.8569829496881429,1.1638215589660355,1.5503839387479112,0.6621776084974215,1.200233546738789,0.9070322510728352,-0.16244307608011366,0.24487508015673873,-0.007168986889859331,-0.5773244388506108,0.3953426662680308,0.6962913044752281,-0.7466059298643354,0.2804012733788547,-0.4937374627124093
-1.0511082338778543,-0.3330763892073916,-0.7599083136335277,0.27956207271467953,-0.9925148225305938,-0.6655884348299776,-0.5213329845131098,-0.4751713299423107,-0.7496728686548414,-0.2521165224170091,0.9382264903863703,-0.8265643461277649,-0.5993220930016749,-0.7146283828627296,-0.5734424329557363,-0.522431033030504,-0.6961147335653438,-0.18414600444083556,-0.42037515116999724,-0.5579519643970577,-0.8444750037011054,-1.0052297824890941,-0.4519181165104476,-0.9376361134518711,-0.28573009724102866,-0.6252385043521407,-0.8457117832569729,-0.343172398414104,-0.3165287044722687,0.051282262710294554,-0.6425374628638252,-0.47637093067625197,-0.5714966336208677,-0.167265477777503,-0.5801420748956134,-0.12897687675585587,-1.0378716729209532,-0.621389829907513,-0.429882996495499,0.5426849816116274,-0.8233531877441412,-1.2514600115163796,-1.1240193172269155,0.27676331682598626,-1.0216574414415274,-0.6021340768942062,-0.3035856058916801,-0.3863017258424536,-0.6930677640842301,0.8628410656297103,-0.4909593584240946,-0.005687627841656299,-0.38847172619279835,-0.6605274014047757,-0.5596582417396888,-0.6962353815915165,-0.8569099390458413,-0.6528013006863778,-0.7497277043480735,-0.0999737403745279,-0.6806465250305688,0.42753060081595373,-0.936938496730689,-0.30588232491925954,-0.6438833822383783,-0.14108796507675905,-0.7507997711825013,-0.7366699347027317,-0.7378583295211933,-0.6602635624653819,-0.6298459472350856,-0.8298973648920275,-0.39860806538940047,-0.8094571500440473,-1.1333770054093102,-0.9273982181139432,-0.47655881025128,-0.37512273813672536,-0.8879887030359379,-1.5387099157982407,0.9008438648261593,-0.7369079428610391,-0.4977281019861225,-0.5876501086396242,-0.46353156076880975,-0.8898953847935331,-0.5932372198217146,-0.6889053694316231,-0.662450681924365,-0.5777929790247546,-0.5735487837627066,-0.7320141820434504,-1.0403971737935678,-0.6386378356832995,-0.5114425236437548,-0.5405213777337963,-0.3783701421221327,-0.6357744893737367,-0.7931140392973635,-0.4761946316855326,-0.5237081993234961,0.6285012787156765,-0.6649085422671562,-0.594989397004131,-0.8867881763847935,0.5019402079938027,-0.5796102709256408,-0.6366943671103296,-0.6057902966017434,-0.7640721218687235,0.5056197822191516,-0.4803293338398063,-0.8890363709824814,0.6837967756455566,0.5602029334865988,1.1411222374644494,0.27766473905251676,0.9017950517844857,-0.7860650567752785,-0.4263807659328279,-0.48585660476939563,0.48660603703891314,0.18963769639930309,0.025130460122310638,-0.323705696209596,-0.33924854976659063,0.08923559462298566,-0.6934387337608978,1.189543508187947,0.21997019573127827,-0.2616340946303453,0.23913067563639584,-0.47806291090450687,0.9392638030240693,1.0536818540787714,-0.4628407511020156,-0.017670034498190147,0.9079251149853549,0.48239939568899665,0.1762852955206107,0.5112990453039397,-0.8729286571535029,-0.2629699548240451,-0.5674255726847853,-0.9535112389941938,0.2046374242864386,-1.1448214701198478,0.23909331108481013,-0.6160353035167689,-0.07155118934663864,0.7841133440070969,-0.00562338615981607,0.3587549952672648,-0.6236643684169465,-0.7865555271741838,-0.8007819845568429,-0.7500056477309365,-0.74027883529206,0.4603675949968603,-1.0797499074367227,-0.8633520568032752,-0.667958587257762,0.7537418073663077
-0.09079203642608798,0.6091160262255556,-0.4350687458179624,0.09375645175628726,0.6108700896225533,0.5275078196353702,0.19697409960493534,0.5457063988423597,-0.05373826752871037,0.041646517928869434,-0.4439266682603757,-0.7813060210758443,-0.47820833515510824,-0.08983327448665457,-0.42268442672774736,0.3737144867799423,-0.3082336342865226,-0.6238039512173783,0.38094425874663157,-0.07862722369126968,-0.08892937451160611,-0.7588525712634991,1.7619994430894235,-0.09675212106071035,-1.002925677814171,-0.48463698651124915,-0.09082903717242309,0.27782756496483485,0.4881306626156287,-0.10941806626860257,0.10206314680418285,0.09594517258348982,0.2713910401218508,-0.23629045276501295,-0.04616955681283671,-0.23542023569477594,-0.2569533866022818,-0.10060034608066934,0.34783909734772084,2.188164721855446,-0.7758095864991393,-0.5970132491203111,-0.23020633537308346,-0.09226956772676927,-0.055963497884864356,0.3479766180748435,0.4451968556766802,0.2391206441528037,0.23151868632497524,0.1744027145057924,0.05101119350712746,-0.02065911556648291,-0.02229487047983256,0.6466225652925993,0.3461864034595739,-0.13118855185003778,-0.13451708341581733,0.5377121389680815,-0.6817667821995057,-0.5468542613475055,-0.4429168234642077,0.4470435803395411,0.3202811144394827,0.4959941827518744,0.07806455088142045,-1.008516564906076,-0.2059406089607355,0.11339120146723579,0.2516981771606,-0.3807666136726014,0.516108477555046,0.3877430678970519,0.41709852766786026,0.7632067311383411,0.9005436889509257,0.19564664656653158,-0.18623416804708876,0.5192915329165247,0.938659241532732,0.09372580756961632,-0.8352049456131571,-0.48276694087894123,-0.633659268267829,0.49691706299350524,0.22312971928817724,-0.010448348656354255,0.43274283354531135,0.47530744832585947,-0.15181056436028037,0.43072499577461393,0.7275422583456006,0.31421451062758976,-0.19148500009883251,0.16844159039287257,-0.1139509745553655,0.05067973757444581,0.3507118935741015,0.46730890606094494,0.3303320272580287,0.09208691188316792,0.4369864203498673,-0.2512889317345639,0.2440237773453643,0.12552417474951405,-0.3107785858551947,1.880346196911514,-0.28215830468060715,0.060223113939945935,0.3664131730914213,1.1402642540789854,-0.14125772871233064,-0.4803293338398063,-0.20479579998115544,-0.0051070853813306415,-0.5896692573102703,-0.23945784748764337,0.4211317356078947,0.09010446343916988,-0.4585177375022796,0.8490901435611129,-0.35968735319673684,0.04862268254134706,-0.506546882300577,-0.18717469534417908,-0.5345688809849829,-0.3379837641050508,0.38407037554748497,-0.674939716738555,0.26484549473292746,-0.3694898054541848,-0.5578635791635813,0.4851585552843288,0.1760397836918684,0.20130102465551572,0.11747286900130291,-0.2549628675165594,-0.0518163018970515,-0.2964801032166093,0.5976921436320879,0.07369887076797764,-0.34227452451756535,-0.4008089685902678,-0.12051509488259245,-0.2684539555144899,-0.3354093672594828,-0.29541736855611067,-0.4085989087254831,0.4089405390132188,-0.24832105551787415,-0.18946802473940816,-0.04425122017556351,0.6906076176097558,1.8812918534905194,0.6580977157717981,-0.0317789053497473,0.022071089592805924,-0.0022144102194928557,2.5570696762086587,0.4217133631494025,-0.8370496260905319,-0.6895972548463815,0.3774102568400348,-0.4937374627124093
0.6823238384393834,0.4732192689144966,0.12397230714625984,1.6869466460456712,1.1863853731866323,-0.2802431004873655,0.16647635508654227,-0.19393866164104165,0.6073307153573522,-0.11110469824219794,1.344405892465918,-0.07055430630940217,-0.0771077378696612,1.7411339520591023,-1.0374407835242616,0.6233487919078177,-0.0368346222204192,-0.5359914221154556,1.2164005382163812,0.30616430928395716,-0.4769059244754924,-0.382421054050247,0.3226792678451847,0.8343637487632256,3.0570161646482727,2.7341286070191932,0.14396182903726865,1.3497462963909004,-1.2124924008227334,-1.2978377458479124,-0.27543572821871853,1.5370053993977337,2.1529259317986105,-1.0225070437890373,-0.7112235634026803,0.31611004711635954,2.0758301198984257,0.025744558619816314,1.1517681669481912,-0.5665904796985685,-0.9650652680394621,-0.22920765677878918,1.1147326305443213,0.12592764437796292,0.9163656613500073,-0.32518826883571617,-1.2627331343103314,-1.0340235660977968,1.1992642798849542,0.18879747427510984,-0.5439994582484488,-0.0936679144062919,0.7803661858903632,-0.942785689750433,-0.8895373809435758,0.35399186772152225,-0.03617681971302983,-0.3826419170634075,0.8434660636120739,-0.08307616785379264,1.1779842387253867,-1.2289975500969346,2.4016556087018235,-1.270290063301827,-0.00615020370139277,-0.2215023489168738,0.381159468889483,-0.5287977185647909,2.095395915627178,-0.17144623924377766,-0.31406779392966433,1.6610997066978683,-1.2886950381597853,2.0383660671684063,0.9231914489707034,1.0865183754138255,0.8362013882691948,1.3582038427452423,1.9455639374362501,0.20229468297556238,0.027933179056023986,0.7723373297144572,0.20685008917395853,-1.087041241141894,0.5838995431358978,2.164568291393316,0.9971558228245831,1.0135220483697869,-0.5446649316069138,-0.39598001774169844,-0.993293107711756,1.80752047592878,0.7610797179324224,1.4520241826733786,0.8865864241085588,-0.5836390788896555,0.5162979874940288,0.920979930812776,1.314132813456039,-0.5201740924104208,-0.06542854813931293,1.5728856188266522,2.264323187458619,-0.4188191961394495,0.6091964504925729,1.3881241211617137,-0.34306283670829263,0.46744991754962845,0.8188459202137033,0.45946591576297924,-0.8845929149555984,1.0371243376925943,3.4300115121836408,-0.8337675277064849,0.002697100218289364,-0.7953628350936954,-0.9458780041501818,-0.9935851887430164,-0.5911007407100062,-0.5743314195803351,-0.713008794040831,-0.05252970639517591,-0.8144276867842623,-0.4242241696113223,-0.04214863032700412,0.3352398027982925,-0.6016295321064522,-0.13306149747577659,0.7128462704462927,-0.04805153678955915,-0.019648156198118185,-1.4008792979763498,-0.27104158627723673,-0.9568299259154919,-0.8210382507565791,-0.8891021721025637,-1.1655026987255876,-1.8068936183175588,-0.6679071296517949,-0.09766190411755918,-0.7102834051340506,-0.7041800669558981,0.042549201428801024,-0.4175830751088474,-0.5516575475893496,-1.0611886833091806,-0.7002954993432529,-0.33834065375901734,-0.2169659453564373,-0.2860053103674617,-1.3239492550055425,-0.42302699181297343,-1.0857643809825674,0.7559936173175557,2.177672809466832,-0.3878895628102858,0.26171265993608156,1.5267594609356572,2.141658373950211,-0.15576358986095387,0.15245443675193507,1.6514320047302704,2.51017350197077
-0.2785849796400892,0.23633980644602764,-0.40417682758909024,0.06978865598301492,1.5499206228820175,0.6665815292390768,1.1541529722004307,-0.18297012100629645,-0.24607573294532067,0.6991250571822464,1.7717627738061152,-0.268312989808527,-0.1400303604752133,-0.2514360733573107,-0.36363789469213664,-0.3167139958636764,-0.40323095834453637,-0.27716799053442714,-0.03473658513504732,-0.3795910228754248,-0.21791544990155698,0.14348396122257925,0.13976866910290478,-0.27395025066473305,0.4897719840065286,-0.585480149220145,1.3002648348562005,-0.24983984916135896,-0.12781589471390312,0.35229217592546896,1.8278351612230932,-0.42488681169616976,1.4518755217379016,0.5683817599317917,-0.2502520301375734,0.4920703970563152,0.2798682672648807,0.155906011771472,0.1452451968923632,-0.15902585984643836,0.41478655354465876,3.990808197036353,-0.49858945680439026,-0.14409161627103856,0.392925042060282,-0.2054604261832019,0.3190087864184708,-0.12990702224807713,-0.24150762001676596,-0.25406393314996095,0.25922690947078936,-0.32674096221871995,-0.2920035780558696,3.5347202909091933,-0.09843788760590062,-0.35234704582539744,0.6076925215898709,-0.033123698082065355,-0.7946697443174378,-0.5297063291648066,-0.5588729593155104,-0.2675188632509608,-0.16918721236752773,-0.301227179357943,-0.1213455327733852,-0.3340452446687468,-0.3779461241281591,0.1860502151241604,-0.10360686581272945,-0.502248740910326,0.05687652306218703,-0.4312730414133373,-0.20814571145441033,-0.2403513148158723,0.1865622028459366,-0.08719873677443649,-0.43989172703695284,0.11894886497085959,-0.09129362066107104,-0.2996075726178426,0.07278793431284553,-0.46052630169387576,-0.7827385403390924,0.08948864465874674,-0.22557227072087496,2.044389863669047,-0.04572600538847837,-0.11814519013335399,3.054497496143626,-0.011065471131226674,0.04249366931855758,-0.05823796202028979,-0.6509460312344008,1.0444143795248086,-0.0012380229646942202,0.1432906338162532,-0.14657950163824202,-0.28557157100564584,0.07051901032243146,1.9209315628869759,-0.3916105441192499,-0.40510481401214954,-0.3605935517269005,0.19940180559150614,-0.3021277158030132,-0.5137265550525649,-0.2381432761583891,0.45944003078712137,0.018942460405365808,1.238209941365194,-0.09531080515741601,0.5536204921715899,-0.5639357993374025,2.2390760128796177,0.5058399192270011,0.9108790261186266,1.1968315905338585,1.7020474592805324,0.8293515473802475,1.3210291816524828,1.2521734464170196,1.3604959895386313,1.5957475851535736,1.6618917407729157,1.6495137880976964,1.566423269223978,1.0711302525872708,0.07933928639311094,0.7495372141272731,1.515349084954069,0.6529529102908593,-0.2258869647907981,1.5055897748186895,1.6112590932674737,1.4969991264434284,-0.36494189537171434,2.4129883515205974,1.1133605119186827,1.8683439814930334,-0.04673919192880142,0.8494225076666101,0.32404583100234635,-0.04793880423108158,0.2938342973912014,0.2511698486193628,1.5517141804177783,0.5685672758965846,0.9327756991095784,0.24894819464760368,0.26625853461976656,2.0866340032070747,1.2630458324283078,1.497095136177834,0.1154327536996007,-0.6957199253338314,-0.37091653082655873,-0.007168986889859331,-1.0351716677367053,-0.3842115010614265,-1.590323923405567,-0.6932913255783181,-0.38991844214974797,3.2368580631378796
-0.5649027828080977,-1.280027985023952,-0.4206927274488083,-1.2636184361342684,-1.5256853115875342,-1.5617837839630484,-1.138518188081836,-1.5401836668448996,-0.8734829071453524,-0.9605305146646438,-1.2139852216158473,-1.1282677782899988,-0.3180225747103459,-1.0292409564060903,0.19078001843490008,-1.493467749239079,-0.8203260745754548,-0.23507339018510726,-0.8652651414898872,-0.3795910228754248,-0.8236552330590705,0.09047814443664344,-1.2278306048805312,-1.2822142019799907,0.3950099109117609,4.020233728908505,-1.578755430319694,-1.4102704040415845,2.0950895412475936,-0.5081410184509182,3.8717919124753775,0.21884794203678254,-1.235614015246622,-1.4156389238462779,-1.132548949735062,1.631576677955046,-1.3016096373745525,-0.0026109765362888975,-1.3555614931910902,-1.0935836329920456,-0.9828575133142373,-1.004524804767503,-1.2732547785052486,-1.046816016979907,-0.47799222722318013,-1.1831292503894866,-0.18971750890933228,-1.243822362374197,-1.4303439590511193,-0.9542697587865356,-0.6937325355889503,1.3960844852538752,-0.5439240574924408,-0.7420921647912592,-0.9914330664220807,-1.229513669585252,-1.2321285295660451,-0.8023528744861564,-0.5367327382119309,-1.111095525814251,-0.4623388194429257,-1.5199178417890145,-1.0791235189092214,-1.5914059763298805,-1.0358714540062757,-0.8101842596980663,-1.0271595824619633,-0.471640334172496,-1.1989489098366257,-1.2717404935357208,-1.4941455353516702,-1.1472557711566582,2.5867548726924032,-1.2483749941492213,-0.8251183616089265,-0.6265865905870531,-1.4691286157266943,-1.3724503040949252,-1.1686657699377603,-0.09746569698028278,1.380355029620843,-0.6807413516741416,-1.0224147010323315,-1.673154829074876,-1.350670660364068,-0.9749011045833609,-1.3507629947908482,-1.5537205243308156,-0.2203925302963096,-0.46337884024255516,-1.3874583103114027,-1.2009131607069796,-1.1867201785041337,-0.9919674058764427,-0.39791800135350464,-1.4157964785667032,-1.2365095487240139,-1.6173062828811329,-1.224480142273695,-1.0993183232878165,-1.2000576052956382,-1.4536269185068615,-1.1196522675783471,-1.0171295655383983,-0.2935504710694178,-1.1209657315107002,0.7751966005736363,-0.8473487409348942,-1.202865300346892,-0.8499692075828789,-1.7914047835164184,-0.4345494868858076,3.308500095421428,-1.2417230261041707,-0.967765192059499,1.831124767807397,-1.727058136851097,-1.0448699213694366,-0.2320416265138276,-1.107216292799375,1.6738383716586358,-1.4533355144849087,-0.7377918160341732,-1.3705039240420414,-0.9173093117868075,0.6304728511085336,-0.36460395288641406,0.6678835303920087,-0.1884570095838397,-0.6812720372140507,-0.9481487749861689,-1.4475552670220786,0.6815192248594368,-0.5757169866497835,-1.3818957593729797,-0.5430615616540267,-1.2016822493789685,-0.2583300887951749,-1.2246771195368769,-0.7029678322550864,-0.8966990043984913,-1.1282468180646354,-0.74915853478774,-1.098375485605039,2.2143539068331597,-1.3414289287904673,1.5487446137307843,-0.9749076472806756,-0.8297532147126822,-0.9252385544760235,-1.2514628569473665,1.2326357870576896,0.2606069436461804,-1.1423721986988935,0.13788287086992526,-0.7423000766662742,0.03657344231262883,-1.0514547194625787,-1.051921632566239,-1.0075483474998084,-1.111187120565955,-1.2775825115049155,-1.295054537494562
1.1314308505185928,0.19327259618926965,-0.21105312107861743,0.5522399898153972,0.3154698051542503,-0.15207106063597783,-0.05255454817201482,0.016081411600116127,-0.3131529900843459,-0.44313856843201044,0.913308904472603,-0.297320483098605,-0.22925037264190717,0.17363046795213619,-0.7387017682845455,0.05349193139491464,-0.2066553839571962,0.2610471853063327,-0.13726123718448838,-0.3795910228754248,0.6650301926553804,-0.0676720188800294,0.08109400096817522,-0.23512581961479737,-0.45487440409475133,-0.25054071221907837,0.8869514786636861,-0.3570887066080448,-0.08851387903411487,-0.2743252420178496,-0.33189232364152643,-0.213329546779951,-0.04624579673668985,-0.2343212766439956,-0.15685024595867852,-0.5178743525401903,-0.013157562047134828,-0.3475000346251124,-0.007574398466752927,-0.6171915329061253,-0.5711492311107188,-0.5633345461724887,-0.34239069687561724,0.3706901179749388,-0.44309443584416036,-0.1495929219010785,0.22723374727374865,-0.10952781219516253,-0.08963510263933437,-0.3560274198077314,-0.010418026379442377,1.1956787979875663,-0.04469819415647802,-0.4242668525753963,-0.10808678798078072,0.3459957050589764,-0.2760944480048933,-0.0066419634592932535,-0.6654730976059146,-0.285832820039887,3.345886351302857,-0.03002836981919167,-0.034918136122068504,0.03570629271278736,0.47209181435804265,-0.011585384637867135,-0.13751283639422038,-0.133852284805066,-0.026787397849439752,-0.4286758350627174,0.04895063254476542,-0.20847090335951693,0.11020090019273703,-0.004756200515288571,0.4128221205963046,-0.1777409515211602,-0.6209736464512654,-0.04405144105415236,-0.32407258854038373,1.3214555057627952,-0.6456466744420793,-0.2577739628410377,0.7930442820837948,-0.2258391229651003,-0.02787699221215719,-0.45554369158387586,-0.04572600538847837,-0.05839671888203579,-0.31203831338930876,-0.05853257570663302,-0.1483317744420598,0.0302306372922084,-0.37734136602072504,-0.18855079566045851,-0.2593138175248476,-0.05217365323746859,-0.020407548516505756,-0.10912558098358617,-0.030040734496165546,0.04490731417159238,-0.011483880260942474,-0.33619549370811824,-0.2206691351145037,0.07546973971544164,-0.128480301672497,-0.47999536042473157,-0.3924689063687567,-0.28758423069502514,-0.14129949009431314,-0.28193151895326446,-0.2478431400861076,0.6227609204514042,-0.10645679880358333,1.6372989421155493,1.5675677023017653,0.5418758890873073,1.2663304197798895,1.2616168570938835,-0.29487451142065085,0.04136329958026535,0.8117789745707843,1.107646402474474,0.5554539624066216,0.75728170656142,0.2891917591794835,0.6116265880051033,1.12958190453533,0.4115573743335852,1.545307145555054,0.9152683237354702,1.2246500795934552,1.047927828301817,2.0183509540555433,1.4992567090295112,0.8120103044926918,0.3365024691388115,0.6868189935311476,1.35958571513776,1.3927615406182465,0.6178439838670526,-0.04352891757659523,-0.30023695560656694,0.3269290043841256,0.08164678865806649,-0.20792429055226852,1.3593728691145222,-0.3938392251728301,0.9116459545972448,0.01850697486224697,0.38403025098761795,1.962584349059575,1.716205953194233,1.2388747052310596,0.18416108309340298,-0.5102295075463976,-0.3376617262196033,-0.1625283820959932,-0.3179939520529459,0.28463560125550386,0.7343456971918164,0.6162863237547884,1.3025551942578553,0.605308400933834
-1.139114855149356,-1.4711910219652544,-0.36741635903059,-1.4021618375110099,-1.5516173695646638,-1.5103808860830696,-1.2317917097922295,-1.5401836668448996,-1.0370061910774566,1.5440584881313966,-1.3525826318020213,-0.953787290115639,1.0576582210061067,-0.8601766094345166,-1.4037475835986188,-0.3128690684672679,-0.9208792280210198,-1.5680619153570594,-1.5136610442308145,-1.6377923311048839,-1.2210972327647667,0.14348396122257925,-1.4237936140194458,-1.4467784066926832,-1.0647884314145346,-0.8178463869593452,-1.7972907099035782,-1.4765706104240328,-1.179759680412161,-1.3409812006152173,-1.4542897358981555,0.0015909128558266575,-1.5332352265331706,-1.5420669734671129,-1.435290513189492,-0.3798681950974777,-1.2399734221220509,-1.2322103199648748,-1.5714464931791339,-1.3090692679341391,0.8182966657016568,-1.33338066467824,-0.8525012545592204,-1.407147954714783,-1.4355968730867408,-1.3781928014542304,-1.337313144456532,-1.3454256652130148,-1.341382751561192,-0.30411514603765416,-1.3424724425228773,0.027849342659398445,-0.9543848501450563,-0.5101108053113692,-1.2481619999779352,-1.3239462425056354,-1.1475909197969818,-1.0966061939971798,-1.2973860996967965,-0.6674184954409205,-0.6981932311710798,-0.21431787728204574,-1.0791235189092214,-1.5327399475847472,-1.4339539934042305,-0.6359375840032093,-1.0764140405716902,-1.126494908530121,-1.3283315333436518,-1.402119721893543,-1.6878537653623262,-1.3356012645326072,-1.3621263719148604,-1.4548506859160617,-1.679547483652586,-0.7087165006484989,-1.6447782080177102,-1.780740045796059,-1.0747860175963297,0.18117289163955333,2.6775340672850074,-0.872623462267174,-0.6428709544523397,-1.3882213953912597,-1.609821512984778,-1.4902742779862477,-1.4314920084675387,-1.7261118149209045,-1.2817451359449339,-1.4030921331845994,-1.356389993330107,-1.2740501891050775,-1.0403971737935678,-1.2930280096860514,-0.6450245302930933,-1.0928283374600245,-1.2898921183576129,-1.635089467841445,-1.617883350749825,-1.0276674342817087,-1.6052065967933105,-0.8495623383213572,-1.1449353990074154,-1.4692564921253837,1.1152607242081698,-1.1633662214544744,0.7650360344712779,-1.1704631617821029,-1.6338063425494422,-1.1575597060659084,-1.6799396775818187,-0.2286110566089041,-1.4341437646294926,-0.8829258952101391,-0.5182514379094882,-0.46145412121191587,-0.7577166966062684,-0.28698219969972705,-0.5770251369309405,-0.4601118749880898,-0.03495996211841148,-0.07621885979203387,-0.47030112344278463,0.14685760651155041,-0.7501188016328074,-0.5522961793879932,-1.194156635904635,-0.13830390543787896,-1.6003775254713906,-0.1293587279915352,-0.049397941879030974,-1.2420941836901085,-0.6510766869058603,-0.9963713555442887,-0.24082207556611185,-0.8728720982694551,-1.3967572740852752,-0.33297359355933104,-1.2085923721547773,-0.11376384895107233,0.5016912078480209,-0.5966889121901027,0.2597335918573588,-0.3096955304706479,-0.48824107562288405,-0.8885341220312418,0.05399104783030102,-0.10802904377259298,-0.04583014797080392,0.05332537643969427,-0.37644568006362206,-0.298973742891627,0.17652042061652734,-1.1987612988200118,1.1747889135261547,-1.1286109466879166,-0.88235118039567,-1.2046674277751575,-1.2509540783947564,-0.7872326029448498,-0.7784979814292681,-1.1610818855494656,-1.0886691143971179
0.6075805706389296,1.960430189233943,1.0355127843349694,1.2630152761005882,1.048383643414951,1.7274790109180163,1.682371940203385,1.8960244475192396,1.0283398876758547,1.2061776219822165,-0.640724063092717,1.7566088208369777,0.30679770488850105,0.25369555195635246,1.4952044553713955,1.8910982517673833,1.27426325210286,0.1260662109739559,1.7823993467471635,1.1512170926819842,-0.030025137188012516,0.39203486244933966,1.046964692894034,0.4610680721437018,0.47995780496970025,0.8711494930086779,1.1132213412556395,1.0005983640624587,1.6322697470945422,1.3458505350217413,1.4929305865108076,0.40222674869786906,1.143855172349885,2.3701515959805484,1.2175435976825761,-0.12733990182000676,0.4198008227340069,0.7834945845512912,1.6100442198935485,1.071911288986764,-0.003033520963157272,-0.13005418340757266,0.4996206478519342,0.5223971918480661,0.4418664132020777,1.7513413915601415,2.0101974691088187,1.8187982127062947,1.6497890685697312,2.2865208108690562,1.7929896868349984,0.13517238787971006,0.8581277721381235,0.9322393365630949,2.1833643084933128,1.0528228248383746,2.292333261025494,0.5662855483335432,0.9945965602429744,1.3102242279777356,-0.14372545115436655,1.8584767361638825,0.027001971128186607,1.8352394891794537,1.8677867011253284,-0.47102100740270725,0.8312830205741963,0.4521592748910548,0.5138448782903288,1.2136415306744655,1.3187190012295023,0.5655574009340681,1.944102908297656,0.6751366611126286,-0.05772159997322068,1.3573502290409087,1.5075242771093882,1.1535385657082733,0.4548937920503382,1.033590827120958,-0.04446568130518052,0.9429284969131216,0.5986249699689329,2.046499460013737,1.2108522461737194,0.2772124888738322,1.6224353751345886,1.4485895729494995,1.1081905534497207,1.9074649696450037,1.3569694119916644,1.0814217552374965,0.19033398426107748,0.21322382175671897,0.649228873595345,1.60980086167628,0.8544020184610496,1.7730481749772935,1.2267612521769178,1.3524639923918218,1.6350737607914818,0.4984946986055842,0.6764268274019603,1.269126667602429,0.5554810646376311,0.691650327656511,0.2760286661592763,0.3141244095417326,1.4158571876766428,0.5904366323030152,1.392244591682066,-0.04628376314207992,0.7105918741151567,-0.12292497639040881,0.2862829611231081,0.42500650115827,-0.3233951226644086,-0.06542204221305013,-0.12395402744625754,0.01235795905820293,-0.4350568655866179,-0.16769786845383325,0.03658542030894962,0.48394512411636953,0.5825267559739357,0.5571468430958728,0.32389634824911095,-0.3075329798943745,0.6620531686318558,0.335024284534983,0.08334328092976331,0.4879906114393368,-0.26354863045272753,0.04364685163554904,1.4590892876451989,0.8159564271998424,0.7176004201538331,0.3719117867847184,0.08367781059162148,0.715783615149788,0.28781903392263175,0.0680253344291954,0.39202010942525634,0.3249106965003775,0.249103268554169,0.09573840535540677,-0.6529754411018261,0.18880876721274667,0.8121092728493668,0.39397935988167726,0.13260675177802952,0.5025204860718935,0.978766945499748,1.341514157809417,0.013290720598118439,1.1920908309946756,0.8502559003249059,-0.2377874116097587,0.4217133631494025,0.47706332621950104,0.146456013245533,1.280011647356783,0.8194041943988797
-0.5259224063698915,-0.06969489971566904,0.3529536870758029,-0.38188207432700927,-0.2984742563079934,-0.0023418664087000523,-0.006735941166919284,0.06828082395109047,-0.42692593631383935,-0.08986686718611253,-0.5706948994794215,-0.20230730713847275,2.1149783877950843,-0.3843153471682925,1.0333504702055734,-0.012986713417647495,-0.2373890273505474,-0.2623472896721034,0.08052159668514097,-0.3551561237755598,0.2075395428536164,0.6730722235883921,-0.23327881860301428,4.391797646924577,1.5650451983261073,-0.2638926233603414,-0.36129306433158886,0.09630344444707484,-0.18511879015319113,-0.22413761586357975,1.6919181697624905,0.5782170719211596,0.019221916931069418,-0.39348048658188767,0.08954759250573315,-0.9493410848438644,0.34738535883043975,-0.3169719537434523,-0.38878057169103625,0.1856949824302148,-0.41908043331232675,-0.4912901463620239,-0.616340982087526,-0.6616877226520835,-0.33233473975975136,-0.06425216482447572,0.2065375097619081,-0.1244431519663525,-0.06384572146876741,-0.06148469903879695,0.10532849338513103,-0.23848376047712494,-0.34161112293708873,-0.480594562417012,-0.1722215575956592,-0.37606486411112566,1.0666197095833254,-0.5871150581667707,3.642004992883271,-0.6830835799852925,-0.47216215803484335,0.07348438458857642,-0.01913781430224325,0.07218584443114058,0.978289074895263,-1.3674263153907613,-0.4369160043395878,-0.3966333660094921,-0.18528122199449562,-0.9040494561254468,0.25058475307284384,0.812069992975921,0.18749856172312765,-0.11738054840278256,2.42597141654812,0.22683601288955504,-0.47243146012764153,-0.0992658432340975,-0.8879887030359379,-0.036538075411050155,-0.7698708260760476,0.12259760511458853,-0.4367072446806546,0.0036773141660555245,-0.5199972989882997,-0.8233050112505225,0.03701541112671954,-0.27066141280201295,-0.5942503277013359,0.05161221107948579,0.0068448348497463065,-0.27797656767492,-0.7308356079072733,-0.4492795284936305,-0.5114425236437548,-0.4144505456440687,-0.14657950163824202,0.004368780278373024,-0.17555645439799064,0.574744282411198,0.04807646828336998,-0.4170780916812559,0.11391720721216332,-0.29846929636473496,-0.5721583257974172,0.12051139544543052,-0.62335177549155,-0.23505556935877747,0.9939642638051008,-0.08861617320992468,-0.44687049114283806,-0.7989834103184965,-0.38707590429794786,0.3508236118617342,-0.839989270286643,-1.1072872554423592,-0.07390523530789554,0.4852705149626945,-0.180933202124689,-0.677232205861417,0.8933300896078368,0.1935980971516644,-0.004919878082963688,-0.09527031989533516,-0.5448024499312123,-0.6468883629827639,0.6179129589550435,2.0175556478946546,-1.1999437001692654,-0.26602885354877465,-0.8387612156539844,-1.2209552415946856,1.317426528646958,0.6367953177262681,-0.12846708938749515,-1.0758024958224772,-0.06404374451090152,-0.7263862881893223,0.3334184461752003,1.9832259714280092,-0.7988617190924083,-0.26384917808800684,-0.8444991483890163,-0.7066075967990952,-0.5736553406738524,0.04474025792060895,-0.4868817911608147,-1.0505640593813463,-0.2975285744148725,-0.632996098950457,-0.39158842620137996,-0.6286977514812607,-0.18998417873149168,-0.12626289667815968,-0.12821211234395857,-0.4402706666451264,-0.6057040902201899,1.8701099052317889,-0.2730681313581342,0.41776608367271867,-0.5687397000298569,0.8243323276787708,-0.8494195632184889
-0.8214756887681983,-0.9061037778354364,-0.7303311395260874,-0.4894739134915051,-0.7514108913313997,-1.2142112506754377,-0.8399146551327386,-1.0667340121903213,-0.7496728686548414,-0.6705444053580611,-0.5484092932002681,-0.2794918554313277,0.10982631753964375,-0.8164893264308637,0.5209890441175097,-0.8123988720591944,-0.7217922649821193,1.78667458370314,-0.9670851067058654,-0.5508842141969396,-0.5375436249423897,0.534958174635466,-0.41729611151768625,-0.9376361134518711,0.40787222459300804,-0.5021282334148507,0.8477982174663535,-0.7477018792617737,-0.954026670212698,-0.8551300038452004,-0.9286814204637707,-0.8438964239864347,-0.7653727032610307,-0.4159984843667721,-0.6421331535221233,0.007796306278277841,-0.6121880488951197,-0.8478211407381981,-1.1499334036576934,0.21472258996531923,1.3225807223320336,-0.6270525446229419,-1.1101358366027232,-0.8386080579014118,-0.5514204628311787,-1.0564828103553379,-0.660392078219124,-0.9823861060203515,-0.8953045365072755,-0.8300742225258226,-0.623869172384028,0.3769336190012166,-0.519307845119351,-0.9171091094132616,-0.6580661330280553,1.2806198528250927,-0.6343865775282437,-0.20985880661693923,-0.8039051970112173,-0.9088720211449665,-0.5122321172082668,-0.907771564523446,-0.4930294420324485,1.3460231278257988,-0.5750260249239895,0.7225335902156079,-0.7742738696475243,-0.601889593434016,-0.7378583295211933,-0.6992644963214305,-0.6178850283380761,-0.9488360662838558,-0.9496677695166501,-0.751630586703977,-0.5046955188866964,-1.0941802602524666,-0.4683176201758736,-0.4671637345165501,0.18794581247678654,1.357084797514695,-0.4464865928023397,-0.8401492411991494,-0.5977201823642362,-0.84402145345087,-0.965401342828831,0.5189425028616719,-0.8669424591283159,-0.9602678858716023,0.3019070215727439,-0.7980348692556479,-0.8978277204771671,-0.7320141820434504,-0.6059119165895727,-0.6072924937745359,1.0849206886211746,-0.3900816394888903,-0.6543949855239825,4.404793002739538,-0.8519237038854109,-0.9278748159369073,-0.6574253954683422,-0.5595013627081159,-0.6477587741607603,-0.8265773504808692,3.726311743504437,-1.0221050650539898,-0.14967138382765982,-0.6603471292794764,-1.1327373308441906,-0.4155771261425267,-0.7065143104389017,0.7366528122223687,-0.1882052463441724,0.46501277712018,1.5770242945592146,1.5224098578996184,1.1666985695805652,1.8864529861449852,1.562656216333897,1.819453988409413,1.6356440957143392,1.3689650016362755,1.3999634530139053,2.4562060476861585,1.04385950491126,1.9309883399598649,1.293828465353184,1.2480475059894394,0.6468392407713062,2.9687888545780283,2.5018043248781643,0.8204152548289643,1.2940562105174211,0.9873360281885584,2.212767433889139,2.0187630654296607,-0.08781912346548802,1.4813448174105996,0.08325786272608805,2.3077660532480877,2.2170584683121057,2.255858102416345,2.698606683920015,2.4831404213051567,1.6619937168598506,1.2511041052157572,1.1702540722144203,2.424791308844205,2.2931189983116793,3.071520367463361,0.7374865198881897,2.2895641467352665,0.7435435511145679,0.012197938569663284,-0.18887362349928055,-0.8128218716789261,-1.0346184475557234,-0.6858041357766668,-0.6647485439532065,-0.5366742183858348,-0.2145996893509442,0.005245534691743177,0.34071624502816
-0.9581436052210155,-0.09294629988491696,-0.8542577662417381,-0.4364874208406544,-0.6465196975900313,-0.1746539712331636,-0.5613571019573649,-0.2463642929330145,-0.6715099010654972,0.3560977675836062,0.5112222351717262,-0.3255282410949665,-0.8922005989150136,-0.6041744150966427,0.7714163792182731,0.07576035700297513,-0.8825421978928091,-0.5888366238209024,1.9122410567419574,2.96094821091456,-0.569255160710729,-0.4151550711601361,-0.044178547596114344,-0.5047801368883024,-0.5267809440007584,-1.0082528003302034,0.006182070072439255,1.4618830873485742,-0.3275081333926445,-0.3227938644389036,-0.3409870752761629,0.41217447819331676,-0.5880259122478498,0.3529885560978939,-0.46653686508214925,0.4551018647044643,-0.1891150587183533,-0.3632655402849785,-0.33782376953028403,1.059845015617181,2.7101804281282726,1.1138954379888393,-0.6896528866364612,-0.6177097235512657,-0.7889093063474883,-0.20986185082530018,0.21193756017641338,-0.2908346785183981,-0.48247217803071263,0.2586259908533296,-0.34394517101704797,3.13014374757565,-0.4154898012016296,-0.983747140007283,-0.34036377512348276,-0.49445598438543126,-0.5021963325539371,0.7554333946443922,-0.9219284539901121,-0.9659827592752673,-0.7834386296560146,-0.3231239792887963,-0.42531950387949613,-0.3754541102284773,-0.3917811522807443,0.16601859927731588,-0.6184851168159086,-0.37617566347982384,-0.46674267371781475,-0.6120409070864512,-0.36436587612849225,0.14179845974596095,-0.4482784117584093,-0.5586983943726261,-0.9935630073721489,-0.23129555699241627,-0.9414659663588295,-0.6162522689598515,0.1766217007348819,0.7032706954693314,2.6462530519821104,-0.9915084040894072,-0.7101123261525438,-0.47665651317822416,-0.5588933659588926,-1.0854416553599926,-0.2127335402010318,-0.44093915169343495,-0.7212911170464251,-0.2563974235977133,-0.596609136627631,-0.41503766683518734,3.727102157965536,-0.5919494138642005,-0.5629582386265605,0.5895410831802458,-0.266771806244917,-0.43451705441411836,-0.2640745335656515,-0.6297951571962982,-0.44738806153582517,3.2050448427457034,-0.42988817017741804,-0.30098522286532775,-0.6360761218906309,-0.6743872847484057,0.3975368938350037,-0.7033895986118954,-0.5747130554520178,-0.7640721218687235,-0.6391171532785581,-0.6831378596644903,-0.5878090056941778,-0.18994413610713595,0.7236927386850587,0.5604043477045975,-0.2296893610902037,-0.7843655669147773,0.18919847467717443,0.7984279163677712,0.7606685133343124,-0.4808484854479791,0.6632565880652344,-0.3323435557865512,1.0975098004429928,1.7378235466163892,-0.7939248122410075,1.6235298539339245,-0.8688042913578103,1.1095345610407341,0.4312569725515491,1.4028223967898479,0.05534520207833324,-0.7757707799502002,1.2071056730997642,0.33125115161085666,-0.7593776111325954,0.885560159300826,-0.8886394712770403,1.4413396029126213,0.6852706847999019,0.5241035518019728,1.7546477359008454,1.062110163032815,0.8174396192353973,0.3264136433575644,0.09212411308614044,1.377296132661973,1.3224053101911475,1.4913719390116258,-0.20815806435903095,0.7595586676086559,-0.02397900923421441,-0.41583063528951203,-0.5347941905546043,0.8992990669746981,-0.5034450502441378,-0.9730842808059096,-0.44324903576937225,-0.6999064616488618,0.7624054220882863,-0.5749055171859427,-0.9167258896956682
-0.7447932139360962,-0.8484461106737994,-0.7466552085848873,-0.9038354264700785,-0.724338872830762,0.5173179946957492,-0.6077352481361459,-1.1548801059715141,-0.6971989479850464,-1.0546187651388506,0.35582943477642776,-1.406942703763723,-0.76119460366058,-0.6041744150966427,-1.1591769087093287,-1.1901388020494976,-1.278116183445111,-0.3785695779497929,-1.1311700049492044,-0.5650588713077384,4.726057754863895,-1.071645117276308,-0.6901369472909993,-0.6775563374304535,0.36356592431856993,-1.108308449980638,0.09882264503029067,0.8024848131406607,-0.5111834096591277,-0.34350804165453575,-1.0990228046481014,-0.9649050329632023,-0.7280101252533587,0.20358376852689092,-0.9769136859974024,2.1917543494168172,-0.6674684286278167,-0.8636562569209044,-0.7092361855834938,-0.2603534521260323,1.1434406569030233,0.26134324292062383,-1.0175001057661708,-0.37766458036532746,-0.7889093063474883,-0.33976127030853803,-1.1250096327704218,-0.9277256532554256,-0.970437986008778,-1.1641056927070539,-1.2304156837977402,0.2667370099692056,-0.766377191146584,0.6724660793176407,-1.0541792943397261,-0.8169019940330478,-0.7768323771170937,-1.2769931591830412,-1.0557321870884075,-0.9861133272589819,-0.7834386296560146,-0.7015410059939401,-0.44747016992367794,-0.841651781017014,-0.7357774554167928,-0.7308089247524888,-0.9521625131210659,-0.7438985939718366,-0.614646349361765,0.4434907797758766,-0.8477401881195362,-0.8015928804546302,-1.0223143764284064,-0.7144215084020367,-0.7513382194279684,-0.9078484982284781,0.7612818925207214,-0.8704717979531019,-0.7190491307031821,1.232653268105216,2.414000542957257,-0.6807413516741416,-1.329118354570536,-0.6917241139709251,-0.8647741309396382,-1.0393538355541516,-0.979295346766508,-0.7115978285925675,-0.6222997338017126,-0.9061531259325544,-0.8481134252994326,-0.7320141820434504,-1.0633427103985431,-0.7919584098703214,-0.6169878892406822,-1.3114669912449213,-0.48880889160405516,-0.9673509059654991,-0.8519237038854109,-1.0276674342817087,-0.900379744537044,0.5377633535557189,-0.5814621729281284,-0.7635166688628507,2.0631135568660346,-0.9493981047317355,2.6569391823693658,-0.8252320511352963,-0.9611382305105446,-0.469452020380736,0.7670544587624606,-0.12702003667572748,-1.0390342227445462,-0.8957578661323964,-0.4709971726208811,0.5773864155931414,-0.1970200893139396,-0.39249389428039033,1.983671813454978,0.8470342939428569,-0.5540613992784317,0.4756045464257143,0.7462621732183267,0.3937574281446912,1.466814559743929,-0.7586980858391712,0.20917693782127553,0.33383382088157393,-0.7393336277439613,-0.25068252610284425,0.16448203527459074,1.8542901457300034,-0.6747442032235025,-0.7890658989158224,-0.5559357013666382,-0.02520011285130139,-1.3259783264803886,-0.6792125300421297,-1.0201510731102394,-0.25989956965345895,0.5633544334618836,1.756215819900369,0.22277601971982555,0.2699960920232957,1.917261203332371,-0.7082504101985111,1.46432425258534,1.6880990619931295,0.2923523714990193,0.0584975375162266,-0.35818723277683606,-0.3199815849134084,-0.6906669779769901,-0.7770378351153543,-0.6957199253338314,-0.7309321932223074,1.6567507868969813,-0.3846533673373644,-0.4798950235676198,-0.25649026850430956,-0.8633520568032752,-0.6154136053892264,-0.9653823635650592
-1.4022394083652001,-1.0298301895584003,-0.2956003351443646,-1.2092955902318536,-1.4754037482220004,-1.294089227899652,-1.1310076887463587,-1.2493275302152949,-0.859309798366166,-0.8814904666044595,-1.3525826318020213,-0.12114979979345496,0.3711773598555514,-1.083013926759601,2.436479636459828,-1.1660842221031398,-0.8026862541353635,1.058422933670356,-0.9390231219249501,-1.244320763490539,-0.8657240780759511,-0.7711245382608841,-1.0030109746717786,-1.1621378590728895,1.080935288206303,-0.6354670793437976,-1.4114490103439148,-1.3783848255809603,-0.9810306190472227,-0.6437033565052489,-0.8794055614171111,-1.4751647584879917,-1.2091345659572263,-0.7824389805700823,-1.0270234886241092,0.5122892140683041,2.9229224270412715,-0.9779745000814167,-1.3555614931910902,-1.2109567832229147,1.1759399931857972,0.33523103594631626,-1.4455344751236805,-1.1215883414316221,-1.1207323947000276,-0.8431062289821385,-0.9773929167147601,-0.9849227214895252,-0.19121722076084122,-1.3668203322720387,-0.8949763662530384,-0.3654373139091938,-1.0531691604242621,-1.1020672801106797,-1.0758531418929724,-1.1263984589648712,0.32010307298890084,-0.5355300426079386,-1.5362833681348371,0.4180329224005094,-0.7219717931416364,-1.0960974761496813,-1.4264068235376994,-0.8858243337929581,-0.00416489243551839,-0.5002656640150741,-0.9704960898648465,-0.9435281217803211,-1.1989489098366257,-1.7341451252438795,-1.2493511733616718,-1.1472557711566582,-0.9034060084166864,-1.4871279268451918,-0.9054359089331095,-1.308326837984326,0.1932373922950078,-1.5514161985801995,0.9921287913307717,1.5133762363930212,1.8876143387377506,-0.7426991645352912,-0.730276340326154,-1.2394283054814212,-1.384990269009456,2.568198035350905,-1.1914506177093045,-1.5537205243308156,-0.697407082279064,-1.2645073951979724,-0.4109734353129078,-1.2740501891050775,1.244078881001825,-1.0834380590593884,-1.597601235229624,-0.6798568427499888,-1.0872285374368889,-1.3311423381044947,-1.3867414604626507,-1.243434590911198,-0.9583819257210751,-0.9276688038749852,-1.1971215058471372,-0.884954240812932,0.8022005305642602,-1.0802617230232063,-0.17062004291290006,-0.9589120583501548,-1.3021311421124655,-0.7479710103571562,-0.7850795050797742,-0.3149184532029215,-1.2516697852420533,-1.1709216008491858,-1.608192115354301,-1.4852778151722565,-0.42362996518828244,-0.7157271977778158,-1.5055352197536824,-1.4273189116375564,-1.1792611610314447,-0.5396936452572546,0.603947546650993,-0.2465745794440005,-1.0992138821920143,-1.304175154793575,-0.6203775284741802,0.30076932861808975,-0.2064264928790463,-0.10952049474593079,-0.8215303141774868,-1.5596937156394022,-1.0351003560470353,-1.4134017988024485,-0.3373601076813277,-1.3393927848529865,-1.2443395955668337,0.10584269647577278,-1.3622930187271394,-1.1366766513306907,-1.3525762126273362,-0.8163096996995135,-1.278393387407286,-1.2146236613844126,-0.7160197873626517,-1.4418472629990429,0.41055629608512356,-1.5595376619354073,-1.3180575211567704,-1.3848735339947285,-1.3656818851608843,-1.2080584456210344,-1.60626608829251,-1.2277906801179967,-1.309340319670091,-1.0235859751207748,-1.4627005244455216,-1.1023328370088954,-1.4332448529233273,0.41970256705736037,-0.8812901411933967,-0.7005744946451404,2.2208481201969366
3.2208622703908616,0.6068518294876771,3.9404286288775614,0.3970359342204013,0.1818512402422945,0.7427470618182352,4.087855971015721,0.615178112574077,6.625566267198205,0.6200850091220611,1.0949520641988528,4.014575007346757,0.1419659699528461,0.6991189092508782,1.2004118827072843,1.5080349043358474,4.747134192281838,-0.6442837338580718,0.36685997243169177,3.756941157733241,-0.6707019473094673,3.4041933963683055,0.9211296312994068,1.0463608785707388,2.8988150030659487,4.548251618654614,0.46168586627810426,0.6036929948009706,0.27024059894774377,0.24826474586022407,3.632312530429386,0.7500549180348832,1.0620598297795518,3.238472429867066,2.169534568287279,-0.38138283947427715,-0.07356012964734278,-0.09509531804694202,1.0669147307797384,0.41037028001063486,2.946720395717673,-0.11376303199024153,3.491640171978096,3.9640803770990427,3.2796495968985595,3.315565859668851,1.965140631641709,1.3162398724316497,4.329807133853586,0.18879747427510984,4.327623692505785,2.223978604100586,0.396576353476271,1.8530677298470457,4.05997108577875,0.6321810968097865,3.86471770236201,0.6405588019893234,1.5469498743016101,1.9976617813367399,0.9674306689534401,0.3962282363044213,1.5816705999773153,1.4158021855012204,0.5239550360912294,-0.47102100740270725,5.65587905061932,0.3822333501846116,0.8378215088192795,0.7169342726393833,0.207864972021176,1.5151921978162153,1.149691830861144,2.047732823397871,2.1446234572163942,1.004245924580862,0.7796740790512601,0.36704609396483623,0.46674325828197505,2.4209296118125825,1.2369952254627665,4.244571803150568,4.150432467365283,0.28637730913677073,0.391711933968467,-0.31442240425658896,3.508287056986329,0.919061255355928,0.3983361507183748,0.5045633996648969,0.2130126371027261,0.9207672455469998,3.5799440224658845,0.5342859971765793,0.12255845753543865,0.7452415031548547,0.3623590462329288,0.881194718657773,2.561195688605282,1.3576418395824377,0.4848616780641898,-0.2262024630706604,1.6368981135742053,1.7471253369797723,0.07145005007066535,0.4567121168294877,2.5147498786466427,0.5319143456452138,2.9110314954863745,0.7704048608247871,0.04482810598427955,-0.3818170467485603,4.4900274334870796,2.0932485446493043,0.06308681540894252,-0.15821930535187695,0.5877199790773497,0.7842056132817697,1.6096849231929227,2.6034259238740316,0.680661641515669,1.3121890023149474,0.386702010153499,1.2507101924717687,2.0881204915565204,0.3352398027982925,0.9346090797814454,0.18822711778391885,1.184430998499045,0.17985896658763426,1.5044090765418976,-0.3810592476509333,0.7687843358008559,0.9914959420464678,1.5658706498642738,0.6311064359920959,2.188871693162295,0.7767907694635336,0.3611971069116624,0.17711965472431399,0.12090313342404642,1.1215984680892157,0.4618721847103342,0.5145682817189628,1.2640979800666856,0.8240636158579469,-0.1354412870396132,0.22892009734008306,0.3481356162502236,0.43521252646229813,0.5799388414031891,-0.42226655969022,1.0701492431069783,-0.08535040361863597,1.372348261801797,0.16056312408272674,1.356903050345096,1.444087701703054,0.7978707366275268,2.9137003707239555,3.3262214642403025,1.1732355791176114,1.3948697199378695
0.674254956326453,1.873962165985975,-0.2935023027665698,1.1922499967341837,1.1193161986107665,1.5947352261279966,1.8801599961958686,2.2957465568905846,0.7605293049201644,1.2541049960924044,4.186810852439901,0.7760274903703205,0.32515201737793586,0.12248163684756637,0.9937244647611112,1.717841749758059,0.5187028761682797,1.6514317427650815,1.9557910025372756,1.1132618560041252,0.8266631971874941,-0.10737436363526597,1.1624307230719542,0.5740425538819584,-0.37239522516870727,0.16379942968375366,1.3755089029966505,1.0311738526750451,1.7881173588885921,1.290874463039086,1.1191896290838481,0.6287447616807512,0.8877400073573797,1.3896771277159046,3.1840009857225002,0.17045869181694262,1.5541593742290871,0.7505245517509094,1.5187483315868142,0.3719029162398864,-0.2910015296955308,-0.6069016956866299,-0.19315523559728415,0.33593703849174134,0.2738122273206197,1.8320141315397735,2.2708687952497657,1.903197744211679,1.3441943332034783,1.5366609121988135,1.6722751638571984,1.1019404039241385,0.9231342958351147,0.5183363412813252,1.5845583250504596,1.1751771961254618,0.06213003689258345,0.8523357397144671,-0.8039051970112173,-0.1137942157633273,0.20691263917499503,2.19527316674574,-0.2052250356744049,2.1212666853230053,2.5139661137338956,-0.3309434216136132,0.4030005011906827,0.5302111887177771,3.5051498441140554,0.3934681808931956,2.205162940774948,0.6417761846544618,2.471776928645797,0.6355443988698589,0.9636548670622693,1.679585795043234,0.8635393438818544,1.6894457320797949,-0.7108097545997497,0.5481249193304452,-0.5248958191704122,-0.3364264133341348,-0.6428709544523397,1.885228423838444,1.1692624119952084,0.4212444704883681,1.6984127968967972,1.749881699588204,1.246591479988507,2.060293757050963,1.685963509004166,1.008899918842515,-0.266943104013778,-0.18855079566045851,0.7218004957515389,1.496262240025838,0.7383350728531657,2.054676149518263,1.2453882524458402,1.495917588657505,2.058634417438586,0.29478968721869836,0.7218464062160057,1.1717135936704905,0.6367154345315119,0.852978697897416,0.3606425773217303,0.41652869875473675,1.2483765308255323,-0.24760176033259332,1.5487524584680106,-0.16232652321652175,0.8004250371833133,1.4778243363000934,-0.05876967177745082,0.548100754165491,0.9019788388723479,1.2353781716015964,0.27116425291414686,0.6018497121312043,1.3801671802591269,1.0772082835316363,0.825201423915711,0.9978536170596982,0.4510167227824243,0.8719172657767724,0.7794890354144822,0.6179262529806834,-0.41648667930595096,0.7254406297299909,0.39803035698044903,-0.4175084661671476,1.8634158932800897,1.4078264363096382,0.7509846119938,-0.2301600221062033,1.0888038440090966,0.30133897658926045,1.4284110647432193,-0.5744969625656602,0.4919838055368165,0.19533847301786214,0.8852833798905352,0.4913670963253598,0.4623196756621473,1.0369852935466077,-0.20912880170944068,0.24413664760032355,1.788030662931586,0.4952166310819235,0.7252137825576026,0.5511385917921292,0.10513683795380845,1.5473900171666577,0.12475124036699695,1.1920908309946756,0.5626728683281466,-0.054915357650249456,0.8945380745197148,-0.929774579975151,-0.29555830100062036,1.4279049542667424,-0.1073288526871708
-1.5417814545861444,-1.5060167028868432,-0.24442166339955987,-1.2823523835368065,-1.0609617229060158,-1.5357868900432288,-1.2642550213944879,-1.5401836668448996,-0.8734829071453524,-0.6749296918749904,-1.6378676637728915,-0.26593402362099494,-1.3910900600135925,0.3564126352883379,2.0076047486396447,-0.9895590989328605,-0.7682444707575781,-1.907848137388063,-1.3528062731566708,-1.5125423451755056,-1.6697114831955504,-0.7458203253304949,-1.4957129659260717,-1.0139224301291143,0.9477379247338692,-0.6722396576174385,-0.1522605015944413,-1.528691692860925,-1.4464969721466434,-1.4792500517702047,-1.506871953249242,-1.6900852181237704,-1.2091345659572263,-1.6459522959223463,-1.3561014398542954,-0.17628450698621598,-1.6561731600703982,-1.2322103199648748,-1.7446084280023921,-1.4794557528252525,-0.9783695779127259,-1.4818801177346335,-1.4834230465145133,-1.379383386214541,-1.3199792578137794,-1.2515463614200817,-1.3756935662217418,-1.6056379291377116,-1.358690743983785,-1.4111503835117956,-1.303862504975992,1.0366369121893675,-1.1982265361246742,0.5581942207100672,-1.0807237075947804,-1.472324057393573,-1.1974101132947512,1.2887271957262376,-1.032153698665113,-1.4924267218627665,-1.145212114626744,-1.002819080963527,-1.6465012917427906,0.13879493356061728,-1.5672700132680546,-1.339600458956615,-1.2599940865489718,-1.2496090248221696,-1.47211817580468,-0.6332166066566356,-1.5145758490023784,-1.6226719367909683,-1.3621263719148604,-1.624627077001697,-1.0313599622690157,-2.0253183855378345,-1.2598796270913062,-0.9014479716186603,-1.5075048369746171,-0.7089447868310323,-0.2631566160920313,-0.6698711234143369,-0.7353881470626635,-1.4893378399889405,-1.6931879781972097,1.1818255542902827,-1.6259182551882485,-1.681073359921024,-0.7119462238280271,-1.6908052417695107,-1.253982389576059,-1.606995090343566,-1.2406839628975612,-1.1322021907333106,-0.9082193059287773,-1.3581054455029362,-1.3266045276155387,-1.5483830358519965,-1.832456517328528,-1.4742594231175201,-1.5775010255529973,-0.7430045895364036,-1.4976878281321238,-1.6816039605484396,-1.608704117515496,-0.8897806216477084,-1.5758132969593102,-1.2386150996843426,3.1019601940921104,-1.1054819961477707,-0.8923124045873041,-0.6186296663171929,-1.15717005964377,0.35767910475429243,-0.2578300810081701,-1.4852778151722565,0.7700557309093168,0.5169992658217627,-0.7038013579767022,-0.677232205861417,0.11077807495590533,0.14406142738833133,0.23732315878892465,0.2239130138993104,-0.1978329154261001,-1.473067169127852,-0.011232159348064086,-0.5271713217938064,0.08285936766947923,-0.3796692819196243,-1.0080159119739363,0.5403287880709897,-0.9951773868536617,0.699590497466391,-0.09344819395206842,-1.1179095238777523,-0.15767892563212532,-0.0007351397430832286,0.5753455853599152,-1.3498717247871332,-0.44786540462373103,0.3005123667980964,-1.453957483450444,-1.3891612822332071,-1.2420706283296816,-0.3421474873898108,0.0948909801471763,-1.5469112585477311,-1.5265825356452438,-1.3778162354282975,-0.3615796264845982,-0.24324648722699546,1.0348350772561394,-1.7506532676006372,0.07050782622356515,-1.5119126089396397,-1.6835822470856894,-1.4714898961225922,-1.700225801884458,-0.20755331308365998,-1.3251361896562224,-1.6861964912231873,-1.0522446414901683
1.7908352151863123,1.601383212391156,1.0897913071936758,1.6839419723416635,3.30155403685453,0.988157168606868,1.851270678198281,1.4364219883216705,1.643754344989218,-0.13684945057206999,2.2855257636247757,0.039202688328764314,0.7745907546767888,2.177333444888714,1.644698509483061,2.622480026393348,1.376109478932024,0.2162228762280643,0.7149778705006368,1.6113726405113564,0.09558763373101122,0.6473238259463793,1.3294227778851873,3.9595039849348246,0.009109441229162043,0.9609911721131228,1.1870062835432569,2.210010944215364,0.0704599021570241,-0.5251173062397733,0.7751601587756863,2.4788575265897177,3.2676336770710326,-0.26620249497721105,-0.679625912213112,-0.5732135325781615,0.8713298614268425,0.6182589254586636,2.0566788314967313,0.033752954987589005,-0.4581890731389269,0.3197382125148627,2.4125544818875024,0.9399623280586249,1.974037905344789,0.8206974072958201,-0.18114352931861366,-0.32507929881005937,2.538471296660198,1.133157123848171,0.35436768571724336,-0.01614203144785498,1.7275745110138097,-0.6488221825846284,0.19105772426445153,1.6161392580318066,0.6051158635320893,0.5887832399925473,1.9609113979709245,0.7766620936060192,1.730966392200155,0.012033331793005924,3.8290383650414137,0.1257604181649503,1.209277065867602,0.7568959794781338,1.4330204168947398,0.6848979417775416,3.070823280375182,0.42706423816617517,1.21257771672792,2.9924150138852603,0.6695318125562428,3.3971852577852104,1.5821180909893577,2.3860578448472527,1.4072836568396871,2.9135324227173065,2.453168621530869,-0.8061071751667865,0.8365449400230136,1.8876103446445724,1.2072907177337855,0.20817694952763813,2.1092181416113744,-0.04657013223086711,2.0075259159376926,2.4864392328182783,0.13832569803753714,1.0606214630502582,0.08340171828663065,2.9240561994568197,1.359078041521883,2.3310662001719167,1.34974580628395,0.47196264836556223,1.6123793948343133,2.576902901188259,2.5946874294222613,0.6202729616316336,1.1115969841962234,0.8540551269489648,3.684211932119219,0.46608443726842236,0.9579679666237281,2.2419994381834814,0.93944771428842,1.1695253275788269,1.971508707310133,1.212751248301634,0.20684307321195466,0.23658270356740074,2.0812854661110864,0.43067614479049965,0.0021351119522892846,0.7810984703465969,1.1183639124504288,1.0572354771954755,1.7096982991970997,-0.339562396211471,0.8438975945394002,0.596216917034479,0.6807155897625133,1.348029835524082,-0.06310117624573312,0.6676307745336606,1.0959803793611098,2.100378800384282,0.9404927334761836,0.38347821794886383,-0.31586176458037935,0.22662722667008184,1.1786789718890078,1.1860017373229617,-0.2378210680290683,0.42373156054375394,-0.5088110008286011,0.9713808872999034,0.6691772508560859,-0.048893003810669564,-0.33281226285101445,-0.07500692559483638,-0.024951852016954667,0.12080899252359327,0.8198759840212041,0.4242926786984245,1.3807865076877426,-0.005817022165420918,0.4006263939763797,-0.19606853692737022,-0.2372953622028685,0.9397651670658166,0.6025879290679377,2.179552308715406,3.096385706888816,0.6097271747675456,1.1353252033834154,1.5534907757522343,3.9109739815980387,0.23273953343343745,1.2200347523448303,2.9559356185669965,0.7605851789072009
0.31247103082634453,-0.4208977840467593,0.4444245638510257,2.2512651539009183,-0.08979730058689332,-0.14835120344218983,-0.3492768330789059,-0.35789924103631204,0.37987313655366794,-0.7663753199309273,0.6187282397238374,1.2095127151546772,1.0446571862190328,-0.10058560548832438,-0.16487472723176164,-0.5788238271087148,0.36194954515229205,-0.21902052443688966,-1.0105303392815934,1.619186634721032,-0.569255160710729,0.6797781852342277,-0.09759910249484607,2.632739707615769,1.3436031766662506,0.6365437324263465,-0.4012067145001073,0.713004337475356,-0.056727001806523854,-0.6706941854754346,-0.5367485572826298,-0.1801217466026655,0.1798366110242901,-0.39125060740474904,-0.9904723644160079,-0.6059927951286606,-0.014696564702401495,-0.8668656655503925,0.8303667776704816,1.9736572295659995,-0.39820647828604644,1.370016808051266,0.4426388952502321,3.8317686393607273,-0.08009803049995158,-0.5010785999336628,-1.1273563628221366,0.14589807964191745,0.05788858742832231,-0.1049860158605738,-0.523169155178663,1.2629651198962268,-0.4603021071507423,0.6976014620229558,-0.6260132163951925,1.9522641922443031,2.2395666621606187,-0.050679587575951396,0.880419908847475,2.51378863875302,-0.095151243804669,-0.9329742004551289,0.7025575193073592,-0.9473202895277479,0.3655498554972014,0.18222938992525425,1.248481511888087,4.166444701930324,3.215265126876999,2.3180004775807523,3.360048148763177,0.09653788962092878,-0.9034060084166864,0.36973113809993957,2.391404666327015,-0.3059555833735714,-0.49320510636670045,-0.07141503654826059,0.4185943107110145,-0.4292939786320106,1.4594433746122155,0.24395844744005232,0.49381512625856844,-0.5908768821947171,0.28520360091886876,2.29889710395815,0.06345818459656369,1.9596126248443024,2.190686388259373,-0.7980348692556479,3.40531345830789,2.0294634673109777,0.8172992885096277,3.784297390390731,-0.013209903565482756,0.5692985326709172,-0.005380857464192281,-0.3902936544673034,1.9455020847872517,2.4182513287414955,3.316991836219867,-0.5456598556353074,0.1850205117042071,-0.004964582339999554,-0.008970892465448028,0.1266223118190493,1.0174477987224666,3.7820627603696697,0.058774884651719095,3.5033999459595084,0.7911686828366087,0.08607466695984743,-0.04969577493500216,-0.5450733468121227,0.6889188979221006,0.06716535761465393,-0.6030415935420048,-0.5794872295933252,1.8398603255134915,1.3823681636255392,-0.3643500127813821,0.15818750941446857,1.2794422678659783,1.6196400093369403,1.9410147862589646,-0.7663481858852785,-0.1824926324871959,0.5814538747132182,-0.6127584430485821,-0.016289630867127272,-0.04773102651164415,1.9028546433523337,-0.5942492082012696,-0.07634351762539611,0.15748138279983329,0.5585639191011876,-0.7422711685880107,0.3514090083305108,-0.7426045942820946,-0.37075328506403804,0.3900284318301091,2.3558512001704006,1.0171224257152616,1.821245400121806,2.7394561239258266,-0.7260549246770427,1.3897856187815123,1.2427741953520919,1.4177714292547472,0.11697735039085921,-0.06091536080298016,0.16037140243826326,-0.5552303073356583,-0.4327780593145997,-0.016538476138690875,1.7237903627134785,1.826307215020772,-0.6199876393171991,-0.08334787251690803,0.5344061956791124,0.24217014952965588,-0.18413399518926385,0.566206864706568
-0.7824953123299921,-1.1136945050104146,-0.8840053686879953,-0.8646611157446545,-1.0434901213454613,-0.9010993752546655,-0.7916197144224352,-0.5355759375397471,-0.6907431590743717,-0.7783394705161097,-0.7976297054971674,-0.9650395215174693,0.18679633836586113,-0.2514360733573107,-0.38008005173345943,-0.4426145363361916,-0.6961147335653438,-0.5081787247159708,-0.696739170096316,-0.748627691389904,-0.447874607631982,1.7080895025332195,-0.9772832810849575,-0.9562027413198357,0.5050319954138507,-0.585480149220145,-0.9175704074076713,-0.8677367660945028,-0.41579993944128024,0.3666339579332175,-0.24995648778592963,-0.8730040497705234,-0.8433167051505713,-0.74651543486476,-1.08548909746281,-1.0018002610233312,-0.5351211834225337,-1.165793362858003,-1.4322671741928152,-0.8218647008314774,-0.5882072272873469,1.169929049260829,-1.0964227097351238,-0.771164575141166,-0.7700718715602939,-0.2918234050690306,-0.8093590041851056,-0.8154703425418129,-0.9449039620179904,-1.221891014640245,-1.3212478517177808,0.7769841603122702,-0.6489585822791192,-0.9074217535123389,0.9360962536993956,-0.36019346620041587,-0.35739045455451646,-0.9056639622430646,-0.6817667821995057,-0.712754172797883,-0.43331590222162863,-0.32830582152209903,-0.540375801705383,-0.3082165648497193,-0.9296240194265571,-0.47102100740270725,-0.8813929342541498,-0.27043500720870667,0.6966544160424417,-0.35965096220062814,-0.78060355626117,-0.8881770111670997,-0.03243242042882577,-0.8906602348548224,-0.41237905658880525,-0.6345915263107988,1.054626308704997,-0.7523594371753582,-0.4944302229231666,1.4902270266459003,-0.9170781678442184,-0.926842004718883,-0.28740446151186577,-0.4532617490331226,-0.6503982440779312,0.30301324906185984,-0.722851205006946,-0.6014982493324289,-0.6497583732405271,-0.6739440695018589,-0.3164055103361033,-0.7320141820434504,-0.5081189561357903,-0.6228532132711379,-0.0624352595725607,-0.7089045975467569,-0.35916373272592705,-0.49577948287092627,-0.8222305704459696,-0.4166178859654809,-0.8294484684915066,-0.726323672446708,-0.7921829698827073,-1.0334763725313625,-1.2000682021100664,-1.1633662214544744,0.34566150631966025,0.9434761214495414,1.0728115911473803,0.5904366323030152,-0.9641813335840759,0.527643976035381,0.08949972333874341,-0.9541650761506083,-0.8740427798682262,-0.004665918848506303,-0.7975821101370492,-0.8358638125336371,-1.073663379084774,-0.8246326766633576,-0.8055476674671448,-0.21308101116950257,-1.0123552671463376,-0.07582510727655055,-1.1232723832938092,-0.7286561220183592,0.44624203880263685,-1.134750178447364,0.6644074262672925,-0.9244430317312424,-0.8272218892288429,-1.0562327615198936,-1.2144189997576,-0.894175633603661,-0.9861522433179488,-0.5965853130323345,-1.2909925498485,0.5026524522909227,-0.7181943911214346,-0.7886407099245695,-0.8066356719245245,-0.7123477900830436,-0.006220349542946223,-0.6932775987344643,-0.5386716201345126,-0.9187842942452631,-1.1213626728460568,-0.4210867831689418,-0.5244190693811684,-0.4850346022518228,-0.14672452220927396,-1.068038337949375,-0.5492620331386201,-1.0102164736055896,-0.61215927181925,-0.22044362921687646,-0.5448062588203879,-1.120016685056056,-0.7823825846152958,1.4267266898744264,1.1641411612941235,-0.8279837937052309,0.006785433341257795
-0.992130640665898,-0.9435019698066824,-0.7238751164571453,-0.9867359224453828,-0.8660729028554952,0.44762984241115494,-1.2642550213944879,-0.5839953285499279,-0.8312852979094413,-0.6926414746649336,-0.8864951928001729,-0.40802573021519756,-0.1464781506661104,-0.9780921253015203,-1.4037475835986188,-0.7165730393267624,-0.6404704826885228,-1.2573066417308028,-0.5699403495325653,-1.173690443819925,-0.39215597901416555,-0.48233583991777346,-0.9272022445135897,-0.6351313829212886,-0.4915217419748873,-0.5021282334148507,-1.1623048957864237,-1.0973549189703018,0.39922684868792085,-1.3498340418224135,-0.82081930807537,-0.9649050329632023,-1.0139952736326374,-0.8319836140210182,-0.9002973380846646,1.3307018808526743,-1.062025180166352,-0.9667955470882109,-0.5818963366567531,-1.0312385940262936,-1.2474522386871125,0.8446287816324003,-0.9202556846132854,-0.6919442450224212,-0.7154810707394897,-1.0738174418274837,-0.8656286028203288,-0.9131855192814723,-0.6724365067419467,-0.7506777837664195,-1.1344639253154938,-1.421131677587998,-1.032613670359911,-1.1044531958356667,-0.9667901852684977,-0.46793577743984155,-0.2957786759124912,-0.8348242216792033,-1.3282205178984832,-0.09883435378890737,-0.034307094830895314,-0.3652028033657032,-0.8716697675575574,-0.42328206966024656,-0.6351165249040943,-0.9926371865168776,-0.7981951205840719,-0.6943390237484803,-0.5385804502491969,-1.4566175887131643,-0.45897068886166703,-0.9488360662838558,-0.4697758615426625,-0.8906602348548224,-0.6445095169238578,-1.0941802602524666,-1.192335058032506,-0.8103010853820574,-0.5864303541679629,1.4325160229636396,-0.6494903621425757,-0.6862203765546755,-0.7151114754148806,-0.7861511296351591,-0.7038297160895856,-1.3882334934190428,-1.1131694600181496,-1.132659176461691,-0.6869428870720491,-0.3503363695333408,-0.49994410342296175,-0.9187196624898882,-0.6981085158254878,-0.9075401947451847,-1.266512517657696,-0.26878202683607305,-1.2191433206788778,-0.5435823458357307,-1.3034170115968169,-0.7974008024285422,-0.8526609777519418,-1.1055799816613787,-0.6999448810004817,-1.1801482894675763,-0.6065191597719313,-0.09737658429059497,-0.8814095273942336,-0.8325406340659296,-0.9917666674817822,-0.724425219213882,-0.9197390854201474,2.5516902737472975,-0.6936216516689602,1.239755473291351,0.8489940424447922,-0.31133341682394333,0.934368642334085,1.133279548481937,1.546343451307563,0.4468156622217158,0.6252284681220768,0.9893435632766981,0.6575682974127057,0.7653544656674951,0.13503828657443007,0.046433684242011004,0.7499658630976956,-0.034839926885922856,0.8353320775590786,1.1243975910302368,0.7218176256645479,1.1349624658171837,1.1073679834906447,1.4174770229880913,0.5021765518727958,-0.23759801191275773,0.8998799686768947,0.928193843402843,1.4374556141498513,0.07744284115954927,-0.11534613770448077,-0.2537053585433627,-0.46400456485754277,-0.31616601080530116,-0.676176173346578,0.7171590437683012,-0.5740500332379709,0.030076459843913148,-0.7215703963580248,-0.29326353013893386,1.1083942503745114,1.182676361761983,0.17614631286170002,-0.9124511967737537,-0.7103208746718899,-0.7770523329777665,-1.2303615221642548,-1.1565679132552948,-0.9447213831956566,0.268914867964233,-0.723382697741065,-0.9427924077700474,1.4062666179073255
-0.4808259996474079,0.18700037284031004,0.00365262432145889,-0.4025578496805659,-0.2160230708786648,-0.1670755282719601,-0.42582257534235013,0.32719743584076527,-0.3449517385595749,-0.3871679159433263,-0.8410673535195413,0.9321585543687009,-0.6516418294772554,-0.3025849044618806,-0.8038345745396938,0.0785144597202457,-0.21273285113781687,-0.5790421532812617,0.28784616898385207,-0.4822692812979105,-0.39215597901416555,0.12815205848801067,0.05691892000924703,-0.6077566985831266,0.16072062181465782,-0.4060208215871837,-0.4175410478772744,0.2904428264757465,0.05228558827213175,0.45069792964218536,0.017714977656500965,-0.5192410714238329,-0.37307539316498,-0.21092752982704374,-0.029691671803801434,-1.2833259669962667,0.2931226917847874,-0.4265489268990548,0.030322964180461338,-0.6942954026778693,-0.707387008547362,-0.6852331892049399,-0.6075061074783069,-0.029444250231387106,-0.6805832793604699,-0.05446550885917926,0.3465002942161365,-0.08017096015340223,-0.2862320829150551,0.13403440315586534,0.5240720257294238,-0.8994064280948227,-0.40459454577751214,0.010031698986188057,0.1212575091735225,-0.4085478459061824,-0.7029551034442936,0.37532384698389754,0.15069614861105024,-1.0413591271267615,-0.26344847764934753,0.2894065652228118,-0.540375801705383,0.2218052320283872,0.06955041471340598,-0.5266297600214594,-0.3664772982721106,-0.23454181461663068,-0.5385804502491969,-0.837936392454822,-0.049264761439395316,-0.44223944177165264,0.2999230684797588,0.09912845381594279,-0.696351950375213,-0.47519593619914124,0.3222507703377394,0.3176075791735648,0.03553911697631827,-1.8264105788337441,0.9353851719503253,-0.0797041211598384,1.6532652802633243,0.16452087217546896,-0.18688257319832272,-0.9425617734100535,-0.10398748073390525,-0.11814519013335399,-0.36460540177818423,0.17910407870818074,-0.05841294442327795,-0.26491506301224155,-0.45625862222332425,-0.1780529898950489,-0.796959429169362,-0.11164718667105339,-0.23140266962592934,0.3195055063615466,-0.17555645439799064,-0.04073235081678784,-0.13508115469071166,-0.6623131956174279,-0.42988817017741804,0.3370361243246991,-0.7107636312084428,-0.5847412663066619,-0.939253357931998,-0.6251099070017728,-0.06425550899231369,-0.7015686730701429,-0.13718990397449518,0.09478784061200933,0.8349141848582231,-0.26744096313322385,-0.9698495295610319,-0.24475906273400924,-0.2891711770947789,0.12290545807496131,-0.8478333689339083,-0.5526913192861995,-0.6429995757169075,0.19335452397658048,-0.9012833639148694,-0.4839857190423925,-0.6803558701321354,-0.31548047549384234,-0.8200460272216853,-0.9902392565511049,-0.8769119917118419,-0.4856013960806174,-0.12276628077085405,-0.24538909586730087,-0.9449210424598674,0.773720683934743,-0.6147393892989732,-0.5398283010114991,-0.3022590427402806,0.21830947626847666,-0.13821964020164304,0.7598725839554785,-0.6588945100245478,-0.6880537575450258,-0.3607811693070906,-0.29048753219777645,-0.676176173346578,-0.3023403695294528,-1.0154729349938256,-0.30355252626394574,-0.36313144442523826,-0.26926770366222474,-0.235837718494656,-0.9856213651313658,0.7971323935613813,-0.31806535845767614,-0.8186796267037614,-0.15869302763691287,-0.305295042636473,-1.120016685056056,-0.455358905886705,0.0031431311673130965,0.2833374013994197,-0.2749428433338332,-0.3711375554081187
-1.9361030957994037,-1.935247216140487,-1.12131798421083,-1.7191091901838464,-2.1046015929618926,-1.43745398329167,-2.077637967019176,-2.3966816276608474,-1.250973932094985,-2.1210080980632138,-1.0924044533749744,-1.1074818337042984,-1.0761669921050383,-1.3308304670408524,-1.7370725212152298,-1.8741044113282614,-1.1551743862363564,-1.7456083823616915,-2.2737092870399156,-1.1968044640494364,-1.106474366823357,-0.3689211418220908,-1.8746924324163488,0.4928647055287155,-1.1675342281300973,-1.0161671818774478,-1.0822445443334812,-1.1227984727601683,-2.3111564160641036,-2.3841673256432623,1.0616006754050087,-1.8142840833091598,-1.7105820175463515,-1.63995120992919,-1.9580828887929291,-1.69741196676155,-1.9167276314583395,-1.7850385719000599,-2.1142358596459534,-0.4659178389503876,-1.188875699914552,-0.7843866625761564,-1.8986846389277734,-0.4948304953204574,-1.418291007539346,-2.323724114005393,-2.14441207728331,-1.5283148339967525,-1.864200034491039,-1.6567428855939517,-1.7112315588564089,-0.3090184657309917,-0.8731439595461907,-1.919133851812517,-1.5723865063036526,-1.1853091264843438,-1.241009070171089,-1.8505512312091799,-1.079878886201129,-0.9311559426932591,-0.7584943789515475,-2.2310527621028973,-1.6465012917427906,-2.392543599839917,-2.300850916852478,3.505145243766196,-1.0466301694264744,-1.5518248991324464,-1.633922494273093,-2.1870434468184183,-2.3207785526981866,-1.5985097702094437,-2.420556738738762,-1.819089767327388,-1.1120349463122698,-0.4257651369087455,-1.0540884648062965,-2.221624485318952,-2.0411721519282646,1.6231321197027697,-1.1113822863327663,-1.3114683942630847,-0.9947074093616995,-0.6302550675746181,-1.8279159501948676,-0.764259801538021,-1.3377855624832422,-2.1779876545605066,-1.8796077766102224,-2.043037167587379,-2.0575046449295855,-2.1154468251109733,-1.527815666116366,-1.5523494141273946,0.2434844616310433,-0.2771519065967746,-1.8598285188322532,-2.124096379186648,-2.2258597258046584,-1.5626983099309515,-2.0727230138277344,0.5906418364306498,-1.7628181023112477,-1.5716650086341817,-1.2992780933244041,-1.5705148797050597,-1.4723053115465463,-1.215286388778292,-2.112818021760102,-0.7479710103571562,-1.38602784750516,-2.2363047686361606,-0.2503732357090403,-1.9501680546130935,-2.0203912266460637,-2.297782276309192,-2.0020697279182933,-2.2953711907272227,-2.259717816658016,-2.0016308843700856,-1.74428915298178,-2.5067072531480714,-1.4417267776766305,-1.4183020354038065,-2.0198794669092357,-2.6146795858826533,-0.36803946538651644,-0.5196058106525002,-1.588385266192278,-2.172611214110769,-2.1792312822436446,-1.4279932326646314,-2.2258504197303406,-2.214816879015794,-2.0038722216754596,-1.9972429922237058,-2.0225613676677465,-2.7022779808197837,-2.0303315141022233,-1.8120176809851558,-2.169884631573591,-1.9490488271237714,-1.9532165502832928,-2.0874530270917857,-2.2698709029031545,-1.5904533620622532,-2.118307931966492,-2.4075431942183516,-2.1950491693908534,-2.0101024990697667,-1.8205032558600343,-2.080580700366812,-2.3397528563968852,-2.3661320719987544,-1.4193315206038397,-0.8496700499755173,-2.4122037407125063,-1.9883742046345847,-1.9574434509364533,0.5437108320597697,-1.3547498400975673,-2.2958204154703408,-0.341521762596428
-1.1132753186840332,-2.0027716021004665,0.6565116262328143,-1.7191091901838464,-0.7790913204434347,-0.7577683342103501,-0.8035445880148716,-1.7975263834423072,0.22549497279052338,-1.114393248427755,-0.9841150377922541,0.9520078528491872,-1.8664363233556889,-1.4808492465817502,-0.7435328132223645,-1.5146327231259766,0.764081987393123,-0.8200673164107073,-1.6945074187786642,-1.2203426183268689,-0.601973578430889,0.18137601152838673,-0.6593198834680492,-1.8360546918105851,0.062302130504037254,0.4989263537028662,-1.6774660297096673,-1.5646773717757396,-1.7381816158652577,-0.34461004158992453,-1.1327629342747856,0.10240436107112907,-0.9914551110220107,-0.9101462467314538,0.5814721122279185,-1.8915716498995012,-0.5544804545534286,-1.6389967090235695,-2.0269421985375145,-1.012494073695975,1.5686359995003742,2.852731847723327,-0.7886206787059579,-0.7876674975655935,-0.6635543195726884,-1.4583812374516891,-0.8952684306944797,-1.5283148339967525,-1.0230749301799722,-1.1268693705147899,-0.5741875852145092,0.3072474120429614,-1.4573797385694054,0.8804743669480992,-0.4090619183559231,-1.3642393724880317,0.048360790056033526,-2.1451008458048033,-0.12807458223853949,-1.1513651229664206,-0.9301274055092746,-1.6344828954005892,-1.4264068235376994,-1.667158207035791,-1.462657808055332,2.680075558758453,0.565268173137257,-1.3494786339249778,-1.47211817580468,-1.0493168103842365,-1.806222757487153,-1.1122908519726769,-1.7492013452693989,-1.4548506859160617,-0.9396662227301594,-1.721692100409468,-2.186176261677153,-1.9243496056256608,-0.5150168277836297,-0.5288470627781717,-0.1713299004083828,0.43036153315255077,0.47240190129220033,-1.35229628747213,-1.530963601815608,-0.9852847246215054,-0.9407478977952888,-1.97478187219994,-1.294651645687778,-1.8387183275246266,-1.5572362560441264,-2.031762709104991,-0.4948990690436246,-1.0834380590593884,-0.8727798601159072,-0.19530846548365335,-1.7070491639664445,-1.8063938106820814,-2.0829464726923836,-1.5812264909687188,-1.8178721385253607,-1.8847716867111117,-1.4976878281321238,-2.0377121655412704,-1.1389694852620114,-0.30281818745126743,-0.5280094719275203,-0.7896015518605279,-1.227036103500221,-1.1054819961477707,-1.1513437836036924,-1.6213397279378305,-0.4917541927059784,-1.0092573700963812,-2.365216782282037,-1.1009300790481389,-1.641627158345111,-1.1228782122038539,-2.2121574782595443,-1.1159709308524477,-2.068689707399703,-0.7994573295695065,-2.1803231801881977,-1.2941929456345254,-1.166957247642362,-2.2226005508010207,-1.5682964161695885,-2.6404434118595863,-1.7075978091381787,-2.293935012222078,-2.0286126011046903,-1.6727058221395785,-2.137196206282808,-1.4817770667823442,-1.8783521453841714,-2.4292422057896483,-1.5663081236787613,-1.1481529737687486,-1.7695149559130057,-1.3128207044369222,-1.9344643480567474,-1.9799816353226192,-2.231090916111403,-1.7824701474697329,-2.147968382026239,-2.073209483452569,-2.1253612236236,-2.4760497966844253,-2.126583922409077,-2.1804601739596388,-2.3947305754941297,-1.8021359167570348,-2.1823200636419413,-2.0263257756263235,-1.0155595406176234,-0.7653580939015064,-1.431838984027226,-1.4714898961225922,-1.7602685316519184,0.6567846163291041,-0.2553574585025926,-1.9248231893001961,0.2472452280842658
-1.5794835529800397,-1.6556230241508207,-1.7523833263536475,-1.663857344806471,-1.690159567645908,-1.9987004192338194,-1.723306619175251,-1.9136528745446888,-1.233606840691368,-2.075088882082689,-1.706285669038813,-1.7285083442423284,-1.421714401267655,-1.4031586666109677,-1.8656015687644412,-1.7767425543710156,-1.9071178141281755,0.9750823679736181,-1.800802432301057,-2.157920302305384,-1.421183470015109,-1.551658404758836,-1.3223913708535726,-1.7150701785435594,-1.7914323432104067,-1.7413995034333802,-1.930023443265145,-1.5110772368175123,-1.928239231864554,-1.7128514426522037,-1.9546819526428205,-1.6900852181237704,-1.5003746294726752,-1.9737736439553022,-1.3626229708022337,-1.522206181609134,-1.9684961694715561,-1.1231688463728076,-1.6629506614650411,-1.5136258505040432,-0.6152350921531534,-1.512108384336046,-1.5632860004068156,-1.407147954714783,-1.6687327973200918,-1.858402121873233,-1.093769792420222,-2.019707310344841,-1.864200034491039,-1.7685048639081071,-1.9478874689322907,-2.358725134186187,-1.5217185741929407,0.015685856047490183,-1.8542994028274922,-1.788960919587093,-0.9574924850028885,-1.492211508450678,0.0686992360811048,0.04279578862992316,-1.2139918933023595,-1.9394913212886242,-1.5314449939169041,-1.918704112881648,-1.0321548962201503,-0.9801256299654547,-1.6686685521950266,-1.075084539084794,-1.262022264141079,-1.026285382082665,-1.5989337806166963,-1.3356012645326072,-2.0058784415122997,-1.4548506859160617,-1.7198650395128094,-2.0253183855378345,-2.0634664804637173,-1.5278932642827268,-1.6105039808092583,-2.572107226264021,-1.692198845818611,-0.7140675062823738,-1.8467984068634524,-1.6136953293608782,-1.7367290047357475,-1.8471419740948958,-1.7983398174111092,-1.7491616503006893,-1.2774736778190723,-1.8612242063043225,-1.757481558243833,-1.6701785209835769,-1.6453733691392651,-1.1322021907333106,-0.9731057902686837,-1.4112537947388737,-1.3266045276155387,-1.8063938106820814,-1.6430848555520217,-1.9783519208110873,-1.851335303302837,0.5078775582753678,-1.3684959827196517,-1.8705037527327635,-1.4355099618468652,-1.523182414434475,-1.3046280508235777,-1.3938518199055079,-1.8249377413247199,-1.1849616840205286,-1.6352400290794367,-1.4742062092074695,-1.6667525707032362,-1.6918673242586684,-1.3518488411926475,-1.5960396095214409,-0.1742151534605254,-1.3248212146416865,-1.9788086096478905,-1.902928376699004,-1.9035412397856442,-1.1348093860536952,-1.8901142293406594,-1.6318861950633246,-2.141378297780165,-2.0748476417258543,-0.9432310380617372,-2.281262206378871,-1.5435343564449044,-1.779612353387862,-1.6945097390493131,-1.331937435093973,-1.8090317669921459,-0.7245507390071195,-1.7459500482603543,-1.7371172734719789,-1.8626977393180228,-0.2906221571283303,-1.641728243891509,-0.7961714125133971,-1.859483866184464,-1.8079856542138588,-1.7395001320487633,-1.7193690413342848,-1.7643093403460204,-1.3596947327283355,-1.7750414835885133,-1.7117151499606265,-1.765878449103227,-1.8870890237168751,-1.2006470587996154,-1.3878015306689928,-1.4515673741217692,-1.5549048119148592,-1.3628879984595306,-1.8282515326228619,-0.5363978378653198,-1.7454236612678977,-1.4827513783320985,-0.9469993530824722,-1.2824072697657345,-1.7354436594191902,-0.31561974306670126
-0.02448744811815017,-0.2333134894932136,0.11842583929532535,0.46257303784899795,0.2685411860346126,-0.45151100527778476,-0.2192500003686486,-0.39157498785188133,0.22156387323389248,-0.7831605055588389,0.28233894916851937,0.11453982081828727,1.5910796503884839,0.6152066903510044,1.2082671764491952,-0.3400516695791269,0.04306589941932217,-0.5839287423539098,-0.7838854740159509,-0.29603075491135555,-0.24107470757716773,-0.017999013145053686,0.1960862779450007,0.29484746028146597,2.1344996498643596,0.14292652497645703,-0.38508590794205205,0.10117545468990628,-0.9069143156183763,-1.1391194815249512,-0.3300825471072112,0.49811690303966943,0.7944627115867756,-0.867208934381573,-0.9865835680261716,-1.305652064044763,-0.8187697883255194,0.6354958376711137,0.026167767542189403,-0.7320874087994523,-0.6591613086715806,-0.5539665563579025,0.2599949282068088,0.09880139870579506,0.05712444881840601,-0.44676089169195726,-0.8496799628350014,-1.0686517515657237,0.23658520001479183,0.15252843950005726,-0.3107287754851501,-1.3043582667397324,-0.13144035345665786,-0.2734688703246535,-0.6683703857428055,-0.24472229165047474,-0.031139070656378002,0.6302458239343952,-0.07290250932108512,3.4322645103062275,-0.17456613801891652,-0.7889637170250141,1.4169012212778231,-0.6267179189455883,-0.46632008724354557,-0.5616604911283125,0.6594994383449293,4.454566862350044,2.3222343948665194,1.423751444544319,0.26458159584865865,0.6939197981051816,-0.8369713636060274,0.8110489840697831,0.432244611436302,0.1683632525717667,-0.501611672714877,0.5689542962427612,1.459408792848933,-2.046017942576071,-0.13211447410780414,0.3680583357997933,0.07840333815475894,-0.5558277418793239,0.5838995431358978,2.813127833663553,0.13968485713566117,0.9039721083428873,2.7714229281739793,-0.5689801672500521,4.049769000067052,0.8337205839708721,0.0859091928709365,3.4676718252593925,1.2285042620323394,-1.1931734763058104,0.07459274021741713,-0.023140670246420983,0.6484780105615268,2.6541638480510343,4.045917942937891,0.31206110955321853,0.9076751380600189,-0.36529942742648663,-0.346144325858741,-0.25295471461263913,-0.6969950647793428,4.261950755481736,0.22531509746918713,4.28059379264741,-0.13718990397449518,-0.7689602856516591,-0.3416049917192414,2.2687857790492423,0.6218918533685418,-0.1620397848863728,1.449429956222907,1.7474264207595005,0.6018652168965278,1.4292939722382623,0.4778715581652457,1.3607801618850346,1.5912809630370572,1.7748802667657366,1.5683308231819748,0.937347943178735,1.3032121387840214,0.20094795709282182,0.09737114130688718,1.5441323044655864,0.6910431633038367,-0.20186614350286616,1.8641313605493135,1.6897172643440923,1.8345925682713304,-0.222788148639171,2.5205336717730855,0.8802569279744445,1.884657373481758,-0.05321650987872341,1.0506929270411551,0.37720728256577946,0.3423590415734696,0.3626747868831688,0.05464183013350579,1.8885179040117952,-0.13068266418091176,0.8678194993070606,1.0640888208498007,0.26625853461976656,2.085487111115724,0.7932286261354805,1.6950936937749264,0.16727871779909556,0.687987562700232,-0.3458909738684981,-0.28876598259276254,-0.2256504054014102,0.6279463630300409,-0.7041020056002963,0.8639395468617322,0.38206941555883905,-0.3906411102220892
-1.618463929418246,-2.0027716021004665,-1.5141276312617955,-1.691129050177409,-1.8134350915985111,-0.7482006633445029,-1.8897551287793133,-2.249674532110677,-1.1574119257258215,-1.3113420937597158,-0.29674333652050744,-0.3650321955343294,-1.0804974781492716,-0.9780921253015203,-1.3894501719630625,-2.307655250757848,-1.6047625321191723,-1.5220817754800005,-2.3081110364362147,-2.3433881507376983,-1.421183470015109,-1.876300773030335,-1.9748864721807775,-1.5396677670983623,-1.0920448769873627,-1.3868068080633653,-1.8486824851128079,-1.6398885569173836,-1.8865464416236362,-1.764995941096658,-2.191094027124254,-1.8816623615037493,-1.6368533166650956,-1.8981087406316872,-1.8828135269994801,0.7394236338599078,-1.0474559194445165,-1.6581258861792905,-1.419155593240702,-1.5823134538903396,2.3110846603718294,0.5540597097807827,-0.8307994888315509,-1.5727611759017428,-1.6054892067153959,2.9066983884779916,-2.271490948255883,-0.9773267828303482,-1.9717144552391848,-2.2095238087862166,-1.8371205222190576,-1.3166248166986432,-1.286061195203682,0.3483031809182744,-1.9216770772304395,-1.7290879256589566,-0.899617115165258,-1.837005890756882,-0.8039051970112173,-1.459351138990647,0.30159953587751087,-2.2935375375160008,-1.5314449939169041,-2.1590790236234025,-1.7321698633442195,-0.22012655978461282,-0.9340927380173712,-0.7511787032059631,-1.3982267891086226,-1.2908347140293615,-2.1609811962345127,-1.55133309343061,-2.281653227048912,-1.5889065419338744,-0.45225341885950987,-2.4671376915508496,-2.4347991025596474,-2.1856632313719477,-1.0975469206591162,-1.3380655609531122,-1.611020668210361,-1.4647582418139156,-1.4009230718283412,-2.2397979438470808,-1.8279159501948676,-1.1095344397905127,-2.133431999559467,-2.0874246915387116,0.1415912839656081,-2.4132952253596724,-1.5300676125709909,-1.952372019200669,-1.4915175974746748,-0.8676444406411056,-1.6316774060088022,0.12334945086194012,-1.6595018646220663,-2.286422333839778,-2.3838429976142397,-2.243347397540224,-2.0727230138277344,-1.035008765036329,-1.567774813932522,-2.320094847202984,-1.9415283515144215,-1.8686188832065664,-1.2417359141107098,-0.527384905305123,-2.067926709997573,0.21418071757134202,-0.8961913415862095,-1.4957043680707791,-1.2904258393791448,1.1085625579604468,0.40628491268542866,-1.464884279096589,0.7894548571123736,0.9440073592823774,1.617756473633037,0.17294128986171114,0.45245374175850245,0.8446461087258866,0.36683432885398026,0.6828634578812498,0.29640550358939627,-1.181993974927021,0.6719100527646709,-0.8117139631505718,-0.6661682706036189,0.48711170029601264,1.406201848356662,-0.5095827932660651,1.2209932204474028,1.283547043079344,0.4425745053286191,-0.6994659339111292,0.848289852935447,0.32963226311179117,1.1408459481154236,-1.20216480880332,-0.18104254021262928,-0.6566053078312151,-1.2711488040400767,-1.0266087466936744,-0.8742487090506923,0.5874059940984365,-0.5569518909477771,-0.7644870005843436,-1.4387471171859854,-1.1918891653997707,0.550560904683639,-0.2324374964438683,-0.4939074365918823,-1.7093565691003014,-0.8186796267037614,-2.1984675874846777,0.5767259217659279,-1.4445278989530554,-1.6426344909898294,0.5928569766545987,-1.3251361896562224,-1.8959565884729213,-1.5285151741852396
-1.0632756594034087,-0.6052256694159242,-0.07410815067977045,-0.9307661997842224,-0.9276721010478856,-0.8203428584482481,1.0785642025577307,-0.5741685058768549,-0.5127024339325721,0.3217906842829748,-0.5266135203441002,0.07954549038357772,-0.22925037264190717,-0.22676803916785873,-0.9794924332586494,-0.4383353903621699,-0.17676850603017039,2.191041227124727,-0.5306516303942943,-0.7989397640035878,5.309707021886651,-0.13328011144388605,-0.5330924192511625,-0.9943337301929319,-0.8383846107494535,-0.6458167053692601,-0.9175704074076713,-0.9323362118171733,-0.49656017764123844,0.5302053308806092,-0.4010846880946091,-1.0645811931505023,-0.8037878855589617,0.19100033737778074,-0.44360393537124043,0.29024222931101495,1.1286937030005262,-0.6833880073594274,-0.9458878737292266,-0.1114573119553477,1.6749938276428755,-0.9492646884841348,1.2138601284998498,-0.8213823546158412,0.09091418462511416,-0.5961368698923298,0.5771046127912667,0.2925846601475924,-0.9964878836111994,0.021651718305192115,-0.8411795114183535,-1.4074004134656517,-0.14805583722160287,-0.1126704547968415,-0.5675547250630654,-0.80479212248619,-1.0699342049669727,-0.7426360684491617,-1.426861361598201,0.10999659259483324,-0.34109321224397543,-0.39225192983465,-0.8716697675575574,-0.5791411367593404,2.373407128231296,0.18668280005914092,-0.6184851168159086,-0.7808286351366336,-0.9735540346856644,-0.787726380031668,-0.5028297973570783,-0.8587514851796436,-0.4376620276031839,-1.069517614502022,-1.0508659971299716,-1.1164579506261059,-0.5488806520934724,-0.8103010853820574,-0.353774190716828,2.358596778498808,-0.906372454697704,0.1615059601640812,-0.5505191091401175,0.3811484073400776,-1.0184441363380936,-0.559989273903787,-1.1023640108057793,-0.9334114571966339,-0.05885985790871654,-0.6045789182696598,-0.624127967615689,-1.08621038899103,0.7740541033916198,-1.0367496372402891,-1.254139336755356,-0.3366382654669357,-0.8413569118552359,-0.6357744893737367,-1.1313163797260657,-0.7785713369841843,-0.5920174695596573,-1.035008765036329,-0.7544511180144852,-0.07257916563904088,-1.0093462972925142,-1.0034354675290456,-0.6535054875455578,-0.8036753381289895,-1.1101135273555258,-0.832017238977292,-0.795727515811252,0.22104874733873559,-0.8064254166708025,-0.38619966452568827,0.1793041841332654,-0.0015379983960678455,1.4132399933997595,0.2807640754466814,-0.015166521830886952,0.38244420275984226,1.1533305734748789,1.16203122224579,0.2594884213903101,0.6605723635997457,1.3329321285046785,0.7530680679648956,1.1723103286901917,1.2523748787208673,1.0883959554035427,-0.05205846890717192,0.37244611495668345,0.8104628411704011,0.4705493934588198,-0.3533580600456946,-0.3186434656815333,0.04304809084470511,-0.6575686306588132,0.5216028115742694,-0.4136764318449578,0.38092226761668874,1.147614786640355,-0.06876633308070537,1.0103024372308953,0.5893798373577085,0.059587377204388156,0.189653102375262,1.4562757573132283,0.8769238200972594,0.6111730691045486,0.767070341294573,-0.3282758811098166,-0.19785571869528754,0.011391733337041996,-0.8208003640558446,-0.9960458722838703,-0.9268771101183372,-1.0075979419951508,0.9959037094210411,-0.9276206743476908,-0.4761430013051547,0.4656586212698486,-0.9427924077700474,-0.9591167515990887
1.277689403266111,-0.43103749786984996,-0.8182715432191391,-0.5499791157983426,0.7639709753280213,-0.3603532546892884,-0.24352959923431985,0.729517513969582,-0.3827547231464142,-0.7616245918541776,0.17147901771855445,-1.2393764907795153,-1.1069050399685116,-0.41303887222796737,-0.7165248429911029,2.843767202843607,-0.5316104865099437,0.0050726604318890095,2.600812064102127,-0.21758226351565763,0.09558763373101122,-0.9274046796921092,-0.24079690610924773,-0.5943281668864406,-1.4173850518428832,-0.7685638734604266,-0.18586541848597984,-0.5783386354921564,-0.20912208336125954,-0.10941806626860257,-0.572378965066859,-0.34692128197792094,-0.3449579271136786,-0.5501028278763223,-0.4697552127328405,-0.5693334416647821,-0.8727425202830607,-0.8141675576040829,-0.31581875855372005,-0.9181143375212412,-0.9563255310046995,2.814424093457638,-0.7087577248136558,-0.2927401894479802,3.659669696979662,-0.2054604261832019,0.0003775057346213603,-0.2725069489760607,-0.39704849285585253,-0.5244577858855223,-0.506101361392071,-0.8223049832564815,-0.5691635308726444,-0.06837434329906084,-0.2424240339411917,-0.6589161901129348,-0.6828564404397319,2.230743481397191,-0.84172249729699,1.3890863490921377,-0.8680606557433609,-0.009819611762710914,-0.34057050738050587,-0.0055381320345394836,-0.5471669590903865,-1.1135094924244529,-0.5505860025198858,-0.14996050794133653,-0.15747913268535665,-0.757453939167241,-0.20854583502352905,-0.7738174829034078,0.4116220221922371,-0.3615894588352512,0.20155420802653004,-0.610709277148316,-0.5445092494841567,-0.08992703547791725,0.8149498428945845,-0.026378859458074472,1.245633183407743,-0.748523573907434,-0.861687729910357,0.11376530464708319,-0.08371217658177642,-0.9039143589002763,-0.40459605450864716,-0.08796609420397557,-0.6198344186617458,-0.28461759782934287,-0.20706728699594745,-0.12807442950538941,-0.6821387849912667,0.12967386963340907,1.7928783182746924,0.08177810496743416,-0.3030252622753886,-0.11505323619699745,-0.2640745335656515,-0.34380617648457396,-0.29692030582940054,-0.5877876877973378,-0.42988817017741804,-0.5202626710301923,-0.5120536779167049,-0.6878638329952242,-0.9791537819850026,-0.517187841109718,-0.1756483262217915,-0.48068784361502265,-0.4575023683023276,-0.36474066250062404,-0.5999538162683574,-0.7914737414248487,-0.907814870170247,0.42636520988227966,-1.4542227704564832,-1.0304348502749583,0.956619353368094,-0.501853091189057,-1.01169971237631,-2.1725648249855016,-1.2717592768301011,1.92711330628749,-0.6830216117788959,1.595969591068663,-1.7559150153095828,-0.9570375279215432,-1.3086487653655632,-0.9328391322265819,-1.226320428241827,-1.3141881478965547,-1.125331010607817,-1.1734771101369477,-0.8670097313681492,-0.7816450223609009,-0.8285494987303091,-0.8754465377679586,0.12982748399898122,-0.8427616223986565,-0.6893883542848228,-0.6682759654790464,-0.21766636539089704,-0.43891917631094557,-0.5560212638907521,-0.7817340795041188,-0.9241350491156739,-0.4701982277976352,-0.13603661837124595,-0.35843106641197764,-0.8602319631902856,-0.8869230010730571,-0.7100826846147272,-0.2190294428611658,-0.61215927181925,-0.47648186882207727,-0.6897973086409046,-0.1989799406730522,-0.36127130120493367,0.03348928069312983,-0.9567050669739706,-0.10629465340651349,-0.05416319986254777
-0.6729066208533495,-0.16534171353255564,-1.1905804886286595,-0.6242965000306059,-0.4388225064103687,-0.4962296106009547,-0.623527714411135,-0.018827501591314914,-0.7430316347864856,-0.3685455213058037,-1.054978587441037,-0.9929167671978391,-0.14324876340484727,-0.4729604999878571,0.6305891381626689,0.19371465534948729,-0.9366016054571501,-1.2179348153529654,2.6163907495153054,-0.842428451293832,-0.4196387702534486,-0.41004126015379594,-0.24079690610924773,-0.7678259316288968,-1.2165181802317655,-0.925617421387873,-0.8112939920133215,-0.37116050749644464,1.0200864035658586,0.2797708023822979,-0.6571343678054635,-0.6337775960389278,-0.46108326944336736,-0.6175600895176443,-0.5654562998243223,-1.2290477171975336,1.316208285984221,-0.7678739710625566,-0.31581875855372005,-0.516438170903358,-1.2702456093128993,-0.8833957548747022,-0.6802215579407881,-0.5892760653143994,1.6842679616385716,-0.5636508584996809,-0.21691287329285633,-0.6346364631829936,-0.3014917411895324,0.2586259908533296,-0.2937813636846038,0.7948849552094001,-0.6629015500996186,-0.49523398071694164,-0.5996760417286268,-0.5262694731892016,-0.9443246730515719,-0.13108799618866038,-1.1299913042264664,-1.002648774349953,-0.8088817983103244,-0.017863337862997115,-0.540375801705383,0.0017355455845293338,-0.8463310287453328,-1.303746155231283,-0.8474495786937999,-0.39148045320002905,-0.36595809938917917,-0.7755187754772497,-0.07476324273511083,-0.5213576225175507,-0.02472292376548926,-0.4641103519602826,-0.7097891689278998,-0.6345915263107988,-0.9595494004045557,-0.15650072732486436,1.6050956879233038,-0.23360508135848396,-0.961398661394649,-1.1010681657458554,-0.575960307485456,0.10448325583480965,-0.43609784781283967,0.19667986479507366,-0.48209392819297314,-0.4220532858276748,-0.009024432027221904,2.1849613673851898,-0.2546654273507876,-0.33135355082920465,-1.017967311126078,-0.34715818649423286,-0.8300182474010926,-0.5836390788896555,-0.39783436336185324,0.05779321009703707,-0.48176831363041295,-0.11727915122565455,-0.17137255201924298,-0.701825066377378,-0.42988817017741804,-0.7842428843665352,-0.7369422504095458,-0.9149044788073166,-1.2770844429724841,-0.6484386179078239,-0.49261330556776567,-0.78051222893256,-0.11307567990034714,-1.0111998035359098,-0.7345060205257565,1.4867945142589178,1.5674317299198437,0.7851202493318148,0.7569932249412478,1.0207586319830397,0.8372280836437811,0.7308804427737714,0.1910714569139566,0.8696121598386619,1.1114414531001553,1.4638882655061554,0.7772404823786101,2.1692532853605915,0.8312332338234294,0.39732340051925874,-0.05737862621485278,1.4166782782628207,0.9521779234258868,1.3128027191852816,1.2134539291542932,1.3420424893701544,1.2385259574131822,1.2908392331257272,1.486139853617311,0.5243878467508624,1.4007892577262788,0.565262232515792,0.5542684656239566,0.06443155435673242,0.8578375425138682,0.5924637395886915,0.1585137049680235,0.9166073289195966,-0.6346450150581592,1.004084924155355,0.4355174995695481,1.0933812060135175,1.5586096017393574,1.7159148768372996,2.0500342965080365,-0.17548359204552919,-0.6671167426663248,-0.5043622870190207,-0.88235118039567,-0.9656428975148201,-0.5302857804101282,-0.8648156154397989,-0.8545107428283973,-0.4336734557873345,-0.46811302415343337
0.14137233634292262,-0.8344277512615847,0.19083510358021905,-0.5263039908119412,-0.8660729028554952,-0.9157594680717319,-0.5817880490270402,-0.5889362747190973,-0.02204331442628084,-0.9891077772344635,0.10534333278036945,0.5758922688185951,1.8448680969459184,-0.7146283828627296,-0.691891376078573,-0.8603493776049432,0.2499086903877589,-0.2586723858752376,-0.5476725284129743,0.02891932678387745,-0.2890156117619479,0.10429451160792626,-0.6391451474783724,-0.6632265357826356,1.2224886596572746,0.3489890297700048,-0.5566431742194636,1.5293677876600174,2.1906159842517243,-0.6188536472188775,-0.5150632849649012,2.6686316339692935,-0.7653727032610307,-0.7289296349494123,2.6748126413500772,0.4915824677290166,1.1212537247732797,-1.0916834696970634,-0.936946096306816,1.766054034685466,-0.6664944293306764,-1.004524804767503,-0.6615943631149628,-0.41948960741201247,2.0881539393168356,-0.77583792266851,-0.6683784818596562,-0.942420198618768,-0.4053406505337095,1.6938276379689385,-0.2633611098974508,0.33278227312974107,-0.8994954307532469,-0.7782013873076906,-0.41601580810794403,-0.17315841496046946,-0.21326577789043144,-0.21615446780417438,1.6814196356889342,-0.5779213698163639,-0.6072891378663486,-0.6199186769422007,-0.5896551921022105,-0.6985276125567563,-0.5089422124618391,-0.3917191208609241,0.06824675795611643,-0.4442164118894966,-0.8270486797046115,0.8909403846990367,-0.9908407605705871,-0.014760998005346958,-0.6748611103103582,-0.6961975445291313,-0.60748414494286,-1.0722427006050204,-1.236959046831396,-0.9014479716186603,-0.8879887030359379,-0.8144167270285929,1.605859703906146,0.27856116489639815,0.24938959652309736,3.27792943448479,-0.889287583121275,-0.7690151746515519,-0.8669424591283159,-0.9334114571966339,-0.3576596273390182,-0.7621343990952872,-0.8288304046741759,-0.5973397897819861,0.601611446658589,-0.721158856359305,-1.254139336755356,-0.5511492076517136,-0.17150956055787725,-0.7252980142710164,-0.8222305704459696,-0.9068199338962352,-0.9754452137138401,-1.0125753658485404,-0.7544511180144852,-0.7229064471041107,2.9155648296626615,-0.42091750319142585,-0.41912568515268217,-0.8325406340659296,-0.361148542758287,-0.8776955370447114,-0.8467417654453478,-0.8112054940200263,-0.484438950172418,0.5229348045632699,0.5115157914312702,0.599109401680587,1.045479030926536,0.8369466955614816,0.477558473962184,0.7424904043618858,1.0580928819998492,0.6539099046442515,0.3366448970808228,0.2986442598774612,0.7187661748357703,0.47359766916638535,1.218162470317801,0.21760043198282986,1.6854397096761822,0.6722283701245544,0.5833628996788708,0.9076425489501138,0.9752688118696844,1.190282341093271,0.6283489002800623,0.6779852459669685,0.11715242172449221,0.8888855878630446,0.9585802486795728,1.116613645138945,0.9346987947924588,0.7536593220491945,1.0969902271365917,1.2320285635185813,0.9546514374904048,0.8439720478310002,1.5460127430464055,0.7083506196905566,0.998793141146669,1.1045399558409303,0.44754450397729895,1.521360898516106,0.793873265100481,-0.9605189735987822,0.9988537180125286,-0.8748676160348358,0.43943504005233514,1.5447931355108482,-0.504865431295475,0.8310843543757038,-0.12388798932336238,-0.6361684884065867,-0.6065036593808835
-1.5794835529800397,-1.0710770592920897,-1.4862395010793084,-1.1082363890501528,-1.0609617229060158,-1.278670830966158,-1.679036900934616,-0.9317492991221028,-1.1326955448447198,-0.27354322444756946,-0.7160768360923817,-1.3550403317907564,-0.6071853755050901,-0.8827224909102849,-1.135423333163067,-1.4124270478786731,-1.240796653833373,-1.080502419902672,-1.021657885307888,-1.7404705895273695,-1.1621929954411736,-1.1220620379850506,-0.8436469755312492,-1.3343003463508214,-1.5340780568400056,-1.3280912592223353,-0.230967248930149,-0.4439792311900317,-1.2124924008227334,-0.043371199493209764,-1.0003388556565345,-1.5253339872596958,-1.3182847074503008,-1.264626354374811,-0.6949405835496174,1.9222720792420906,-1.619200563507193,-1.1609302823186596,-1.30689179137532,-0.6957088254750163,-1.33226414434118,-0.6118920794220656,-1.408888378366616,-1.0889612013257806,-1.418291007539346,-1.543997053394459,-1.0689028533423612,-1.007963975722481,-1.5458922131098192,-1.2023623140538928,-0.9364667376156265,-0.28155440782449237,-1.0741574292878606,0.5797807244087432,-1.2149174163404755,-1.2851457985216916,-0.653480238617836,-0.3359988711407763,-1.616489324827959,-1.1062221305994997,-0.9443411402668564,-1.0864449897100146,-1.1570329649357802,-1.1764358299067095,-1.5879751405015725,0.5577783067626267,-1.2834681850139944,-0.9978515612741188,-1.262022264141079,-0.9316307265574432,-1.3578269069411917,-1.4181747571716572,0.5568354066456203,-1.3329993852449535,-0.5836144604396714,-0.8139011722431287,-0.7841638091612713,-1.3724503040949252,-0.14021113265013202,-1.2744652844914488,-0.47074895506993075,-1.4413926919949676,-1.5266682979788975,0.05895468306874955,-1.220939322481054,-0.8545690408704469,-1.2147168984439702,-1.5136184460067919,-1.2131423401702321,-1.2718474381262417,-1.1347513955505517,-1.2740501891050775,-1.4738518817229385,-1.0834380590593884,2.44160254991907,-1.315629048589288,-1.3266045276155387,-1.247590835487875,-1.521110791661577,3.08074371916957,-1.1797696362459729,-1.035008765036329,-1.3684959827196517,-0.7262488349797613,-0.9921181825067372,-1.1004101936539796,-1.4441818917783986,-1.1704631617821029,-1.3814392670969047,-1.1054819961477707,-0.9724463745775646,-0.8235529346128411,-1.3389191309469894,-1.5758245322330624,-1.608192115354301,-1.4450070909481654,-2.037445201623127,-1.634450150816818,-1.5098183603978856,-1.478157139734699,-1.6476015802267232,-2.299020920216098,-1.8016407501419183,-1.3797979403835146,-0.9977705021242651,-1.5567146446891469,-2.4028328307082654,-1.6692480418962143,-2.3070395372325176,-0.7647251407422041,-1.3877850505721279,-1.456471292101991,-1.4755428369961703,-1.3077945476271127,-1.3781143256106807,-1.333770184981901,-1.1494275189794794,-0.9434280672992009,-0.7170899848965112,-1.8200527296550733,-1.2594884575036003,-1.4610865521667316,-1.278393387407286,-1.4952875519334863,-0.3389770474557062,-1.6209509897115586,-1.5373153287910164,-1.4863337054878718,-1.2356861300566304,-1.3991363619170027,-1.3445480239005423,-1.423389661503578,-1.3970673647349583,-1.0229086381811574,-1.3628879984595306,-1.314380628628516,-0.9061924900309212,-0.763121060846898,-1.229738773246772,-1.365462967452119,-0.44176219108370174,-1.465340812194863,-1.3574771963041612
-1.0153599354144542,-1.3099748811368106,-1.0520554797929995,-1.1082363890501528,-0.6340147449271918,-1.4141653064571114,-1.5738988113809458,-1.0954677864641251,-0.9312870379742316,-1.3036898966548516,1.1157425058605455,-0.9569890481726986,0.49142295417005993,-0.8827224909102849,0.19491628098597055,-1.2828095416930605,-1.0060868431606729,-0.4810362784606789,-0.9885988388068289,-1.173690443819925,-1.2835735485199207,-1.1178677674224313,-1.2278306048805312,-1.5236140180533646,-1.32391699956048,-0.6051334075890928,-1.2398917440665032,-1.3472866263752212,-1.391225490073548,-1.0558970935516723,-1.1675935960532988,-1.4999824951356215,-1.2626178440042448,-0.8802656524384771,-1.2633272088350505,2.1833344588964954,-1.4391007750712315,-1.20079062724431,-1.1928275534335417,-1.0171295105513747,-1.3394839009709099,-0.5087028755851278,-1.408888378366616,-1.201421468094351,-1.0455750160941732,-1.3132858405491148,-1.1510795072861408,-0.886919058696296,-1.358690743983785,2.1580559283311933,-1.3142613343951526,-1.189928028675868,-1.339961129701941,-1.143496708518384,-1.3205605316053985,-1.3642393724880317,0.3626146038097827,-1.1831637860808237,-1.3763276530373527,0.47211969269862514,0.15075902936582766,-1.1917817554548669,-1.2842218013591669,-1.1435976940672665,-1.2270452747263996,-0.7050134001436652,-1.0271595824619633,-0.9523840301697534,-1.13881028398165,-0.7221778064292051,-1.0363169971208468,-1.2573758086583338,-1.1624717039134393,-1.1432669200200594,0.08538458194316637,-1.4711668138749956,1.1578525620929871,-1.4153090303646922,-0.07229503861536339,0.5338613679819657,-1.1113822863327663,-1.1261646668556728,-0.827007968699992,-1.3289015233270285,-1.49307793742896,-1.5042601672388323,-1.5325346604734582,-0.9334114571966339,-1.033364770509568,-1.3553126811410041,-1.186180570936851,-1.324801592126474,-0.21105595820295753,-0.7559875699029082,-1.5012458656949446,-1.5820913301627246,-1.3266045276155387,-1.247590835487875,-1.4749700976375506,-1.4406922435556888,-1.4472630017212285,-1.1685573086987595,-1.1971215058471372,-1.607420925325205,1.8127725736599487,-0.5252234515890456,-0.2787911720581722,-0.92551779065239,-1.5547937463679296,-0.887160819509825,-1.5304387499098744,-1.2871086239113767,-0.8783448128158476,0.5346928117017867,-0.46675084871796396,-0.7062344849602865,0.35106470414300733,0.6955047377861391,0.32527528532336325,-0.02959106014084825,0.266808763400963,0.48165273408814147,0.2253854696331213,0.563805326880157,0.02070453892985586,-0.895038013957384,-0.09204138122129932,-0.28055457638124154,-0.3725134374663457,0.3542215591806619,-0.08590122867763672,0.0008508809700459,0.19713437844874115,0.8085716691122277,0.17186581310304164,-0.2789582318992287,0.2183804350516306,-0.3460869821945535,0.6784649825230515,-0.6249020221864003,-0.11162145709126275,-0.5267779614353059,-0.479291021052908,-0.6079503197140138,-0.8567580050892724,-0.016397612289222454,0.028689439627248348,-0.4590480212885855,-0.26037012220785216,-0.45614384362698984,0.18374500373712915,-0.10366439152519537,0.009989972663729472,-1.4151862023719215,-1.309340319670091,-1.176540174350173,-1.431838984027226,1.0094281465731716,-1.272493293819986,0.4359455296583225,-0.678602019778785,-1.5065130854620525,1.0361719696100204
1.8369139466011224,0.5512763300961903,3.3153678160942635,-0.04970402844782299,0.42551860058260776,-0.08693713961845816,2.1776252749226943,0.28699048569439817,4.4462261279112525,-0.1959098411982106,1.7791672607004931,3.3750525054447955,2.20759056599588,0.37029817712881813,0.641445824240858,0.3008975595302369,3.630353631955326,0.3019275316758942,0.04918590544456534,2.4035614214359016,0.14506322709846203,2.677046392965036,1.1844252126728354,0.8273403405772191,2.565359210786449,3.2696446360433,1.3735864955291088,1.567884950999357,-0.121174610774857,0.16226794242736547,2.303344970666608,0.5072904820183024,0.6278007845663973,1.0222737587358874,0.22403336019353728,-0.8625086609502064,0.18863659576207942,-0.14036596228934123,0.6557344693648466,-0.3385044726362427,1.7848976320327972,-0.28380280498870325,2.148168298580721,2.037163230339704,2.1935190415101125,1.870074393305398,0.897177034335729,0.14477629332111108,2.560340756286505,0.5796998725579635,3.1029218025623324,0.682201735272543,-0.05227926451886721,0.7920770666550305,2.8514582439640668,-0.13753700899219307,2.5487298409556383,1.6284273399426445,0.32440259278726685,1.0852450935698634,0.189446240854737,-0.009819611762710914,0.719680890510064,0.03217457282080103,-0.313279626673365,0.10985118957611183,3.7830526405322935,1.2639450989228698,0.8185742948181357,0.5668695536749545,0.7342209679387565,0.49696335332514224,0.03535470325567208,1.0572147110406627,0.29562764054750945,0.3733700933785486,0.15380586040978605,1.401860043237215,-0.05824938874541218,0.3181163260528196,-0.43168906900312715,3.2778537652095063,3.1092928234800463,0.7631442857578626,0.5838995431358978,-0.3791627563885522,1.7008699691809437,0.9414072511948642,0.05365196553367863,0.19172302598988314,-0.02065788278614962,0.7750608812983025,2.3428864906611473,0.5718402085966141,-0.029376441340830076,0.27131231755678475,0.6363717405975485,0.3537477078585018,1.5310617609416872,0.3156212549179069,0.11609422764889028,-0.03761761678171198,0.554922708935311,1.0624600818595953,0.47909450433069783,-0.0528089699542017,1.4707741674449835,0.36776189282261856,1.6855105942219457,0.15881036885298772,1.3845323743495674,-0.3437302705092897,2.665349493087902,1.3455896953702948,-0.10148212307817271,0.9386988002174934,0.0010019477682790693,-0.2520226167100106,-0.03227416736119246,1.5135136137680048,0.07132717027724056,0.8367574881362051,-0.020684294255119272,-0.10520599554264398,1.2302409606152807,0.009281591244215237,-0.23400339979746562,0.14757854617452787,0.8672827765579587,0.12096686655663218,1.4207825357885007,-0.2791832121239469,1.258025739601429,-0.2874359610740232,0.26656020756186144,0.7171734953422093,1.2689854381006642,-0.06829048602190226,0.745856669761048,0.3409999475456186,0.0702553427361638,0.1569589648475453,1.0445134777820595,1.0746198386704473,0.1380677011379439,0.11239188582340395,-0.13765325259578887,0.774957071368837,0.9879260424013068,0.6362797028111488,0.9279119910639164,-0.03513733958218786,0.12383483871877615,0.9273927985280849,0.7515032652061853,0.05819308861209412,0.5368754912216571,0.7063145557189566,0.5585491990877494,2.9584735976054066,2.1780314442841417,0.5143644866744549,0.35484287888131116
0.10652691266673382,0.5079551240635116,-0.3787600743859228,-0.06791023353200575,0.2197535309877222,-0.1046525033495909,0.5913345846913763,0.599157291436841,-0.11408128914078502,-0.12593862004829498,-0.23060765158232244,0.09281527012464859,-0.6571752344226545,0.06870866649405595,2.6020727096602516,0.5935655220811045,-0.03166467571852519,0.49325965284656137,0.3426174717028107,0.2879683529043577,0.387824333255957,-1.0663593496725434,0.7609120564727053,1.2495737997096958,0.9174822279448469,-0.32663504950636585,-0.13907081286390555,0.07165660937880793,0.32879896859458335,-0.44172242206847445,0.2822872341781977,0.4318215821555956,0.2079540770755915,0.10825520435313941,0.5117799685320656,-0.7519154490963168,0.18370087322162046,0.6068080290905764,0.4939924984853845,1.9371199687580534,-0.5234101733870334,1.4539840686377796,0.0316675415717326,0.30342975614606377,-0.17181585652114162,0.2022977292461419,0.5445867953143133,0.22859798240902446,-0.0385620471681327,0.5017995502657715,0.6607177858851372,0.6503703742364275,-0.1564685955725036,0.41768849335721464,0.08795627268170392,0.035244307399892566,-0.16581992813354798,1.0035996079264027,0.3569680430105807,-0.6495782784893329,-0.34109321224397543,0.5504342556481338,0.027001971128186607,0.9149077086976397,-0.24869363226234184,0.2189929087783286,0.21661054708216265,0.10393488422770016,0.22127918953515915,-0.29070443409519364,0.47370342602290466,-0.08231538105961751,0.6593733948715964,0.232231987943435,-0.30230528563951625,0.7027311493785304,0.6346864362448011,0.44832388971698317,2.8239438996344197,-0.4386619038604554,3.184103888804712,-0.0827335024010076,-0.09121587364143077,0.5010075614189671,0.3071365867377229,-0.606483984611608,0.25750912434016204,0.33682426026058687,-0.597871920590633,0.4803928004604705,0.3409677426123245,0.32313545242575625,-0.24625662499269646,0.13753779098593574,-0.15879062910723968,-0.1914052041622258,0.4899803375163403,0.3871597130500878,0.43560010051030773,0.2522051772934464,0.660335756123425,0.3457130611384299,0.14106639961813872,0.6884428060217188,-0.2435656732692828,0.03086537700368669,0.18478895798949935,-0.02919976932587535,1.190038456861755,-0.22280995609203033,-0.05487967244496065,-0.6082065284410335,-0.12436380229181072,0.4184701876981533,-0.29550134062207406,-0.18733662238549229,-0.5188914751785143,0.5335434982795427,-0.21786341053802175,0.2983222705856491,-0.3620141561237149,0.05733026899382192,1.4065354873599618,0.8652231494671971,0.8356763951035847,-0.051964829988765504,-0.2077244253272862,0.23501357666841607,-1.112991911511492,0.06632314234931187,-0.44532955935185997,1.328676822229745,-0.4321131720454078,0.5639248793538876,0.4459896970246189,-0.07036105659165558,0.34511537355649224,-0.48631719754307,0.3858590137978905,0.07463635803234861,0.17990876635065958,0.8936139281718286,0.16597650819595638,0.25789996627690714,0.30747864525687657,0.14394616026114043,0.2921128557749918,0.05426385439891766,0.21642622269887152,0.25922071805379204,0.22251578305227057,-0.3363711107809953,0.1795065391554192,0.5268585825285048,0.013290720598118439,-0.047060066814895087,0.029412925512977528,1.0253692062558983,0.298958477640485,-1.1712413271549347,-0.653439563344217,0.21307238778123225,-0.2808596151241991
-1.0511082338778543,-0.7798379332518406,-0.5365599591928538,0.3015012185591109,-0.9276721010478856,-0.8068750322168863,-0.6884623558880059,-0.42613124537896285,-0.6843098251270051,-1.1504880726097368,0.5036232114384179,-0.13768583947957466,1.6329385367509441,-0.9293231887095452,-0.5656005886184517,2.0716633592152762,-0.5480891586190285,-0.6036898985951848,0.30409733836193853,-1.0959215780911187,-0.6707019473094673,-0.7302439817877312,-0.4874167204443068,-0.9562027413198357,-0.6452521824379199,-0.7566652791344302,-0.8811177789132311,-0.8469195470607015,-0.5832128931445524,-0.9113097578776675,-0.41469001163120905,-0.9334685313154242,-0.8433167051505713,-1.0410026337269138,-0.27320648031331024,0.9545560854846017,-1.2519696616682032,-0.5685584776649266,-0.6091071969938587,-1.1923916610550005,-0.4362098710261962,-0.8833957548747022,-0.9437850972208123,-0.7229970824011656,-0.7333686729950377,-0.8214747909745911,-0.3667126954113903,-0.6248158162047703,-0.7902252932064031,-0.5979631428528401,-0.8030123618402298,-0.44808435941680075,-0.798027657350617,-0.5367402709301584,-0.5802992586512553,-0.9191775314844931,-0.6928528797467753,0.058175887471114435,-1.1560197682564446,-1.0282144576964853,-0.6519293681824073,-0.46259597308045985,-0.6946933624814153,-0.22906013109237358,-0.7909243496126789,0.4443309217868489,-0.46130177449837695,-0.627462201131249,-0.6954693737203336,-1.1465071870860968,-0.6909912460583495,-0.8015928804546302,-0.26471328749972256,-0.6086212168505886,-0.8098743781900402,-0.9673141805835962,0.016374108955439268,-0.5776269570547349,-1.412981350063325,-1.7148259795222567,-0.4114232034365098,-0.5769413597879514,-0.4629004164275527,-0.5876501086396242,-0.5988552101574695,-1.2224220059605266,-0.7069097229510114,-0.6014982493324289,-0.8016591315078043,-0.5342884901971392,-0.6564302127454753,-0.7320141820434504,-0.6059119165895727,-0.47636762898933727,-0.7033215779800587,-0.28473758647292324,-0.6311934871896263,-0.6798094721061617,-0.6293746980820419,-0.8165415127639551,-0.7991350837906732,-0.3700420041390142,-0.7921829698827073,-0.28595275510626766,2.3221907716143937,-1.1633662214544744,0.6471883196325854,-0.6251099070017728,2.776854613145902,-0.29520452251763746,3.122730465161581,-0.8872643563780345,-0.910754193664629,-0.9176656317477281,-0.6617933125129766,-0.7783868873462084,-1.5965981640276634,-1.0522222322051766,-0.08971669573861399,-0.4644170720866715,-0.7496641456626278,0.04259359921871672,-1.0220037479494135,1.4168624800162561,-0.7739343765574842,0.43389601709683095,-1.3911483163042277,-0.9189328577671777,-1.3757005055405067,-0.9674292220867544,-0.9062950262278453,-1.3391959433819496,-0.9932011094783688,-1.1818471382873499,-0.8892821836617455,-0.5727425533615447,-0.9381181207964646,-1.478993242616683,-0.8019336551346727,-0.9775026911907876,-0.9053327608155832,-0.6261715031500262,-0.4700890588346533,-0.7382894477363229,-0.8567580050892724,-0.7038549223240433,-0.2736091035756554,-0.6707007048789071,-0.4002038567697495,-0.5673930609907566,-0.8375443409985301,0.6051503089804777,0.06670483412626607,-0.7034628892639769,-0.06294393190417588,-0.6436065767853045,-0.836288297906495,-1.0850213082987414,-0.9795575038998304,-0.3104017182373619,-0.8457524471118317,-0.9427924077700474,-0.9529053880364832
-0.831430824396822,-0.5650493656147629,-0.7303311395260874,-0.2766131278825008,0.9354238747442363,-0.8617481866360195,-0.948170758469734,-0.9253487947930406,-0.20597483111140144,1.9286807275801015,4.2332179112521615,-0.5475228477901029,-0.7173177151610387,-0.27669857486213745,-0.515150377704082,-0.824204240482358,-0.7088775284724979,-1.0504644527351117,-1.1858647815118866,-0.8336119669928055,-0.4196387702534486,-0.0782077032107704,-0.44318213833945835,0.1322154808812546,-0.9731822801242732,-0.870072839926129,-0.9114196508135167,-0.2056453820959878,-1.2124924008227334,-1.3468745205448893,0.601001275170501,-0.4350053197431064,-0.03511390805857913,-1.0298728152463485,-0.7261390435290711,0.061665799373172916,2.6797931068801493,-0.7430894914169082,-0.8343014945753496,-1.0456624040601754,1.1211412842441266,0.6711638567391989,-0.5475435227296014,-0.5478704232797424,-0.17181585652114162,-0.9064830708267823,-1.1522780615935337,-0.5394322562720991,-0.6930677640842301,0.03770108271891514,-1.3424724425228773,0.8495232663633466,0.1655973992079714,-0.24682098616552486,-1.1959457145320973,0.8714049015015268,-0.32951544558740525,-1.0227520203781961,0.7593686864012281,2.8081734141392682,0.8369286252888265,-0.9161152284296549,1.4682782271965724,-1.1252217954235209,-1.165505828856158,-0.5039866149361352,0.6080238839518902,3.7969379633912013,2.1860298698989764,1.7340159236526442,1.6857051476001061,-0.04815432475925004,-1.314445222601308,-0.2403513148158723,0.8982474961728653,0.37734487391067445,-0.7324372909825029,1.8960811275100906,-0.2284693570269599,-1.0266197150104488,-0.09859017659550509,-0.6917290981920369,2.002293865345894,-0.8964138265533671,0.3071365867377229,2.2435211970782976,-0.11395852368417872,1.625619961867066,2.579369549573766,-0.5004588079758648,3.1429109643413273,1.515751645519384,-0.4948990690436246,3.430922686337035,3.349049124999197,0.5568166507029916,-0.608357382005758,-0.4495792558400086,0.9563743345719288,2.274081687103428,2.919410575058754,-0.009447952567433325,-0.16198863557978285,-0.19879890318557106,0.44684150635045256,0.2947175396453616,2.5945998600863005,3.589382550715968,-0.4639025211251623,3.4909417516604457,1.086507600867099,-0.8112054940200263,-0.7674519883731701,2.011848789899186,1.350492806916838,1.6301676330380959,1.1795763140149207,1.6193965390975749,1.7280849782372756,2.5213921286964833,1.521786686802814,1.2165255002844502,2.0887853545670314,2.11919223006875,1.8058880900869805,1.7484465292304994,1.0979399385874435,1.5441178670629494,1.1209113171698066,2.005043776735359,1.8271713582674998,1.3826014407453202,1.7069264392954073,1.4937370135711803,2.0428852102084853,0.9224925197485319,2.3306781930254257,0.9503004298325056,1.7256049475589883,1.3382057255880684,2.522741893712464,1.634900164150529,0.770283063288692,1.7186413504220774,0.9503488133812922,1.9175422667154327,0.9575510002087824,1.3845416871544747,1.1976963646280516,1.581368984656758,2.248527858741083,1.8838063268201193,1.8114501461854722,-0.382512477203792,-0.11150854223463534,1.8088105417327613,-0.59677708172258,-0.915357618668828,-0.3164805168098323,-0.35470025642298486,-0.43612621236159416,-0.4976108515207165,-0.9780801819489904
-0.41633371489324894,-0.22461740792036447,-0.6171380059932249,-0.2766131278825008,-0.10589853976868202,-0.6165408950625239,-0.677437481648095,0.003493682539758803,-0.33429129610751396,0.05446413270930749,-0.4439266682603757,-1.0164854626791777,-1.089218365219999,-0.13352055749030747,-0.9294009744545947,-0.26399765007874315,-0.6404704826885228,-0.02732153871112233,-0.2632844614417929,-0.5579519643970577,0.2592622626429014,-1.0301999805358384,0.019856322649845867,-0.480516497134785,-0.26315268748514375,-0.3787503165099552,-0.584566423152499,-0.343172398414104,-0.46077064626441844,-0.8698103288552717,-0.5477570459804255,-0.0707507366698065,0.06118365204817387,-0.39348048658188767,-0.4964599257446837,1.8360462414872767,-0.8492164483552361,-0.6613154463771402,-0.29418992009046224,-0.6349784488307475,-0.25530831600950027,2.3167845110826604,-0.45169002374500883,-0.22894412757952284,-0.33233473975975136,-0.42567026499351457,-0.19727031070334108,-0.5691908946261914,-0.364403051077038,0.10772418912824906,-0.608917852176401,1.4748107127279086,-0.17351013787306382,0.969107451977941,-0.5931819470562847,-0.588044282075008,-0.5021963325539371,0.3413438906538609,-0.7764503419589514,2.547073955979889,-0.6923173961226594,-0.05057451834515861,0.16918699330671916,-0.01837218792796438,-0.4795209594177431,-1.1207071881744408,-0.401202857347635,-0.024088365386148836,-0.0021628947205973807,0.35442396396122655,0.05687652306218703,-0.30562579361954667,-0.0018660079580939061,0.09912845381594279,0.7027284750530175,0.6446021432146565,1.215088725154726,0.5129713398620208,0.16134721621784304,-0.05485723317127905,-0.7698708260760476,-0.7140675062823738,-0.7201383209363073,0.04340641098154041,-0.11972674889449719,-0.9936909966067178,-0.25669501658255833,0.10747503176589664,-1.050881789179203,-0.13298800740163272,-0.2748691056351544,0.17383626678320258,-0.06428387052247514,0.004403434354164993,0.46743917512757666,-0.7981069015556064,-0.07426222061562475,-0.012070910230215792,0.01268164939247111,-0.29051998985489885,-0.15309906251936461,0.03323841082574389,0.08615326416626504,-0.45466300059686654,-0.5015004906727473,-0.39515753190188674,1.3373747778053198,-0.46318766417112706,0.02900625771150986,-0.4366831742735104,-0.5404803123438897,1.3251808579514481,0.019979448582027735,1.2125699329836175,0.6740852880413756,-0.6401584730904882,0.4383646867917033,0.8380456752342311,-0.8650183155074346,-0.3780072416645556,-1.0526258711993741,0.7102258025286846,-0.10402591986577228,0.12937718397106782,1.3248695716837058,-0.6316259175492324,0.4049505070428046,0.2648681926352879,-1.2104412605212882,-0.11827065606440668,-0.30576347872411624,1.0913720364589017,0.44215483647931386,1.3479119501093129,-0.24610476473905538,-0.5862829407409473,0.5094936031326684,1.073873249042676,0.8854618903275647,-0.7495306394551651,-0.5790543959945067,-0.3547819803265453,-0.3473088029952576,-0.03366532975950382,-0.38646696605759745,0.6612137577322135,-1.1204472751703887,-0.5261521786067845,0.6187313911873142,-0.3030222225311073,0.1295143576630476,0.5981467375521475,0.4256531085029463,7.84290423470608,-0.2344682436045649,-0.43138307359565864,-0.43300062408392953,-0.763121060846898,0.1644957140974073,-1.5186186449961598,-0.3606021864416312,-0.3643790837305253,-0.6538224337950912
0.8607160719987695,-1.2999146952995433,-1.3943144512966352,-0.958387580478617,-1.2508333170469779,-1.0782768459981387,-1.8160862974384524,-1.4805479171009845,-1.233606840691368,-1.3623738475849985,-0.7160768360923817,-1.7607512314670413,-0.34756325325953663,-1.0292409564060903,-0.8632879763919443,-1.1194042675420546,0.09630031949151911,-0.7135378891200878,-1.3935111031748495,-1.2564800338297533,-1.1621929954411736,-0.08663643177600266,-1.2586476687034813,3.6922958411861693,-1.453005054525721,-1.3628454957002183,-1.2889004767164234,-1.258349938748231,-1.6486572463462705,1.510501857042633,-1.5177034180187616,-1.33632223977708,-0.96928147140521,0.2229121971517673,-1.1667911524868018,-0.6951882420121006,-1.6947195239187143,-1.501952475883598,-1.1605213837644064,-0.5938090182160819,-1.0736883003590127,-1.0727322918585733,-1.1523146467283163,-1.2744307145655587,2.4913026206157207,-1.6633385708084891,-1.4349091254602877,-1.268532364562521,-1.5868298125664912,-1.3888094376023503,-1.2080202837022729,-0.6743257809349357,-0.9084363512083746,0.21898392181657328,-1.73002337102329,0.5363070073789723,-1.364668912534691,-0.8767869831978279,0.3856817418514675,-0.9088720211449665,-0.6981932311710798,-1.5336686631934326,-0.6410321980209602,-1.4706974742786874,-1.5366941056850354,2.853032503536677,-1.307389435950542,-1.1056196731731822,-1.026326558976608,-1.1984693327290794,-1.3578269069411917,-1.0447364689184069,-1.5853801384682802,-0.8906602348548224,0.6766885335361128,-1.1505358066615132,-1.8246240545680805,-1.5995506318845385,-0.16547342526261705,-0.7938262429553457,-0.4646138197853506,-0.9915084040894072,-1.3490607682311837,-1.4377681833987377,-1.2843630571202624,-1.2719155138697593,-1.1685961512487923,0.23264821796298057,-1.7558401474492469,0.2017346495220098,-1.212810102570081,-1.2740501891050775,-1.297733026050082,-0.9489417999175317,-1.3044838319885697,-1.7893382011747896,-1.0715520311328148,-1.302725296033889,-1.263429195467016,-1.4742594231175201,-1.29552789774773,-0.8218123198613508,-0.3878433049588858,-0.8812381694556431,0.4869990167964621,-1.0605045096622736,-1.330711662850633,-0.9420512166193267,-1.3814392670969047,-0.7321951961810101,1.328494389181537,-1.2962635342229387,-1.2593065797137244,-1.8146369318748965,-1.4568092528388168,-1.7608909497853926,-1.921131142353436,-1.8475203638167244,-1.8432807676779885,-1.6987848973775523,-1.9111886604477726,-2.8372454018664253,-1.2516318555745765,-1.2483475810019629,-1.1216434859386306,-1.7782237215690135,-2.747489030995008,1.630413818405342,-2.2819022664830175,-1.8719593850122944,-1.8762559255883962,-1.8015139594398109,-1.714734101898953,-1.6785207131745785,-1.8483375856191668,-1.6714367668062704,-1.4284416813559337,-1.3833666441020591,-1.3912281629808403,-0.8401075277333099,-1.6081859832356704,-1.6625651242354158,-1.606284084434097,-1.5929142563484124,-1.637615477056657,-1.6086250056824993,-1.8148578135242108,-1.4632117168216385,-1.6334640157069915,-1.5373623436691979,-1.538521118925638,-0.20214436673432667,-1.8178753855154168,-1.2574065530625433,-0.37386845577537764,-1.6008273525938992,-1.3728004071338247,-0.5236792948847341,-1.1281991928858395,0.7561340529338655,0.6632661692333797,-0.9163568664321614,-0.678706130925372
-1.100570095682616,-0.8205609446490907,-0.8042306412290332,-0.9795785883088497,-0.6978490936497498,-0.8830405647960458,-1.1087051348826944,-0.39157498785188133,-0.7496728686548414,-0.7129017467459722,-0.08232185419841959,-0.4246474933414805,-0.6019359331971973,-0.4729604999878571,-0.5114885433744712,-0.7439547983440549,-0.9687469219088911,-0.5289735986991331,-0.3079627649198736,-1.232275666389463,-0.8236552330590705,-0.9296671681934096,-1.0831539276340194,-1.1176499972672986,1.3438253886907727,-0.6615744865074333,-0.8632877217132938,-0.8677367660945028,-0.8790168789451134,-0.541043399698244,-1.1834427298204397,-0.9334685313154242,-1.0602250835652018,-0.8704604837336639,-0.7711547414688157,-1.2760254723611995,-0.7263434883577279,1.664488119969085,-1.30689179137532,-0.8464014368862256,-1.3578445052220214,-0.6019422123581529,-0.08884691668340264,-1.067700451007584,-1.259146284957837,-0.9732022167467541,-0.7782254906030693,-1.115283115643597,-1.0502217449689892,0.5851013467250555,-1.371411659050225,1.36381281332192,-1.012473471261119,-0.9964009141301241,-1.04941609610842,-0.9191775314844931,-1.268157380128023,-1.0896868102485673,1.5767069463894596,-1.3141460920757184,-0.9879608201661231,-0.38679433458378787,-0.936938496730689,-0.363172858792352,-0.9773936551920539,1.1007996964789668,-1.0865010643044535,-0.7733351874870076,-0.874062854488737,-1.0187125754586728,-0.2846111420127013,-1.3763145100501621,-0.21703213818616876,-1.0458100808753483,-1.3659574760055935,-0.725721222733615,0.684897254384123,-0.6692826237976863,-1.0975469206591162,0.25109857769311517,-1.3317119388816556,-1.0448127283109052,-0.26271332443559253,-0.39660287378204384,0.3394297746728432,0.2022807065370537,-1.1023640108057793,-1.1634736682321696,-0.662450681924365,-0.5342884901971392,-0.49638801937690213,-1.177282486170846,-1.268800945703192,-0.9489417999175317,-0.9731057902686837,-1.1136013365952147,-0.8281142379900974,-0.5931030401167131,-1.186517247773494,-0.46189831911161405,-0.5793251559609546,0.7862632986625329,-0.7544511180144852,-1.2592560101215096,-0.9668159287286957,1.9677895697972554,-1.00795448445318,-0.9936697285546299,-1.1909330982908928,-0.9673210095976643,1.459457250030148,-1.2249025038794856,-0.8469127496122673,0.4520504128710124,-0.6508561177339166,0.14988463546229036,1.2812320322065414,0.4784206361009461,-0.19032559643171218,-0.34712320532160285,0.5655199855834058,0.4283972865816473,-0.038507252346189166,-0.04242995173988871,-0.24015721039472684,0.8307172464945977,1.040284284898686,-0.11129796511430477,0.9304069593889196,0.2912900602146279,1.3586649855503365,1.5118043253329014,2.01862616109542,1.010884023508492,-0.44120401972800133,-0.38969986238684584,0.3577110892288112,0.822010043768851,1.107606056535918,0.6750691004576578,-0.3663569803752297,-0.167008726235089,-0.5234787723201305,-0.17828857938245368,-0.2664335240055551,0.11672257508808942,-1.3224157693513492,-0.16589286685258536,-0.5834669385583157,-0.4170243676160657,0.2741780372365237,1.8013627319192567,0.1514173067430994,-0.8545015230192565,0.05649485260368397,-0.9005956959543902,-0.32889831423231014,1.9664356000288956,-0.5825432807685914,0.96418607693995,-0.2623269926023337,-0.9835194969042144,-1.1349695664118802
0.21611560414337644,0.33527926957871396,-0.015230216901476893,0.11720253680466788,2.0765069219219265,0.0009123311011377319,-0.2933340448165375,0.3122627960228555,-0.02204331442628084,-0.360180310716385,-0.2467326856424354,0.35693478545416896,1.5048969225659357,0.012027669081480022,-0.5225233459391442,0.4095354017936503,0.023635677531561042,-0.07616852142787142,0.8605744758022597,-0.02606595105732502,-0.19526522834185678,1.3180471085837806,0.07508919538503622,-0.10938604595204099,0.41356369713725466,0.02554513897558308,1.6727785578023058,1.37121408454616,1.206418138051531,0.57356836233296,1.0303309368579976,-0.07823519958809755,0.23550347447034606,-0.08597198653739588,-0.17355786943045948,0.7847625923647975,2.402387740900772,-0.0442916749484178,0.18257109658050893,0.14458901753465636,1.1119226891182525,-0.06678809952915991,-0.23020633537308346,1.0198313742853966,-0.22640665734194668,-0.05641679422474749,0.348219257762263,0.02896000645174816,-0.14961922381209974,0.08477113530890677,1.110181108006802,-0.5089007025855068,-0.3214709238382967,0.12514624866518126,0.02035038582144594,-0.14072572445966547,2.7791118801694705,0.7387692489043022,0.02097404854508827,0.5955579872869811,-0.11733987655834312,0.3280862326329312,0.45455019068494246,0.06875814447809939,0.15366808285605255,0.12135870571206142,0.05607385777078752,0.007712673603182934,0.04572211022566428,0.004770151517198453,0.30587127324562885,0.6732814037793312,0.359835448442118,0.267952523011257,-0.06767046385259877,-0.002025228358112868,-0.5799137592497575,0.5192915329165247,-0.26687730437976775,-0.7611317255401943,0.30611757618283614,0.2721622561164742,-0.009330974057917666,0.8833466968526704,0.5381742914469597,-0.09248574279244269,0.1231302246686193,0.15883589096825992,-0.24806037037512757,0.2017346495220098,0.07491296793007957,0.008583024035905667,0.779563336609386,0.10573810559129092,3.5845355245464035,-0.10801910017496778,0.16374996724284746,0.45950051286435584,0.05422043421199561,-0.08862110209867337,0.24887794002145994,0.014066676522993794,0.23576658498878786,0.003276308765451249,-0.35518313239248783,1.2585390069577165,-0.6061752914048334,-0.07317398283390526,0.5650605828301166,-0.042082120270682824,-0.0030579732012981937,-0.577467882264658,-0.04969577493500216,1.1601621161219766,1.2151042686335305,1.248503587430386,0.4541141763229121,1.2588861046196476,1.3702738069659066,1.2945999931295185,0.8844804420044098,1.0571357152623726,1.342182772796412,1.0044324330834293,1.2765705397447649,1.236615494751246,1.2656894972379242,0.7847851812867899,1.5763126510036918,1.2822695562541389,1.2087905608743386,1.2740793977474798,0.17276850962634677,1.417128705163152,0.9193215291542809,2.680433737569413,0.8761034238420554,0.9440308866176761,1.1701858838918353,1.826360966048958,1.3298051067829033,3.4264168246197224,1.8015583552736136,1.8025460659029435,3.844575506081866,1.0054076492278936,1.1367019744611355,1.6099537599029312,1.6745386497427805,1.7964888859276993,0.9378383846482162,1.092443287286435,1.6920181567652601,0.3330069602120072,-0.0015173413008860858,-0.0026173997426896713,0.6310664989948347,0.6248353525209656,0.5936744459751963,1.881622739482813,2.424166672806853,1.1904532687532894,2.417004416740171
0.5902898540927056,0.17118430168471385,-0.5746531843833925,-0.574186310355675,-0.561539297190437,-0.7545700028290746,-0.4585456150719713,-0.6342561966615952,-0.3773067614899062,-0.5680584432918377,-0.8263757108118662,-1.0046302451591516,-0.1562329746821771,-0.5042566474000983,-0.8860197596488343,-0.6898150651588116,0.47217303223390045,0.805230481949766,-0.7250473383000209,-0.4045004155691043,-0.264766408352046,-0.6412108013152619,-0.24079690610924773,-0.29390511565122457,1.078810417013366,-0.6354670793437976,-0.7614039652758476,-0.2823846336444496,-0.3675700069696288,-0.5303983302761847,0.17350811838404923,-0.5637293304070815,-0.40178484914974794,-0.4599211125578171,-0.021984614146094664,-0.8158157944220736,1.8667321168287556,-0.6541063240668584,0.577446228758191,-0.31295485110637705,-0.6277240569312749,1.4142978026834603,-0.41405664263224934,-0.0035104652154570523,-0.46389550085825626,-0.7185393429227135,-0.3178615169461648,-0.4607497864680376,-0.7353478166294521,-0.4209823561120662,-0.04918399468787453,-0.17743772998487478,-0.8390583846444247,-0.30190956415384995,-0.6029364453313716,-0.38812824759752157,0.5073958421511636,1.0359773719266125,1.2774551907689915,-0.8493608106343873,-0.6406215957159587,-0.5008282333695883,-0.2806981994832795,0.29668833990387455,-0.9453932129233874,2.6971230740696246,-0.109290801449438,-0.4018123696279253,-0.46674267371781475,0.9205846618038473,-0.7415989036179538,-0.24657402963205252,0.024300369165440476,-0.21483738754749374,-0.3109847362075455,-0.5641036052714852,1.3053789620607958,-0.5649609311471254,0.02260027815125771,-0.77087771971655,-0.43168906900312715,-0.1681387131332459,-0.1840179016946257,-0.7236178989498604,0.04556495999847609,-0.7212042120921534,-0.22358439099374733,-0.4034080107896094,-0.3527228970943678,-0.6136259593010517,0.36751824743021494,-0.41503766683518734,0.4557491328787965,-0.37181118647623806,-0.5762205309134839,-1.065705794210188,-0.478414132323817,-0.6015322878767816,-0.3689742357956037,0.9400744505435923,-0.8604923660611244,-0.5320119424302685,-0.37414273302634127,0.4185973392487276,-1.0268740464414357,-0.6479581490035182,0.18670108742977515,-0.36026342026955743,0.48383719708336415,0.5961573629616885,-1.0233021448519688,-0.7512993590740267,-0.5999538162683574,1.0870256159652136,0.5244076252002858,1.1028804619151673,0.6247198039826889,0.9477894571899509,1.7268922047130215,0.8366851711919853,0.1760393249359829,0.7258492981588629,0.6883271870346812,0.6566298832136293,0.7679768914086871,0.6695247402431105,0.7222530226690466,0.6731994758064132,0.33596128186461066,0.7724411512520547,0.8713012552609278,0.752971142508243,0.6332032635023014,1.1506523580237356,0.6723275470850749,0.6300573146575461,0.8931732529623735,0.9261195782848459,0.9660293058022624,1.535603553353627,0.2706753094772597,0.6276903292041572,0.8475184030420575,0.39930464737544946,0.7231800099493102,0.8961522199830543,-0.2259437726996644,1.1184747698265596,0.7686748160695052,0.8534390901177911,0.9811755386043975,1.6316522559715028,1.290264866146485,-0.7770378351153543,-0.7251289365708948,-0.3793735795121572,-0.6995868428653333,-0.19606925713202125,-0.7223398548478352,-0.8007101057221423,-0.8545107428283973,-0.9973941334793403,-0.5951460394251082
-0.6556159043071256,-0.337800766993861,-1.070063283299061,-0.7666686065259899,-0.5972440364916978,-1.0613399150814822,-1.0940237157976953,-0.4706371863497649,-0.8877654618635117,-0.9949101973342187,-0.3139901667915048,-1.2966358495321872,-1.0761669921050383,-0.26399123039669453,-1.145895837177951,-0.7329253814326719,-0.6587032657312152,-0.8110443815274445,-0.585033270599229,-0.9532420656534291,-0.030025137188012516,-0.8736722806987418,-0.6391451474783724,-0.7068062272283019,-1.4424600373369858,-0.870072839926129,-1.0338766140573976,-0.7287629798560338,-0.7827600049510317,-1.1634994230986186,-0.5107781036813878,-0.8154902554974199,-0.27710070479888976,-0.6122412343930295,-0.7151316291766765,-1.0803141133428493,0.4082874959397363,1.441910541455956,-0.29418992009046224,0.7093509151449032,-0.6263260415597215,0.2829246562561695,-0.0348457936096855,-0.8560889660585133,-0.7424264917617195,0.6539554685332648,-0.4844886638856783,-0.7263072849409701,-0.8014867278895201,-0.6623192031750567,-0.6937325355889503,-0.5495620691520957,-0.12323531990909425,-0.7550589400895633,-0.9824127850312315,-0.12802869358008193,-1.1475909197969818,-0.3717040460030476,-0.248463931282455,-0.5733972107005759,-0.3059981306234087,-0.6910372234937603,0.027001971128186607,1.2668770783390282,-0.883205829134782,-1.0887464467534838,-0.7821970991034078,-0.6670613797681122,-0.39868762798145446,-0.6278849273277466,-0.5593514802610516,-0.36712176258784096,-0.542214054001435,-0.29288513360270735,-0.9396662227301594,-1.0722427006050204,-1.192335058032506,-0.6162522689598515,0.8214619738810433,-0.9578171433386021,-0.19931746166779177,-0.43018504395635093,-1.0880343684655878,-0.7674355108793183,-0.25728039062633024,-0.4449228043461972,-0.5645417356617722,-0.7580663123305239,-1.3208893964017863,-0.8189825849824703,-0.777454932079667,-0.6632126722145524,-0.985240219044293,-0.4492795284936305,-0.8815339623838975,1.5119867640552092,-0.608357382005758,-0.41961769078749733,-0.709010450773136,0.768079046323425,-0.7991350837906732,-0.5052757525157903,0.21908349183808015,-0.373206324881058,-0.9421333847066024,-0.6743872847484057,-0.9543718776300282,-0.7487243574249179,-0.5145355672149714,-0.6577697411141931,-1.0061033285235597,0.5235973675047525,-0.5028242201005639,0.4571313013087445,1.0070967806678925,1.700999770685226,0.9291955536883038,0.2190638495734073,0.7749586970925106,1.2326076513946775,0.9751896449999939,-0.19261724371170535,1.0211164875154222,0.8887537124249638,0.8329132948838023,1.3715253710467907,-0.4426737173324014,1.3077504956762522,-0.24335819374190812,1.0792868430920266,1.3560089177262933,-0.047011708936884215,0.5654561636601279,-0.10908660930861216,1.0073349233922817,1.5204420850140576,-0.09851400881854905,0.9203781110636087,0.514890315282649,1.673744996653643,1.193480786312631,1.6706671321211712,2.109453700534355,1.810514156563967,1.287984703896148,0.8693455012899428,0.6213999224044724,1.755034939975391,1.7858038553666018,1.9909822768908543,1.375317904395182,1.1283284611749085,1.399966117407486,-0.8889957227653451,0.4217683070190824,-0.8748676160348358,0.8682079608520358,-0.5773244388506108,-0.07403568552961623,-1.1852642028699738,-1.049541460326892,-0.04601226937669555,-0.6538224337950912
-0.841472905541948,-0.9359345902232562,-0.4112218258156657,-0.9724684976461276,-0.8660729028554952,-0.008878821033353693,-0.2849144889268401,-0.8813926728824453,-0.5010331103966777,-0.8452091708303158,-0.3315422664953185,0.5238890944113274,-0.44881356002378253,-0.6041744150966427,-0.7275385256840299,-0.6636530867977642,-0.3935880054786312,1.986848667707944,-0.911641495154559,-0.5229963024703808,0.30851262519409006,-0.38365837619326915,-0.34238761892533,-0.8409190178815806,-0.7667428864377674,-0.3560338914635311,0.17231305789502246,-0.7572792111741359,-0.8740142500675312,-0.4737632146052653,-0.6970545490881719,1.2682277562521382,-0.96928147140521,-0.3072199369108582,-0.9204006564059182,-0.8710506681083493,-0.11906547073404258,2.037497635648113,-0.8343014945753496,-0.5528316484630847,-0.7522990045530304,-0.8032335085628282,-0.7681135745757075,7.451620238864482,-0.5980390370039774,-0.7451805018507853,0.043211512937566594,-0.39290662311299335,-0.7790613613457518,-0.8152986419902268,-0.7898458809873622,-0.1828229801949092,-0.31155137982214054,-0.4567030017528771,-0.4442455527219801,-0.9463866514586351,-0.5442582560425959,-0.3255060531557114,-0.572911379875848,0.2478963049006991,-0.04483501168856881,-0.8041575607768944,-0.36120652149558113,-0.943384781353032,-0.24179925421581747,-0.3720953019840205,-0.49879195263870446,-0.5406227176584797,-0.5760540110527801,-1.0111907645522067,-0.7674989522698994,-0.006528619585069255,-0.8085044679109274,-0.6961975445291313,-0.7948823730094466,-1.308326837984326,-0.8108479746904073,-0.6293422671299765,-0.5081135755341861,2.6877442793228434,-0.13615277971859005,-0.43876194425644804,2.1439157407090352,-0.7093433836814248,0.0585296326660915,-1.21121356109364,-0.9407478977952888,-0.9070389545624397,-0.7733329248512827,-0.9754006583790343,-0.8481134252994326,-0.7675968782656252,-0.6664205564599515,-0.4098616712958145,-0.4384014503931551,-0.7387102047268986,-0.4992787039476366,-0.7723393629102883,-0.8370036381097593,-0.9601928188833199,-0.8294484684915066,-0.7346284875723451,-0.6999448810004817,-0.76009005120851,5.119086875643293,-0.024146102208560692,-0.0935921113921362,-0.4034932467781115,-0.6537256516335306,-0.38495060303165946,-0.2887229753950145,0.026317243600309174,-0.7161369499120271,-0.8871778839121643,-0.845263182181832,-0.6057184341186785,-0.4849295893217506,-0.5783824446228408,-0.5911007407100062,-0.6451288173562869,-0.6824258958422305,-0.577376285255518,-0.9599328248748776,-1.025318971927769,-1.0229005309130261,-0.9103875211471896,-1.1888880704272695,-0.5761490873001378,1.9782905922342031,-0.5031468615739857,-0.7518590491382539,-0.45111479985917624,1.1970213973037382,-0.5779643706704637,-0.03493739826746154,-0.44538052084404955,-0.9381181207964646,-1.240803086996185,-0.6458173866882567,-0.5194301918213325,-0.6791130489916494,-0.603973628915016,-0.2952883283648098,-0.3357859944502932,-0.5648021664744115,-0.9916599652570487,-0.5190542972677743,-0.5606661729171675,-0.4169218362872502,-0.4252817048197921,-0.5594408865696677,-0.28841606467854297,-0.6220569756039335,-0.8431814988069146,0.8614944661399336,-0.7653580939015064,0.3474899011327052,1.5887168348625085,-0.6932503457811195,-0.8780939098100957,-0.31509308076513537,-0.8650990623637238,-0.9406417046188741
-0.9251324101705917,-0.024419595268838253,0.7932054052667414,0.5278763542114676,-0.4602443899680179,1.5158834777283423,-0.0383028360772828,-0.09494148570649748,-0.4721778973074708,1.7739981590556184,-1.2580666007511683,0.900887694804371,-0.1513429919689701,-0.5697994311614033,-0.3075987681812887,0.01638042295431417,0.3631449447822854,-1.2573066417308028,-0.03785227479558252,-0.46897596631470384,0.00745330560327458,0.6101624442903624,-0.8321068284060941,-0.7678259316288968,0.34640160540016257,-0.008947964866043618,-0.598768777517782,-0.8062897953023827,-0.26609277713543283,-0.8624436673383868,-0.22999810864519804,-0.48694318943112314,-0.6216979635365875,-0.6122412343930295,-0.247546962799828,-1.1188319601012011,-0.5055116184440704,-0.6168355185314075,-0.5685072568025098,-0.4619628378002564,-0.5634057525084182,-1.0379027175765445,-0.598740526716521,-0.6468455179105603,-0.7333686729950377,-0.4361716390285472,1.2683118139134428,-0.41291261041221494,-0.8014867278895201,-0.8152986419902268,0.17203742864492702,-1.1300497982945945,-0.5820270119082842,-0.44034157812976776,-0.16768561175395416,0.359949185516038,-0.6249810706021014,1.42898043665449,1.9638456300059732,0.9321415968641706,-0.6350051802957195,1.4015720538193588,-0.8716697675575574,-0.19877957418751369,-0.09597091018292774,-0.8205988593068264,-0.343849159894997,-0.6874511119997585,-0.9735540346856644,-1.1721861271713574,-0.5942210359099509,-0.5447587440099046,2.065168399734125e-05,-0.8906602348548224,-1.1120349463122698,-0.691910668763175,-0.14111425121795368,-0.8251281694086277,-0.6315101729608669,0.7221283924640106,-1.213962832182292,0.5783635821521981,-0.20377421274036225,-0.17834175547343584,-0.8647741309396382,0.21290594036640967,-0.5089958105194454,-0.7699176669369105,-0.5492999189550627,-0.1490255858180657,-0.3164055103361033,-0.7675968782656252,-0.5913410463680788,-0.8291488300978405,-1.0119655026977545,-0.5618768308594257,-0.7763207783347588,-0.19452673857185676,-0.7645521426062896,-0.2966631693032819,-0.3699586158002101,0.2772070513949216,-0.5185669287482882,-0.7229064471041107,-0.8564755102436862,-0.9320051253387421,-0.9229372563283327,-0.6136809477033488,-0.6057902966017434,-0.9162651662276043,-0.23452802358408653,-0.9967820874468906,-0.28290522509514177,-0.338180291004717,0.13741938813357166,1.02644435834137,0.2923741683193441,0.050073583137530304,0.21872267939436574,0.2342661265603562,0.4854479567150628,0.9034919970453463,-0.11823685619652352,0.5992651252482389,2.094440632840185,0.29240919092628964,1.0480936745883227,0.1815941627932589,0.8881403407636788,0.6384782830714418,0.5955066769019728,0.24070239635270751,0.5934417230081344,0.7007906142360623,0.29596422646368176,1.3573120764409239,-0.1760915507907906,0.764678030104157,-0.02323946974420299,1.0206909993887923,1.4023272328549092,0.3483398635403632,0.9604538153813966,0.6858183461768972,0.4957277830700327,-0.23286917278176397,1.2682613156722222,0.7157830022560505,0.6881995798285472,0.8944056484636331,-0.3381246512837502,0.3528031300503219,0.24610047229668705,-0.5205848924681462,-0.6671167426663248,-0.6021775700760901,-0.305295042636473,-0.7573507407332203,-0.7823825846152958,0.267977216354537,-0.3004037749656022,-0.34763694457540883,-0.44947800214524963
0.8538102795735834,-0.6895627994406972,-1.2816639219355572,-0.46265489769413465,-1.1334371706427706,0.8187522593226896,-0.9154895541780158,-0.729842527965091,-1.0061791167223582,-0.9833347366028389,0.9031638774289267,-1.08896073218266,-0.7975006747248365,-0.8164893264308637,0.9723705252684477,-1.1581742644626196,-1.184628459428159,-1.3452395016927916,2.499242510663054,-1.1509855428463935,-1.2210972327647667,0.22471802972964652,-0.9772832810849575,-1.0854599949151114,-1.1315351754447365,-1.221308397997619,-0.955133437384395,-0.7669299333185752,1.2376356797856283,-0.7645514088261687,-0.9671755721994467,-1.1360454336668242,-1.0602250835652018,-1.1217843397502854,-0.5427185057448916,-0.9653540611575908,0.14579982671068456,-0.9521562301590202,-1.30689179137532,-0.7085706109249913,0.1637080427605649,-0.8833957548747022,-1.5632860004068156,-1.1106120788483644,-1.0098972413302474,-1.0393824378386116,-0.3792425799473618,-0.7116424036113936,-1.4303439590511193,-0.8677120628605817,-0.8480518459189484,2.5950216718837513,-1.012473471261119,0.2848701176236873,-1.0165977796070516,-0.6694438387495366,-0.8333371060432326,-1.5531799133118054,-1.5755840728720596,-0.2453113955061999,-0.7340298552354391,-0.3652028033657032,-1.1174498309187684,-0.5820610287866766,-0.5334128168552749,-0.2339766952657768,-1.2143225915059506,-0.5525860239702005,-1.109758559653208,-0.019645786701296745,-0.547890673607297,-0.918197032263155,-0.659085134324941,-1.221314666075273,1.1829987838819134,1.799523635909067,-1.2676136637023008,-0.6964875817324088,0.2885815068406807,1.3676326112562147,0.2419877114750065,-1.2814261089218795,-1.3694513633263898,-0.5125816210973538,-0.889287583121275,0.6966049675698336,-0.979295346766508,-0.9334114571966339,-0.5894385030198631,-0.829578550253867,-0.6771033982361457,-1.177282486170846,-1.3582416659204601,-1.0834380590593884,-0.7033215779800587,-0.7539097656402556,-0.8818264047861654,0.9650853815351192,-1.1133586292959,-0.11727915122565455,-0.6983259548140881,0.11687850943230486,-1.0467879568504437,-1.1576558663344323,0.5646348076113743,-0.5847412663066619,0.9339137935941164,-0.6543720543481392,-1.1101135273555258,-0.6298783389866183,-0.9559742933559947,-1.3623746874890974,-0.9671148265995001,-1.6579452987655792,-1.2063398525389133,0.5604043477045975,-0.17263237687972793,-1.4066101162333504,-1.5541270668379938,-1.7859796722451917,-0.09911144760238005,1.104432731782705,-1.1150048412844737,-1.5549980557675889,-1.467066639076555,0.45859862563147435,0.4022555678793338,-1.2621494369228188,-0.3715168861072911,-1.7582503838339114,-0.47818691038608435,-1.0893106890612112,0.14219304842645225,-1.3825265079763014,-1.5242589784128588,-0.6687464847943879,-0.7749845466293594,-0.800195582182636,-1.2693714343009739,-1.9692363838188365,-0.7102834051340506,-1.0086735522809807,-1.4110501533803212,-1.2843387889078108,-1.2420706283296816,-0.2615953556297306,-0.38356221746558833,-1.63930561258751,-1.5963916033624799,-0.9526781176922692,-0.5458266980842691,-1.4768105766548492,-1.8627030746886895,-0.7137502006114693,-0.29194794534761515,-1.052683508293288,-1.1738332194817769,-0.11585191550343102,-0.8775281505062598,-0.5959745216135632,-1.2283195600557248,-0.7227988240959009,-0.17722910783925114
-1.7891188813159462,-1.7516964693100536,-1.5574685254744225,-1.1244348119604035,-1.2304737252824096,-1.069776302712294,-1.4949180145398433,-2.165461240775158,-1.1657246662135616,-1.9079355460757899,-0.7425228765307085,0.41869653977648597,-0.13922746730097474,-1.1996165519320667,-0.8651584674099265,-1.9489465533396466,-1.5338336767418514,-0.8600241423905899,-1.8309225315656115,-1.9743514822232184,2.210717499874259,-0.48579494740916784,-1.6935220845622545,-1.054212275539158,-1.6501296345928647,-1.2519969219350473,-1.902309374917922,-1.740695389693311,-1.0426923264530674,-1.051467479393595,-1.9067753247204051,-1.8142840833091598,-1.6368533166650956,-1.3473397919799739,-0.44993250144285046,0.9490513025092703,-1.3541288615846592,-1.6203644502334382,-1.6012186018386052,-1.2564678689537938,1.0552650947553124,2.4581484159091915,-1.7424858789989999,-1.464717407310944,-1.0216574414415274,-2.013544118930355,-1.8623944355330062,-1.5741883173959477,-1.9168369786622332,-0.5007914679440473,-1.8482781506232668,-0.20468486319872675,-1.5555152327187072,-1.0716021740485018,-1.606076155390762,-1.5676162874997988,-1.3851998378200643,-1.6287868904060554,-1.1299913042264664,2.01055612118732,-1.0799610927944376,-2.071295466522922,-1.2403196021655383,-2.0868738904212685,-1.5066775449707899,0.8220390367461201,-1.434348740184417,-1.4033253309121712,-1.47211817580468,0.5030244800192708,-2.1011702740355847,-1.1830632990981904,-1.5726195267240748,-0.3475637737962962,-1.1663623009423618,-1.8281765298910897,-0.8830006814552545,-2.1161297550033877,-0.9672882846748208,-0.45497651091149355,-0.3642491696177829,-1.5131653263191545,-1.3193091423217462,-2.011462410411698,-1.875740433766946,-0.9095923386429193,-1.7619643515351262,-1.8701920816884146,-1.4417348039527507,-1.6320231062914063,-1.82528337688304,-1.8048529132450406,-0.7820307722624293,-1.2930280096860514,-0.7888466590383747,-2.0039671319455965,-1.4835210114219015,-1.8899453132987016,-2.0829464726923836,-1.7849055275923484,-1.885690923543496,-0.11844981004979463,-1.567774813932522,-1.9291668774838282,-1.383815545022655,-1.185248022176824,-1.3452949852540927,-1.2626010431074022,-1.9822060681154714,-0.946496409025102,-1.8780739408264986,-1.1740274026105608,-1.5389497299049866,-0.07715023009956823,-0.5859300660624255,-1.170395347852933,-0.06991510999041373,0.08278037859886675,-0.8427576124635696,-0.8571931487129106,-0.6310205331963704,-0.029247223653019273,-0.697014605253764,-0.6099350002139509,-0.6062146391494581,-1.4692492554087146,0.3832162960961205,-0.7478846920742142,-1.1560257611928277,-0.7540838572659835,-0.830087021385491,-1.2359735198445385,-1.3620591477367419,0.1929979611212584,-0.5725862216532254,-1.192430100657533,-0.6988521268818293,-1.0421802017948185,-0.11230806909255546,-1.2430945939118236,-1.0454075008414985,-1.1942433809287185,-1.0533704329470812,-1.2700733317540698,-0.8801427215679751,-0.5348122246752155,0.3517820040447516,-0.7909027821440738,-0.8145458502503449,-1.3297371024496258,-0.3706957768942352,-1.2682360568102025,0.1832224350283189,-1.9766282756195162,-1.0763894173664121,-1.260852130424184,-0.3600764329722272,-1.5891570321125097,-1.1281991928858395,-0.5993828471627657,-0.6017025520611602,-1.6861964912231873,-1.648361112618343
1.0369762105780014,1.7425647130635251,0.25837119634749084,0.5313907939503935,1.7467145875773888,0.6521578961472921,0.47632789433067524,0.6544006216571457,0.6483991171654186,-0.3144365734724678,1.4393673833182297,-1.3720374362892604,0.7897449791236275,1.4257749611950878,-0.9015311716739612,1.1974908111055076,0.012138559501303938,-0.34638575946720696,0.252214293229811,0.02891932678387745,-0.4196387702534486,-0.806993004725602,0.11073823330440753,1.444211942268647,-0.21480523933892023,0.3638821025209347,0.5696619047497671,1.567884950999357,-0.7666885362838538,-1.4267689882371446,0.12364227719799095,2.0250966195401263,3.0011853784831217,-0.3324853036287844,-0.9352250668889145,-1.318340924635848,2.7868276555676625,0.17572644647025779,1.1821763224925868,-0.4199832188690409,-0.5443910115539613,-0.6582624929239939,1.4577139463217843,0.06298260289902509,1.4718331448648116,0.19110642678523854,-0.6820785195765636,2.54181196364596,1.747396262020398,0.8934336988519419,0.02599902483741007,-0.943605992660512,1.1955198590809304,-0.6859082380457774,-0.7266984339735315,0.8443236882644823,-0.48587711070658446,-0.42368908909613806,1.2774551907689915,0.8672930251447202,0.5929565250809411,-0.2190604099802727,2.8186425388548706,-0.10822154182840872,0.9585458740726944,-1.1135094924244529,0.6745394708379442,0.406077111201703,2.582935663538953,0.7835241081420418,0.659209050006097,2.3568221753533263,-0.2554948029234892,2.6561067331818418,0.6559053995301873,1.5239123290014285,0.5278138382859092,2.2230039924844633,2.321317744918321,0.44032236580032336,-0.06456571460433447,1.4231051313008525,0.23543019355742154,-0.11915018957875824,1.3397109302847157,-0.29455089316271416,1.8942927749109486,1.671219733958002,-0.3487881062498769,0.49655411383017006,0.02034665867689428,2.609036897536288,0.4758118563081051,1.6102677823146365,0.7563774072898762,-1.1857062374519822,0.7248460201394124,1.5346976491013549,1.9889675698254041,-0.2425136705125846,0.5934946287446694,-0.2770373883261759,3.0780788680319153,0.3743701438347238,0.7023947074277503,1.0841880657388239,1.1090246080553137,1.2795419693943773,1.2504916509693176,1.3845364341742141,-0.37007057749078714,-1.1172690507103453,0.6236734021737027,-0.8129513516366479,-0.3884689777416408,0.12104607804226167,1.1010921241240208,-0.9351807521780636,-0.3927872245031557,0.5143858233639534,1.219496038761847,0.8899792947925272,0.17206639490170253,-1.1141321944188667,-0.5396676665702709,-0.40726539227195113,0.8169118157065102,-0.08244432784678606,1.404553579268774,-0.1960128968180332,0.5608979351920548,-0.49954727098441,1.3961794985931901,-0.7448295922376466,-0.05544650546964555,0.2072885045390108,0.4895955398166559,-0.2767250038802106,1.2436474512383784,-0.34622677107162003,-0.04352891757659523,-0.5167242308109555,-0.02874380945748361,-0.0031716744180137323,-0.3038218076335961,-0.058592516359992936,0.17438069182577368,0.21170202639862365,2.323312507294593,0.018157216480163826,0.09663683754392699,0.35974142276274945,0.5347805573719552,0.3330069602120072,2.6220121040661706,-0.21301479990860933,0.7658655516870937,0.9931719220521332,2.7078832288928556,-1.082045463901102,0.8399309876847706,2.3690086559266095,0.3498295250765731
-1.3076811398379549,-1.3826961342677053,-1.5723415105021286,-0.7264494079269462,-1.5256853115875342,0.03452135834230103,-1.594329758450621,-1.4805479171009845,-1.1326955448447198,-0.11782347483741107,-0.7976297054971674,-1.7534938864790401,-1.1409858986024102,-1.083013926759601,-1.4481951890685587,0.5971088860676366,-1.5338336767418514,-2.024760384042353,-1.2388168280712661,-1.6711135140468942,-1.3500833081547177,0.008862487829705166,-1.0292195874746393,-1.1850968986472965,-1.557763406225068,-1.1724390823293604,-0.49384728945795875,-1.2300473302068538,-1.2949385966850175,-1.4928048504623836,-1.6694170502897578,-1.1360454336668242,-1.2626178440042448,0.5931516952380032,-1.4011272618944197,-0.4445490750616267,-1.3016096373745525,-1.3803273095500828,-1.5714464931791339,-1.3784185897767889,-1.622774369026715,-0.12458689939102273,-1.2111495895511006,-1.067700451007584,-1.3199792578137794,-0.9812879203526654,1.664877706821907,-1.3923360338993405,-1.394019695732387,-1.6838559575219436,-1.6253002393882805,-1.9239396542992098,-1.210310392542173,3.7231207207103623,-1.5007734967933568,-1.3438990785835545,0.6675335951395552,-1.5021447018993745,2.0491771197361994,-0.5088502281516784,-0.9301274055092746,-0.9414910905861598,-0.540375801705383,-1.280602143334475,-1.2715387054531326,-0.24238664977276886,-1.4079092856709579,-0.8428385919687564,-0.8270486797046115,-0.1928587422096188,-1.4343346131527417,-1.1472557711566582,-1.1717562713803351,-1.168780847288438,-1.0911835529901956,-1.221216395220202,-1.4156406719153685,-1.4153090303646922,-0.8503004727037926,-1.3675427829018898,-0.6229656108299062,-1.6453456885821887,-1.2354948295885981,-1.1558751390527007,-1.2843630571202624,-0.6045448864257705,-1.3377855624832422,-1.1949508877916424,-1.0247013724221314,-1.4695235846566475,-1.1796210947126051,-1.177282486170846,-1.389929625285997,-1.1322021907333106,-1.2298001554652096,-1.2606815869619614,-1.0872285374368889,-1.274882375076567,-1.167890247504573,-1.39209826289135,-1.1401277574200739,-1.1556324854766373,-1.0467879568504437,-1.4914156818936801,-1.383815545022655,-0.6095587043952339,-1.7017430510234146,-0.7896015518605279,-1.0021253771995597,-0.9064426940441087,0.14629811597482123,-1.0859980742558482,-1.2593065797137244,-1.5189903691392104,-0.716070549030502,-1.322581587420122,-0.645296986680928,-1.478285677185457,-1.240999990168996,-0.9699328619331695,1.0112766554696613,-0.23805889788515744,-1.6742456668309122,1.6312682805556182,-1.5861909906425977,-1.5361706976333702,-1.2634118855096097,-1.4923085703060164,-0.20603586217933767,-1.1076771668162781,-0.8934669599534162,-1.6727058221395785,-1.4688770231937498,0.5256844579527931,-1.0103592773920753,-1.0050109863112386,-1.6177995293913687,0.759215123428905,-1.5432983013897386,0.27115250897736587,-0.888144096173025,-1.3911756014119343,-0.5042837775465334,-1.1615856234021664,-1.310389114916337,-0.4085777482360781,-1.478865625287005,-0.41579352764764704,-0.752666697839867,-0.8141910232583551,-1.8239146147871952,-1.2540514654009245,-1.4190278979371684,-1.3822424373034392,-0.9960458722838703,-1.2784357238284874,-1.4420220738635583,-1.5581243967199987,-1.2943664638464545,-1.561936772337927,-0.8501213152425422,-1.2431792133046349,-1.4753495213606167
-1.0880037303569225,-1.2999146952995433,0.6629989388068903,-1.4901433562302304,-1.0609617229060158,-1.357981820577325,-0.9547956628081704,-0.9708172141865125,-0.12354208544704509,-1.2016254811715883,-1.2139852216158473,0.8464438503465535,-1.7149030410174115,-1.2631719548468616,-1.3021269673301785,-1.2482592782313724,0.7073073933123788,-1.3452395016927916,-0.9252493318812144,-1.173690443819925,-0.39215597901416555,0.2741856166399061,-1.0292195874746393,-1.361328478439971,0.16476024243956328,0.4688903728578581,-0.6522898611248393,-1.4765706104240328,-1.0227234092881416,-1.361759044729731,-0.7761405092558669,0.10882834944679837,-1.2626178440042448,-1.11781816309863,-1.234646123563564,-1.6808479645488903,-0.9217113563924181,-1.2650695749231873,-0.6653500669295596,-0.9141349977493466,-0.35423856199930326,0.5725263259960273,-0.992384311319588,-0.9101414571271534,-0.8080861725778631,-0.9976159960441814,-0.6461491051096179,-1.2810548332934866,-0.970437986008778,-1.241696727295932,-0.590504755311729,-1.8063358137716392,0.04204396514370271,-1.5055461810340185,-0.6770260421252313,-1.38498247055904,-0.056597945558307994,-1.0759752651547756,-0.6181238393648552,-1.459351138990647,-1.1620615798474694,-0.8548744495969656,-1.5314449939169041,-0.8166031158904339,-1.5519108412701537,-1.1316090313739522,-0.08168908151011128,-1.0454346071541236,-1.5107105141136647,0.14101818790916143,-0.547890673607297,-1.2959738360192492,-0.7333007197632434,-1.5202022167013305,-1.273191003446472,-1.185441545323764,-2.006330415126782,-1.4153090303646922,-1.6105039808092583,-0.21660142306118038,-1.5611567038343839,0.41374497795822834,0.48049119673700585,-0.8599119920282742,-1.5698596687862016,-1.5848310285571272,-1.390496703510785,-1.5949523860355128,-1.5358049027821452,-1.1793812610370484,-1.0044214332615529,-1.324801592126474,-0.45625862222332425,-1.1322021907333106,-1.597601235229624,-0.7888666613047371,-0.7263136604021447,-1.0467740648685442,-1.3867414604626507,-1.3607994221747262,-1.1797696362459729,-1.2641675599377595,-1.3086700478552356,-1.4099590061778717,-1.2651114256491158,-1.3023269823064643,-0.7668620014787809,-1.2872823272661327,-1.3021311421124655,-1.2133603133451434,-1.040757669392581,-1.5286890315112425,-0.8998387244708006,-0.8971978466204862,-2.0927395256174735,-1.7682629006159862,-2.4419080935109045,-1.3632521472009094,-1.2929432557149456,-1.175014170855081,-1.993552469883529,-1.2128637460758709,-2.261868436277604,-1.6184510514203403,-1.1039623366984697,-1.484606975590085,-2.1407315729496466,-1.6156363347965175,-2.047565320405077,-2.085004582602487,-1.571849627080794,-2.0028575272297195,-1.7709593158806867,-1.36631024169079,-1.7271426481744656,-1.9547039087773794,-1.3909473052455652,-2.3410416174299176,-1.5118888200123528,-1.17849077837149,-1.6267362119843125,-1.4610865521667316,-1.9236609166561498,-1.5565031141715313,-1.4023814335843134,-1.9845129991768704,-1.9434675462302493,-2.0576777046359673,-1.7769296366558083,-1.6973064648883704,-1.9902262540204048,-1.9182495565440731,-1.9165845405961486,-1.2425238277605009,-0.9580798388745737,-1.3514149372518496,-1.6835822470856894,-1.4993660315093846,-1.2943664638464545,0.8306461070627814,-0.8284787749237125,-1.5490812919847856,0.9305904691046287
-1.369848224644134,-1.4261805398831393,-0.3429024009668535,-0.958387580478617,-1.3140126658829325,-1.0954743552842148,-1.723306619175251,-1.01107519626636,-0.76974085914234,-0.9661889535182189,-0.07545907425060881,-0.09685755302889301,-0.21610227480934946,-1.139694924172177,-1.019171577286094,-1.452248633294536,-0.4836251432712711,-1.321425569952557,-1.3232123499024218,-0.8075203539648078,-1.2210972327647667,0.5236850965501954,-1.5331050474746555,0.48561062873583066,-0.10881222474412895,-0.47174437180146606,-0.40527005966119883,-1.2873032386381915,0.38374059985958625,0.7431540403009754,-1.1213984528052092,-1.2934520990294995,-1.4682872951436012,-1.162146438583173,-1.320190910923828,-0.6749483393452655,-1.5328778625298216,1.7756265726662122,-1.499944066553072,1.5821610283948562,-1.2768877774754137,0.8511011723960434,-0.841597696679182,-1.046816016979907,-0.3385405140834554,-1.7646252781595932,-1.511670107433605,-1.2016140203844414,-1.5458922131098192,-0.8300742225258226,-1.4239251128511075,-0.749500419652777,-1.1175079960477978,-1.7596494462015344,-1.0165977796070516,-0.8667920049057701,-0.18333695594840793,1.1508291078153645,-1.1299913042264664,-0.9861133272589819,1.2190879674588355,-1.3538745649481978,-1.1570329649357802,-0.41815848046848564,-1.050822441828069,0.24272029461880637,-0.8143995738401671,-0.6603541358692643,-1.1989489098366257,-0.3979513326055604,-1.473965906725343,0.017898349724434628,-1.417249227659481,-1.275993306268862,-1.1776294727034022,-1.0188208509195174,-1.5636676801284362,-1.5047188307448498,1.119184300176232,0.6564373259425716,0.6098853839768021,-0.43018504395635093,-0.2811684005671617,-1.7516447375832933,-1.530963601815608,-1.4165838746194308,-1.2384101071526568,-1.3281003024315645,-0.7347686802527787,-1.125450462073694,-1.160170387230415,-1.606995090343566,-0.7646723019752719,-1.1322021907333106,-0.8133654799055249,-1.7100942586853314,-1.2191433206788778,-1.3897970501494017,-1.521110791661577,-1.3607994221747262,-1.2416179646094982,-0.7099231202166619,-1.3684959827196517,-0.907446663946076,-0.8270480131098165,-1.0411236471536751,1.6323856452856964,-0.46318766417112706,-1.5243848850710924,-0.2067088445804623,-1.2006970320542223,0.10630816684431985,0.08528792858636754,-0.7562509111218848,-1.0375561753149563,-1.7535875762352786,0.9781291143596089,-1.8106707022847826,-1.0155068438758537,-1.151852105985782,0.2696644947973415,-1.2609827290248212,0.9908888332343286,-0.6981698810255064,-1.3715859044342258,-0.8482406970028858,-0.7615825206344101,-0.052492552564104775,-0.45883865925551304,-0.6788869624791533,-1.1772018327636322,1.2613981450149365,-1.4514611976395486,-1.6146852133661183,-1.173347515325572,-0.8891021721025637,-1.4045669782785801,-0.25533180926408716,-1.013680416381653,-1.887119983226099,-0.982122001581685,-0.540351808974283,-1.3384738627288104,-1.3356242944863574,-0.705919670027625,-1.1050096232822577,0.5865465544767802,-1.5788195677789574,-1.2540292367776846,-1.0001180932868818,-0.7618504379392865,0.5165953534431934,-1.639756471534192,-1.287633105395644,0.4607990532794924,-1.647834634789671,-1.4523085470896149,-1.4993660315093846,-1.4332448529233273,-0.009242787828107725,-0.17342626601944633,-1.4060081131976119,-0.346816310686072
-1.5604779800645925,-1.404254072296257,-1.7704722504712356,-1.663857344806471,-1.4754037482220004,-1.6019491607700351,-2.077637967019176,-1.6350076978902073,-1.2862051238856764,-1.101546091785281,-0.21474062916531267,-1.9757378535963726,-1.5696505460302892,-0.06865390602110903,-1.7701809062507934,-1.318406940745196,-1.7967013972314698,-2.499197125066828,-1.3678991942233343,-2.1828296949990635,-1.717652387380331,-1.9226629190767772,-1.8746924324163488,-1.4175285168948353,-1.280790864700333,-1.5462530611559477,-1.8356323724268662,-1.31693785478884,-1.6296468791350032,-1.3380473029342626,-1.8609079058698315,-1.1546095803185878,-0.7653727032610307,-1.9278330820670422,-1.4562414110774344,0.5041692386441362,-1.6012652676325663,-1.4003463288147628,-1.52806202902428,-1.3663314963201996,-1.8220097042299601,-0.8975723019236869,-1.4834230465145133,-1.6917046442495727,-1.2016032290371323,-2.0891133347185784,-1.652242624303351,-2.108295851287677,-1.7649644612848012,-1.6433812589320016,-1.9852686771716048,-1.985706310148056,-0.7741961014119043,0.4542282890980185,-1.9931055643635613,-1.542968274479152,-1.7316480140573696,-1.7973279864326004,-1.2973860996967965,-0.1114716183871463,-0.5122321172082668,-1.6344828954005892,-0.0035611152254380386,-1.770903139655709,-1.2083398966685295,-0.5537613170060859,-1.7691884019154425,-1.5203500763887123,-1.026326558976608,-1.691989756366752,-1.9877032798745646,-1.1472557711566582,-1.7062628843246441,-0.8094571500440473,-1.438555864712654,-0.4969124540422768,-1.2219076455786275,-1.9243496056256608,-0.9073066038903222,-0.41650536441718866,-1.5373470654559995,-0.926842004718883,-1.9580408018654125,-2.0622034141942414,-1.6931879781972097,0.3593023501133337,-1.390496703510785,-1.7725802986588615,-1.5926765895448987,-2.0173463173769792,-1.5945192914403306,-1.324801592126474,-1.6046294718380034,-1.2367586332464104,-1.597601235229624,-1.6582851236192673,-1.402941242459938,-1.48274312024478,-1.9524768946379079,-1.8775939113222526,-1.920987909854236,1.0303276647410624,0.3003177219675746,-2.154755381222597,-1.4355099618468652,-1.289993928058755,-1.8687644055470067,-1.3127004740268975,-1.8626455106972888,-1.1442110691785654,-1.5506611286851308,-1.1493740174332894,-1.6223876717912566,-0.28819103296905174,0.23348926655116137,0.06573398621530648,-0.8531971829977075,-1.2209613291397476,-0.15991832541205353,0.05491692073943488,0.5725644145397665,-0.5883111564321076,-0.31541443102026706,-1.6052768009100404,-0.4299592031627973,-0.09492805155642803,-1.0432884329850187,-0.019581101206788513,-0.15431480925414473,0.601246721255919,0.06061810779899353,-1.1059985971557533,-0.49392861827640466,-1.7892102125976028,-0.6958903894457036,0.9369382810903922,-1.5088618384456183,-0.23047234230805813,-1.6672728784672575,0.8304951474923138,-0.07159861138600597,-0.18091609547743046,1.1412755930149294,0.17403995721971247,-0.04936711150573403,0.12189146669094826,0.9307455517473611,0.6406596525312613,0.6570317400361314,0.6175676994138738,-1.2102378328678707,0.520412025230456,-0.5713834729221541,-1.669191430556596,0.12475124036699695,-1.8563456126190838,-0.9943531924774671,-0.4774014071880379,-0.6094163067299873,-2.172553118722269,-1.2283195600557248,-0.4247996249738887,-1.295054537494562
1.217029569838304,-1.6165540002412209,-0.9956656877494344,-1.3014179223916937,-0.09782161077611957,-0.20744816606278946,-1.2398401538595738,-1.7022273473385114,-1.2164013059673418,-1.1504880726097368,-1.2580666007511683,-0.9912547869968829,-0.9584991957427372,-1.139694924172177,-1.545022319757165,-1.7503453924531125,-1.2566337972103088,3.2941886426011115,-1.5079132619241262,-0.9059011429869859,-0.7068650822059174,-0.03889369497487165,-1.4957129659260717,0.4485819158447197,-0.7667428864377674,-0.9547712274251597,-0.734535274133046,-0.5054262019821518,-1.0114614993466053,-1.5134820685223094,-1.136577882233305,-1.2934520990294995,-1.4369376664264164,-1.6162279544869913,-0.02923701014158213,-0.1974839118208622,-0.48456957920972854,-1.3481559252416895,0.3542780742937165,0.7415600112222642,-0.30722689813083665,-0.1164553168729693,-0.598740526716521,-0.9961670517818435,-1.5653226556598745,-0.8875110766390256,-1.4594382454552741,-0.7690842107819803,-1.7649644612848012,-1.7540355185598133,-0.7428498357033014,1.1388361343614477,-1.1175079960477978,0.7959981618992265,-1.4464364273075787,-1.4277431923119135,-1.0699342049669727,3.1278710305789232,0.15782813262591613,1.5207368928513898,3.443308401355063,-1.3538745649481978,-1.4264068235376994,-1.2298905415306594,-1.3150653839253557,-0.7896977873881083,-1.148786276971869,0.24840392965718355,-0.8270486797046115,-1.2623144063847633,-1.473965906725343,-0.20847090335951693,-1.3621263719148604,-1.3925398844328476,1.5574476037059914,-2.046605919276845,0.7108780655530842,-1.5752982754927216,0.5129560372892765,2.172141328440626,0.7884918260057621,-1.2716061614767915,-0.27497490692305987,-0.34503321719184205,-1.49307793742896,0.07048893145551638,-1.3771158205997835,-1.6373795391884198,-0.1476517863726537,-1.0992655268843543,-1.0384866298746618,-1.4878763980367782,-1.4564934114357806,-0.27635863298321595,0.08648399177188776,1.5904706879209005,-0.3030252622753886,-1.3897970501494017,-1.263429195467016,-1.1117033248772006,-1.49778945449147,-1.0814846861525713,-1.2516277428611402,-1.32769949096565,0.6831364111250908,-0.3503719128113798,-1.1287463947683551,0.8429624486735546,-1.6176466517749153,0.8275408367143906,-1.6499508951600004,-0.20610825368799462,-0.02126443667188191,0.20139168365474666,0.3312497571592822,0.3783157535272581,0.6360299087615912,0.39317141876344047,0.19943700510138035,-1.0481730527967419,1.0304319865304858,0.28055535443253105,-0.20114030044726086,-0.2841377327553021,-0.16916704288933618,-0.93724779970308,0.7127391976846509,0.2760872629491761,0.6057196480372719,0.10698078858380308,-0.006646076823216727,1.4485950516320878,1.358088721063338,0.915516978643434,0.18555208698753287,-1.0923896548298284,-0.22806723305002616,0.6601293066087677,0.870671113891571,-0.31942779433203966,-0.9868411850640846,-1.1806695333897406,-0.8676001914500896,-1.0861172650105728,-1.2256481018076506,-0.25366762458204917,0.5222372733513201,-0.7909027821440738,-0.5436694777185666,-0.9252385544760235,0.0066739555236773876,1.233370247440962,0.7570490975736507,-1.5549048119148592,-0.9960458722838703,0.3069208245126484,-1.6579300184516361,0.6886728654939346,-1.0152756447679914,-1.2713460660317388,0.556209119691138,-1.7354436594191902,-0.5549753020785424
-0.1667505628744859,-0.25976117120413783,0.7103618789056846,0.07516111013460623,-0.8074081366828942,-0.6393542594395502,-0.5017247853688042,-1.1397747808610552,0.7338735436345132,-1.2442537390985249,-0.055151175258961,0.6591260034718528,-0.41599375384095605,-0.7953099579653187,1.0149182444115141,-1.1581742644626196,0.8916724955370982,-0.7162884570671497,-1.0790020172798287,-0.5508842141969396,1.151817088393233,0.12674526647744108,-0.3182818109567381,-0.8325460008910582,0.5027829909873844,0.9847060077041042,-1.1035688359984481,-0.1450850097756583,-0.7219328642514133,-0.6422246728396751,-0.3121499923938846,-0.7082528189064488,-0.7280101252533587,-0.6554326630399362,2.7886647131475675,-0.3063230887162779,0.6926650884036871,-1.2215834347523578,-0.6653500669295596,-0.7722259657843663,-0.3081387213045449,-0.5043140755714736,0.14044226503509988,-0.03821707665812907,-0.10980099872300934,-0.6924475255742819,4.389235295726934,-0.49417893124841966,-0.31693415420530796,-0.2838788594984389,0.25579775571944385,-0.5218219489427718,-0.8645126852958857,1.5660436434966447,-0.16995142057719487,0.10318531725065434,0.31487209425223256,0.03949895848049327,1.6385705625144453,1.5755488920634897,0.7380381858230299,-1.0768676206575116,-0.2806981994832795,-1.1716902929444029,-0.525215333222375,0.20515819145409026,0.868126165002951,-0.3315891410685157,1.1969221559058782,2.252564815832485,-0.7938134192431185,0.0016584011482293536,-1.081776236617292,-0.3757635665772567,-0.483353459789656,-1.0083707521594567,-0.4120945784774264,-0.6425427307253079,2.3053578704908606,0.8820346710352238,1.1992029757110831,0.7943344494691639,0.8284845993284793,-0.9046705955542986,4.06232095361652,-0.6947151804238868,-1.0600243604431974,-0.6889053694316231,0.439726889547619,-0.9519246515456335,-0.9183491676201077,-0.6632126722145524,0.5839457309068522,-0.46273997136909617,-0.8300182474010926,1.8533100289024778,-0.24897940252881134,-1.0467740648685442,-0.4585204954092812,-0.4407794369266635,-0.806646821747576,-0.5052757525157903,-0.7178457599611586,-0.4971176374098261,-0.6979249840453811,1.0038364423421795,2.3309391124838466,-0.5071114550639731,-0.29657304925708333,-0.40523424324840845,-0.7850795050797742,0.41108410476752716,0.38094395560121513,2.0385619305545823,0.6695309928608429,0.5866645547118206,1.25384862762995,1.632065301132342,0.21796118356809596,0.9958180768813709,2.016739511094142,1.3423253135240056,0.9564640847216136,1.2384890142814677,1.1108551723934572,0.15825499018155012,1.2441862564484127,0.7221133064941835,0.7051008330365214,1.206195216274605,0.6368243440601795,1.5937826749363153,0.6932871330890703,1.7446344865314658,0.9618371315938906,-0.2272034046989193,1.9537968465061686,1.161566728832712,1.7751077892880087,0.6398034875793868,0.3911157864966767,-0.167008726235089,0.42760116385796737,0.21669055043594973,-0.22707591681716408,1.683608568721857,0.755339713722789,0.85693840031959,0.4538228606064121,0.18906522898343708,1.7323998676546855,0.30660982335223064,0.8546878764885563,-0.48482858687481,0.7070731191313174,-0.7196690843879028,-0.017151421430930673,2.162638172617589,-0.5561725838872202,0.8893845999525906,-0.5687397000298569,-0.9973941334793403,-0.5766073331866809
-0.9470342339434143,-0.9359345902232562,-0.034475051483431,-0.8646611157446545,-0.6719170356726195,-0.8002014837073973,-0.6664951915110352,-0.3746298639418928,-0.4157838445152544,-0.46485680772894694,-0.7696935554701667,1.1822589307077214,-0.5038145842082365,-0.6041744150966427,-0.5200583352534307,-0.9692480867490022,-0.3015985979793133,1.8860226914705398,-0.2922212308602157,-0.21758226351565763,-1.0033339995711394,2.1196713195558936,-1.1392462058270785,-0.8159944415345409,1.1247990859526944,0.518392125053769,1.1981465954403514,-0.9323362118171733,1.4105517007178796,-0.6783205891405484,-0.7072699968801143,-0.2302909753743691,-0.6916440023797749,-0.4001938392779492,3.066553259790236,-0.28999322434320246,-0.6580175305798617,-1.0205223776828336,-1.1084458757489977,-0.29139816589444645,-0.294576842727578,-1.321152121828563,-0.9437850972208123,-0.4565588251651745,-0.2152621860769234,-0.2639088545395367,-0.6398727402786195,-0.7158165345321543,-0.364403051077038,-0.18687602126831684,-0.5510297784735915,-0.08959179955361665,-0.28717593691004817,1.7580794306146215,-0.8812557002665818,-0.4899890598244446,-0.7234860287296669,-0.9844347726713434,-0.12335909342363402,-0.03679784606597835,-0.8952727313402976,-0.2675188632509608,-0.13419411212813018,-0.4919206939985569,-0.045351775935718174,1.4063439445799788,-0.4490496997265683,-0.9088518847504835,-0.39868762798145446,-0.9456810338095747,-0.30419017204955634,-0.18977958138579554,-0.1287138820937138,-0.49490344793722074,-1.1552333801781447,0.01850200997922727,-1.2598796270913062,-0.515298167820889,0.34891309519633473,-1.2614202603449027,-1.1393698475921745,-0.184773399584163,1.643259759643717,-0.908819305883916,-0.9395862251689239,-0.8064561401913707,-0.3553998701605156,-0.9070389545624397,2.0614185193062036,0.330145681401974,-0.5324681641056782,-0.5497120590966509,-0.13497442462260614,-0.5919494138642005,-1.0119655026977545,-1.108372570134374,0.10261414764158763,-0.3758623423692119,-0.9131344166067432,-0.6380370895711553,-0.535861680118423,4.398680164367595,-0.5185669287482882,-0.9730757854727432,-1.0447120372960597,-0.7364891377252482,-1.2182846589616394,-0.7896015518605279,-0.7460642887410365,-0.7321951961810101,-0.5290704810327512,1.8729021040375942,-0.12436380229181072,-0.5147687626989937,-0.640078015075692,-0.1525232199426072,0.56184019711177,-1.0943860026786536,-0.7876238350429751,-0.6294899289257526,1.1248344303886824,1.210037920344946,-1.0350668961354048,-1.1078356055282241,1.3902988231525533,-0.6001326334295832,0.40263822600367105,-1.0021932204337087,-0.1216645815221209,-0.12490316429860722,-0.08811560373729631,-1.163234759336385,-0.87231608056122,-1.172011675383713,0.5294329463105176,1.2162438264798585,-0.9725772867069082,0.9209023378437357,-1.3673647745932365,-0.4624171026894209,-0.5913803098824026,-0.7330819462150356,-0.3634991982875732,-0.6498679393366211,-0.6959135086338782,-0.5605184406381337,0.8734509114684831,-0.5442574776223396,-0.4588806689414289,-0.40611757302988216,0.35250085761033917,-0.8182484676664967,0.8495528045374777,-0.8889957227653451,-0.5727602239639014,-0.19099548962742344,-0.21602397414991528,-0.915357618668828,-0.4075308949012119,-0.04535606127793964,2.1611812789956857,-0.14107920007914426,-0.5766073331866809
